game_id,play_id,player_name,player_role,distance_qb_wr,orientation_diff,wr_speed,wr_accel,down,yards_to_go,yardline_number,defenders_in_the_box,dropback_distance,pass_completed
2023090700,101,Jared Goff,Passer,23.257319278025143,105.45,7.9,2.68,3,3,32,6,2.13000011444092,0
2023090700,194,Patrick Mahomes,Passer,11.401894579410916,28.930000000000007,6.09,2.14,3,2,21,6,3.85999989509583,1
2023090700,219,Patrick Mahomes,Passer,16.136127168561853,98.16000000000003,3.85,2.77,1,10,31,6,2.36999988555908,1
2023090700,361,Jared Goff,Passer,34.86748772137161,157.14999999999998,1.51,3.87,3,7,12,6,3.02999997138977,1
2023090700,436,Jared Goff,Passer,12.670378842007842,51.67999999999999,3.59,6.08,2,9,21,6,2.54999995231628,1
2023090700,461,Jared Goff,Passer,20.598718406735895,90.47999999999999,6.17,5.98,1,10,34,7,4.71999979019165,1
2023090700,530,Jared Goff,Passer,15.84547885044816,89.09000000000003,4.07,4.08,1,10,24,6,2.07999992370605,1
2023090700,621,Jared Goff,Passer,10.015912339872,71.12,8.29,0.38,3,6,9,5,3.60999989509583,1
2023090700,713,Patrick Mahomes,Passer,15.501354779502343,66.56,4.47,4.22,2,8,27,5,3.53999996185303,0
2023090700,736,Patrick Mahomes,Passer,22.943898971186222,13.78000000000003,7.84,3.28,3,8,27,6,6.57999992370605,1
2023090700,877,Patrick Mahomes,Passer,26.210887050994675,209.32,2.47,7.61,2,5,39,7,8.53999996185303,1
2023090700,902,Patrick Mahomes,Passer,12.09503203798982,132.57,1.05,3.12,1,10,25,6,2.84999990463257,0
2023090700,1001,Patrick Mahomes,Passer,22.96710038293907,163.11,2.19,2.02,3,1,1,8,3.05999994277954,1
2023090700,1069,Jared Goff,Passer,11.39879379583646,152.23000000000002,4.87,1.79,1,10,25,7,4.8899998664856,1
2023090700,1154,Jared Goff,Passer,22.478260608863838,112.69,8.2,2.1,2,7,39,8,6.67000007629395,1
2023090700,1201,Jared Goff,Passer,14.07597243532396,60.31,2.76,5.5,2,11,41,6,2.75999999046326,1
2023090700,1300,Jared Goff,Passer,8.855484176486343,127.35999999999999,6.28,1.28,2,20,27,6,3.57999992370605,1
2023090700,1422,Patrick Mahomes,Passer,19.73981256243331,53.41,6.51,3.24,3,5,12,6,5.92000007629395,0
2023090700,1494,Jared Goff,Passer,23.57156125503782,22.859999999999957,5.67,2.89,2,5,46,6,6.53999996185303,0
2023090700,1563,Patrick Mahomes,Passer,10.717373745465814,80.25999999999999,8.01,1.14,1,10,18,6,2.71000003814697,1
2023090700,1588,Patrick Mahomes,Passer,26.63960397603538,8.590000000000003,8.82,2.72,1,10,43,6,4.59000015258789,0
2023090700,1618,Patrick Mahomes,Passer,16.4388929067623,88.69999999999999,2.57,4.98,2,10,43,6,2.48000001907349,1
2023090700,1679,Patrick Mahomes,Passer,28.95161826219736,75.2,9.26,1.65,3,17,36,6,5.34999990463257,1
2023090700,1711,Patrick Mahomes,Passer,25.712230552793354,39.84,7.94,2.78,1,10,30,5,5.3600001335144,1
2023090700,1741,Patrick Mahomes,Passer,14.67572826131638,186.82,2.03,4.45,1,4,4,9,3.44000005722046,1
2023090700,1812,Jared Goff,Passer,17.63328670441219,181.29999999999998,3.43,5.19,1,10,25,5,2.47000002861023,1
2023090700,1837,Jared Goff,Passer,12.440823927698682,126.98000000000002,7.45,1.6,2,5,30,5,4.30000019073486,1
2023090700,1869,Jared Goff,Passer,17.12350723420877,199.65,2.27,4.19,3,1,34,4,2.94000005722046,1
2023090700,1940,Jared Goff,Passer,24.364203249849975,284.65999999999997,7.25,4.26,2,10,42,6,4.44000005722046,0
2023090700,2118,Patrick Mahomes,Passer,17.730978540396464,80.21999999999998,3.74,6.03,2,10,37,6,3.48000001907349,0
2023090700,2141,Patrick Mahomes,Passer,14.528155423177434,130.25,7.38,0.8,3,10,37,5,5.63000011444092,1
2023090700,2186,Jared Goff,Passer,9.2396536731633,50.18000000000001,3.62,4.45,1,10,7,7,2.44000005722046,0
2023090700,2261,Jared Goff,Passer,10.277553210759843,103.70999999999998,7.35,1.12,3,10,7,5,4.76000022888184,1
2023090700,2306,Patrick Mahomes,Passer,18.022741189952214,214.5,7.09,1.79,1,10,42,7,2.34999990463257,0
2023090700,2364,Patrick Mahomes,Passer,11.273477724287217,67.38000000000001,8.18,1.22,3,6,46,6,4.65000009536743,0
2023090700,2435,Patrick Mahomes,Passer,17.401278688648137,43.6,5.62,2.81,1,10,25,8,5.1100001335144,1
2023090700,2487,Patrick Mahomes,Passer,34.900339539895604,111.95,9.64,3.07,1,10,35,6,8.02999973297119,0
2023090700,2510,Patrick Mahomes,Passer,16.092995370657384,154.29,3.77,3.44,2,10,35,6,1.55999994277954,1
2023090700,2613,Jared Goff,Passer,23.57159307301905,15.650000000000034,5.99,4.59,2,4,23,7,7.19000005722046,1
2023090700,2638,Jared Goff,Passer,14.965406776964,268.08,7.93,0.55,1,10,41,6,3.27999997138977,1
2023090700,2825,Patrick Mahomes,Passer,6.600378777009696,132.08999999999997,3.36,1.64,1,10,22,7,4.25,1
2023090700,2906,Patrick Mahomes,Passer,11.966386254839009,201.51999999999998,4.71,0.97,1,10,25,7,4.94000005722046,1
2023090700,2936,Patrick Mahomes,Passer,14.15885941734008,107.09,4.25,4.32,2,2,17,6,0.980000019073486,0
2023090700,2959,Patrick Mahomes,Passer,13.294698191384404,87.85000000000001,7.13,3.86,3,2,17,6,3.05999994277954,0
2023090700,3032,Jared Goff,Passer,15.804534159537885,8.89,5.77,4.92,1,10,25,6,1.39999997615814,0
2023090700,3089,Jared Goff,Passer,21.227135934930082,157.22,6.94,4.73,2,22,13,7,2.89000010490417,1
2023090700,3114,Jared Goff,Passer,8.807144826786951,236.67999999999998,5.91,1.53,3,2,33,8,6.09999990463257,0
2023090700,3185,Patrick Mahomes,Passer,9.940729349499463,104.18,4.16,2.24,2,6,36,6,3.11999988555908,1
2023090700,3233,Patrick Mahomes,Passer,13.60905948256528,130.76,6.77,2.87,1,10,40,6,4.73000001907349,1
2023090700,3324,Patrick Mahomes,Passer,19.312268121585305,137.89000000000001,3.17,5.35,3,2,21,6,4.17999982833862,0
2023090700,3461,Jared Goff,Passer,28.29605096122072,9.299999999999997,5.93,5.6,3,12,23,6,5.30000019073486,1
2023090700,3486,Jared Goff,Passer,8.21119357949866,112.32999999999998,4.62,2.17,1,10,41,7,4.5,1
2023090700,3566,Jared Goff,Passer,25.472402713525074,215.63000000000002,3.72,6.56,1,10,47,7,7.36999988555908,1
2023090700,3674,Patrick Mahomes,Passer,17.277604000555165,25.75999999999999,5.24,1.44,1,10,25,8,1.94000005722046,1
2023090700,3912,Patrick Mahomes,Passer,25.272182335524562,259.93,7.68,2.08,1,10,45,6,8.19999980926514,0
2023090700,3971,Patrick Mahomes,Passer,16.120105458712107,206.86,3.94,3.39,2,20,35,6,4.13000011444092,0
2023090700,3994,Patrick Mahomes,Passer,24.834532409530084,43.70999999999998,7.06,3.31,3,20,35,6,7.36999988555908,0
2023090700,4041,Patrick Mahomes,Passer,44.27782514984221,193.08,4.53,3.1,4,25,30,3,5.84000015258789,0
2023091000,185,Bryce Young,Passer,17.944985371963945,117.28999999999999,4.94,3.98,2,6,44,7,2.29999995231628,1
2023091000,661,Bryce Young,Passer,19.109445308537868,144.41000000000003,4.72,5.1,2,16,8,6,1.24000000953674,0
2023091000,842,Bryce Young,Passer,17.535327199684644,73.68,8.23,1.26,2,10,25,6,2.25,0
2023091000,927,Desmond Ridder,Passer,13.082480651619548,226.62,3.38,2.89,1,10,15,7,0.75,0
2023091000,1046,Desmond Ridder,Passer,16.21844012228056,125.22000000000003,5.07,3.72,3,10,15,5,0.400000005960464,1
2023091000,1193,Bryce Young,Passer,17.626689989898836,106.89999999999999,6.23,2.33,3,2,33,6,2.27999997138977,1
2023091000,1240,Bryce Young,Passer,17.013083200878075,101.88,7.29,1.25,2,8,46,6,2.38000011444092,1
2023091000,1325,Bryce Young,Passer,19.605902172560178,35.03,6.2,1.41,3,8,41,5,2.96000003814697,1
2023091000,1382,Bryce Young,Passer,10.077822185373186,273.60999999999996,5.49,1.93,1,10,20,6,2.8199999332428,1
2023091000,1429,Bryce Young,Passer,9.914887795633392,21.669999999999987,5.66,2.07,2,4,4,7,0.519999980926514,1
2023091000,1599,Desmond Ridder,Passer,18.763800254745846,261.11,1.1,6.27,2,23,22,6,5.90000009536743,1
2023091000,1697,Bryce Young,Passer,23.614285930343097,5.909999999999997,7.4,4.78,1,10,17,6,2.05999994277954,0
2023091000,1720,Bryce Young,Passer,29.02173840416869,97.48000000000002,6.64,2.83,2,10,17,6,3.27999997138977,0
2023091000,1743,Bryce Young,Passer,23.603383232070783,79.97,6.41,3.03,3,10,17,6,4.1399998664856,0
2023091000,1925,Bryce Young,Passer,9.012668861108779,276.28,7.85,1.17,1,10,25,6,0.159999996423721,1
2023091000,1972,Bryce Young,Passer,19.53989252785184,282.02,6.16,1.68,1,10,38,6,3.55999994277954,1
2023091000,2101,Bryce Young,Passer,22.002029451848298,131.94000000000003,3.93,5.24,3,10,33,6,3.66000008583069,1
2023091000,2207,Desmond Ridder,Passer,13.166643459895157,77.97,6.85,2.26,2,10,25,7,0.819999992847443,0
2023091000,2342,Bryce Young,Passer,10.207849920526849,168.75,1.36,4.37,1,10,36,6,3.64000010490417,1
2023091000,2389,Bryce Young,Passer,19.875555338153447,71.36999999999998,6.43,4.58,3,6,40,6,3.5699999332428,0
2023091000,2580,Bryce Young,Passer,13.743376586559796,131.52,4.88,2.63,2,11,45,6,2.41000008583069,1
2023091000,2793,Desmond Ridder,Passer,11.094705944728776,39.860000000000014,5.72,1.89,2,8,47,6,0.629999995231628,1
2023091000,2823,Desmond Ridder,Passer,8.656587087299476,207.56,4.21,1.68,1,10,37,6,1.0,1
2023091000,3026,Bryce Young,Passer,9.282828232817836,51.010000000000005,5.43,2.85,2,8,27,6,3.29999995231628,1
2023091000,3078,Bryce Young,Passer,32.089183535889475,119.78999999999999,7.15,1.42,1,10,36,6,3.39000010490417,0
2023091000,3260,Desmond Ridder,Passer,15.444303156827763,175.45999999999998,4.51,2.22,1,20,25,6,6.78000020980835,1
2023091000,3369,Bryce Young,Passer,24.087027628995653,27.370000000000005,8.08,0.58,1,10,1,5,2.08999991416931,0
2023091000,3421,Bryce Young,Passer,24.377196311307006,56.83,4.94,4.4,3,8,3,5,3.17000007629395,0
2023091000,3533,Desmond Ridder,Passer,27.38794260253953,5.740000000000009,8.79,3.47,2,7,41,7,5.23999977111816,1
2023091000,3886,Bryce Young,Passer,9.553093739726414,258.15,6.46,5.02,2,10,30,6,4.19000005722046,1
2023091000,3916,Bryce Young,Passer,23.636962579823994,267.15999999999997,5.4,3.46,1,10,41,5,3.53999996185303,1
2023091000,4107,Bryce Young,Passer,10.87255719690635,284.19,7.45,0.24,1,10,43,5,2.3199999332428,1
2023091000,4155,Bryce Young,Passer,14.74221150302762,139.9,4.94,2.53,3,5,38,5,3.21000003814697,1
2023091001,166,Lamar Jackson,Passer,9.568876632081741,38.78999999999999,4.75,2.44,2,6,12,7,7.17000007629395,1
2023091001,284,C.J. Stroud,Passer,20.879947317941202,182.25,0.16,0.66,3,6,42,6,3.13000011444092,1
2023091001,407,Lamar Jackson,Passer,16.62740208210531,109.18,5.43,1.47,2,2,28,6,0.0799999982118607,1
2023091001,532,Lamar Jackson,Passer,13.72419760860358,39.29,7.5,0.87,3,6,16,7,5.05000019073486,0
2023091001,559,C.J. Stroud,Passer,15.537596339202537,13.539999999999964,4.14,5.17,1,10,15,8,2.99000000953674,0
2023091001,893,Lamar Jackson,Passer,23.823310013514067,100.02999999999999,6.75,1.94,3,5,32,6,3.47000002861023,1
2023091001,1042,C.J. Stroud,Passer,22.70372876864062,4.800000000000011,7.56,2.12,2,7,28,7,6.34999990463257,0
2023091001,1065,C.J. Stroud,Passer,8.126167608411727,296.53999999999996,5.44,2.31,3,7,28,5,3.77999997138977,1
2023091001,1232,Lamar Jackson,Passer,19.916598605183562,178.36999999999998,3.37,2.12,2,18,50,4,3.64000010490417,1
2023091001,1368,C.J. Stroud,Passer,15.697948910606126,176.31999999999996,6.24,3.38,3,2,24,6,1.48000001907349,1
2023091001,1438,C.J. Stroud,Passer,18.19717010966266,149.76,3.91,0.4,3,5,42,5,2.59999990463257,1
2023091001,1470,C.J. Stroud,Passer,14.067871196453286,266.5,6.09,3.14,1,10,47,7,5.1100001335144,1
2023091001,1517,C.J. Stroud,Passer,18.667967216598598,163.35999999999999,2.01,3.79,3,4,47,6,3.3199999332428,1
2023091001,1549,C.J. Stroud,Passer,17.73597755975125,173.69,4.64,2.13,1,10,40,7,1.5,1
2023091001,1574,C.J. Stroud,Passer,17.978934896149994,168.52,6.17,4.64,2,5,35,7,4.57000017166138,1
2023091001,1797,Lamar Jackson,Passer,19.092577091634332,348.31,5.25,4.52,3,9,44,7,2.55999994277954,0
2023091001,1948,C.J. Stroud,Passer,26.671010479545014,173.72,5.57,3.82,3,7,34,6,4.05000019073486,1
2023091001,1980,C.J. Stroud,Passer,24.803122787262094,102.84,5.35,2.23,1,10,44,6,2.64000010490417,1
2023091001,2033,C.J. Stroud,Passer,15.89606869637899,112.00999999999999,3.46,1.47,2,10,37,6,3.75,0
2023091001,2151,C.J. Stroud,Passer,16.774009657800956,149.03000000000003,2.71,3.67,2,10,27,4,3.94000005722046,1
2023091001,2351,Lamar Jackson,Passer,27.387254334817868,6.130000000000024,5.81,5.94,1,10,29,6,6.17000007629395,1
2023091001,2432,Lamar Jackson,Passer,14.200411965855078,34.03,4.12,5.01,3,5,46,6,4.0,1
2023091001,2469,Lamar Jackson,Passer,22.588072073552443,190.66,6.11,5.35,1,10,27,6,4.23999977111816,1
2023091001,2523,Lamar Jackson,Passer,8.693399795246966,14.669999999999987,6.35,1.83,2,7,7,5,1.99000000953674,1
2023091001,2759,C.J. Stroud,Passer,26.922364309250405,179.82999999999998,4.81,5.19,3,16,27,5,5.15999984741211,1
2023091001,3086,C.J. Stroud,Passer,15.907033035736118,163.26000000000002,5.99,3.52,3,2,33,8,2.0699999332428,1
2023091001,3111,C.J. Stroud,Passer,16.551196331383426,130.54,5.13,3.62,1,10,47,7,3.46000003814697,1
2023091001,3257,Lamar Jackson,Passer,19.41011334330637,101.91,6.95,1.4,1,10,20,6,9.5,0
2023091001,3302,Lamar Jackson,Passer,21.71410601429402,19.13,5.61,5.11,3,7,23,6,1.77999997138977,1
2023091001,3383,C.J. Stroud,Passer,14.442454777495414,13.36,5.69,1.17,2,6,28,7,7.69999980926514,1
2023091001,3514,C.J. Stroud,Passer,14.852319684143605,114.35,4.23,5.05,2,19,19,4,1.20000004768372,0
2023091001,3879,C.J. Stroud,Passer,23.10044371868212,66.45,7.54,2.55,2,9,21,6,3.6800000667572,0
2023091001,3902,C.J. Stroud,Passer,16.97124627126718,127.94,6.91,0.91,3,9,21,6,2.96000003814697,1
2023091001,4018,Lamar Jackson,Passer,18.66487610459818,65.73999999999998,7.94,2.58,3,6,38,5,1.87000000476837,1
2023091001,4191,C.J. Stroud,Passer,13.875222520738182,91.96,4.6,1.05,1,10,25,7,5.30999994277954,1
2023091001,4216,C.J. Stroud,Passer,23.57071275969397,96.01,6.12,3.52,2,4,31,7,6.07999992370605,0
2023091001,4239,C.J. Stroud,Passer,28.400170774134438,2.8100000000000023,7.02,3.26,3,4,31,5,4.07999992370605,1
2023091001,4322,C.J. Stroud,Passer,20.130896651664575,172.98000000000002,5.01,4.05,1,10,45,6,2.63000011444092,0
2023091001,4392,C.J. Stroud,Passer,6.224869476543264,41.00999999999999,3.84,2.63,4,13,48,7,5.84000015258789,0
2023091001,4564,C.J. Stroud,Passer,19.945230006194464,155.95000000000002,2.27,6.56,2,5,15,6,4.38000011444092,1
2023091001,4589,C.J. Stroud,Passer,20.691362932392828,74.16000000000001,5.42,1.17,1,10,24,7,3.50999999046326,1
2023091001,4614,C.J. Stroud,Passer,9.379648181035364,268.02,6.1,0.23,2,4,30,5,2.02999997138977,1
2023091001,4639,C.J. Stroud,Passer,16.693741342191686,118.92000000000002,5.04,3.81,3,3,31,5,0.990000009536743,0
2023091001,4662,C.J. Stroud,Passer,12.906835398346102,223.4,4.5,2.44,4,3,31,4,5.80000019073486,1
2023091002,110,Joe Burrow,Passer,18.568642922949433,296.76,6.65,3.68,3,9,36,6,2.96000003814697,1
2023091002,319,Deshaun Watson,Passer,12.595002977371628,99.28,6.27,2.16,2,17,22,6,3.95000004768372,1
2023091002,444,Joe Burrow,Passer,10.917618787995849,115.00999999999999,6.03,1.67,3,1,23,6,1.14999997615814,0
2023091002,599,Nick Chubb,Passer,35.59186002444941,334.2,9.76,1.27,2,4,43,6,0.239999994635582,0
2023091002,767,Joe Burrow,Passer,10.596947673740772,41.78999999999999,5.14,4.61,3,7,16,6,1.04999995231628,1
2023091002,819,Deshaun Watson,Passer,7.3620785108554765,121.71000000000001,8.57,0.91,1,10,43,7,2.70000004768372,1
2023091002,873,Deshaun Watson,Passer,22.151110581639017,180.82,6.09,1.95,1,10,44,7,3.57999992370605,1
2023091002,975,Deshaun Watson,Passer,22.688942240659873,81.67,3.49,5.81,3,10,24,5,2.08999991416931,0
2023091002,1048,Joe Burrow,Passer,4.772179795439396,24.120000000000005,2.26,2.14,1,10,17,6,2.30999994277954,0
2023091002,1071,Joe Burrow,Passer,15.629193837175356,125.94000000000003,4.62,3.28,2,10,17,6,2.61999988555908,0
2023091002,1209,Deshaun Watson,Passer,17.14912534212751,46.31,5.93,3.81,1,17,37,7,0.540000021457672,1
2023091002,1260,Deshaun Watson,Passer,27.698306807456657,21.63000000000001,8.62,3.16,3,11,43,8,3.30999994277954,0
2023091002,1412,Joe Burrow,Passer,24.297911432878344,55.15999999999997,7.52,2.07,3,3,38,5,2.58999991416931,0
2023091002,1464,Deshaun Watson,Passer,11.897684648703713,245.66,5.59,0.47,1,10,20,8,5.69999980926514,1
2023091002,1540,Deshaun Watson,Passer,30.183208908265534,223.09000000000003,6.3,4.11,2,2,39,8,7.98000001907349,0
2023091002,1832,Deshaun Watson,Passer,25.678006153126454,121.36000000000001,2.36,2.49,3,9,46,5,5.46999979019165,0
2023091002,1944,Joe Burrow,Passer,13.989156514958289,244.69,5.81,1.19,2,12,19,6,2.85999989509583,1
2023091002,1974,Joe Burrow,Passer,22.776577881674857,121.19999999999999,5.87,2.37,3,8,23,5,3.41000008583069,0
2023091002,2039,Deshaun Watson,Passer,19.601686151961523,86.98000000000002,6.39,2.07,1,10,48,6,3.16000008583069,0
2023091002,2095,Deshaun Watson,Passer,20.20768418201353,80.69,5.64,5.09,3,10,48,6,3.75999999046326,1
2023091002,2127,Deshaun Watson,Passer,22.260765934711227,33.99000000000001,6.91,3.5,1,10,37,6,3.4300000667572,1
2023091002,2179,Deshaun Watson,Passer,14.106172407850396,186.01999999999998,0.37,5.86,2,4,19,6,3.47000002861023,1
2023091002,2211,Deshaun Watson,Passer,17.028285292418612,30.07,5.11,4.06,1,10,13,6,2.54999995231628,0
2023091002,2441,Deshaun Watson,Passer,18.83968683391526,171.30999999999997,2.96,4.35,3,11,24,6,5.19999980926514,0
2023091002,2517,Joe Burrow,Passer,17.005990121130846,65.75,7.27,0.87,2,6,50,7,1.5900000333786,0
2023091002,2620,Joe Burrow,Passer,13.886630260794012,192.58999999999997,1.26,3.57,3,10,32,4,2.60999989509583,1
2023091002,2693,Deshaun Watson,Passer,27.43665431498527,10.25,7.54,5.49,1,10,25,6,7.17999982833862,1
2023091002,2847,Joe Burrow,Passer,7.6085346815270505,77.57000000000002,4.11,2.44,2,13,47,4,2.03999996185303,1
2023091002,2872,Joe Burrow,Passer,14.683139991159928,273.09,7.83,1.2,3,3,43,6,1.1599999666214,1
2023091002,2942,Joe Burrow,Passer,21.02165074393541,14.210000000000036,7.85,1.33,3,4,33,5,2.14000010490417,0
2023091002,3138,Deshaun Watson,Passer,12.29572283357102,208.95999999999998,4.63,3.33,2,9,20,6,3.75999999046326,0
2023091002,3170,Deshaun Watson,Passer,16.27946559319439,230.38000000000002,5.0,4.55,3,9,20,6,2.5699999332428,1
2023091002,3253,Joe Burrow,Passer,20.16200634857554,164.76000000000002,5.28,1.82,2,8,27,6,1.79999995231628,1
2023091002,3314,Joe Burrow,Passer,22.25217517457563,6.889999999999986,6.35,2.09,2,8,39,6,1.6599999666214,0
2023091002,3337,Joe Burrow,Passer,12.211244817789874,194.11,0.91,2.19,3,8,39,5,3.11999988555908,1
2023091002,3409,Deshaun Watson,Passer,8.645206764444676,287.23,4.96,2.42,1,10,36,8,5.65999984741211,1
2023091002,3505,Deshaun Watson,Passer,16.65197886138461,226.05,5.42,1.61,3,5,27,7,7.67000007629395,1
2023091002,3571,Joe Burrow,Passer,21.25479945800477,71.92,5.68,2.61,1,10,25,6,1.37999999523163,0
2023091002,3594,Joe Burrow,Passer,21.033615951614216,131.12,6.79,3.21,2,10,25,7,2.8199999332428,0
2023091002,3617,Joe Burrow,Passer,13.9050638258154,191.45,6.06,1.33,3,10,25,5,3.86999988555908,1
2023091002,3716,Deshaun Watson,Passer,12.655690419728195,272.98,6.19,1.46,2,3,3,11,4.42999982833862,1
2023091002,3787,Joe Burrow,Passer,13.540830846000551,190.56000000000003,3.07,3.88,1,10,25,6,0.990000009536743,1
2023091002,3812,Joe Burrow,Passer,28.267309741112612,29.47,7.76,2.27,2,4,31,5,2.98000001907349,0
2023091002,3835,Joe Burrow,Passer,10.029207346545387,37.900000000000006,5.82,1.55,3,4,31,6,1.97000002861023,1
2023091002,4036,Jake Browning,Passer,25.924540497374295,37.53999999999999,7.07,3.64,3,8,40,5,4.25,0
2023091002,4124,Deshaun Watson,Passer,10.251097502218961,95.16999999999999,5.6,1.55,3,7,22,7,6.73999977111816,1
2023091003,81,Anthony Richardson,Passer,18.18870528652328,318.53,6.74,3.95,2,8,27,6,2.5699999332428,0
2023091003,143,Trevor Lawrence,Passer,11.05,189.32999999999998,2.62,6.29,1,10,37,5,1.24000000953674,0
2023091003,191,Trevor Lawrence,Passer,22.85740580205899,85.99,5.08,3.11,3,4,43,6,2.25999999046326,0
2023091003,263,Anthony Richardson,Passer,13.373679374054099,267.32,3.9,2.97,2,8,8,7,2.23000001907349,1
2023091003,358,Trevor Lawrence,Passer,17.116556312529692,65.25999999999999,6.37,4.18,2,10,39,6,1.71000003814697,1
2023091003,410,Trevor Lawrence,Passer,31.974491395485874,24.810000000000002,8.52,2.42,1,10,49,8,6.42999982833862,1
2023091003,529,Trevor Lawrence,Passer,29.011459804704756,244.57,2.85,3.94,3,7,9,6,3.65000009536743,1
2023091003,662,Anthony Richardson,Passer,16.028087846028292,284.17,6.45,1.96,2,10,37,7,3.40000009536743,1
2023091003,687,Anthony Richardson,Passer,9.082400563727637,288.13,6.75,1.72,3,2,45,8,2.00999999046326,1
2023091003,761,Anthony Richardson,Passer,12.996249458978538,74.75999999999996,4.2,3.39,2,9,35,6,2.33999991416931,1
2023091003,933,Trevor Lawrence,Passer,21.324938452431702,261.76,8.68,1.2,2,2,33,8,11.2299995422363,1
2023091003,1171,Trevor Lawrence,Passer,12.45321243695778,239.69,6.53,1.09,1,10,42,6,8.43000030517578,0
2023091003,1503,Anthony Richardson,Passer,15.597156792184911,145.16,4.79,2.43,3,11,49,6,5.07999992370605,1
2023091003,1649,Trevor Lawrence,Passer,21.033192815167176,65.32999999999998,5.03,5.08,2,8,45,6,2.33999991416931,1
2023091003,1706,Trevor Lawrence,Passer,24.1406917879335,1.9399999999999977,6.07,2.54,2,12,18,6,3.02999997138977,1
2023091003,1782,Anthony Richardson,Passer,33.01527525252515,56.05000000000001,7.11,1.22,1,10,24,7,4.8600001335144,0
2023091003,1805,Anthony Richardson,Passer,16.96926633652734,68.03,6.63,2.32,2,10,24,7,2.21000003814697,1
2023091003,1841,Anthony Richardson,Passer,9.32965701406006,154.45,1.35,3.63,1,10,41,8,3.45000004768372,1
2023091003,1929,Trevor Lawrence,Passer,19.448650338776716,185.51999999999998,3.51,6.45,1,10,44,7,1.83000004291534,1
2023091003,1954,Trevor Lawrence,Passer,15.7541930926341,3.730000000000018,6.81,3.1,1,10,44,7,0.180000007152557,1
2023091003,2062,Anthony Richardson,Passer,9.614593075112436,116.06000000000002,3.58,2.63,1,10,8,6,3.5,1
2023091003,2087,Anthony Richardson,Passer,12.26234072271685,85.38,8.17,1.07,2,4,14,4,4.53000020980835,1
2023091003,2204,Trevor Lawrence,Passer,29.622567410675256,41.28,7.14,3.74,2,11,15,6,2.26999998092651,0
2023091003,2227,Trevor Lawrence,Passer,24.629352407239615,44.10000000000001,6.22,5.88,3,11,15,6,2.85999989509583,0
2023091003,2286,Anthony Richardson,Passer,14.774183564583183,56.81999999999999,6.66,3.92,1,10,37,7,0.370000004768372,1
2023091003,2369,Anthony Richardson,Passer,13.588524570386591,105.94,5.41,2.06,2,7,29,6,0.479999989271164,1
2023091003,2519,Trevor Lawrence,Passer,23.17835412621008,111.32,4.72,1.83,1,10,25,6,0.959999978542328,1
2023091003,2571,Trevor Lawrence,Passer,13.311998347355663,56.32,5.39,3.59,1,10,40,6,0.0799999982118607,0
2023091003,2608,Trevor Lawrence,Passer,25.176346041473135,31.950000000000003,7.86,1.97,2,10,40,6,2.02999997138977,1
2023091003,2798,Anthony Richardson,Passer,11.758082326638137,134.6,0.61,3.54,3,11,24,6,3.94000005722046,1
2023091003,2902,Trevor Lawrence,Passer,12.531320760398724,92.08000000000001,6.76,1.66,3,5,47,6,2.61999988555908,1
2023091003,2979,Anthony Richardson,Passer,9.863396980756677,57.51999999999998,4.0,4.32,2,9,50,8,3.17000007629395,0
2023091003,3002,Anthony Richardson,Passer,19.88425004871947,326.67999999999995,6.7,5.09,3,9,50,6,3.24000000953674,1
2023091003,3202,Trevor Lawrence,Passer,7.919103484612379,179.51,3.88,1.6,1,10,25,6,2.72000002861023,1
2023091003,3335,Anthony Richardson,Passer,23.6754915471675,89.87,4.06,4.98,1,20,17,6,2.71000003814697,0
2023091003,3645,Anthony Richardson,Passer,13.574464998665693,222.46,5.17,2.65,3,8,50,6,3.08999991416931,0
2023091003,3750,Trevor Lawrence,Passer,19.857525022016212,71.12,3.73,2.22,2,7,32,5,0.889999985694885,1
2023091003,3797,Trevor Lawrence,Passer,25.713860075842362,19.70999999999998,6.26,4.83,2,12,25,6,3.38000011444092,0
2023091003,3820,Trevor Lawrence,Passer,10.962723201832656,98.01000000000002,5.05,2.01,3,12,25,6,3.9300000667572,1
2023091003,3845,Trevor Lawrence,Passer,14.112636181805298,223.05,3.82,4.49,4,2,15,6,3.09999990463257,1
2023091003,3975,Anthony Richardson,Passer,19.176537747987773,45.01999999999998,5.52,2.68,1,10,25,8,3.65000009536743,0
2023091003,3998,Anthony Richardson,Passer,25.473829708153424,238.45000000000005,7.86,2.34,2,10,25,7,4.21000003814697,0
2023091003,4047,Trevor Lawrence,Passer,19.19191756964374,61.34,8.88,0.38,2,7,41,7,5.42000007629395,1
2023091003,4153,Anthony Richardson,Passer,19.156119126796014,116.83,5.33,5.33,2,7,28,6,2.77999997138977,1
2023091003,4201,Anthony Richardson,Passer,12.518118868264514,50.46000000000001,6.82,1.25,2,10,42,7,3.94000005722046,1
2023091003,4258,Anthony Richardson,Passer,19.502189620655418,155.79,3.27,4.6,2,5,41,6,2.48000001907349,1
2023091003,4283,Anthony Richardson,Passer,19.72447464446138,192.09,4.43,3.44,3,1,37,5,3.60999989509583,1
2023091003,4308,Anthony Richardson,Passer,17.198215023658705,146.68,2.86,4.21,1,10,28,5,1.64999997615814,1
2023091003,4333,Anthony Richardson,Passer,17.029060455585906,100.78999999999999,6.29,1.26,2,2,20,6,2.71000003814697,1
2023091003,4363,Anthony Richardson,Passer,21.28664604863809,20.72999999999999,7.22,3.63,1,10,13,6,3.09999990463257,0
2023091003,4416,Anthony Richardson,Passer,11.269964507486264,77.75999999999999,8.05,0.79,3,10,13,6,4.34999990463257,1
2023091003,4494,Gardner Minshew,Passer,13.737426978877817,0.8399999999999892,5.2,4.02,2,1,1,8,2.11999988555908,0
2023091003,4551,Gardner Minshew,Passer,16.81259052020241,74.05999999999999,6.52,1.14,4,1,1,9,3.60999989509583,0
2023091004,124,Kirk Cousins,Passer,14.456292747450842,3.2900000000000205,5.84,2.77,3,7,28,5,3.35999989509583,0
2023091004,196,Baker Mayfield,Passer,23.655631464833068,241.44000000000003,7.96,1.36,2,10,33,6,8.17000007629395,0
2023091004,315,Kirk Cousins,Passer,22.127399304934144,104.11000000000001,5.02,3.56,2,7,16,6,0.790000021457672,1
2023091004,340,Kirk Cousins,Passer,7.2842913176231505,150.25,3.37,2.73,1,10,24,7,1.24000000953674,1
2023091004,365,Kirk Cousins,Passer,20.092466249816127,37.60999999999996,7.61,1.0,2,9,25,6,2.53999996185303,1
2023091004,390,Kirk Cousins,Passer,12.473660248700059,94.36000000000001,6.45,0.3,1,10,45,7,3.63000011444092,0
2023091004,413,Kirk Cousins,Passer,11.104098342503995,92.25,4.49,3.79,2,10,45,6,2.19000005722046,1
2023091004,438,Kirk Cousins,Passer,8.963353167202547,220.19,3.77,2.35,1,10,34,7,6.30000019073486,1
2023091004,542,Baker Mayfield,Passer,15.512988106744622,11.25,6.31,4.2,2,6,29,7,3.1800000667572,1
2023091004,592,Baker Mayfield,Passer,12.88272098587872,31.33,6.12,3.81,2,6,39,7,1.61000001430511,0
2023091004,695,Baker Mayfield,Passer,26.596339973763307,45.140000000000015,8.46,3.36,3,6,39,7,3.44000005722046,0
2023091004,766,Kirk Cousins,Passer,8.444293931407175,255.63,2.28,4.64,2,7,29,7,4.32000017166138,1
2023091004,821,Baker Mayfield,Passer,16.34714042271614,85.96,6.5,2.77,1,10,18,6,3.10999989509583,0
2023091004,936,Kirk Cousins,Passer,18.418018351603408,303.7,0.25,0.47,1,10,17,6,2.3199999332428,1
2023091004,983,Kirk Cousins,Passer,14.275212783002573,273.15,6.71,0.54,3,2,25,7,1.57000005245209,1
2023091004,1190,Kirk Cousins,Passer,19.190687845931944,101.87,6.7,2.88,1,10,17,7,4.63000011444092,1
2023091004,1326,Kirk Cousins,Passer,29.274618699480957,13.469999999999999,8.85,1.37,3,11,39,6,4.75,1
2023091004,1594,Kirk Cousins,Passer,9.650911874014811,12.120000000000005,3.86,4.65,1,10,50,8,0.959999978542328,1
2023091004,1641,Kirk Cousins,Passer,14.950752489423403,51.579999999999984,7.85,2.88,3,1,41,8,6.28999996185303,1
2023091004,1676,Kirk Cousins,Passer,11.453497282489748,222.52999999999997,6.57,1.29,1,10,19,8,5.96000003814697,1
2023091004,1701,Kirk Cousins,Passer,17.05187379732796,229.62,8.69,2.06,1,6,6,7,6.30999994277954,0
2023091004,1746,Kirk Cousins,Passer,22.190243351527265,15.780000000000001,5.61,5.13,3,7,7,5,3.10999989509583,0
2023091004,1839,Baker Mayfield,Passer,18.98673484304239,220.32999999999998,5.03,2.5,2,5,30,6,2.75999999046326,0
2023091004,1933,Kirk Cousins,Passer,9.651797760003054,139.29999999999998,3.96,3.09,2,9,15,7,6.17000007629395,1
2023091004,1958,Kirk Cousins,Passer,22.901460652106888,126.13,1.07,3.41,3,7,17,6,3.21000003814697,1
2023091004,2077,Baker Mayfield,Passer,17.295854994766806,61.900000000000006,6.13,3.22,3,2,47,6,2.49000000953674,1
2023091004,2102,Baker Mayfield,Passer,29.302950363401976,128.45,5.24,3.15,1,10,39,6,3.54999995231628,1
2023091004,2154,Baker Mayfield,Passer,23.309570995623233,51.539999999999964,7.78,3.3,1,10,28,6,3.74000000953674,0
2023091004,2177,Baker Mayfield,Passer,27.342920473131613,8.519999999999982,7.95,3.09,2,10,28,6,4.55999994277954,1
2023091004,2234,Kirk Cousins,Passer,21.490672395250925,3.4099999999999966,7.29,4.47,1,10,25,6,2.69000005722046,0
2023091004,2257,Kirk Cousins,Passer,18.18308004712073,82.46000000000001,4.7,2.13,2,10,25,7,1.17999994754791,1
2023091004,2287,Kirk Cousins,Passer,15.045829987076159,62.96000000000001,4.98,3.5,3,4,31,7,2.78999996185303,1
2023091004,2312,Kirk Cousins,Passer,24.85992960569277,10.039999999999992,7.44,5.17,1,10,36,6,3.86999988555908,1
2023091004,2344,Kirk Cousins,Passer,10.866356335037057,135.63,2.95,3.09,1,10,22,5,3.03999996185303,1
2023091004,2505,Baker Mayfield,Passer,16.012707453769334,84.74000000000001,5.4,2.85,3,6,29,6,1.63999998569489,1
2023091004,2607,Baker Mayfield,Passer,11.352237664883518,228.94,6.25,2.94,2,7,46,6,7.8600001335144,1
2023091004,2701,Baker Mayfield,Passer,16.248039881782663,71.1,5.78,3.05,1,10,21,7,1.97000002861023,0
2023091004,2724,Baker Mayfield,Passer,12.537623379253331,135.93999999999997,1.64,2.36,2,10,21,6,2.97000002861023,1
2023091004,2749,Baker Mayfield,Passer,18.585763368772337,136.49,3.79,3.94,3,8,19,6,4.26999998092651,1
2023091004,2827,Baker Mayfield,Passer,7.420107815928277,34.900000000000006,7.52,0.64,2,7,7,7,8.30000019073486,0
2023091004,2850,Baker Mayfield,Passer,13.795133199791872,103.15,6.44,1.4,3,7,7,7,3.25999999046326,1
2023091004,2961,Kirk Cousins,Passer,23.876894689217863,216.05,4.74,4.97,3,3,32,7,3.11999988555908,1
2023091004,3030,Kirk Cousins,Passer,17.966379713231046,246.25,6.95,1.53,1,10,48,8,6.65999984741211,1
2023091004,3105,Kirk Cousins,Passer,22.660328770783536,19.01000000000002,6.9,5.17,3,13,33,6,3.55999994277954,1
2023091004,3177,Kirk Cousins,Passer,12.31935469089189,58.329999999999984,4.47,3.9,2,15,25,6,2.17000007629395,1
2023091004,3244,Kirk Cousins,Passer,20.794542553275853,133.83,6.54,0.46,1,9,9,7,2.66000008583069,0
2023091004,3365,Kirk Cousins,Passer,9.183681179135087,116.17,8.14,1.67,2,4,4,6,2.5699999332428,1
2023091004,3429,Baker Mayfield,Passer,5.6324861295879005,150.66,4.46,0.35,1,10,25,7,3.45000004768372,1
2023091004,3584,Kirk Cousins,Passer,9.091985481730598,238.87,6.18,2.15,1,10,20,7,4.76000022888184,1
2023091004,3616,Kirk Cousins,Passer,16.101170764885392,184.08999999999997,1.46,0.7,2,13,17,6,2.66000008583069,1
2023091004,3641,Kirk Cousins,Passer,24.81439098587753,144.67,1.57,6.53,3,7,23,6,4.40999984741211,0
2023091004,3690,Baker Mayfield,Passer,22.16478738900962,42.44,4.19,1.0,1,10,23,7,1.67999994754791,1
2023091004,3849,Baker Mayfield,Passer,16.257459826184405,68.25999999999999,6.53,3.22,2,5,38,7,1.50999999046326,1
2023091004,3874,Baker Mayfield,Passer,17.502988316284736,2.0400000000000205,5.93,2.82,1,10,46,7,1.74000000953674,1
2023091004,3922,Baker Mayfield,Passer,18.960152952969555,221.46999999999997,2.35,2.86,3,4,40,6,2.32999992370605,1
2023091004,4015,Kirk Cousins,Passer,12.90894651007587,163.04000000000002,2.37,3.8,2,14,21,5,1.95000004768372,1
2023091004,4040,Kirk Cousins,Passer,22.580633294927758,13.539999999999992,6.47,4.44,3,7,28,6,2.78999996185303,0
2023091004,4122,Baker Mayfield,Passer,8.727112924673316,70.22000000000003,2.29,2.6,1,10,50,8,1.28999996185303,1
2023091004,4249,Baker Mayfield,Passer,19.417445764054555,47.110000000000014,6.37,4.24,3,10,39,4,2.33999991416931,1
2023091005,159,Ryan Tannehill,Passer,14.138719885477611,4.76,3.65,5.81,1,15,29,6,1.30999994277954,0
2023091005,228,Ryan Tannehill,Passer,5.835451996203897,82.41,4.89,4.05,3,18,32,4,2.23000001907349,0
2023091005,301,Derek Carr,Passer,25.10657483608626,24.86,7.15,2.29,1,10,25,6,1.96000003814697,1
2023091005,331,Derek Carr,Passer,9.037101305175241,38.97999999999999,8.16,1.0,1,10,50,8,7.11999988555908,1
2023091005,383,Derek Carr,Passer,21.096134717051832,167.17,4.29,4.07,3,5,45,5,3.01999998092651,1
2023091005,721,Ryan Tannehill,Passer,16.136235620490922,291.06,5.1,2.51,1,15,43,6,2.60999989509583,1
2023091005,768,Ryan Tannehill,Passer,21.936275891773423,89.6,4.91,4.93,1,10,30,8,7.48000001907349,1
2023091005,793,Ryan Tannehill,Passer,19.505717110631945,46.44999999999999,7.41,1.16,1,10,15,4,3.32999992370605,0
2023091005,849,Ryan Tannehill,Passer,14.41968793004897,76.61,1.32,5.38,3,7,12,6,2.66000008583069,1
2023091005,991,Derek Carr,Passer,14.081764804171389,114.44999999999999,2.36,3.21,2,16,22,5,2.14000010490417,1
2023091005,1016,Derek Carr,Passer,26.56653534053697,5.840000000000003,9.33,0.23,3,12,26,5,6.44000005722046,0
2023091005,1217,Derek Carr,Passer,13.125840925441695,286.86,5.26,4.83,2,9,14,6,2.96000003814697,1
2023091005,1289,Derek Carr,Passer,12.386545119604584,144.58999999999997,6.29,2.44,3,10,31,4,4.23000001907349,1
2023091005,1394,Ryan Tannehill,Passer,13.120160059999266,107.38000000000001,2.79,4.23,3,6,27,5,4.40999984741211,0
2023091005,1721,Ryan Tannehill,Passer,29.37607870359827,83.45,4.85,4.35,1,10,25,7,7.6100001335144,0
2023091005,1766,Ryan Tannehill,Passer,24.215905929780945,54.349999999999994,8.97,0.38,3,5,30,5,4.82999992370605,0
2023091005,2166,Derek Carr,Passer,14.961701106491876,293.79999999999995,5.8,4.46,1,10,48,4,2.69000005722046,1
2023091005,2251,Derek Carr,Passer,14.450944605803453,74.02000000000004,4.88,3.61,2,17,40,5,2.28999996185303,1
2023091005,2283,Derek Carr,Passer,21.051729145131997,102.39000000000001,7.33,3.87,3,8,31,4,2.52999997138977,0
2023091005,2366,Ryan Tannehill,Passer,13.107253716930941,109.68999999999998,3.26,3.31,1,10,25,7,0.850000023841858,1
2023091005,2440,Ryan Tannehill,Passer,33.75606612151362,56.220000000000006,9.1,3.07,1,10,47,7,7.51000022888184,0
2023091005,2518,Derek Carr,Passer,18.037915622377213,101.84000000000003,7.96,1.86,3,3,13,6,3.32999992370605,1
2023091005,2670,Ryan Tannehill,Passer,20.693711605219587,106.97,5.6,4.27,1,10,25,7,2.50999999046326,1
2023091005,2720,Ryan Tannehill,Passer,20.601849431543762,104.16000000000001,5.04,6.08,2,6,43,5,2.48000001907349,0
2023091005,2834,Derek Carr,Passer,16.51047243418552,96.78,4.93,4.21,2,9,19,6,2.02999997138977,1
2023091005,2964,Derek Carr,Passer,21.14848930774962,98.57,6.98,4.62,3,7,44,6,3.16000008583069,0
2023091005,3042,Ryan Tannehill,Passer,15.00573223804823,129.02,4.01,3.17,2,8,13,4,1.29999995231628,1
2023091005,3067,Ryan Tannehill,Passer,24.745722862749428,113.52,7.19,2.14,3,5,16,5,2.38000011444092,0
2023091005,3128,Derek Carr,Passer,14.230284607132774,7.759999999999991,4.47,5.04,2,6,29,6,1.94000005722046,1
2023091005,3208,Derek Carr,Passer,19.38814586287198,87.58000000000001,7.17,1.34,3,7,19,4,2.79999995231628,1
2023091005,3358,Ryan Tannehill,Passer,23.467272956183034,109.53,6.64,4.41,3,10,25,6,4.07999992370605,1
2023091005,3413,Ryan Tannehill,Passer,19.252773826126976,92.74000000000001,7.6,1.52,1,10,47,7,5.98000001907349,0
2023091005,3436,Ryan Tannehill,Passer,11.803812943282356,273.05,4.95,3.01,2,10,47,6,2.0699999332428,1
2023091005,3483,Ryan Tannehill,Passer,23.80598664201927,275.95,6.91,1.05,2,6,33,6,8.11999988555908,0
2023091005,3578,Ryan Tannehill,Passer,10.39040422697789,47.140000000000015,6.71,1.37,2,10,28,7,1.64999997615814,1
2023091005,3603,Ryan Tannehill,Passer,22.056164671129928,5.339999999999975,6.3,4.75,3,9,27,6,2.97000002861023,0
2023091005,3698,Derek Carr,Passer,11.709218590495269,110.13999999999999,5.16,6.08,2,8,15,7,2.60999989509583,1
2023091005,3774,Derek Carr,Passer,24.9093877885427,76.50999999999999,6.9,4.92,3,11,27,6,4.01999998092651,1
2023091005,3850,Derek Carr,Passer,5.5544216620634765,89.79999999999998,3.82,1.59,2,11,41,7,1.96000003814697,1
2023091005,3875,Derek Carr,Passer,32.20447173918555,4.060000000000002,9.71,1.28,3,9,43,6,5.46000003814697,0
2023091005,3984,Ryan Tannehill,Passer,13.59244275323608,322.27000000000004,6.76,1.63,3,2,35,6,1.21000003814697,1
2023091005,4147,Ryan Tannehill,Passer,13.618641635640465,227.54999999999998,5.03,1.66,3,12,17,4,2.69000005722046,1
2023091005,4270,Derek Carr,Passer,13.770816969228806,213.39999999999998,8.34,1.15,2,14,25,7,3.89000010490417,1
2023091006,55,Kenny Pickett,Passer,15.326477090316617,181.29000000000002,1.8,2.5,1,10,25,6,2.63000011444092,1
2023091006,144,Brock Purdy,Passer,11.539324070325788,136.28,2.15,2.52,1,10,46,6,1.29999995231628,1
2023091006,213,Brock Purdy,Passer,8.923071220157329,82.49,7.22,1.59,4,1,45,8,3.58999991416931,1
2023091006,282,Brock Purdy,Passer,24.1185779016923,77.99000000000001,6.64,4.6,1,8,8,6,7.76999998092651,1
2023091006,431,Kenny Pickett,Passer,25.590500190500375,29.02000000000001,7.57,2.44,3,5,32,7,3.13000011444092,0
2023091006,492,Brock Purdy,Passer,16.737198092870866,23.130000000000052,7.05,3.23,2,11,49,6,1.0900000333786,1
2023091006,550,Brock Purdy,Passer,11.806142469070918,111.16999999999999,3.42,5.44,1,20,36,5,1.4099999666214,1
2023091006,575,Brock Purdy,Passer,16.486042581529382,137.43000000000004,6.21,4.02,2,14,30,6,1.17999994754791,0
2023091006,598,Brock Purdy,Passer,19.724406201455093,203.51,3.99,0.94,3,14,30,5,2.72000002861023,1
2023091006,775,Kenny Pickett,Passer,8.571260117392313,228.63000000000002,8.08,0.29,1,10,32,7,7.28999996185303,1
2023091006,822,Kenny Pickett,Passer,26.74100409483533,82.5,6.89,4.58,3,8,34,5,1.74000000953674,0
2023091006,899,Brock Purdy,Passer,10.824305982371342,273.78000000000003,3.64,1.98,1,10,32,6,0.610000014305115,1
2023091006,960,Brock Purdy,Passer,13.329583639408995,157.02999999999997,5.03,5.99,1,10,44,8,4.69000005722046,0
2023091006,1027,Brock Purdy,Passer,20.441624201613728,63.29000000000002,5.45,4.74,2,9,44,6,0.75,1
2023091006,1096,Brock Purdy,Passer,24.388482937649073,97.48,6.69,5.0,1,15,39,7,6.53000020980835,1
2023091006,1143,Brock Purdy,Passer,26.765950384770573,63.96000000000001,7.69,1.94,2,12,19,6,2.08999991416931,1
2023091006,1207,Kenny Pickett,Passer,6.676301371268378,209.38,3.54,2.43,1,10,25,7,0.5,1
2023091006,1421,Brock Purdy,Passer,10.35390747495843,66.39000000000001,5.05,3.65,2,14,46,6,7.21999979019165,1
2023091006,1446,Brock Purdy,Passer,20.800716333818887,101.83,7.59,4.64,3,7,47,3,3.44000005722046,1
2023091006,1717,Kenny Pickett,Passer,18.390282760197024,152.99999999999997,3.06,4.06,3,6,40,6,2.70000004768372,0
2023091006,1828,Brock Purdy,Passer,18.466672683512858,11.710000000000008,5.48,5.82,3,6,28,4,1.20000004768372,1
2023091006,1999,Brock Purdy,Passer,11.95070290819749,131.95999999999998,3.7,1.99,1,10,37,6,2.77999997138977,0
2023091006,2156,Kenny Pickett,Passer,13.7676759113512,84.66000000000003,6.3,2.91,1,10,5,6,1.22000002861023,1
2023091006,2188,Kenny Pickett,Passer,30.876005246793188,86.35999999999999,8.92,1.38,2,1,14,6,4.6100001335144,0
2023091006,2274,Kenny Pickett,Passer,25.02224610221872,150.0,3.3,4.87,1,10,47,6,3.39000010490417,1
2023091006,2299,Kenny Pickett,Passer,25.10655691248802,36.420000000000016,5.21,3.76,2,1,38,5,3.1800000667572,1
2023091006,2324,Kenny Pickett,Passer,16.84729651902643,124.21,5.59,4.28,1,10,23,5,2.6800000667572,1
2023091006,2380,Kenny Pickett,Passer,12.820362709377608,63.14999999999998,5.53,0.7,3,3,16,5,1.61000001430511,0
2023091006,2415,Kenny Pickett,Passer,14.157729337715141,90.22999999999999,7.07,1.58,4,3,16,6,2.33999991416931,1
2023091006,2470,Kenny Pickett,Passer,21.352030348423543,113.67999999999998,4.26,4.4,2,10,11,6,2.17000007629395,1
2023091006,2529,Kenny Pickett,Passer,12.797226261967866,70.80999999999997,4.43,3.99,1,3,3,7,2.24000000953674,1
2023091006,2657,Brock Purdy,Passer,17.567526860659704,99.88,8.03,3.12,1,10,25,6,1.04999995231628,1
2023091006,2736,Kenny Pickett,Passer,15.40031493184474,157.96999999999997,1.42,4.97,1,10,25,7,2.1800000667572,1
2023091006,2861,Brock Purdy,Passer,25.57133160396619,43.56999999999999,6.84,5.4,1,10,17,6,3.1800000667572,1
2023091006,2930,Brock Purdy,Passer,21.97027309798401,129.79000000000002,8.37,2.82,3,8,35,4,4.25,1
2023091006,3137,Kenny Pickett,Passer,10.472101030834262,182.5,6.27,1.82,3,4,12,6,3.39000010490417,0
2023091006,3234,Kenny Pickett,Passer,10.239462876538015,63.629999999999995,6.16,3.94,1,10,39,6,3.45000004768372,1
2023091006,3295,Kenny Pickett,Passer,14.824226792652617,0.28000000000000114,6.43,4.02,1,10,24,5,2.57999992370605,1
2023091006,3422,Kenny Pickett,Passer,9.818884865400962,75.85000000000001,6.76,2.24,2,10,14,6,2.36999988555908,1
2023091006,3447,Kenny Pickett,Passer,14.383285438313457,167.4,4.45,2.09,3,4,8,6,2.72000002861023,1
2023091006,3472,Kenny Pickett,Passer,18.32749300913794,33.56999999999999,4.89,3.89,4,4,8,6,3.21000003814697,0
2023091006,3596,Brock Purdy,Passer,22.43070217358342,55.94,6.71,3.58,3,4,25,6,3.0,1
2023091006,3680,Brock Purdy,Passer,18.90945266262353,1.3799999999999955,5.18,5.96,3,2,45,6,2.77999997138977,0
2023091006,3722,Kenny Pickett,Passer,23.56743515955862,111.55000000000001,3.76,3.92,1,10,4,6,1.13999998569489,1
2023091006,3754,Kenny Pickett,Passer,24.19547478352099,198.85,4.07,4.77,2,1,13,6,3.55999994277954,1
2023091006,3779,Kenny Pickett,Passer,25.744205173203543,230.58000000000004,3.1,5.66,1,10,25,6,3.21000003814697,1
2023091006,3804,Kenny Pickett,Passer,11.07560382101129,128.97000000000003,4.93,2.81,1,10,38,6,3.32999992370605,1
2023091006,3829,Kenny Pickett,Passer,23.807297200648367,123.66999999999999,7.31,3.87,2,12,36,6,3.26999998092651,1
2023091006,3881,Kenny Pickett,Passer,21.00034761617054,90.67999999999998,6.91,3.59,1,10,48,6,2.99000000953674,0
2023091006,4079,Brock Purdy,Passer,18.50399146130369,92.20000000000002,5.77,4.76,3,8,22,6,2.00999999046326,0
2023091006,4163,Kenny Pickett,Passer,16.122381958011047,93.0,7.42,1.38,1,10,25,6,2.64000010490417,0
2023091006,4186,Kenny Pickett,Passer,19.736324379174558,203.26999999999998,2.06,2.84,2,10,25,6,2.82999992370605,1
2023091006,4211,Kenny Pickett,Passer,13.417153200288062,296.86,6.51,2.24,3,2,33,6,3.64000010490417,1
2023091006,4315,Kenny Pickett,Passer,10.431816716181318,303.53,5.68,3.35,2,17,33,4,3.71000003814697,1
2023091006,4340,Kenny Pickett,Passer,24.591677453968035,242.18,2.15,4.5,3,11,39,5,3.52999997138977,1
2023091006,4395,Kenny Pickett,Passer,14.142135623730951,267.98,4.93,3.51,2,20,40,4,4.34000015258789,1
2023091006,4420,Kenny Pickett,Passer,18.45988624016952,192.58999999999997,1.12,2.82,3,10,30,5,2.11999988555908,1
2023091007,77,Sam Howell,Passer,13.182594585285553,127.69,1.46,4.25,2,7,28,6,1.36000001430511,1
2023091007,147,Sam Howell,Passer,24.941581746152348,211.82,2.85,5.52,2,10,36,6,7.86999988555908,1
2023091007,197,Sam Howell,Passer,15.377333969189849,206.85999999999999,3.34,4.18,2,9,49,6,2.86999988555908,0
2023091007,220,Sam Howell,Passer,10.6364749799922,98.93,3.83,3.25,3,9,49,6,6.84000015258789,1
2023091007,332,Joshua Dobbs,Passer,13.633898928773093,248.26,4.33,5.0,3,5,22,6,2.90000009536743,1
2023091007,357,Joshua Dobbs,Passer,10.23684033283708,132.16,7.41,0.6,1,10,28,7,8.60999965667725,0
2023091007,580,Sam Howell,Passer,12.680981823187038,77.75000000000003,6.85,1.59,3,1,33,6,2.10999989509583,1
2023091007,699,Sam Howell,Passer,8.954222467640612,226.92000000000002,5.11,1.09,2,4,7,6,3.17000007629395,1
2023091007,935,Joshua Dobbs,Passer,16.95599598961972,121.23000000000002,5.01,5.53,3,9,11,6,2.55999994277954,0
2023091007,1167,Joshua Dobbs,Passer,10.31104747346262,181.25,4.06,1.61,1,10,37,6,2.53999996185303,1
2023091007,1214,Joshua Dobbs,Passer,21.477627895091203,150.11,6.58,4.43,3,9,36,7,1.78999996185303,0
2023091007,1371,Sam Howell,Passer,17.380494814590286,151.03,7.82,1.25,3,2,44,6,3.11999988555908,1
2023091007,1399,Sam Howell,Passer,13.829316685939334,83.24000000000001,6.74,1.33,1,10,37,6,1.13999998569489,1
2023091007,1424,Sam Howell,Passer,22.966344942110403,263.77,7.79,3.11,2,9,36,6,5.01000022888184,1
2023091007,1620,Sam Howell,Passer,24.299870370024614,209.47,2.59,6.44,1,10,49,6,1.87999999523163,1
2023091007,1764,Joshua Dobbs,Passer,14.000732123714103,169.98000000000002,3.16,2.29,2,6,16,8,4.71000003814697,1
2023091007,1794,Joshua Dobbs,Passer,24.609236071036413,273.77,8.41,0.71,1,10,26,7,10.6899995803833,1
2023091007,1848,Joshua Dobbs,Passer,11.88934396844502,271.21000000000004,5.95,4.08,2,13,36,6,0.75,1
2023091007,1988,Sam Howell,Passer,18.340111777194817,102.82,5.8,4.99,1,10,12,5,2.61999988555908,1
2023091007,2013,Sam Howell,Passer,20.08210397343865,183.98000000000002,2.92,5.93,1,10,26,5,3.05999994277954,0
2023091007,2036,Sam Howell,Passer,12.38338402860865,243.54,5.72,1.5,2,10,26,4,2.60999989509583,0
2023091007,2135,Sam Howell,Passer,22.079352345573916,102.98000000000002,5.18,5.52,1,10,19,6,3.72000002861023,1
2023091007,2160,Sam Howell,Passer,27.757899776460036,274.35,6.89,4.33,1,10,37,6,3.80999994277954,0
2023091007,2183,Sam Howell,Passer,20.10958229302638,69.41,6.03,5.28,2,10,37,5,4.84000015258789,1
2023091007,2208,Sam Howell,Passer,20.2877746438588,245.81,4.39,5.27,1,10,44,4,3.77999997138977,0
2023091007,2238,Sam Howell,Passer,23.720590211881326,40.25999999999999,7.2,3.17,2,10,44,3,4.1100001335144,1
2023091007,2359,Joshua Dobbs,Passer,28.83034685882221,108.76999999999998,3.31,7.24,1,10,25,7,3.27999997138977,1
2023091007,2421,Joshua Dobbs,Passer,26.810363667805778,9.690000000000055,4.75,4.88,2,4,42,7,6.73000001907349,1
2023091007,2447,Joshua Dobbs,Passer,12.057968319746074,205.89999999999998,0.97,5.7,1,10,43,6,2.63000011444092,1
2023091007,2472,Joshua Dobbs,Passer,16.793858996668988,97.32000000000002,5.53,1.41,2,5,38,6,2.90000009536743,0
2023091007,2495,Joshua Dobbs,Passer,20.46697339618147,127.95999999999998,6.25,4.03,3,5,38,6,1.58000004291534,1
2023091007,2672,Sam Howell,Passer,13.510014803840894,139.77999999999997,2.71,2.1,1,10,25,5,2.6800000667572,1
2023091007,2719,Sam Howell,Passer,14.151286160628647,197.03,0.43,3.58,1,10,36,5,1.80999994277954,1
2023091007,3145,Sam Howell,Passer,20.06491963602147,217.93,2.04,5.76,3,20,15,2,5.90000009536743,1
2023091007,3542,Joshua Dobbs,Passer,10.65187776873167,120.49999999999999,4.27,0.62,2,11,24,6,1.70000004768372,1
2023091007,3890,Joshua Dobbs,Passer,26.286684842330345,184.82000000000002,1.41,5.77,3,7,37,7,3.66000008583069,1
2023091007,4101,Joshua Dobbs,Passer,20.974243728916665,114.61,3.27,4.75,1,10,25,6,2.35999989509583,1
2023091007,4182,Joshua Dobbs,Passer,11.99001668055554,242.54,6.62,1.16,1,10,37,6,2.92000007629395,1
2023091007,4234,Joshua Dobbs,Passer,17.417031894097224,101.61000000000001,5.88,3.49,3,16,31,6,5.53000020980835,1
2023091007,4271,Joshua Dobbs,Passer,25.660680037754258,57.08,6.64,2.25,4,10,37,6,4.63000011444092,0
2023091008,125,Justin Fields,Passer,21.086583412207865,82.33999999999997,3.02,2.57,1,10,31,6,2.07999992370605,1
2023091008,273,Jordan Love,Passer,21.448554729864668,109.81,4.11,4.42,3,13,43,5,1.67999994754791,1
2023091008,396,Jordan Love,Passer,20.58102281228997,255.7,8.71,1.4,2,2,12,8,5.67999982833862,0
2023091008,496,Jordan Love,Passer,24.668656226069555,106.89,4.01,4.78,3,8,8,6,4.40000009536743,1
2023091008,572,Justin Fields,Passer,23.156273448031307,295.71,8.4,0.9,1,10,34,6,0.28999999165535,1
2023091008,619,Justin Fields,Passer,15.290614768543476,155.83999999999997,6.62,2.67,2,12,45,6,3.21000003814697,1
2023091008,735,Justin Fields,Passer,18.86203064359721,48.920000000000016,5.41,1.96,2,12,33,6,3.49000000953674,1
2023091008,840,Jordan Love,Passer,15.158974239703689,15.14,6.54,3.27,1,10,25,7,1.3400000333786,0
2023091008,888,Jordan Love,Passer,12.228593541368523,197.91999999999996,3.67,2.81,3,15,20,5,2.38000011444092,1
2023091008,1105,Justin Fields,Passer,17.861629264991482,253.41999999999996,6.69,2.98,1,10,33,6,2.04999995231628,1
2023091008,1130,Justin Fields,Passer,16.479690531074908,85.95,6.06,4.66,1,10,22,6,1.71000003814697,1
2023091008,1155,Justin Fields,Passer,11.00627093978701,47.56,5.44,1.73,1,8,8,8,8.31999969482422,1
2023091008,1200,Justin Fields,Passer,23.71828197825465,67.35,4.69,3.91,3,11,11,5,2.60999989509583,0
2023091008,1292,Jordan Love,Passer,9.650932597422903,30.79000000000002,3.25,4.45,1,10,24,6,1.55999994277954,1
2023091008,1356,Jordan Love,Passer,24.778478565077396,17.20999999999998,5.44,5.97,3,2,32,6,4.19000005722046,0
2023091008,1473,Justin Fields,Passer,19.579113871674583,98.30999999999997,0.72,5.97,2,20,10,5,4.01000022888184,0
2023091008,1551,Jordan Love,Passer,14.412026228119347,83.21000000000001,7.43,2.1,1,10,31,6,2.78999996185303,0
2023091008,1576,Jordan Love,Passer,12.029106367473844,180.73000000000002,3.93,4.91,2,10,31,6,3.66000008583069,1
2023091008,1601,Jordan Love,Passer,20.75333226255485,245.77999999999997,6.04,4.72,3,6,35,4,4.48999977111816,1
2023091008,1626,Jordan Love,Passer,31.13630838747586,35.29999999999998,8.56,4.88,1,10,49,7,3.45000004768372,0
2023091008,1818,Justin Fields,Passer,15.757934509319423,241.91000000000003,6.54,2.08,1,10,19,6,4.32000017166138,1
2023091008,1952,Jordan Love,Passer,22.720266283650812,66.82999999999998,8.18,3.26,2,10,44,6,4.23000001907349,0
2023091008,1981,Jordan Love,Passer,19.279030058589573,111.82999999999998,8.45,2.85,3,10,44,6,3.75,1
2023091008,2007,Jordan Love,Passer,21.532117870752984,104.53,5.52,5.0,1,10,26,5,2.04999995231628,0
2023091008,2390,Justin Fields,Passer,13.379958893808302,98.38000000000001,4.82,1.81,3,18,17,4,4.15999984741211,1
2023091008,2475,Jordan Love,Passer,17.651665643785574,95.0,4.69,6.24,2,12,44,6,3.28999996185303,0
2023091008,2520,Jordan Love,Passer,10.816177698244422,81.29000000000002,5.44,5.1,4,3,35,6,3.67000007629395,1
2023091008,2697,Jordan Love,Passer,8.08681024879402,144.46,5.92,2.15,1,10,43,7,6.82000017166138,1
2023091008,2865,Justin Fields,Passer,8.32601945709953,145.14,5.12,0.92,1,16,29,6,3.3199999332428,1
2023091008,2921,Justin Fields,Passer,19.64277220760858,62.71000000000001,5.69,3.36,2,6,39,6,1.98000001907349,1
2023091008,3010,Justin Fields,Passer,23.753555523331663,77.29999999999998,8.1,0.91,2,9,20,6,3.64000010490417,1
2023091008,3178,Jordan Love,Passer,24.577105199758574,83.5,7.7,6.33,3,8,41,5,5.13000011444092,1
2023091008,3254,Jordan Love,Passer,15.251967086248255,44.08,4.43,1.91,1,4,4,8,3.36999988555908,1
2023091008,3354,Justin Fields,Passer,14.1269565016673,178.51000000000002,8.69,0.48,2,11,24,5,4.36999988555908,0
2023091008,3377,Justin Fields,Passer,25.303161857759996,158.97,5.86,4.12,3,11,24,6,5.42000007629395,0
2023091008,3495,Justin Fields,Passer,11.974389337248061,171.76000000000005,4.23,2.78,2,1,39,6,3.57999992370605,1
2023091008,3745,Jordan Love,Passer,34.44623782069676,179.3,7.23,2.47,2,16,18,6,1.77999997138977,0
2023091008,3826,Justin Fields,Passer,16.257198405629424,296.1,6.22,2.87,1,10,31,6,1.69000005722046,1
2023091008,3851,Justin Fields,Passer,12.029368229462433,281.53999999999996,6.7,1.33,1,10,46,5,1.23000001907349,0
2023091008,3923,Justin Fields,Passer,13.056324138133213,154.35,3.57,1.09,1,10,37,6,4.6100001335144,1
2023091008,4021,Justin Fields,Passer,17.247289642143777,226.85,4.91,0.38,3,10,23,6,3.82999992370605,1
2023091008,4051,Justin Fields,Passer,10.033593573590668,240.04999999999998,6.05,1.9,4,5,18,6,4.76999998092651,1
2023091008,4083,Justin Fields,Passer,10.663732929889044,282.71,6.36,0.67,1,10,12,6,1.83000004291534,1
2023091008,4452,Justin Fields,Passer,13.152600503322526,138.64,6.88,0.21,2,10,25,6,4.61999988555908,1
2023091008,4491,Justin Fields,Passer,15.09257102020726,213.95000000000002,3.89,1.48,1,10,38,6,4.32000017166138,0
2023091008,4514,Justin Fields,Passer,13.486585928247369,173.07999999999998,3.13,1.53,2,10,38,6,4.21999979019165,1
2023091008,4539,Justin Fields,Passer,12.698700720939923,270.22,6.61,1.79,3,5,43,4,4.51999998092651,1
2023091009,103,Jimmy Garoppolo,Passer,9.603426471838059,42.019999999999996,4.17,3.34,2,9,43,7,1.08000004291534,1
2023091009,306,Jimmy Garoppolo,Passer,14.444002215452612,8.39,5.5,3.3,3,3,3,6,1.88999998569489,1
2023091009,417,Russell Wilson,Passer,15.567690901350783,50.78,7.0,1.53,1,10,14,6,2.46000003814697,1
2023091009,442,Russell Wilson,Passer,23.162387614406246,68.6,7.81,4.33,2,4,20,6,5.23000001907349,1
2023091009,511,Russell Wilson,Passer,9.695963077487455,211.76,4.95,1.84,1,10,48,7,8.14999961853027,0
2023091009,570,Russell Wilson,Passer,22.039528125620112,7.199999999999989,7.18,3.26,2,15,47,6,2.49000000953674,1
2023091009,681,Russell Wilson,Passer,23.145187404728443,206.48000000000002,6.51,4.16,3,10,38,6,3.49000000953674,1
2023091009,750,Russell Wilson,Passer,16.777738226590614,104.78,6.01,0.86,3,3,18,6,3.25,1
2023091009,797,Russell Wilson,Passer,21.493003512771317,71.84,8.31,0.66,2,5,5,7,3.46000003814697,1
2023091009,861,Jimmy Garoppolo,Passer,9.391826233486219,295.61,5.31,2.46,1,10,25,7,3.51999998092651,1
2023091009,953,Jimmy Garoppolo,Passer,23.909456288255488,275.06,7.06,4.2,1,10,39,7,6.78000020980835,1
2023091009,987,Jimmy Garoppolo,Passer,18.06273511957699,249.68,6.88,2.31,1,10,40,6,2.77999997138977,1
2023091009,1017,Jimmy Garoppolo,Passer,12.463225906642306,56.099999999999966,5.72,2.29,1,10,27,7,5.78999996185303,1
2023091009,1097,Jimmy Garoppolo,Passer,20.51837469196817,131.39000000000001,6.02,2.28,3,5,5,4,3.21000003814697,0
2023091009,1212,Russell Wilson,Passer,15.086981142693856,274.01,7.2,1.69,2,7,39,6,0.670000016689301,1
2023091009,1507,Jimmy Garoppolo,Passer,17.92033760842691,140.50000000000003,1.87,5.71,2,6,9,7,3.1800000667572,1
2023091009,1561,Jimmy Garoppolo,Passer,13.15878793810433,11.730000000000018,3.96,2.26,1,10,17,7,2.35999989509583,0
2023091009,1621,Jimmy Garoppolo,Passer,17.47915901867135,80.25,6.12,2.9,3,6,21,6,1.54999995231628,1
2023091009,1680,Russell Wilson,Passer,19.156087805186115,67.06000000000003,6.79,4.57,1,10,25,5,2.14000010490417,1
2023091009,1710,Russell Wilson,Passer,11.33721747167266,170.18,4.87,2.69,2,1,34,5,1.52999997138977,1
2023091009,1735,Russell Wilson,Passer,7.576443756803055,169.37,4.49,2.68,1,10,43,6,2.69000005722046,1
2023091009,1772,Russell Wilson,Passer,12.322110208888736,144.52,5.42,1.27,2,4,49,6,3.94000005722046,1
2023091009,1802,Russell Wilson,Passer,14.295121545478372,123.92999999999999,6.48,1.72,1,10,41,6,3.63000011444092,1
2023091009,1827,Russell Wilson,Passer,13.640703794159597,160.42999999999998,4.64,4.95,2,9,40,5,1.91999995708466,1
2023091009,1886,Russell Wilson,Passer,16.3215226005419,5.740000000000009,6.17,4.38,1,10,20,6,1.97000002861023,1
2023091009,1946,Russell Wilson,Passer,21.285734659625916,240.84999999999997,3.58,2.9,2,5,5,6,4.11999988555908,1
2023091009,2430,Jimmy Garoppolo,Passer,29.588227388608463,60.59,7.53,0.5,1,10,44,7,3.39000010490417,0
2023091009,2499,Jimmy Garoppolo,Passer,20.18514552833345,131.71,5.9,5.7,3,12,46,6,3.01999998092651,1
2023091009,2546,Jimmy Garoppolo,Passer,23.214013009387244,156.24,3.46,3.22,2,9,33,5,2.75999999046326,1
2023091009,2609,Jimmy Garoppolo,Passer,17.857001428011362,290.22999999999996,8.48,1.84,1,20,31,7,8.27999973297119,1
2023091009,2634,Jimmy Garoppolo,Passer,13.875896367442355,55.36,6.11,1.22,2,14,25,6,3.17000007629395,1
2023091009,2826,Jimmy Garoppolo,Passer,19.023953322062162,162.61999999999998,6.06,0.91,2,6,6,6,4.44000005722046,0
2023091009,2849,Jimmy Garoppolo,Passer,23.061684673934806,124.66,2.44,4.53,3,6,6,6,3.51999998092651,0
2023091009,2907,Russell Wilson,Passer,11.30104419954192,106.06,5.14,3.77,2,6,24,6,2.91000008583069,1
2023091009,2932,Russell Wilson,Passer,6.555066742604538,71.77000000000001,6.89,2.17,3,3,27,6,4.65000009536743,1
2023091009,3009,Russell Wilson,Passer,11.365073690918154,105.68999999999998,4.79,2.04,2,7,50,7,3.52999997138977,1
2023091009,3108,Russell Wilson,Passer,18.396488795419632,172.35,4.34,2.86,2,5,37,6,4.25,1
2023091009,3140,Russell Wilson,Passer,14.091220671041947,145.04999999999998,5.34,1.29,1,10,32,6,3.00999999046326,1
2023091009,3195,Russell Wilson,Passer,18.14283605173128,145.76000000000002,3.45,3.13,3,1,23,7,5.69999980926514,1
2023091009,3242,Russell Wilson,Passer,8.920201791439473,226.66000000000003,7.7,0.91,1,8,8,7,4.40000009536743,1
2023091009,3361,Jimmy Garoppolo,Passer,12.398116792481025,26.659999999999997,4.94,1.98,1,10,25,7,6.6399998664856,0
2023091009,3386,Jimmy Garoppolo,Passer,27.509222090055548,34.589999999999996,3.7,4.66,2,10,25,7,8.31999969482422,1
2023091009,3418,Jimmy Garoppolo,Passer,19.0339722601458,75.82999999999998,6.76,6.05,1,10,43,6,3.26999998092651,1
2023091009,3454,Jimmy Garoppolo,Passer,17.742153195145168,129.93999999999997,7.31,0.93,1,10,26,7,3.09999990463257,1
2023091009,3501,Jimmy Garoppolo,Passer,16.001249951175694,143.35999999999999,5.96,1.57,2,6,6,6,2.25999999046326,1
2023091009,3587,Russell Wilson,Passer,23.356660720231393,181.04,2.23,7.19,2,11,24,5,3.94000005722046,0
2023091009,3610,Russell Wilson,Passer,10.057007507206109,222.40000000000003,6.41,0.64,3,11,24,5,4.55999994277954,1
2023091010,121,Tua Tagovailoa,Passer,11.836709846912697,139.65,4.95,4.28,1,10,46,4,1.75,1
2023091010,261,Justin Herbert,Passer,23.33951584759204,40.79999999999998,6.53,0.51,2,4,12,6,3.27999997138977,0
2023091010,328,Justin Herbert,Passer,21.348957819996738,8.090000000000003,6.69,3.53,2,6,21,5,4.84000015258789,1
2023091010,607,Tua Tagovailoa,Passer,25.191675212260098,3.6400000000000006,9.55,2.91,1,10,25,7,3.99000000953674,0
2023091010,630,Tua Tagovailoa,Passer,15.587305732550446,47.92,5.4,3.96,2,10,25,6,1.69000005722046,1
2023091010,706,Tua Tagovailoa,Passer,22.83846973857925,51.0,7.12,4.66,2,3,34,6,2.29999995231628,0
2023091010,997,Justin Herbert,Passer,16.782878179859377,114.6,7.41,1.6,3,7,28,6,4.71999979019165,0
2023091010,1040,Tua Tagovailoa,Passer,27.292343248610948,2.269999999999982,8.72,3.96,1,10,23,8,4.3600001335144,1
2023091010,1072,Tua Tagovailoa,Passer,23.01010647519911,10.399999999999977,8.99,3.8,1,10,48,7,6.84999990463257,1
2023091010,1119,Tua Tagovailoa,Passer,14.02176878999222,76.55000000000001,6.68,0.98,2,10,20,7,2.66000008583069,1
2023091010,1249,Tua Tagovailoa,Passer,12.843465264483726,8.639999999999986,5.71,3.52,3,5,5,7,1.42999994754791,0
2023091010,1337,Justin Herbert,Passer,9.79225203924,149.85,2.75,1.73,2,6,29,7,4.65000009536743,1
2023091010,1513,Tua Tagovailoa,Passer,23.756889527040364,83.51000000000002,8.46,2.61,1,10,25,6,1.5900000333786,0
2023091010,1558,Tua Tagovailoa,Passer,17.32683467919055,68.21000000000001,6.86,3.31,3,2,33,6,2.17000007629395,0
2023091010,1607,Justin Herbert,Passer,13.190458672843793,60.980000000000004,4.41,4.01,1,10,32,6,1.54999995231628,1
2023091010,1714,Tua Tagovailoa,Passer,7.943683024894693,78.80000000000001,6.82,0.26,1,10,20,7,3.84999990463257,1
2023091010,1761,Tua Tagovailoa,Passer,26.805465860529264,135.09,3.24,4.53,2,9,39,6,2.36999988555908,1
2023091010,1810,Tua Tagovailoa,Passer,22.546671594716592,50.22,4.53,3.63,1,15,50,6,3.0699999332428,1
2023091010,1835,Tua Tagovailoa,Passer,15.988736660537004,246.42000000000002,7.29,1.68,2,7,42,6,1.50999999046326,0
2023091010,1858,Tua Tagovailoa,Passer,20.168698520231793,32.94,6.41,2.28,3,7,42,6,3.60999989509583,0
2023091010,1888,Tua Tagovailoa,Passer,15.765256103216338,83.61999999999999,5.7,3.49,4,7,42,5,4.6399998664856,1
2023091010,2002,Tua Tagovailoa,Passer,12.044438550634062,205.60000000000002,8.71,1.39,2,6,9,6,3.1800000667572,1
2023091010,2027,Tua Tagovailoa,Passer,16.417508946243945,81.02000000000001,7.69,4.12,1,1,1,9,7.3600001335144,1
2023091010,2103,Justin Herbert,Passer,14.024100684179363,144.47000000000003,1.93,3.52,1,10,25,5,2.61999988555908,1
2023091010,2176,Justin Herbert,Passer,21.705328838789796,152.70999999999998,6.67,2.39,1,10,38,6,2.6800000667572,1
2023091010,2206,Justin Herbert,Passer,13.88727835106649,131.25,5.81,1.6,1,10,49,6,3.17000007629395,1
2023091010,2236,Justin Herbert,Passer,17.378806057954613,85.24000000000001,5.59,3.46,2,9,50,6,3.22000002861023,1
2023091010,2284,Justin Herbert,Passer,17.8755978920986,31.5,6.17,5.82,2,10,34,6,2.8199999332428,0
2023091010,2372,Tua Tagovailoa,Passer,28.002601664845365,234.86,8.98,5.05,1,10,25,6,4.78000020980835,1
2023091010,2982,Tua Tagovailoa,Passer,13.140186452254017,34.71000000000001,5.83,2.34,2,9,37,5,2.07999992370605,1
2023091010,3029,Tua Tagovailoa,Passer,15.214834866011525,88.97999999999999,6.29,1.18,2,12,26,5,2.5699999332428,0
2023091010,3064,Tua Tagovailoa,Passer,23.10182027460174,12.740000000000009,7.8,3.41,3,12,26,5,4.65000009536743,0
2023091010,3198,Tua Tagovailoa,Passer,23.21250740441454,36.21000000000001,8.59,1.48,1,10,35,6,2.49000000953674,1
2023091010,3274,Justin Herbert,Passer,16.050451707039276,14.950000000000017,4.68,5.21,1,10,25,6,5.59999990463257,0
2023091010,3309,Justin Herbert,Passer,10.620075329299693,100.17999999999998,5.87,2.75,2,10,25,6,3.03999996185303,1
2023091010,3494,Justin Herbert,Passer,12.685034489507707,281.88,6.29,1.3,1,7,7,7,9.26000022888184,1
2023091010,3640,Tua Tagovailoa,Passer,26.203362379664178,292.75,8.64,1.82,3,15,20,5,5.40999984741211,1
2023091010,3676,Tua Tagovailoa,Passer,13.943489520202615,88.89,7.16,3.77,1,10,36,7,0.829999983310699,1
2023091010,3701,Tua Tagovailoa,Passer,20.440706934937452,235.10999999999999,4.27,4.26,1,10,45,6,3.67000007629395,1
2023091010,3803,Tua Tagovailoa,Passer,16.413677223584,89.87,4.56,5.04,2,15,35,6,2.17000007629395,0
2023091010,4076,Justin Herbert,Passer,19.42562482907564,27.0,6.94,1.27,2,12,45,6,3.6800000667572,0
2023091010,4099,Justin Herbert,Passer,25.768267306902878,57.860000000000014,6.2,3.73,3,12,45,6,5.46999979019165,1
2023091010,4207,Justin Herbert,Passer,19.421658013671234,260.69,6.13,3.95,2,9,11,6,3.83999991416931,1
2023091010,4321,Tua Tagovailoa,Passer,13.04101606470907,171.49,6.72,2.1,2,10,25,6,3.89000010490417,0
2023091010,4426,Tua Tagovailoa,Passer,28.984349225055926,29.89,9.87,1.07,3,10,25,5,3.36999988555908,1
2023091010,4473,Tua Tagovailoa,Passer,20.284323996623602,127.23,6.39,4.84,2,6,24,6,3.13000011444092,1
2023091010,4498,Tua Tagovailoa,Passer,15.099516548552135,240.89,7.31,2.06,1,9,9,5,3.03999996185303,0
2023091010,4528,Tua Tagovailoa,Passer,6.327116246758866,3.160000000000011,6.73,0.82,2,9,9,7,3.22000002861023,1
2023091010,4558,Tua Tagovailoa,Passer,12.884940822526119,24.47,4.87,4.42,3,4,4,6,1.48000001907349,1
2023091010,4615,Justin Herbert,Passer,17.22116430442495,328.45000000000005,6.48,2.15,1,10,25,6,5.19999980926514,1
2023091010,4699,Justin Herbert,Passer,24.55524383914767,63.410000000000025,5.61,4.76,3,29,16,3,4.6100001335144,1
2023091011,140,Jalen Hurts,Passer,9.271936151635213,126.51000000000002,2.72,1.95,1,10,48,7,3.25999999046326,1
2023091011,209,Jalen Hurts,Passer,15.27754234162026,263.13,6.34,2.06,1,10,34,6,0.119999997317791,1
2023091011,515,Mac Jones,Passer,17.379804371741365,162.97,6.06,3.04,2,8,26,6,3.25,1
2023091011,614,Mac Jones,Passer,12.691765046674947,51.08000000000001,3.79,4.62,2,5,42,5,1.45000004768372,0
2023091011,637,Mac Jones,Passer,19.2189541859072,241.01999999999998,2.11,5.19,3,5,42,6,2.22000002861023,0
2023091011,952,Mac Jones,Passer,13.921339734379009,181.23,3.41,3.3,2,9,45,6,3.33999991416931,0
2023091011,980,Mac Jones,Passer,13.954515398250125,176.33000000000004,7.2,2.39,3,9,45,5,3.69000005722046,0
2023091011,1034,Jalen Hurts,Passer,10.5268893791091,101.89,6.38,2.77,1,10,16,7,2.6800000667572,1
2023091011,1101,Jalen Hurts,Passer,13.128629022102801,189.71999999999997,6.79,1.63,3,10,16,6,5.07000017166138,1
2023091011,1224,Mac Jones,Passer,15.003153001952631,137.61,2.62,4.21,3,7,44,6,2.54999995231628,0
2023091011,1418,Mac Jones,Passer,12.998984575727443,139.51000000000002,3.5,1.28,2,11,42,6,2.91000008583069,1
2023091011,1443,Mac Jones,Passer,18.034417096208017,60.11,5.02,4.71,3,5,48,6,3.16000008583069,0
2023091011,1661,Mac Jones,Passer,16.465053902128595,176.88,4.32,1.9,3,6,33,6,2.97000002861023,1
2023091011,1686,Mac Jones,Passer,30.918745123306675,83.22,8.47,2.54,1,10,42,6,3.64000010490417,0
2023091011,1734,Mac Jones,Passer,13.863033578549828,100.49,7.47,3.31,3,10,42,6,3.47000002861023,1
2023091011,1759,Mac Jones,Passer,21.21581485590408,26.66000000000001,7.47,3.26,1,10,43,6,3.44000005722046,1
2023091011,1792,Mac Jones,Passer,12.553824118570398,102.78,1.46,4.18,1,10,20,6,3.76999998092651,1
2023091011,1964,Jalen Hurts,Passer,22.057783206841066,173.21,2.49,7.91,2,21,14,6,3.32999992370605,1
2023091011,1989,Jalen Hurts,Passer,13.354448696969857,192.91,7.32,1.01,3,14,21,5,5.1100001335144,0
2023091011,2093,Mac Jones,Passer,13.129908605927156,262.14,6.04,3.66,2,12,35,5,0.430000007152557,1
2023091011,2125,Mac Jones,Passer,20.50619662443525,81.61,4.82,6.13,1,10,48,6,3.90000009536743,1
2023091011,2196,Mac Jones,Passer,27.39227993431726,136.54999999999998,4.01,3.62,1,10,26,6,3.88000011444092,1
2023091011,2221,Mac Jones,Passer,25.888364181616428,64.10000000000001,7.69,4.4,2,3,19,6,4.3600001335144,1
2023091011,2363,Mac Jones,Passer,9.132496920338932,123.63999999999999,4.83,4.91,2,9,26,6,3.60999989509583,1
2023091011,2388,Mac Jones,Passer,24.62821146571549,8.770000000000039,7.95,2.56,3,4,31,5,3.79999995231628,0
2023091011,2449,Jalen Hurts,Passer,21.080524187031024,121.48,6.64,5.11,1,10,29,6,2.74000000953674,1
2023091011,2508,Jalen Hurts,Passer,18.459084484339954,88.11000000000001,5.98,4.56,2,5,49,5,3.49000000953674,1
2023091011,2555,Jalen Hurts,Passer,10.084889687051618,83.91999999999999,6.18,2.93,1,10,42,5,4.26000022888184,1
2023091011,2643,Jalen Hurts,Passer,30.06561158533117,29.38000000000001,8.82,1.85,1,20,41,6,3.05999994277954,0
2023091011,2809,Mac Jones,Passer,19.02871777078004,136.80000000000004,2.14,5.8,1,10,36,7,2.04999995231628,1
2023091011,2857,Mac Jones,Passer,16.658778466622344,217.12,0.81,5.25,3,4,42,6,4.21999979019165,1
2023091011,3006,Mac Jones,Passer,31.014270908728452,25.269999999999982,7.4,3.05,2,17,35,6,5.1399998664856,0
2023091011,3187,Jalen Hurts,Passer,23.442764342116313,93.11999999999998,6.6,6.36,1,10,32,6,2.52999997138977,1
2023091011,3217,Jalen Hurts,Passer,12.0026038841578,161.53000000000003,4.49,3.12,2,1,41,5,0.150000005960464,1
2023091011,3262,Jalen Hurts,Passer,33.59214938047281,0.6399999999999864,8.94,3.5,1,10,46,7,5.01000022888184,0
2023091011,3285,Jalen Hurts,Passer,22.12854491375337,157.14000000000001,3.17,6.25,2,10,46,6,2.8199999332428,1
2023091011,3355,Jalen Hurts,Passer,23.613142526991197,37.28999999999999,6.3,4.87,3,7,30,4,4.59999990463257,0
2023091011,3425,Mac Jones,Passer,13.885953334215122,254.77999999999997,7.62,1.2,1,10,25,7,0.389999985694885,1
2023091011,3455,Mac Jones,Passer,8.157511875565987,195.27000000000004,4.32,1.99,1,10,35,7,3.80999994277954,1
2023091011,3491,Mac Jones,Passer,29.676699614343903,6.1699999999999875,8.91,1.17,1,10,38,5,5.51999998092651,0
2023091011,3541,Mac Jones,Passer,8.622372063417348,66.62,6.4,2.66,3,10,38,6,2.66000008583069,1
2023091011,3683,Jalen Hurts,Passer,38.07411850588271,12.81,7.75,2.31,1,10,17,6,3.80999994277954,0
2023091011,3772,Jalen Hurts,Passer,24.22356290887035,163.42999999999998,6.95,0.69,2,10,17,7,5.3600001335144,1
2023091011,3915,Jalen Hurts,Passer,16.440416661386656,86.27999999999997,5.84,3.53,3,11,41,6,2.91000008583069,1
2023091011,3976,Mac Jones,Passer,24.185888447605144,20.189999999999998,7.85,2.41,1,10,25,5,3.72000002861023,0
2023091011,4046,Mac Jones,Passer,22.220317279462957,25.25,6.36,6.08,2,5,38,6,4.44000005722046,1
2023091011,4071,Mac Jones,Passer,7.564152298836928,126.18999999999998,4.23,1.02,1,10,22,6,5.03000020980835,1
2023091011,4096,Mac Jones,Passer,22.843828488237254,53.58,6.39,3.07,1,10,11,6,3.91000008583069,1
2023091011,4317,Mac Jones,Passer,20.9681711171957,75.93,7.44,2.06,4,17,48,4,4.30000019073486,0
2023091011,4427,Jalen Hurts,Passer,15.781397276540503,290.33000000000004,6.4,3.78,4,2,44,6,1.57000005245209,0
2023091011,4457,Mac Jones,Passer,23.640264380924336,132.92999999999998,2.93,5.72,1,10,44,6,2.89000010490417,1
2023091011,4485,Mac Jones,Passer,20.49269138009939,103.27000000000001,6.82,4.49,2,1,47,5,3.76999998092651,0
2023091011,4557,Mac Jones,Passer,19.53004096257865,115.31,6.98,1.74,2,3,36,6,4.3600001335144,1
2023091011,4666,Mac Jones,Passer,22.61164522983677,63.18,6.22,4.53,4,11,20,6,3.35999989509583,0
2023091012,102,Geno Smith,Passer,20.05203231595242,163.36,5.09,4.34,3,1,34,5,2.72000002861023,1
2023091012,176,Geno Smith,Passer,27.75277463606117,38.97999999999999,6.86,1.41,3,2,47,5,2.58999991416931,1
2023091012,327,Geno Smith,Passer,36.74371783039925,200.07,1.77,3.36,3,16,18,5,3.05999994277954,0
2023091012,439,Matthew Stafford,Passer,12.854326120026679,182.93999999999997,5.96,1.66,3,4,31,5,3.39000010490417,1
2023091012,582,Matthew Stafford,Passer,19.163506985935534,162.88,4.29,4.78,2,10,35,6,2.07999992370605,0
2023091012,605,Matthew Stafford,Passer,18.131764944428326,101.18,5.95,4.2,3,10,35,6,2.6800000667572,1
2023091012,652,Matthew Stafford,Passer,19.345627412932355,203.16,2.23,5.31,2,14,29,6,2.89000010490417,1
2023091012,677,Matthew Stafford,Passer,16.298947818801068,246.43999999999997,4.75,4.48,3,4,19,5,3.0699999332428,1
2023091012,783,Matthew Stafford,Passer,15.798598039066626,160.30999999999997,4.54,2.35,2,17,17,6,0.330000013113022,1
2023091012,925,Geno Smith,Passer,7.4632767602441215,54.839999999999996,2.39,1.95,2,9,26,6,4.44999980926514,1
2023091012,950,Geno Smith,Passer,14.99965666273732,123.58000000000004,3.41,3.58,1,10,36,5,2.10999989509583,1
2023091012,1090,Geno Smith,Passer,7.143178564196753,271.46,5.96,1.25,1,10,32,7,0.660000026226044,1
2023091012,1165,Geno Smith,Passer,11.871217292257779,248.57999999999998,7.83,1.63,2,10,21,6,3.07999992370605,1
2023091012,1392,Matthew Stafford,Passer,15.86818200046874,103.22000000000001,5.2,3.28,3,28,12,3,1.36000001430511,1
2023091012,1455,Geno Smith,Passer,11.984744469532925,234.85999999999999,3.56,3.26,1,10,49,6,1.75999999046326,1
2023091012,1666,Matthew Stafford,Passer,17.095592999366822,94.0,8.17,0.86,1,10,38,8,4.71000003814697,1
2023091012,1713,Matthew Stafford,Passer,19.45935507667199,60.920000000000016,5.61,4.98,2,7,38,5,3.88000011444092,0
2023091012,1831,Geno Smith,Passer,19.52181600159166,221.82999999999998,2.68,4.57,1,10,39,4,2.71000003814697,1
2023091012,1956,Matthew Stafford,Passer,23.233295074095718,235.75,5.93,4.87,1,10,29,5,3.82999992370605,0
2023091012,1979,Matthew Stafford,Passer,16.191741722248413,234.8,5.37,4.73,2,10,29,5,2.10999989509583,0
2023091012,2034,Matthew Stafford,Passer,22.54883589012967,87.8,5.88,5.22,1,10,40,4,4.07999992370605,1
2023091012,2215,Matthew Stafford,Passer,14.637219681346593,115.64000000000001,5.85,2.32,3,4,30,5,3.01999998092651,1
2023091012,2240,Matthew Stafford,Passer,32.88307163268055,77.86,9.6,2.43,1,10,35,6,3.55999994277954,0
2023091012,2263,Matthew Stafford,Passer,11.81320024379508,123.16,6.08,2.26,2,10,35,6,3.35999989509583,1
2023091012,2310,Matthew Stafford,Passer,13.698415966818937,109.81,3.58,2.64,2,16,40,4,3.10999989509583,1
2023091012,2335,Matthew Stafford,Passer,25.002655858928268,4.030000000000001,8.7,3.76,3,8,48,5,5.01999998092651,1
2023091012,2476,Geno Smith,Passer,13.938041469302636,141.09,6.77,1.79,2,5,35,7,3.77999997138977,0
2023091012,2543,Matthew Stafford,Passer,11.930004191114103,175.32999999999998,8.16,2.79,1,10,20,6,6.73999977111816,1
2023091012,2602,Matthew Stafford,Passer,17.42762175398583,133.53,4.64,2.75,2,10,34,6,1.94000005722046,1
2023091012,2656,Matthew Stafford,Passer,19.703527602944607,3.5999999999999943,5.85,1.88,2,8,46,5,2.80999994277954,1
2023091012,2725,Matthew Stafford,Passer,16.057674177788016,40.3,5.57,2.69,3,6,20,4,2.73000001907349,0
2023091012,2791,Geno Smith,Passer,11.591074152122399,114.49000000000001,2.96,1.22,1,10,25,6,2.54999995231628,1
2023091012,2956,Matthew Stafford,Passer,11.05929473339055,287.18,6.12,1.98,1,10,21,8,7.32000017166138,0
2023091012,3068,Matthew Stafford,Passer,19.997249810911494,281.8,6.09,5.56,2,9,33,5,3.1800000667572,1
2023091012,3093,Matthew Stafford,Passer,27.94674399639428,41.73000000000002,7.37,6.04,1,10,48,6,3.84999990463257,1
2023091012,3197,Matthew Stafford,Passer,14.205579889606758,38.289999999999964,6.65,2.81,2,11,13,6,3.92000007629395,0
2023091012,3298,Matthew Stafford,Passer,15.772482366450754,227.22000000000003,6.69,1.71,3,1,1,9,7.15999984741211,0
2023091012,3382,Geno Smith,Passer,15.210420769985294,138.71,1.58,1.71,1,10,25,6,1.79999995231628,1
2023091012,3412,Geno Smith,Passer,15.536231846879735,93.03,6.4,2.09,2,8,27,5,2.29999995231628,0
2023091012,3516,Matthew Stafford,Passer,13.832082272745494,175.81,2.41,4.32,2,14,21,5,2.79999995231628,1
2023091012,3618,Matthew Stafford,Passer,27.91865505356588,285.39000000000004,6.98,5.02,1,10,40,5,8.09000015258789,0
2023091012,3663,Matthew Stafford,Passer,23.444180514575468,11.5,7.83,2.16,3,5,35,4,3.33999991416931,0
2023091012,3729,Geno Smith,Passer,12.554879529489725,242.48000000000002,3.78,3.49,1,10,35,6,1.72000002861023,1
2023091013,422,Daniel Jones,Passer,17.597931696651166,218.82,1.32,3.68,2,10,25,7,3.54999995231628,0
2023091013,485,Dak Prescott,Passer,10.994475885643666,100.13,3.48,5.27,1,10,26,7,1.21000003814697,1
2023091013,539,Dak Prescott,Passer,18.155781448343113,6.540000000000006,7.26,2.94,3,4,32,6,4.3899998664856,1
2023091013,616,Dak Prescott,Passer,17.110420801371315,63.339999999999996,6.89,3.51,1,6,6,7,1.16999995708466,0
2023091013,639,Dak Prescott,Passer,8.69266357338186,9.039999999999992,8.5,2.4,2,6,6,7,7.03000020980835,1
2023091013,801,Daniel Jones,Passer,11.82225443813488,47.43000000000001,5.59,2.71,3,19,16,4,3.86999988555908,0
2023091013,1015,Dak Prescott,Passer,14.155627856086078,73.00999999999999,6.02,3.34,2,12,18,6,0.740000009536743,0
2023091013,1117,Dak Prescott,Passer,12.119422428482311,269.99,6.12,1.38,3,8,43,6,3.64000010490417,1
2023091013,1142,Dak Prescott,Passer,13.42852560782456,218.67000000000002,5.9,3.43,4,3,38,4,2.75999999046326,1
2023091013,1233,Dak Prescott,Passer,16.666547332906124,332.21000000000004,3.26,5.54,3,8,20,6,3.47000002861023,0
2023091013,1635,Daniel Jones,Passer,13.877989767974322,288.21999999999997,7.13,2.24,3,1,39,7,2.3199999332428,1
2023091013,1687,Daniel Jones,Passer,19.247467365864015,57.58,5.59,4.47,2,12,45,6,3.08999991416931,0
2023091013,1737,Daniel Jones,Passer,16.3240099240352,237.45000000000002,8.27,0.75,4,5,48,7,2.52999997138977,1
2023091013,1813,Daniel Jones,Passer,10.782300311158098,81.70000000000002,6.59,3.4,3,5,21,7,4.67000007629395,1
2023091013,1870,Daniel Jones,Passer,18.79642519204117,73.94,6.9,1.17,2,15,19,7,5.21999979019165,0
2023091013,1943,Dak Prescott,Passer,23.522312811456274,3.3100000000000023,6.84,2.47,1,10,26,6,2.46000003814697,0
2023091013,2144,Dak Prescott,Passer,17.57964732296982,63.93000000000001,5.47,4.64,1,10,25,6,0.579999983310699,1
2023091013,2213,Dak Prescott,Passer,13.52715786852508,81.80000000000001,5.51,2.63,3,2,43,7,1.03999996185303,1
2023091013,2292,Dak Prescott,Passer,19.796186501445167,260.0,6.54,2.0,2,6,19,6,2.14000010490417,0
2023091013,2515,Daniel Jones,Passer,12.03804386102659,29.120000000000005,5.24,4.28,4,3,32,5,1.87000000476837,1
2023091013,2572,Daniel Jones,Passer,15.499625801934702,70.99000000000001,4.51,2.78,2,14,33,6,4.03000020980835,1
2023091013,2738,Dak Prescott,Passer,8.066325061637421,68.51999999999998,7.15,3.23,2,5,49,7,6.30000019073486,1
2023091013,2802,Dak Prescott,Passer,23.524115286233403,142.60000000000002,6.32,5.5,3,10,44,5,3.8199999332428,0
2023091013,2897,Daniel Jones,Passer,15.070491033805107,231.19000000000003,6.09,3.62,2,9,39,6,2.00999999046326,0
2023091013,3001,Daniel Jones,Passer,19.32495019398498,134.88,7.97,4.15,2,8,50,7,4.69999980926514,0
2023091013,3024,Daniel Jones,Passer,17.134260999529573,66.08999999999997,4.08,4.75,3,8,50,6,3.5699999332428,0
2023091013,3047,Daniel Jones,Passer,26.96664606509308,222.08,1.84,5.37,4,8,50,6,4.23000001907349,0
2023091013,3101,Dak Prescott,Passer,27.34143375904051,26.49000000000001,2.93,6.41,1,10,50,8,8.02999973297119,1
2023091013,3210,Dak Prescott,Passer,9.78542794158743,122.63999999999999,5.11,1.74,3,7,16,6,1.9099999666214,1
2023091013,3357,Daniel Jones,Passer,18.95006596294588,65.17,6.26,3.84,1,10,25,5,1.36000001430511,1
2023091013,3538,Daniel Jones,Passer,12.911398065275504,179.95000000000002,4.23,0.67,2,9,20,5,3.25999999046326,1
2023091013,3686,Daniel Jones,Passer,18.2607475202961,147.45999999999998,4.65,3.5,2,5,31,7,1.94000005722046,1
2023091013,3711,Daniel Jones,Passer,9.066294722762986,127.62,3.72,2.6,3,3,33,6,5.30999994277954,1
2023091013,3870,Daniel Jones,Passer,29.036764626934588,86.95,5.95,4.26,4,14,38,4,4.19000005722046,0
2023091013,3974,Cooper Rush,Passer,13.135394931253497,234.32999999999998,0.75,5.37,4,4,32,7,1.62000000476837,0
2023091100,58,Josh Allen,Passer,13.64617162430548,114.97,5.7,2.27,1,10,25,6,1.52999997138977,1
2023091100,152,Josh Allen,Passer,12.542695085188033,76.39999999999999,4.54,4.94,3,5,42,6,1.41999995708466,0
2023091100,299,Zach Wilson,Passer,15.81804665563988,213.93,2.37,4.86,2,20,33,6,2.15000009536743,1
2023091100,482,Josh Allen,Passer,16.157530751943504,85.51000000000002,4.03,3.15,1,10,38,7,4.15999984741211,1
2023091100,534,Josh Allen,Passer,14.289779564429956,223.65,5.71,1.46,1,10,49,6,2.51999998092651,1
2023091100,629,Josh Allen,Passer,29.688976068567946,149.46,0.17,0.57,3,15,35,4,3.27999997138977,1
2023091100,779,Zach Wilson,Passer,12.980138674143669,112.88000000000002,5.53,3.06,2,15,17,6,2.77999997138977,1
2023091100,804,Zach Wilson,Passer,27.61299150762191,39.92999999999998,6.77,2.53,3,11,21,6,4.57000017166138,1
2023091100,962,Josh Allen,Passer,12.104775916967652,228.48,4.19,2.95,2,12,27,6,3.47000002861023,1
2023091100,993,Josh Allen,Passer,42.89808620439844,59.670000000000016,8.89,1.41,3,8,31,5,4.48999977111816,0
2023091100,1186,Josh Allen,Passer,25.276797661096232,116.25,3.28,4.42,2,15,20,6,2.02999997138977,1
2023091100,1216,Josh Allen,Passer,12.32529918500966,74.93,4.81,2.02,1,10,38,6,3.69000005722046,0
2023091100,1239,Josh Allen,Passer,11.603490854049056,198.16,2.88,3.94,2,10,38,4,2.08999991416931,1
2023091100,1499,Zach Wilson,Passer,9.388982905512183,154.49,4.14,1.08,1,10,26,6,7.34999990463257,1
2023091100,1589,Josh Allen,Passer,23.830914795701826,218.59,1.62,0.24,1,10,50,6,3.0,1
2023091100,1664,Josh Allen,Passer,13.35539216945725,228.52,5.17,1.35,1,10,31,6,1.25999999046326,1
2023091100,1775,Josh Allen,Passer,18.653819984121217,106.45999999999998,8.79,3.36,2,13,23,6,2.77999997138977,0
2023091100,1973,Zach Wilson,Passer,20.145652136379205,98.4,7.12,2.62,3,10,25,6,3.73000001907349,1
2023091100,2281,Josh Allen,Passer,25.316518323023804,130.35999999999996,1.16,2.96,2,11,24,6,2.78999996185303,1
2023091100,2358,Josh Allen,Passer,8.374162644706633,278.65999999999997,5.61,2.21,1,10,49,7,4.34999990463257,1
2023091100,2383,Josh Allen,Passer,15.33233511243476,303.78,4.03,4.8,2,7,46,6,1.12999999523163,1
2023091100,2428,Josh Allen,Passer,29.93189770128182,74.99000000000001,8.61,2.76,2,13,41,5,4.13000011444092,0
2023091100,2488,Zach Wilson,Passer,15.671330511478597,167.04,1.54,1.44,1,10,35,7,2.48000001907349,1
2023091100,2513,Zach Wilson,Passer,17.99162582981316,115.56,3.75,4.11,2,12,33,6,1.62000000476837,0
2023091100,2536,Zach Wilson,Passer,10.38247080419685,105.75999999999999,5.38,2.88,3,12,33,5,4.34999990463257,1
2023091100,2655,Josh Allen,Passer,13.680029239734832,31.209999999999997,5.4,4.38,3,6,19,5,1.91999995708466,1
2023091100,2844,Josh Allen,Passer,13.827696843654046,249.51999999999998,6.92,1.26,1,10,15,6,3.6800000667572,1
2023091100,2916,Josh Allen,Passer,9.001694284966579,91.30999999999999,6.09,0.11,2,12,23,5,2.00999999046326,1
2023091100,2941,Josh Allen,Passer,9.073395174905588,90.44,4.5,3.72,3,9,26,6,2.54999995231628,1
2023091100,3015,Josh Allen,Passer,22.784766841027803,37.349999999999994,7.93,3.98,3,2,43,6,2.77999997138977,0
2023091100,3098,Zach Wilson,Passer,12.672667438230992,169.82999999999998,7.09,1.79,3,5,48,6,3.89000010490417,1
2023091100,3167,Zach Wilson,Passer,21.528272109019806,332.85999999999996,7.07,3.06,3,5,23,7,2.71000003814697,1
2023091100,3214,Zach Wilson,Passer,16.29996932512451,48.58000000000001,4.34,2.16,2,3,3,8,2.46000003814697,1
2023091100,3593,Josh Allen,Passer,20.205853112402853,96.19999999999999,5.35,1.85,2,3,32,6,3.30999994277954,1
2023091100,3684,Josh Allen,Passer,26.3621319319967,142.03,5.12,4.93,1,20,43,5,4.21000003814697,1
2023091100,3942,Josh Allen,Passer,17.05673474027195,308.1,7.18,3.07,1,15,20,6,2.49000000953674,0
2023091100,3987,Josh Allen,Passer,25.30923151737326,206.21000000000004,1.2,6.62,3,12,23,5,4.25,0
2023091400,56,Jalen Hurts,Passer,22.631433891824003,130.60000000000002,4.42,3.62,1,10,25,6,2.05999994277954,1
2023091400,151,Jalen Hurts,Passer,29.186697312303075,55.80000000000001,9.32,1.59,2,11,36,6,4.26000022888184,1
2023091400,293,Kirk Cousins,Passer,21.659651428404842,3.4899999999999807,8.44,2.5,1,10,25,7,7.8899998664856,1
2023091400,318,Kirk Cousins,Passer,13.83345582275087,8.219999999999999,0.76,1.21,1,10,40,7,0.189999997615814,1
2023091400,366,Kirk Cousins,Passer,17.703979778569558,3.390000000000015,6.74,1.5,3,9,41,6,3.32999992370605,0
2023091400,685,Jalen Hurts,Passer,32.393076420741515,106.30000000000001,6.74,6.1,3,16,44,6,4.96999979019165,0
2023091400,928,Kirk Cousins,Passer,21.240237757614672,132.97,3.72,5.28,2,12,43,6,1.1599999666214,1
2023091400,1000,Kirk Cousins,Passer,12.605538465293733,262.14,6.03,0.18,2,12,44,6,1.12999999523163,1
2023091400,1025,Kirk Cousins,Passer,17.143255233473013,57.05000000000001,4.74,4.52,3,9,41,5,3.97000002861023,1
2023091400,1213,Jalen Hurts,Passer,11.351695908541595,87.69,6.38,2.23,1,10,35,6,2.60999989509583,1
2023091400,1420,Jalen Hurts,Passer,17.442413823780235,189.17,3.88,4.67,2,10,28,6,3.07999992370605,1
2023091400,1645,Kirk Cousins,Passer,13.262345192310443,187.29,1.74,4.29,2,6,42,6,2.40000009536743,1
2023091400,1677,Kirk Cousins,Passer,22.151905109944835,123.38,3.89,3.1,3,1,47,7,2.34999990463257,1
2023091400,1702,Kirk Cousins,Passer,16.06305388150086,91.18,6.04,3.41,1,10,49,6,5.32000017166138,0
2023091400,1725,Kirk Cousins,Passer,21.00934077975794,281.5,6.91,1.03,2,10,49,6,2.67000007629395,1
2023091400,1767,Kirk Cousins,Passer,28.17403237025187,6.199999999999989,5.11,1.52,1,10,31,5,3.89000010490417,0
2023091400,1962,Jalen Hurts,Passer,16.112445500295728,216.81,6.27,2.54,2,6,49,4,3.14000010490417,1
2023091400,2247,Kirk Cousins,Passer,14.0714640318625,257.93,6.95,1.91,2,15,20,6,4.07999992370605,1
2023091400,2450,Kirk Cousins,Passer,19.778235512805487,114.68999999999997,6.44,5.9,2,10,25,7,5.05000019073486,1
2023091400,2500,Kirk Cousins,Passer,21.206265583548653,59.460000000000036,4.39,3.71,2,10,38,5,1.75,0
2023091400,2587,Jalen Hurts,Passer,18.0798783181746,121.58999999999999,4.18,4.4,1,10,25,6,2.83999991416931,1
2023091400,2645,Jalen Hurts,Passer,12.165216808589973,104.25,6.71,1.45,2,11,24,6,2.40000009536743,1
2023091400,2694,Jalen Hurts,Passer,19.080065513514356,225.0,6.27,2.53,3,11,24,4,5.15000009536743,1
2023091400,2768,Kirk Cousins,Passer,19.6036986306156,259.24,4.9,3.07,2,5,35,6,7.98999977111816,1
2023091400,2885,Jalen Hurts,Passer,18.534864445147694,75.16999999999999,2.49,5.39,1,10,20,6,2.34999990463257,1
2023091400,2976,Jalen Hurts,Passer,8.706715798738351,71.72,6.23,0.99,1,10,49,7,4.17999982833862,1
2023091400,3072,Jalen Hurts,Passer,20.540937174335546,132.18,3.99,5.95,1,10,37,6,2.66000008583069,0
2023091400,3117,Jalen Hurts,Passer,24.289143665432096,127.22,3.95,5.33,3,9,36,6,2.71000003814697,1
2023091400,3333,Kirk Cousins,Passer,24.51918840418663,75.42,6.86,3.02,2,3,21,6,7.34000015258789,0
2023091400,3356,Kirk Cousins,Passer,10.05439704805813,59.83000000000001,7.49,0.49,3,3,21,5,4.42999982833862,1
2023091400,3438,Kirk Cousins,Passer,9.793804163857882,240.87,7.49,0.49,1,10,28,6,7.15999984741211,0
2023091400,3668,Jalen Hurts,Passer,15.952821067134176,175.66000000000003,3.77,4.56,3,5,41,5,2.94000005722046,1
2023091400,3813,Kirk Cousins,Passer,23.242196539914207,85.17999999999999,2.98,4.2,1,10,25,6,2.44000005722046,0
2023091400,3836,Kirk Cousins,Passer,20.03713801918827,97.60000000000001,5.69,4.48,2,10,25,6,2.69000005722046,1
2023091400,3927,Kirk Cousins,Passer,14.839086899132306,192.05,5.4,1.88,2,15,30,4,5.32000017166138,0
2023091400,3950,Kirk Cousins,Passer,14.034621476904892,58.71000000000001,6.75,0.9,3,15,30,4,4.42000007629395,1
2023091400,4000,Kirk Cousins,Passer,12.233008624210159,208.29,2.84,3.92,1,10,46,4,3.96000003814697,1
2023091400,4084,Kirk Cousins,Passer,19.046390734204735,4.710000000000008,7.98,0.69,1,5,25,5,3.13000011444092,0
2023091400,4132,Kirk Cousins,Passer,12.27329621576861,70.92000000000002,6.7,1.46,1,5,5,7,4.30000019073486,1
2023091700,111,Jordan Love,Passer,12.107638085109746,66.70999999999998,7.43,1.21,2,7,28,6,2.58999991416931,0
2023091700,430,Desmond Ridder,Passer,11.955726661311724,103.64999999999999,6.25,2.52,2,7,30,7,3.67000007629395,0
2023091700,453,Desmond Ridder,Passer,16.0887600516634,197.53,4.69,4.13,3,7,30,5,3.25,1
2023091700,522,Desmond Ridder,Passer,18.56784855603901,67.07000000000001,6.15,1.5,1,10,41,6,1.9099999666214,0
2023091700,545,Desmond Ridder,Passer,20.188333264536727,65.89000000000001,6.5,2.62,2,10,41,8,9.39999961853027,1
2023091700,597,Desmond Ridder,Passer,16.377182297330638,131.79000000000002,5.22,3.51,1,10,29,8,5.46999979019165,1
2023091700,855,Jordan Love,Passer,16.146436139284724,295.90000000000003,5.21,4.93,1,10,16,7,5.42000007629395,1
2023091700,924,Jordan Love,Passer,10.564326765109083,53.82,7.05,0.65,3,1,40,8,2.42000007629395,1
2023091700,989,Jordan Love,Passer,12.05241884436481,18.599999999999994,5.46,1.99,2,10,43,5,1.73000001907349,0
2023091700,1076,Jordan Love,Passer,13.013396943150545,205.69,4.65,4.78,2,10,19,5,2.27999997138977,1
2023091700,1311,Desmond Ridder,Passer,27.195082276029247,3.5500000000000114,7.53,3.72,3,15,12,5,4.30999994277954,1
2023091700,1358,Desmond Ridder,Passer,6.945732502767438,24.64,6.24,0.65,1,10,47,6,1.98000001907349,1
2023091700,1427,Desmond Ridder,Passer,18.99604695719612,34.96999999999997,6.0,1.89,4,4,41,4,1.73000001907349,0
2023091700,1457,Jordan Love,Passer,14.71818602953503,198.27,6.86,2.27,1,10,41,6,7.94999980926514,1
2023091700,1546,Jordan Love,Passer,12.57128871675454,21.599999999999994,3.62,2.54,2,5,38,6,2.52999997138977,1
2023091700,1593,Jordan Love,Passer,12.060368982746752,268.97,6.33,0.81,2,3,23,7,2.28999996185303,1
2023091700,1728,Desmond Ridder,Passer,13.462588904070419,68.00999999999999,0.92,1.86,1,10,25,6,0.699999988079071,1
2023091700,1809,Desmond Ridder,Passer,19.70220799808996,163.82999999999998,4.11,4.83,1,10,48,6,0.759999990463257,1
2023091700,1856,Desmond Ridder,Passer,8.959386139686137,297.64,7.0,0.52,1,10,35,6,1.70000004768372,1
2023091700,1959,Desmond Ridder,Passer,12.851820882660945,126.29000000000002,5.76,3.69,1,10,13,7,0.980000019073486,1
2023091700,1984,Desmond Ridder,Passer,15.519439422865762,154.75,2.2,4.83,1,3,3,5,3.77999997138977,1
2023091700,2147,Desmond Ridder,Passer,25.25495000984955,81.11000000000001,8.58,2.81,1,15,20,7,1.03999996185303,0
2023091700,2170,Desmond Ridder,Passer,13.478353015112793,39.05,4.37,2.59,2,15,20,6,1.69000005722046,0
2023091700,2193,Desmond Ridder,Passer,27.8249672057309,125.42,6.37,5.49,3,15,20,3,3.63000011444092,0
2023091700,2258,Jordan Love,Passer,17.83608981811877,69.33999999999997,6.64,3.58,2,6,39,7,2.26999998092651,1
2023091700,2307,Jordan Love,Passer,30.701115614908854,320.90999999999997,6.0,5.25,2,8,47,7,3.89000010490417,1
2023091700,2337,Jordan Love,Passer,9.54756513462988,206.39,4.19,0.86,1,10,38,8,8.5,1
2023091700,2395,Jordan Love,Passer,24.5265183016261,121.97,4.83,6.19,1,10,32,8,7.98000001907349,1
2023091700,2859,Jordan Love,Passer,19.261373263607137,339.34,6.5,4.92,1,10,35,6,2.24000000953674,1
2023091700,2911,Jordan Love,Passer,17.056157245991837,85.29000000000002,6.38,4.95,1,10,20,6,2.4300000667572,1
2023091700,3163,Desmond Ridder,Passer,36.26927073984256,71.21000000000004,8.67,1.48,3,3,43,7,7.51999998092651,1
2023091700,3232,Desmond Ridder,Passer,16.157032524569605,78.78,6.07,4.29,3,8,10,6,1.66999995708466,1
2023091700,3328,Jordan Love,Passer,24.22111681983306,245.54,8.46,3.05,1,10,25,7,7.84000015258789,0
2023091700,3373,Jordan Love,Passer,23.023401138841326,153.86,3.46,5.24,3,8,27,6,3.25999999046326,0
2023091700,3506,Desmond Ridder,Passer,14.439338627513381,109.94000000000003,7.23,2.2,1,10,47,7,3.13000011444092,1
2023091700,3585,Desmond Ridder,Passer,18.138194507723195,109.22,4.47,5.21,3,7,21,6,1.13999998569489,0
2023091700,3781,Desmond Ridder,Passer,25.321052505770766,70.72000000000003,4.61,3.16,1,10,27,7,7.80000019073486,1
2023091700,3843,Desmond Ridder,Passer,14.929943067540483,93.24000000000001,5.08,3.43,2,10,49,6,1.88999998569489,1
2023091700,3873,Desmond Ridder,Passer,19.090573590125572,144.48,4.4,3.74,3,3,42,5,0.670000016689301,1
2023091700,4143,Jordan Love,Passer,19.597683536581563,8.219999999999999,3.41,5.87,1,10,25,6,3.73000001907349,0
2023091700,4189,Jordan Love,Passer,26.562735175429502,304.5,7.29,3.96,3,10,25,5,5.51999998092651,0
2023091700,4212,Jordan Love,Passer,17.66540404293092,6.77000000000001,5.89,2.84,4,10,25,5,3.65000009536743,0
2023091701,339,Jimmy Garoppolo,Passer,11.92285620143093,11.25,2.15,2.9,2,10,16,6,2.91000008583069,1
2023091701,415,Josh Allen,Passer,21.77218868189416,80.49000000000001,2.89,5.74,1,10,28,6,3.34999990463257,1
2023091701,487,Josh Allen,Passer,17.366395711257994,156.24,4.38,5.46,2,14,19,6,1.95000004768372,1
2023091701,512,Josh Allen,Passer,7.973318004444574,265.55999999999995,7.28,0.38,3,3,8,7,3.09999990463257,1
2023091701,757,Josh Allen,Passer,12.503215586400167,268.07000000000005,5.12,2.25,2,7,19,6,5.19000005722046,1
2023091701,782,Josh Allen,Passer,9.223903728899169,277.78,5.89,3.85,3,6,20,4,1.35000002384186,1
2023091701,807,Josh Allen,Passer,14.04521982740035,291.29,5.0,1.41,1,10,27,6,7.6399998664856,1
2023091701,832,Josh Allen,Passer,21.28966885604377,112.21000000000001,4.11,3.85,2,7,30,5,1.62000000476837,1
2023091701,857,Josh Allen,Passer,27.671301017480186,227.79,2.32,3.81,1,10,37,6,5.17000007629395,1
2023091701,1039,Josh Allen,Passer,14.0559809333963,226.7,5.86,0.76,2,2,2,8,7.01000022888184,1
2023091701,1169,Jimmy Garoppolo,Passer,24.29108890107646,2.6899999999999977,6.7,3.39,3,11,24,6,3.3199999332428,1
2023091701,1194,Jimmy Garoppolo,Passer,11.34878407583825,25.489999999999995,3.08,2.24,1,10,42,6,3.80999994277954,1
2023091701,1243,Jimmy Garoppolo,Passer,14.153095067864129,84.97,6.46,3.25,2,10,48,6,2.67000007629395,1
2023091701,1317,Jimmy Garoppolo,Passer,35.24992056728639,57.66,4.47,5.75,3,12,29,5,4.46999979019165,0
2023091701,1395,Josh Allen,Passer,7.971398873472588,272.38,6.28,1.3,1,10,47,6,1.01999998092651,1
2023091701,1447,Josh Allen,Passer,10.458666262961076,273.24,6.09,4.48,2,1,34,6,7.94000005722046,1
2023091701,1573,Jimmy Garoppolo,Passer,15.961015005318425,14.819999999999993,5.86,4.45,1,10,2,7,3.23000001907349,1
2023091701,1727,Josh Allen,Passer,10.006567843171803,82.75,3.46,3.33,2,10,43,6,3.04999995231628,1
2023091701,1752,Josh Allen,Passer,26.43218681834706,266.16999999999996,6.1,4.69,3,8,45,4,4.5,1
2023091701,1811,Josh Allen,Passer,10.036911875671722,257.98,6.59,0.58,2,1,29,5,3.42000007629395,1
2023091701,1908,Josh Allen,Passer,30.6423791504511,123.03999999999999,4.19,5.95,1,10,26,5,4.3600001335144,1
2023091701,1938,Josh Allen,Passer,19.597959077414153,71.61000000000001,6.11,4.61,1,10,11,6,2.23000001907349,0
2023091701,1961,Josh Allen,Passer,14.197640649065603,138.24,7.13,1.67,2,10,11,4,2.58999991416931,1
2023091701,2018,Jimmy Garoppolo,Passer,12.38184558133398,6.319999999999993,3.61,2.74,1,10,25,6,3.80999994277954,1
2023091701,2055,Jimmy Garoppolo,Passer,17.404829789457867,54.4,6.2,1.62,1,10,36,4,3.75,1
2023091701,2168,Josh Allen,Passer,14.539828059506068,72.82000000000002,6.53,1.1,1,10,49,5,8.53999996185303,1
2023091701,2267,Josh Allen,Passer,18.751674591886452,104.82,6.34,2.49,3,2,31,7,2.97000002861023,1
2023091701,2465,Josh Allen,Passer,16.16488168840094,152.06,3.78,1.38,4,2,2,7,4.90000009536743,1
2023091701,2566,Jimmy Garoppolo,Passer,10.84668612987395,134.89,4.26,4.69,2,7,28,6,3.61999988555908,1
2023091701,2591,Jimmy Garoppolo,Passer,15.912083458805755,124.46,7.34,3.58,3,2,33,6,3.24000000953674,1
2023091701,2616,Jimmy Garoppolo,Passer,14.270126138195131,21.03,1.21,1.84,1,10,48,6,7.65999984741211,0
2023091701,2675,Josh Allen,Passer,13.275247643641157,98.22,5.47,2.45,2,10,48,5,6.76000022888184,1
2023091701,2705,Josh Allen,Passer,13.418110895353342,47.41999999999999,5.97,1.54,3,2,40,4,2.42000007629395,1
2023091701,2752,Josh Allen,Passer,19.179481223432504,139.89999999999998,2.76,5.05,2,5,27,7,7.26999998092651,1
2023091701,2777,Josh Allen,Passer,6.399164007899779,305.21,6.04,3.06,1,10,13,6,0.730000019073486,0
2023091701,2953,Jimmy Garoppolo,Passer,18.50028378160724,167.23999999999998,4.36,4.94,1,5,30,6,2.85999989509583,1
2023091701,3000,Jimmy Garoppolo,Passer,14.221409916038567,51.75999999999999,3.13,3.82,2,9,36,5,4.71000003814697,1
2023091701,3025,Jimmy Garoppolo,Passer,18.252035502924052,19.69999999999999,6.67,2.48,3,3,42,5,3.67000007629395,0
2023091701,3144,Josh Allen,Passer,11.0278919109683,35.5,5.86,0.83,2,8,23,6,3.26999998092651,1
2023091701,3521,Jimmy Garoppolo,Passer,22.52470865516356,63.120000000000005,6.74,3.63,1,10,39,6,4.03999996185303,1
2023091702,134,Lamar Jackson,Passer,21.54768897120988,95.85,6.65,5.42,2,7,39,7,2.24000000953674,1
2023091702,164,Lamar Jackson,Passer,17.187402363359045,242.72000000000003,2.05,0.83,3,2,44,7,1.29999995231628,1
2023091702,189,Lamar Jackson,Passer,10.159276549046194,157.2,3.62,1.12,1,10,47,8,7.73999977111816,1
2023091702,336,Lamar Jackson,Passer,13.774342089551862,186.20999999999998,4.19,2.75,3,4,10,6,2.20000004768372,1
2023091702,504,Joe Burrow,Passer,16.795966777771383,51.870000000000005,3.65,4.98,2,14,21,6,2.40000009536743,1
2023091702,584,Lamar Jackson,Passer,16.22854583750497,112.68000000000004,6.11,4.34,1,10,33,8,0.899999976158142,1
2023091702,638,Lamar Jackson,Passer,19.436151882510075,111.29000000000002,2.48,3.99,2,1,43,6,0.319999992847443,1
2023091702,663,Lamar Jackson,Passer,27.594175109975655,23.139999999999986,9.17,1.09,1,10,41,7,7.21999979019165,0
2023091702,686,Lamar Jackson,Passer,14.757808102831536,192.21999999999997,2.13,5.0,2,10,41,6,2.01999998092651,0
2023091702,711,Lamar Jackson,Passer,21.64514957213278,66.60000000000002,7.71,1.07,3,10,41,5,2.42000007629395,0
2023091702,1177,Lamar Jackson,Passer,19.243960091415698,206.48999999999998,6.89,4.58,1,10,25,6,3.25999999046326,1
2023091702,1228,Lamar Jackson,Passer,15.823678459827226,116.9,6.78,3.75,2,10,36,6,2.21000003814697,1
2023091702,1327,Lamar Jackson,Passer,23.641584126280538,172.86,1.56,5.88,1,10,34,4,1.72000002861023,1
2023091702,1556,Joe Burrow,Passer,20.90000239234436,88.07999999999998,3.98,3.79,2,8,42,6,1.97000002861023,1
2023091702,1590,Joe Burrow,Passer,21.034868670852212,128.42,3.31,5.24,3,2,36,6,1.99000000953674,1
2023091702,1681,Joe Burrow,Passer,10.016995557551176,94.75,5.94,1.26,1,10,14,6,2.53999996185303,1
2023091702,1736,Joe Burrow,Passer,18.38666092579074,76.74000000000001,5.7,1.4,3,5,9,6,1.27999997138977,0
2023091702,1878,Lamar Jackson,Passer,16.308881016182564,90.30000000000001,5.94,3.78,2,7,41,6,2.13000011444092,1
2023091702,1903,Lamar Jackson,Passer,6.405411774429499,200.22999999999996,4.48,1.14,1,10,49,5,1.67999994754791,1
2023091702,1928,Lamar Jackson,Passer,12.360748359221617,183.73,5.15,1.25,2,2,41,5,2.46000003814697,1
2023091702,1957,Lamar Jackson,Passer,20.086373490503465,215.31000000000003,6.8,3.08,1,10,35,6,2.47000002861023,1
2023091702,2094,Lamar Jackson,Passer,14.646941660292086,55.139999999999986,6.13,1.99,1,29,32,6,1.8400000333786,0
2023091702,2136,Lamar Jackson,Passer,15.593953956582018,76.72,6.25,4.55,2,29,32,4,1.41999995708466,0
2023091702,2298,Joe Burrow,Passer,9.570757545774521,330.7,7.42,1.56,1,10,37,7,2.35999989509583,1
2023091702,2374,Joe Burrow,Passer,16.191775690145906,108.53999999999996,5.9,3.08,1,15,36,6,1.98000001907349,1
2023091702,2399,Joe Burrow,Passer,9.045888568847174,4.610000000000014,6.48,1.65,2,4,25,6,1.87000000476837,1
2023091702,2429,Joe Burrow,Passer,10.465892221879605,58.05,7.58,0.29,3,2,23,10,3.8199999332428,1
2023091702,2483,Joe Burrow,Passer,20.059312052012157,118.60000000000002,6.9,1.13,2,8,17,6,3.21000003814697,0
2023091702,2599,Lamar Jackson,Passer,10.078417534514045,9.900000000000006,5.17,4.41,3,3,3,6,1.05999994277954,1
2023091702,2663,Joe Burrow,Passer,12.352789158728488,87.86000000000001,5.55,1.63,1,10,25,7,1.5900000333786,1
2023091702,2718,Joe Burrow,Passer,24.331496049359558,51.299999999999955,6.55,3.08,3,3,32,6,3.0,1
2023091702,2792,Joe Burrow,Passer,14.671946019529923,37.69999999999999,5.99,3.62,3,4,49,6,2.03999996185303,1
2023091702,2817,Joe Burrow,Passer,18.19804659846765,52.47000000000003,6.4,4.4,1,10,37,6,0.379999995231628,1
2023091702,2842,Joe Burrow,Passer,22.378697459861243,40.56,6.88,1.69,1,10,19,6,1.50999999046326,0
2023091702,2900,Joe Burrow,Passer,17.071291691023266,54.96,5.23,3.7,3,3,12,5,1.71000003814697,1
2023091702,2981,Joe Burrow,Passer,19.132425355923903,87.86999999999998,6.38,2.61,3,3,3,7,3.16000008583069,1
2023091702,3189,Lamar Jackson,Passer,17.27418883768497,143.03,6.32,4.56,2,23,43,6,1.92999994754791,1
2023091702,3246,Lamar Jackson,Passer,24.830773246115392,60.19,8.02,0.44,1,10,33,5,2.14000010490417,0
2023091702,3269,Lamar Jackson,Passer,14.190958389058855,148.89999999999998,6.88,3.57,2,10,33,7,2.89000010490417,1
2023091702,3367,Lamar Jackson,Passer,17.399091930327852,35.81999999999999,6.66,2.59,3,5,17,6,1.87000000476837,1
2023091702,3661,Joe Burrow,Passer,11.542928571207568,123.78000000000002,3.94,0.58,1,10,20,7,2.38000011444092,0
2023091702,3700,Joe Burrow,Passer,22.568360596197504,191.75,2.62,5.62,2,10,20,6,2.52999997138977,1
2023091702,3771,Joe Burrow,Passer,15.908830880991848,96.48999999999998,4.88,2.96,3,10,33,7,1.03999996185303,1
2023091702,3796,Joe Burrow,Passer,22.11260274142327,1.8400000000000034,5.51,5.43,1,10,49,6,2.39000010490417,0
2023091702,3876,Joe Burrow,Passer,15.784454377646378,123.33000000000001,3.95,4.87,4,4,45,6,2.57999992370605,1
2023091702,3901,Joe Burrow,Passer,17.674357131166044,121.89,6.3,2.45,1,10,36,6,1.86000001430511,1
2023091702,4016,Joe Burrow,Passer,18.029065422256362,29.610000000000014,4.96,5.4,2,4,4,7,1.08000004291534,0
2023091703,104,Geno Smith,Passer,19.78605822290029,133.99,6.25,4.45,2,9,40,7,1.37000000476837,1
2023091703,180,Geno Smith,Passer,13.033591216545036,269.84,4.27,2.81,2,10,48,6,3.5699999332428,1
2023091703,210,Geno Smith,Passer,31.31841950035155,45.21999999999997,3.67,5.07,1,10,37,7,5.90000009536743,1
2023091703,281,Geno Smith,Passer,14.398472141168309,81.09000000000003,3.33,4.51,2,14,23,6,2.54999995231628,1
2023091703,665,Jared Goff,Passer,18.78500731966852,106.95999999999998,6.56,0.67,1,10,22,6,2.90000009536743,1
2023091703,913,Jared Goff,Passer,9.896069926996272,154.85000000000002,4.06,3.15,2,5,17,7,7.21000003814697,1
2023091703,1008,Jared Goff,Passer,12.389100048026094,263.46999999999997,6.34,3.94,3,7,34,4,3.6800000667572,1
2023091703,1062,Jared Goff,Passer,20.361053509089363,65.54999999999998,2.73,7.82,2,13,38,6,3.19000005722046,1
2023091703,1131,Jared Goff,Passer,11.074339709436405,61.33000000000001,5.56,4.94,2,6,33,6,6.63000011444092,1
2023091703,1183,Jared Goff,Passer,13.367789645262972,163.49,7.16,1.08,4,4,31,5,2.98000001907349,0
2023091703,1206,Geno Smith,Passer,17.568907194245178,239.5,5.68,0.84,1,10,31,8,3.60999989509583,1
2023091703,1238,Geno Smith,Passer,25.38248214812728,80.36,7.35,3.9,1,10,42,7,3.61999988555908,1
2023091703,1393,Jared Goff,Passer,21.74354386938799,151.01,3.08,5.86,2,5,40,4,2.42000007629395,1
2023091703,1496,Jared Goff,Passer,22.808079708734798,27.909999999999968,8.2,2.65,1,10,36,7,2.94000005722046,1
2023091703,1586,Geno Smith,Passer,17.937028739454036,97.85,4.87,4.87,2,10,25,6,1.71000003814697,1
2023091703,1611,Geno Smith,Passer,17.117444318589147,75.87,6.81,1.35,3,1,34,6,2.4300000667572,1
2023091703,1663,Geno Smith,Passer,23.741316307231155,157.37,5.31,2.83,2,9,49,6,2.17000007629395,1
2023091703,1771,Jared Goff,Passer,14.220239097849232,124.64999999999998,4.7,5.0,2,5,11,5,3.48000001907349,0
2023091703,1865,Geno Smith,Passer,12.79658157478004,255.57,5.1,4.0,1,10,36,5,3.34999990463257,1
2023091703,1890,Geno Smith,Passer,29.700749148800945,119.64,3.56,5.36,2,5,41,5,3.11999988555908,1
2023091703,1986,Geno Smith,Passer,18.862449469779893,120.16999999999999,5.34,3.17,2,6,48,6,1.96000003814697,1
2023091703,2182,Geno Smith,Passer,18.697756549917955,59.25999999999999,7.59,3.68,1,10,23,7,0.569999992847443,1
2023091703,2268,Jared Goff,Passer,24.05919366894908,33.539999999999964,7.55,4.44,1,10,25,5,2.91000008583069,1
2023091703,2397,Jared Goff,Passer,18.702975699069924,198.15,2.41,5.63,2,19,27,7,3.27999997138977,1
2023091703,2498,Jared Goff,Passer,9.581863075623653,284.8,6.51,1.96,2,7,7,7,7.23000001907349,1
2023091703,2754,Geno Smith,Passer,15.101473438045703,261.76,7.5,0.34,1,10,23,7,9.51000022888184,1
2023091703,2960,Jared Goff,Passer,24.189785034183334,210.13,2.82,3.73,2,5,30,5,2.33999991416931,1
2023091703,3017,Jared Goff,Passer,13.691723777523409,90.47,6.73,3.71,2,8,39,6,3.53999996185303,1
2023091703,3069,Jared Goff,Passer,23.701426117430145,59.56,8.44,1.69,4,2,45,7,7.65999984741211,0
2023091703,3135,Geno Smith,Passer,13.271672841055114,189.01,6.84,1.93,1,15,50,6,7.3600001335144,1
2023091703,3215,Geno Smith,Passer,15.927011646884674,193.97,4.9,2.25,1,10,28,6,2.32999992370605,1
2023091703,3544,Jared Goff,Passer,11.730750189139652,254.69,7.85,0.62,3,3,32,6,4.17000007629395,1
2023091703,3589,Jared Goff,Passer,12.060368982746756,77.08,5.58,6.09,2,15,35,6,3.25999999046326,0
2023091703,3733,Jared Goff,Passer,13.535911494982521,121.32000000000001,5.55,3.78,3,12,48,5,3.07999992370605,1
2023091703,3827,Jared Goff,Passer,20.694088527886414,176.27,1.12,6.0,1,10,29,5,3.17000007629395,1
2023091703,4077,Jared Goff,Passer,18.425637031049973,129.32,6.0,5.32,1,10,50,6,2.39000010490417,1
2023091703,4149,Jared Goff,Passer,12.628131294851194,172.19000000000003,4.61,3.86,2,6,23,5,0.100000001490116,0
2023091703,4179,Jared Goff,Passer,11.02000453720415,169.71,4.65,4.21,3,6,23,6,3.10999989509583,1
2023091703,4278,Geno Smith,Passer,21.674777968874334,257.75,1.68,5.59,1,10,25,7,7.34000015258789,1
2023091703,4326,Geno Smith,Passer,16.543630194126074,237.4,5.33,3.76,2,10,42,6,2.85999989509583,1
2023091703,4351,Geno Smith,Passer,26.401685552252147,141.76000000000002,6.37,4.09,3,6,46,6,4.88000011444092,1
2023091703,4401,Geno Smith,Passer,18.452208539901125,160.67999999999998,7.96,0.53,2,7,35,8,5.01000022888184,1
2023091703,4448,Geno Smith,Passer,17.763608867569676,64.31,6.31,3.94,2,7,11,6,2.0,1
2023091703,4478,Geno Smith,Passer,21.45361974119985,84.64999999999999,2.88,4.32,3,2,6,6,3.5,1
2023091704,60,Anthony Richardson,Passer,10.5906798648623,116.22999999999999,7.57,0.3,1,10,25,7,3.20000004768372,1
2023091704,137,Anthony Richardson,Passer,11.696845728656944,122.05000000000001,5.3,0.9,3,3,44,6,3.34999990463257,1
2023091704,206,Anthony Richardson,Passer,10.94453745025344,185.9,0.32,2.25,3,5,40,5,2.64000010490417,1
2023091704,368,C.J. Stroud,Passer,12.114227173039147,154.88,2.8,3.57,2,13,15,6,0.959999978542328,1
2023091704,565,C.J. Stroud,Passer,19.49679460834524,89.99999999999999,7.01,1.89,3,4,38,6,2.21000003814697,1
2023091704,591,C.J. Stroud,Passer,15.942989054753815,13.860000000000014,6.35,4.71,1,10,34,7,0.620000004768372,1
2023091704,683,C.J. Stroud,Passer,23.057844652091834,149.43,2.84,5.6,2,6,19,6,10.7399997711182,0
2023091704,926,Anthony Richardson,Passer,20.73745403852652,85.07,3.38,6.08,3,7,28,5,4.21999979019165,0
2023091704,1127,Anthony Richardson,Passer,19.045403644974293,236.0,4.14,5.52,2,10,32,6,2.85999989509583,0
2023091704,1309,C.J. Stroud,Passer,15.62536719568535,101.90999999999997,8.14,0.81,2,8,40,7,2.19000005722046,0
2023091704,1332,C.J. Stroud,Passer,13.187486492884084,101.27999999999997,4.66,3.41,3,8,40,7,2.67000007629395,0
2023091704,1381,Gardner Minshew,Passer,14.225909461261166,190.6,1.45,4.44,1,10,24,6,0.400000005960464,1
2023091704,1481,Gardner Minshew,Passer,20.916787516251155,81.94999999999999,7.64,3.52,2,9,39,6,2.58999991416931,1
2023091704,1584,C.J. Stroud,Passer,26.995697805391146,164.04999999999998,7.56,3.47,1,10,25,6,7.05999994277954,1
2023091704,1609,C.J. Stroud,Passer,15.852271130661375,349.31,6.32,4.88,1,10,49,8,0.829999983310699,1
2023091704,1738,C.J. Stroud,Passer,22.819546445974773,83.19000000000003,7.67,5.54,3,8,35,5,3.67000007629395,1
2023091704,1807,C.J. Stroud,Passer,15.655059884906223,16.370000000000005,6.04,3.75,3,5,11,6,2.96000003814697,0
2023091704,2004,Gardner Minshew,Passer,11.351761977772439,64.81,8.03,0.68,3,3,50,6,2.89000010490417,1
2023091704,2084,Gardner Minshew,Passer,13.034649976121338,122.86999999999999,2.58,5.92,3,3,35,5,3.19000005722046,1
2023091704,2109,Gardner Minshew,Passer,23.465144363502223,137.47,4.28,5.74,1,10,29,6,2.74000000953674,1
2023091704,2157,Gardner Minshew,Passer,12.633388302430983,113.18,4.06,4.71,2,10,18,6,3.36999988555908,1
2023091704,2214,Gardner Minshew,Passer,17.899946927295627,284.95,7.32,0.39,1,4,4,7,3.52999997138977,1
2023091704,2396,C.J. Stroud,Passer,28.738312406959462,151.24,3.31,5.82,2,19,16,5,3.14000010490417,1
2023091704,2490,C.J. Stroud,Passer,7.612128480260953,182.74,6.62,0.41,3,5,47,4,2.85999989509583,1
2023091704,2742,Gardner Minshew,Passer,22.98750312669908,66.44,8.71,1.18,2,6,34,7,3.99000000953674,1
2023091704,2767,Gardner Minshew,Passer,12.864140080083082,144.79,3.32,3.11,1,10,46,8,0.0,1
2023091704,2880,Gardner Minshew,Passer,9.720252054345092,246.32000000000002,6.99,1.84,3,10,33,7,3.03999996185303,1
2023091704,3079,C.J. Stroud,Passer,13.744908148110706,203.58,5.2,3.92,3,7,41,7,1.60000002384186,1
2023091704,3104,C.J. Stroud,Passer,15.309464392982536,48.56,6.27,3.72,1,10,49,6,3.08999991416931,0
2023091704,3134,C.J. Stroud,Passer,21.069546744056932,98.49,7.44,2.75,2,10,49,6,3.05999994277954,1
2023091704,3164,C.J. Stroud,Passer,23.34338878569262,6.109999999999985,7.18,5.02,1,10,26,6,3.53999996185303,1
2023091704,3200,C.J. Stroud,Passer,12.313200233895321,190.39999999999998,4.28,4.98,1,10,13,7,3.90000009536743,1
2023091704,3619,C.J. Stroud,Passer,19.918895551711696,39.420000000000016,6.52,4.47,2,10,39,5,2.3199999332428,1
2023091704,3644,C.J. Stroud,Passer,21.667166404493226,2.159999999999968,7.01,4.46,1,10,23,7,3.24000000953674,1
2023091704,3791,Gardner Minshew,Passer,7.4429899905884636,125.22000000000001,4.4,1.09,3,4,44,7,3.67000007629395,1
2023091704,3895,C.J. Stroud,Passer,16.407489143680703,202.51000000000002,3.48,3.72,3,11,11,5,2.70000004768372,1
2023091704,3920,C.J. Stroud,Passer,14.057396629532793,134.71,5.32,4.07,4,3,19,6,1.97000002861023,1
2023091704,3991,C.J. Stroud,Passer,16.05032398426898,145.90999999999997,5.36,3.73,3,10,29,6,1.75,1
2023091704,4086,C.J. Stroud,Passer,26.11924960637269,83.72000000000003,6.84,4.77,3,13,28,4,3.66000008583069,0
2023091704,4277,C.J. Stroud,Passer,20.00485191147387,8.670000000000016,6.98,4.54,1,10,9,4,2.57999992370605,1
2023091704,4302,C.J. Stroud,Passer,20.666267200440434,149.72,4.38,2.71,2,1,18,4,3.85999989509583,1
2023091704,4327,C.J. Stroud,Passer,23.259462590524304,195.26,2.38,2.17,1,10,28,4,4.94999980926514,0
2023091704,4350,C.J. Stroud,Passer,20.75980009537664,82.26999999999998,4.23,4.7,2,10,28,4,2.78999996185303,1
2023091704,4375,C.J. Stroud,Passer,15.507433701293067,202.92000000000002,3.04,4.31,3,3,35,4,2.46000003814697,1
2023091705,175,Trevor Lawrence,Passer,16.028090965551698,115.06,6.2,5.88,2,6,42,6,0.990000009536743,0
2023091705,267,Patrick Mahomes,Passer,16.35929399454634,205.71999999999997,1.44,2.52,2,6,14,6,3.09999990463257,1
2023091705,292,Patrick Mahomes,Passer,11.133108281158501,158.21000000000004,1.15,1.69,3,1,19,7,1.64999997615814,1
2023091705,391,Trevor Lawrence,Passer,20.541591953887114,216.72000000000003,4.72,3.87,2,10,31,6,4.86999988555908,0
2023091705,480,Trevor Lawrence,Passer,16.741332085589846,84.56,4.51,3.67,3,5,36,5,1.78999996185303,0
2023091705,531,Patrick Mahomes,Passer,21.163508688305924,347.29,7.74,4.66,1,10,14,6,2.41000008583069,0
2023091705,561,Patrick Mahomes,Passer,13.329456102932339,98.50999999999999,5.33,2.32,2,10,14,7,0.610000014305115,1
2023091705,586,Patrick Mahomes,Passer,13.80393059965169,318.65,6.01,3.52,3,3,21,7,2.22000002861023,1
2023091705,641,Patrick Mahomes,Passer,14.849488206668932,132.81000000000003,7.03,0.34,1,10,49,8,3.71000003814697,0
2023091705,701,Patrick Mahomes,Passer,13.61877013536832,65.02999999999997,7.09,2.82,1,10,38,6,0.550000011920929,0
2023091705,785,Patrick Mahomes,Passer,13.832230478126075,282.19,6.31,1.44,3,20,48,3,4.90000009536743,1
2023091705,859,Trevor Lawrence,Passer,28.142043280472723,145.31,1.4,3.03,2,8,4,5,0.209999993443489,1
2023091705,906,Trevor Lawrence,Passer,18.40402129970513,203.47999999999996,3.67,6.43,2,9,14,6,1.88999998569489,0
2023091705,1174,Trevor Lawrence,Passer,21.359393717987412,40.98000000000002,9.15,0.08,3,7,14,4,4.07000017166138,0
2023091705,1285,Patrick Mahomes,Passer,22.470382729272767,15.519999999999996,6.0,0.23,1,10,36,5,2.01999998092651,1
2023091705,1530,Patrick Mahomes,Passer,32.706520756570846,25.77000000000001,9.02,4.26,2,14,39,7,5.75,0
2023091705,1657,Trevor Lawrence,Passer,15.958126456448447,298.76,7.77,1.47,2,5,31,8,1.1599999666214,0
2023091705,1995,Patrick Mahomes,Passer,10.30639122098516,153.78,3.53,1.54,1,10,32,5,0.939999997615814,1
2023091705,2020,Patrick Mahomes,Passer,16.62909799117199,124.17,5.4,3.61,2,3,25,6,2.48000001907349,1
2023091705,2045,Patrick Mahomes,Passer,18.897251122848534,121.80999999999999,5.62,1.43,1,9,9,6,2.3199999332428,1
2023091705,2132,Trevor Lawrence,Passer,15.311224640766005,143.08999999999997,2.27,2.95,1,10,25,5,1.36000001430511,1
2023091705,2200,Trevor Lawrence,Passer,16.963018599294173,45.14999999999999,7.08,1.43,1,10,38,5,3.21000003814697,1
2023091705,2230,Trevor Lawrence,Passer,7.65383563972992,235.93,3.73,2.36,2,6,34,4,2.85999989509583,1
2023091705,2403,Patrick Mahomes,Passer,25.981631973376892,79.43,8.49,1.46,3,10,50,5,7.0,1
2023091705,2480,Patrick Mahomes,Passer,14.382127798069376,137.81,4.03,3.32,3,3,9,6,2.9300000667572,1
2023091705,2611,Trevor Lawrence,Passer,12.9220006190992,69.22000000000003,3.61,2.45,2,17,31,6,2.30999994277954,1
2023091705,2636,Trevor Lawrence,Passer,16.694028872623893,96.72,7.09,2.22,3,10,38,6,3.21000003814697,0
2023091705,2722,Patrick Mahomes,Passer,7.577981261523413,64.09,4.1,3.12,2,6,13,7,0.879999995231628,1
2023091705,2780,Patrick Mahomes,Passer,11.532293787447495,52.83,4.85,2.73,1,17,16,6,3.14000010490417,0
2023091705,2873,Patrick Mahomes,Passer,10.456557751000085,213.47,5.47,1.94,3,18,15,3,3.14000010490417,1
2023091705,3097,Patrick Mahomes,Passer,16.40580689877825,138.79,4.25,4.56,2,21,12,4,2.24000000953674,0
2023091705,3296,Trevor Lawrence,Passer,14.6299692412527,53.91,6.97,1.51,2,5,11,7,0.340000003576279,0
2023091705,3477,Patrick Mahomes,Passer,22.995347355497803,77.62,7.43,1.49,1,10,25,7,2.01999998092651,1
2023091705,3601,Patrick Mahomes,Passer,8.135434837794474,49.19,6.02,2.06,3,7,36,6,2.57999992370605,1
2023091705,3670,Patrick Mahomes,Passer,20.536026879608432,193.70000000000002,3.15,2.85,2,7,25,6,1.01999998092651,1
2023091705,3695,Patrick Mahomes,Passer,20.702649588881133,2.7700000000000387,6.51,1.35,1,10,10,5,3.42000007629395,0
2023091705,3789,Patrick Mahomes,Passer,22.69273231675728,230.58999999999997,1.3,2.68,3,20,20,4,3.72000002861023,0
2023091705,3867,Trevor Lawrence,Passer,27.02506244211103,10.900000000000006,8.07,0.95,1,10,25,6,3.05999994277954,0
2023091705,3928,Trevor Lawrence,Passer,13.565227605904742,100.65999999999998,5.04,3.52,1,10,36,6,2.63000011444092,1
2023091705,4032,Trevor Lawrence,Passer,10.055496009645678,281.81,5.59,2.27,3,6,31,5,0.0500000007450581,1
2023091705,4064,Trevor Lawrence,Passer,11.110976554740818,66.84,7.61,1.42,1,10,25,8,7.05000019073486,1
2023091705,4117,Trevor Lawrence,Passer,9.288579008653585,105.54,6.4,2.41,2,10,14,6,3.24000000953674,0
2023091706,100,Baker Mayfield,Passer,25.78279465069681,34.34,4.3,6.06,3,8,27,6,3.34999990463257,1
2023091706,237,Baker Mayfield,Passer,25.751815469981917,38.8,6.86,3.18,3,11,47,5,4.44000005722046,1
2023091706,329,Baker Mayfield,Passer,21.574246220899592,219.13000000000002,1.06,5.06,3,12,15,6,2.91000008583069,1
2023091706,397,Justin Fields,Passer,26.675970460322528,91.85000000000002,6.33,5.29,1,10,25,7,2.97000002861023,1
2023091706,427,Justin Fields,Passer,19.60412201553541,310.53000000000003,5.6,1.73,1,10,42,7,2.44000005722046,0
2023091706,472,Justin Fields,Passer,18.47101513182207,134.70999999999998,6.59,3.91,3,5,37,6,3.33999991416931,1
2023091706,676,Baker Mayfield,Passer,27.11665171071089,102.96000000000001,7.29,5.19,2,10,39,6,1.3400000333786,1
2023091706,726,Baker Mayfield,Passer,16.562831883467265,158.74,1.42,2.7,2,8,35,5,4.71000003814697,1
2023091706,844,Baker Mayfield,Passer,27.1585713909992,79.66000000000003,3.63,4.85,3,6,22,6,2.5699999332428,0
2023091706,1028,Baker Mayfield,Passer,29.439614467584324,76.18,4.59,6.58,1,10,23,7,7.40999984741211,1
2023091706,1087,Baker Mayfield,Passer,17.047750584754574,137.76999999999998,1.87,1.94,2,6,6,6,3.30999994277954,1
2023091706,1173,Justin Fields,Passer,25.247225590151483,123.16000000000001,2.55,6.25,1,10,25,7,3.50999999046326,0
2023091706,1361,Baker Mayfield,Passer,16.763484124727764,139.38000000000002,4.12,5.11,3,8,21,5,3.21000003814697,1
2023091706,1433,Justin Fields,Passer,22.000131817786908,40.77000000000001,3.03,3.35,2,8,22,6,1.88999998569489,1
2023091706,1514,Justin Fields,Passer,27.55202351915372,54.00999999999999,8.27,0.83,1,15,46,8,8.80000019073486,0
2023091706,1537,Justin Fields,Passer,12.524731534048946,224.5,5.14,5.35,2,15,46,6,1.66999995708466,1
2023091706,1562,Justin Fields,Passer,19.23915278799978,158.9,1.24,1.71,3,4,35,6,2.86999988555908,1
2023091706,1703,Baker Mayfield,Passer,10.26501826593601,187.57000000000002,3.9,2.32,1,10,25,5,2.36999988555908,1
2023091706,1750,Baker Mayfield,Passer,7.651307077878906,26.909999999999968,4.51,2.79,1,10,38,5,3.1800000667572,1
2023091706,1829,Baker Mayfield,Passer,19.327247605388617,14.839999999999975,5.98,2.79,2,3,43,5,2.67000007629395,0
2023091706,1852,Baker Mayfield,Passer,23.145733948181466,43.75999999999999,6.95,2.86,3,3,43,5,2.01999998092651,1
2023091706,1882,Baker Mayfield,Passer,25.504085947157566,80.21000000000001,7.27,0.75,1,10,23,6,3.44000005722046,0
2023091706,2321,Baker Mayfield,Passer,17.886757671528954,101.52999999999999,1.56,2.52,2,8,13,8,2.9300000667572,1
2023091706,2542,Baker Mayfield,Passer,9.321823855877133,69.25,6.13,0.98,2,3,21,7,8.60999965667725,1
2023091706,2583,Baker Mayfield,Passer,24.538528888260608,36.81,7.94,3.62,3,14,32,6,3.94000005722046,1
2023091706,2669,Justin Fields,Passer,22.962203726994495,205.51000000000002,3.33,5.62,2,13,22,6,2.92000007629395,1
2023091706,2893,Justin Fields,Passer,23.238356224139427,14.079999999999984,7.09,5.36,3,10,46,7,3.15000009536743,0
2023091706,2962,Baker Mayfield,Passer,4.179007059099087,311.98,5.06,2.91,1,10,20,7,3.34999990463257,1
2023091706,3033,Baker Mayfield,Passer,13.373679374054095,199.63,3.0,4.07,3,10,20,5,2.60999989509583,1
2023091706,3129,Justin Fields,Passer,19.965532800303627,165.06,2.61,6.34,3,10,16,6,2.64000010490417,0
2023091706,3241,Baker Mayfield,Passer,14.758675414819587,80.43999999999997,4.84,2.58,2,17,28,6,8.27000045776367,1
2023091706,3266,Baker Mayfield,Passer,11.210802825846148,198.97999999999996,4.0,2.57,3,9,36,6,3.28999996185303,1
2023091706,3311,Justin Fields,Passer,15.380744455324653,193.74,6.07,1.78,1,10,10,6,1.51999998092651,1
2023091706,3475,Justin Fields,Passer,18.835418763595353,257.76,8.78,1.04,1,10,32,6,3.74000000953674,1
2023091706,3512,Justin Fields,Passer,23.376922380843883,60.849999999999994,7.17,3.68,1,10,20,7,3.00999999046326,1
2023091706,3751,Baker Mayfield,Passer,18.08770853369768,224.49999999999997,3.85,3.59,3,17,47,4,3.11999988555908,1
2023091706,3929,Justin Fields,Passer,14.97594404369888,148.05999999999997,4.34,1.94,1,10,25,6,5.1100001335144,1
2023091706,3981,Justin Fields,Passer,22.818915399291004,120.0,6.68,4.98,3,19,16,6,3.79999995231628,0
2023091707,90,Justin Herbert,Passer,31.364165858508013,32.22000000000003,0.44,5.6,2,10,25,7,7.53999996185303,1
2023091707,172,Ryan Tannehill,Passer,16.155509896007615,50.51999999999998,6.96,4.49,1,10,25,7,0.970000028610229,1
2023091707,418,Justin Herbert,Passer,16.455181554756543,41.860000000000014,7.32,4.64,2,9,47,6,3.89000010490417,1
2023091707,470,Justin Herbert,Passer,14.243570479342603,1.2800000000000011,6.46,2.52,1,10,35,6,0.0500000007450581,1
2023091707,500,Justin Herbert,Passer,10.346757946332756,80.06000000000003,2.95,2.23,2,2,27,6,2.54999995231628,1
2023091707,547,Justin Herbert,Passer,19.69313839894495,210.44,2.09,4.41,4,2,27,6,2.72000002861023,1
2023091707,577,Justin Herbert,Passer,14.5272743486175,258.95,5.94,2.69,1,7,7,6,10.3299999237061,0
2023091707,824,Justin Herbert,Passer,17.946163935504426,52.329999999999984,6.52,4.75,1,10,36,7,5.07999992370605,1
2023091707,948,Justin Herbert,Passer,17.048900257787892,107.87,4.85,4.75,3,7,50,5,1.94000005722046,1
2023091707,1022,Ryan Tannehill,Passer,13.686328945338119,242.41000000000003,5.21,2.0,2,9,16,7,0.829999983310699,1
2023091707,1093,Justin Herbert,Passer,7.862753970460984,74.03,5.91,1.33,1,10,47,6,5.63000011444092,1
2023091707,1234,Justin Herbert,Passer,20.09784068003326,41.48000000000002,2.11,5.69,2,9,13,5,2.92000007629395,1
2023091707,1259,Justin Herbert,Passer,22.28980933072331,15.48,7.19,3.95,3,4,8,5,3.25999999046326,0
2023091707,1347,Justin Herbert,Passer,26.623472726149004,171.34,2.75,2.63,4,4,8,5,3.26999998092651,1
2023091707,1413,Ryan Tannehill,Passer,32.548855586640826,9.75,9.52,1.26,1,10,25,7,3.70000004768372,1
2023091707,1646,Justin Herbert,Passer,20.110106911699898,218.18,6.21,2.0,3,7,12,5,2.50999999046326,0
2023091707,1739,Ryan Tannehill,Passer,16.30205508517255,134.69000000000003,2.99,5.1,1,10,48,6,1.23000001907349,1
2023091707,1808,Ryan Tannehill,Passer,17.808248089017628,161.59000000000003,5.62,5.87,1,10,36,7,0.610000014305115,1
2023091707,1891,Ryan Tannehill,Passer,12.244419136896616,65.17000000000002,8.81,0.85,3,4,16,5,2.89000010490417,1
2023091707,2041,Ryan Tannehill,Passer,14.623303320385578,115.45000000000002,6.57,1.08,3,4,31,5,1.70000004768372,1
2023091707,2066,Ryan Tannehill,Passer,14.288964273172498,59.870000000000005,7.82,3.28,1,10,40,7,5.84000015258789,1
2023091707,2216,Ryan Tannehill,Passer,25.423424238288593,21.519999999999996,5.57,3.94,2,6,24,7,6.05000019073486,0
2023091707,2334,Justin Herbert,Passer,12.07723478284661,208.65000000000003,3.68,2.95,1,10,25,7,2.17000007629395,1
2023091707,2592,Ryan Tannehill,Passer,15.342154346766296,69.19,3.19,3.46,1,10,47,6,0.180000007152557,1
2023091707,2617,Ryan Tannehill,Passer,13.098595344539811,164.51,2.81,3.77,2,7,50,6,2.63000011444092,0
2023091707,2678,Justin Herbert,Passer,16.032994105905487,4.019999999999982,5.83,4.59,1,10,20,4,2.34999990463257,1
2023091707,2745,Justin Herbert,Passer,18.869724428300483,264.34000000000003,5.86,3.43,2,10,20,5,3.84999990463257,1
2023091707,2878,Justin Herbert,Passer,18.223877194494044,305.23,5.63,1.41,2,6,12,6,1.60000002384186,1
2023091707,3091,Justin Herbert,Passer,10.685415293754385,96.39000000000001,7.17,3.43,2,10,34,6,2.02999997138977,1
2023091707,3376,Justin Herbert,Passer,23.490359724789233,99.36,4.02,3.62,2,7,47,6,2.52999997138977,0
2023091707,3399,Justin Herbert,Passer,22.377220560203625,176.17000000000002,5.17,4.13,3,7,47,5,3.52999997138977,0
2023091707,3520,Ryan Tannehill,Passer,18.66960095984914,260.59,7.68,2.51,3,4,27,6,3.23000001907349,1
2023091707,3600,Ryan Tannehill,Passer,12.361618017072034,32.97,5.38,1.21,3,4,4,6,0.310000002384186,1
2023091707,3707,Justin Herbert,Passer,12.70119679400331,142.88,3.0,3.64,2,1,49,5,2.04999995231628,1
2023091707,3782,Justin Herbert,Passer,15.853340342022562,99.99000000000001,5.9,2.68,1,5,39,5,2.34999990463257,1
2023091707,3807,Justin Herbert,Passer,23.394529275024965,71.50999999999999,7.62,0.58,1,10,25,5,3.46000003814697,0
2023091707,3830,Justin Herbert,Passer,17.455618006819464,303.65000000000003,3.57,4.94,2,10,25,5,2.74000000953674,1
2023091707,3855,Justin Herbert,Passer,16.818257935945688,146.04999999999998,3.41,4.55,1,10,14,5,2.11999988555908,1
2023091707,3880,Justin Herbert,Passer,14.954865429016742,111.76999999999998,3.65,4.19,2,6,10,7,1.85000002384186,1
2023091707,4001,Justin Herbert,Passer,26.620700591832662,34.69,8.69,1.05,1,10,25,6,2.66000008583069,0
2023091708,94,Joshua Dobbs,Passer,18.785103140520686,123.38,4.77,2.35,1,10,42,8,6.82999992370605,1
2023091708,119,Joshua Dobbs,Passer,17.486923686000353,215.16,6.65,4.25,2,5,47,6,1.47000002861023,1
2023091708,264,Daniel Jones,Passer,19.8410080389077,134.78000000000003,4.29,4.42,1,15,40,6,1.12999999523163,1
2023091708,289,Daniel Jones,Passer,13.133533416411593,322.5,7.56,1.09,2,8,47,5,1.5,1
2023091708,402,Joshua Dobbs,Passer,13.881901886989407,168.38,2.65,3.73,1,10,42,6,0.140000000596046,1
2023091708,449,Joshua Dobbs,Passer,25.905020748881856,270.44,6.96,5.96,1,10,42,7,7.09999990463257,0
2023091708,494,Joshua Dobbs,Passer,26.815199048300947,304.38,7.32,5.34,3,7,39,5,4.38000011444092,1
2023091708,678,Daniel Jones,Passer,17.985207810865017,82.05000000000001,4.82,1.2,2,8,27,5,1.62000000476837,1
2023091708,792,Joshua Dobbs,Passer,21.830593212278952,226.29000000000002,8.06,2.52,1,10,20,7,3.50999999046326,1
2023091708,846,Joshua Dobbs,Passer,20.17210450101823,60.27000000000001,6.56,3.04,2,9,44,7,7.53999996185303,1
2023091708,916,Joshua Dobbs,Passer,24.779386594506335,74.89999999999998,7.89,2.22,3,5,37,6,3.50999999046326,1
2023091708,1110,Daniel Jones,Passer,15.041027225558766,129.31,6.98,3.61,1,10,25,5,0.300000011920929,0
2023091708,1168,Daniel Jones,Passer,10.412209179612177,178.48,0.33,3.42,3,10,25,5,4.55999994277954,1
2023091708,1436,Joshua Dobbs,Passer,10.891505864663527,113.71999999999998,6.33,0.79,3,9,23,6,2.59999990463257,1
2023091708,1582,Daniel Jones,Passer,28.322911220423652,57.11999999999999,8.75,0.81,1,10,39,6,3.45000004768372,0
2023091708,1628,Daniel Jones,Passer,18.528683169615697,152.32,5.15,5.97,3,10,39,6,2.24000000953674,1
2023091708,1675,Daniel Jones,Passer,17.835159096571026,291.90000000000003,6.12,2.89,2,9,48,6,3.25999999046326,1
2023091708,1864,Joshua Dobbs,Passer,18.31556987920387,144.08000000000004,3.71,4.03,2,17,30,4,1.61000001430511,1
2023091708,1968,Daniel Jones,Passer,15.350342015733721,127.55,5.31,3.54,1,10,25,7,1.4099999666214,1
2023091708,1993,Daniel Jones,Passer,11.210004460302411,3.030000000000001,6.78,1.38,2,1,34,6,3.94000005722046,1
2023091708,2043,Daniel Jones,Passer,19.197650897961445,103.44,3.77,5.13,1,10,44,5,3.40000009536743,0
2023091708,2139,Daniel Jones,Passer,26.82517660706077,16.299999999999955,9.29,1.72,1,10,25,7,2.75,1
2023091708,2164,Daniel Jones,Passer,5.924905062530539,72.54999999999998,8.56,0.83,1,10,17,6,1.05999994277954,1
2023091708,2300,Joshua Dobbs,Passer,15.285381905598564,154.59,6.66,2.5,1,10,47,5,2.92000007629395,1
2023091708,2456,Joshua Dobbs,Passer,13.717149849731898,75.19,7.34,0.92,2,3,3,6,2.91000008583069,1
2023091708,2522,Daniel Jones,Passer,12.444798110053853,137.31000000000003,7.87,1.51,1,10,25,6,1.26999998092651,1
2023091708,2698,Daniel Jones,Passer,14.411249078410934,195.16,3.49,3.82,2,3,14,5,1.76999998092651,1
2023091708,2766,Daniel Jones,Passer,19.05542704848149,56.190000000000026,4.35,3.58,1,6,6,7,1.26999998092651,0
2023091708,2886,Joshua Dobbs,Passer,15.973693999823587,37.72,5.45,3.95,1,10,25,7,2.69000005722046,1
2023091708,2933,Joshua Dobbs,Passer,12.068769614173604,21.76000000000002,5.34,2.61,2,11,41,7,6.30000019073486,1
2023091708,2999,Joshua Dobbs,Passer,28.89292820051301,195.01000000000002,7.4,4.08,3,11,41,7,6.3899998664856,1
2023091708,3082,Joshua Dobbs,Passer,13.356739871690246,115.96000000000001,6.14,4.99,2,11,44,8,1.54999995231628,0
2023091708,3169,Daniel Jones,Passer,21.69944238914908,60.41999999999999,7.64,0.89,1,10,20,6,7.61999988555908,1
2023091708,3206,Daniel Jones,Passer,22.405938944842283,8.009999999999998,6.52,5.66,1,10,35,6,7.34000015258789,1
2023091708,3231,Daniel Jones,Passer,31.237061321449552,120.54999999999998,8.93,1.38,1,10,40,6,3.14000010490417,0
2023091708,3310,Daniel Jones,Passer,11.787179476023946,84.38000000000001,7.65,4.74,1,10,29,5,0.259999990463257,1
2023091708,3384,Daniel Jones,Passer,15.762896307468372,102.52,4.42,4.62,3,7,12,4,2.50999999046326,1
2023091708,3665,Joshua Dobbs,Passer,13.501070327940669,124.03999999999999,4.23,1.55,3,14,21,4,6.46999979019165,1
2023091708,3755,Daniel Jones,Passer,29.92147389417841,56.83,9.05,3.23,1,10,49,7,7.34999990463257,1
2023091708,3780,Daniel Jones,Passer,5.241039973135105,239.01999999999998,6.84,0.69,1,10,18,6,2.75999999046326,1
2023091708,3805,Daniel Jones,Passer,14.49844819282394,116.21,6.24,4.22,2,11,19,6,0.300000011920929,1
2023091708,4048,Joshua Dobbs,Passer,13.667574766578007,301.35,7.06,2.24,3,16,19,3,4.48999977111816,1
2023091708,4093,Daniel Jones,Passer,14.690952998359226,98.19,6.55,2.42,1,10,28,6,7.07999992370605,1
2023091708,4145,Daniel Jones,Passer,23.94336024872031,122.80000000000001,5.97,4.55,1,10,46,6,3.08999991416931,1
2023091708,4341,Joshua Dobbs,Passer,19.897982309772015,225.36,4.53,2.72,1,10,20,5,4.51000022888184,1
2023091709,171,Brock Purdy,Passer,24.288635202497478,2.0500000000000114,7.01,2.18,2,9,50,6,3.66000008583069,1
2023091709,243,Brock Purdy,Passer,23.766819307597725,34.829999999999984,4.21,4.44,3,7,35,4,2.07999992370605,1
2023091709,386,Matthew Stafford,Passer,17.598286848440672,43.75,4.12,1.56,2,7,28,6,1.47000002861023,1
2023091709,468,Matthew Stafford,Passer,31.004588370110632,57.50999999999999,5.54,5.81,1,10,47,6,4.42999982833862,1
2023091709,493,Matthew Stafford,Passer,14.513069971580789,51.28,1.48,2.57,1,10,38,7,0.930000007152557,1
2023091709,583,Matthew Stafford,Passer,10.396999567182835,130.41,3.89,2.82,1,20,37,6,3.39000010490417,0
2023091709,718,Brock Purdy,Passer,14.048234764553154,106.87,5.45,5.53,2,7,28,6,0.860000014305115,1
2023091709,841,Brock Purdy,Passer,19.607600567127022,9.539999999999992,5.82,1.71,3,6,9,6,3.08999991416931,0
2023091709,998,Matthew Stafford,Passer,20.86812401726614,73.74,6.53,2.05,2,10,40,6,3.64000010490417,1
2023091709,1058,Matthew Stafford,Passer,10.921726054063068,274.55999999999995,4.39,2.87,1,10,34,6,3.74000000953674,1
2023091709,1083,Matthew Stafford,Passer,11.687861224364363,144.12,6.18,1.99,1,10,24,6,3.94000005722046,1
2023091709,1302,Brock Purdy,Passer,25.454007543017664,84.43,5.55,2.89,2,9,45,6,2.55999994277954,0
2023091709,1403,Matthew Stafford,Passer,16.649867867343573,126.28999999999999,5.23,3.49,2,5,17,6,1.51999998092651,1
2023091709,1462,Matthew Stafford,Passer,22.253566006373,70.81,4.54,5.08,2,10,25,6,4.21999979019165,1
2023091709,1524,Matthew Stafford,Passer,25.113480443777597,121.69999999999999,8.32,3.99,1,10,46,6,6.46999979019165,1
2023091709,1581,Matthew Stafford,Passer,21.123278628091803,48.22999999999999,4.39,4.93,2,10,36,6,3.3199999332428,1
2023091709,1860,Brock Purdy,Passer,20.450256722104985,43.980000000000004,6.66,3.45,1,10,40,6,3.07999992370605,1
2023091709,1885,Brock Purdy,Passer,21.66237290787877,44.550000000000004,6.32,0.54,1,10,20,6,0.930000007152557,0
2023091709,2085,Matthew Stafford,Passer,18.922285802724783,125.49999999999997,3.8,2.87,1,10,21,6,1.53999996185303,1
2023091709,2159,Matthew Stafford,Passer,21.250912921566453,105.9,6.92,5.15,2,10,32,6,3.08999991416931,1
2023091709,2189,Matthew Stafford,Passer,11.118938798284661,29.68,5.89,1.87,1,10,43,6,3.25999999046326,1
2023091709,2244,Matthew Stafford,Passer,16.08294127328704,171.3,6.68,3.38,3,5,48,6,3.63000011444092,1
2023091709,2391,Brock Purdy,Passer,22.362819589667133,6.280000000000001,5.84,5.86,3,7,21,6,2.39000010490417,0
2023091709,2477,Matthew Stafford,Passer,16.0361154897313,272.95,6.65,2.04,2,5,33,6,8.56999969482422,1
2023091709,2534,Matthew Stafford,Passer,19.58438408528591,231.75,2.14,6.52,2,8,50,5,3.09999990463257,1
2023091709,2642,Matthew Stafford,Passer,17.48846762869749,191.26000000000002,1.5,3.22,2,16,31,6,4.98000001907349,0
2023091709,2676,Brock Purdy,Passer,22.82357553057802,46.22,6.13,5.78,1,10,28,6,3.33999991416931,1
2023091709,2708,Brock Purdy,Passer,12.74378672137917,259.95000000000005,7.58,0.41,1,10,46,8,5.28000020980835,1
2023091709,2785,Brock Purdy,Passer,23.79131984569162,35.81,8.58,1.35,3,7,39,7,3.91000008583069,0
2023091709,2854,Matthew Stafford,Passer,29.91896388580327,41.440000000000026,8.56,2.4,1,10,25,7,8.0,0
2023091709,2877,Matthew Stafford,Passer,21.79588263870037,44.72000000000003,6.83,3.42,2,10,25,6,3.16000008583069,0
2023091709,2993,Brock Purdy,Passer,30.58238872292353,262.63,6.27,6.25,2,7,29,6,4.6399998664856,1
2023091709,3018,Brock Purdy,Passer,21.074088355134133,2.3100000000000023,8.77,1.94,1,10,45,6,7.98999977111816,1
2023091709,3182,Matthew Stafford,Passer,13.563723677515698,74.99000000000001,5.4,2.98,1,10,25,5,1.53999996185303,1
2023091709,3207,Matthew Stafford,Passer,13.576453881629035,187.23000000000002,3.28,4.02,1,10,37,6,1.98000001907349,1
2023091709,3255,Matthew Stafford,Passer,20.851249363047767,52.25999999999999,5.95,5.18,3,2,45,6,2.65000009536743,0
2023091709,3278,Matthew Stafford,Passer,16.27917995477659,95.24000000000001,4.32,4.86,4,2,45,6,2.1800000667572,1
2023091709,3303,Matthew Stafford,Passer,16.50340873880303,197.75,5.96,4.28,1,10,46,6,3.01999998092651,0
2023091709,3326,Matthew Stafford,Passer,10.565154991764205,241.49,7.77,0.48,2,10,46,5,3.80999994277954,1
2023091709,3390,Matthew Stafford,Passer,14.320659900996183,48.34,6.87,1.95,2,4,30,6,2.08999991416931,1
2023091709,3480,Matthew Stafford,Passer,10.47456443008491,0.6000000000000085,6.82,2.8,2,21,30,6,3.74000000953674,0
2023091709,3503,Matthew Stafford,Passer,18.09279690926752,192.65,3.74,4.69,3,21,30,6,3.98000001907349,0
2023091709,3736,Matthew Stafford,Passer,18.283566391708163,50.510000000000005,6.09,0.94,3,5,25,5,3.85999989509583,0
2023091709,3889,Matthew Stafford,Passer,11.999304146491161,90.99,6.19,1.4,1,10,30,6,0.949999988079071,0
2023091709,3944,Matthew Stafford,Passer,12.672667438230992,175.08000000000004,5.92,2.94,3,10,30,6,4.40000009536743,1
2023091709,4269,Matthew Stafford,Passer,21.88345722229466,95.99000000000001,2.68,4.98,1,10,40,6,3.8199999332428,1
2023091709,4294,Matthew Stafford,Passer,22.07264370210329,223.64,6.36,3.65,2,1,49,6,5.03999996185303,0
2023091709,4342,Matthew Stafford,Passer,35.772536952248714,92.46000000000001,9.05,2.1,1,10,45,5,5.76999998092651,0
2023091709,4372,Matthew Stafford,Passer,7.517745672739933,131.66,3.2,1.66,2,10,45,6,4.55999994277954,1
2023091709,4397,Matthew Stafford,Passer,15.754364474646373,106.19,5.4,3.53,3,2,37,4,2.3199999332428,1
2023091710,230,Dak Prescott,Passer,9.127633866451918,196.07999999999998,4.2,0.5,2,8,22,6,2.05999994277954,1
2023091710,321,Dak Prescott,Passer,15.852611772197033,202.98,5.0,2.16,3,4,4,6,2.52999997138977,1
2023091710,467,Dak Prescott,Passer,12.605621761737895,265.84,2.25,4.53,1,10,31,6,1.48000001907349,1
2023091710,521,Dak Prescott,Passer,15.76118333120962,94.95000000000002,6.12,2.46,3,5,36,5,3.46000003814697,1
2023091710,689,Zach Wilson,Passer,19.282709871799653,253.85999999999996,4.65,4.3,2,1,32,8,8.55000019073486,0
2023091710,805,Dak Prescott,Passer,18.61154749073811,92.44,6.47,2.93,1,12,3,8,3.22000002861023,1
2023091710,921,Dak Prescott,Passer,14.771502970246466,48.74000000000001,6.63,3.54,3,2,44,6,2.20000004768372,1
2023091710,973,Dak Prescott,Passer,15.814860100551,315.18,6.57,1.61,2,6,40,7,7.80000019073486,1
2023091710,1020,Dak Prescott,Passer,11.948397382075974,73.77999999999997,5.99,1.09,1,10,33,7,2.55999994277954,1
2023091710,1067,Dak Prescott,Passer,19.435148571595743,177.24,1.6,7.12,3,7,30,6,3.94000005722046,1
2023091710,1137,Dak Prescott,Passer,17.33717681746368,123.96000000000001,2.62,5.44,3,7,20,6,2.36999988555908,1
2023091710,1250,Zach Wilson,Passer,16.454652837419573,221.45,7.15,0.56,3,4,31,6,4.05999994277954,0
2023091710,1322,Dak Prescott,Passer,21.930583667563432,64.44999999999999,6.89,6.21,2,8,25,6,6.1100001335144,0
2023091710,1345,Dak Prescott,Passer,28.068183054839864,31.480000000000018,7.81,0.77,3,8,25,6,4.51999998092651,0
2023091710,1460,Dak Prescott,Passer,11.370505705552414,89.91000000000003,6.32,2.7,1,10,25,5,1.89999997615814,1
2023091710,1485,Dak Prescott,Passer,22.580132860548,272.79999999999995,7.15,2.97,2,9,26,6,3.50999999046326,1
2023091710,1510,Dak Prescott,Passer,6.848948824454745,251.05999999999997,0.9,1.81,1,10,46,6,4.53000020980835,1
2023091710,1538,Dak Prescott,Passer,18.341842873604598,124.07000000000001,5.25,2.12,2,3,47,5,1.16999995708466,0
2023091710,1678,Dak Prescott,Passer,8.722138499244322,291.39,5.05,1.22,2,7,11,6,2.73000001907349,1
2023091710,1820,Dak Prescott,Passer,11.847484965172987,81.11000000000001,6.33,2.13,1,1,1,11,7.07999992370605,1
2023091710,1899,Zach Wilson,Passer,13.537599491785835,119.38,4.13,2.63,1,10,25,6,1.79999995231628,1
2023091710,1924,Zach Wilson,Passer,10.965628116984453,190.5,2.82,2.77,2,2,33,6,4.03999996185303,1
2023091710,1949,Zach Wilson,Passer,15.522477250748343,160.43,1.43,2.43,1,10,36,6,3.76999998092651,1
2023091710,2266,Zach Wilson,Passer,6.1618341425260645,166.39000000000001,2.73,1.19,1,10,25,7,7.0,0
2023091710,2452,Dak Prescott,Passer,26.376754917919673,63.639999999999986,7.76,2.55,3,14,39,6,4.55999994277954,1
2023091710,2627,Dak Prescott,Passer,15.644123497339187,24.700000000000017,5.69,3.06,3,3,3,8,3.76999998092651,0
2023091710,2686,Zach Wilson,Passer,25.348155751454584,231.98999999999998,4.34,3.25,1,10,25,6,3.4300000667572,1
2023091710,2822,Dak Prescott,Passer,10.67356079291255,55.03,5.99,1.34,2,10,37,6,2.90000009536743,1
2023091710,2958,Zach Wilson,Passer,15.296251174715982,271.46,6.3,1.48,3,17,18,5,3.90000009536743,1
2023091710,3223,Dak Prescott,Passer,21.436403616278547,40.60000000000002,6.35,2.02,1,15,30,6,2.63000011444092,1
2023091710,3299,Dak Prescott,Passer,15.905703379605692,121.88,6.22,2.4,3,11,11,6,2.88000011444092,1
2023091710,3372,Zach Wilson,Passer,20.399225475492937,80.11999999999999,6.84,1.21,1,10,25,6,1.98000001907349,1
2023091710,3659,Zach Wilson,Passer,24.0166150820635,21.049999999999997,7.99,1.84,1,10,25,6,2.63000011444092,0
2023091710,3682,Zach Wilson,Passer,18.698983929615,169.89000000000001,1.87,3.93,2,10,25,6,3.80999994277954,1
2023091710,3815,Zach Wilson,Passer,15.217470223397843,199.27999999999997,2.1,2.51,1,15,36,6,2.00999999046326,1
2023091710,3860,Zach Wilson,Passer,29.047073862955624,68.11999999999999,8.05,1.44,2,15,48,4,4.92999982833862,0
2023091710,3973,Zach Wilson,Passer,11.97100664104736,139.35000000000002,3.69,3.93,1,10,31,6,3.25999999046326,1
2023091710,4044,Zach Wilson,Passer,8.16279976478659,42.18000000000001,6.23,1.31,3,10,42,5,3.26999998092651,1
2023091710,4103,Zach Wilson,Passer,12.915301003073832,230.46,4.42,3.52,1,10,47,6,4.76999998092651,0
2023091710,4152,Dak Prescott,Passer,8.389523228408157,301.94,6.56,1.32,2,5,42,8,5.23000001907349,1
2023091711,182,Sam Howell,Passer,14.61540283399674,57.83000000000001,6.61,1.17,1,10,30,6,5.63000011444092,1
2023091711,271,Russell Wilson,Passer,17.53288624271543,84.97,4.08,4.68,1,10,39,6,2.17000007629395,1
2023091711,551,Sam Howell,Passer,24.5808909521197,148.98,3.67,5.55,1,10,39,6,3.52999997138977,1
2023091711,622,Sam Howell,Passer,17.778155134883935,254.21,5.53,4.23,1,5,45,6,1.07000005245209,1
2023091711,675,Sam Howell,Passer,21.611145272752207,114.13,6.95,4.07,2,10,40,4,2.76999998092651,1
2023091711,720,Sam Howell,Passer,18.492595815623073,43.74000000000001,6.21,5.76,2,18,30,5,2.90000009536743,1
2023091711,1031,Russell Wilson,Passer,19.663621233129977,19.24000000000001,7.63,2.43,1,10,10,6,2.73000001907349,0
2023091711,1082,Russell Wilson,Passer,29.11577579251496,4.75,9.7,0.61,3,4,16,6,3.63000011444092,1
2023091711,1363,Sam Howell,Passer,21.716399333222803,31.97999999999996,1.99,5.45,3,9,26,5,4.40000009536743,0
2023091711,1577,Sam Howell,Passer,20.17063459586733,127.42999999999998,5.76,4.75,1,20,41,5,4.1399998664856,1
2023091711,1784,Sam Howell,Passer,10.905356482022952,263.90999999999997,4.45,3.29,3,4,4,6,0.5,0
2023091711,1960,Russell Wilson,Passer,14.42616026529582,123.56,4.49,3.32,3,9,26,5,2.69000005722046,1
2023091711,2035,Sam Howell,Passer,20.862945621364197,168.74,2.59,5.37,2,10,23,5,4.78000020980835,1
2023091711,2060,Sam Howell,Passer,11.6608104349569,125.61000000000001,6.66,1.59,1,10,37,5,3.83999991416931,1
2023091711,2150,Sam Howell,Passer,28.03672591441448,77.41000000000003,7.91,3.88,3,13,34,4,4.1399998664856,1
2023091711,2539,Sam Howell,Passer,29.38322310434987,74.49000000000001,9.35,2.97,1,10,30,7,4.46000003814697,1
2023091711,2647,Russell Wilson,Passer,19.664081468504957,46.74000000000001,7.6,0.55,1,10,36,6,2.25,0
2023091711,2863,Sam Howell,Passer,12.440233116786835,108.15,4.26,3.44,2,8,29,7,2.23000001907349,1
2023091711,2939,Russell Wilson,Passer,10.241703959791067,154.07999999999998,5.2,0.96,1,10,49,6,7.86999988555908,1
2023091711,2998,Russell Wilson,Passer,11.884864324004715,168.64000000000001,7.48,1.08,3,2,43,8,2.92000007629395,1
2023091711,3023,Russell Wilson,Passer,12.28766047708025,199.46,5.46,1.76,1,10,30,6,6.53999996185303,1
2023091711,3073,Russell Wilson,Passer,9.627502272136837,283.52,7.8,1.02,1,10,18,5,2.72000002861023,1
2023091711,3211,Sam Howell,Passer,25.247201825152825,7.759999999999991,4.42,3.56,1,20,15,6,2.54999995231628,1
2023091711,3511,Russell Wilson,Passer,11.095819032410365,87.70000000000002,4.89,4.46,2,9,31,7,2.70000004768372,0
2023091711,3747,Sam Howell,Passer,10.631697888860465,120.56000000000003,7.1,1.24,1,10,34,6,4.46999979019165,1
2023091711,3794,Sam Howell,Passer,17.586020015910364,84.48999999999998,6.13,3.84,1,10,23,6,1.85000002384186,1
2023091711,3943,Russell Wilson,Passer,20.10349472106778,63.59,7.12,3.38,2,10,35,5,2.44000005722046,1
2023091711,4035,Russell Wilson,Passer,11.675786911382037,129.15,3.61,2.21,2,10,29,5,2.13000011444092,1
2023091711,4219,Russell Wilson,Passer,10.439027732504597,82.85,3.53,4.73,2,4,4,7,1.5900000333786,0
2023091711,4471,Russell Wilson,Passer,26.617206840688603,116.89,5.69,4.36,1,15,8,6,5.07999992370605,1
2023091711,4501,Russell Wilson,Passer,23.351505304797808,199.01000000000002,3.44,1.69,2,3,20,4,4.82999992370605,0
2023091711,4524,Russell Wilson,Passer,28.127788750628802,22.36999999999999,3.37,2.11,3,3,20,6,2.16000008583069,0
2023091711,4592,Russell Wilson,Passer,25.21966296364803,256.76,6.06,5.81,2,10,34,6,2.9300000667572,1
2023091711,4627,Russell Wilson,Passer,40.1150009348124,15.560000000000002,9.0,1.46,1,10,50,5,6.1399998664856,1
2023091712,343,Tua Tagovailoa,Passer,12.063374320645117,157.87,4.51,0.51,1,10,32,5,1.4099999666214,1
2023091712,420,Tua Tagovailoa,Passer,13.98557113599584,7.049999999999997,6.32,2.15,1,10,44,6,5.76999998092651,1
2023091712,445,Tua Tagovailoa,Passer,13.521397856730644,87.79,4.89,1.84,2,4,38,6,0.349999994039536,1
2023091712,643,Mac Jones,Passer,16.096872367015898,156.8,5.93,4.6,2,8,27,6,2.25,1
2023091712,719,Mac Jones,Passer,15.81226422749127,40.01999999999998,5.66,6.35,1,10,43,6,3.22000002861023,1
2023091712,788,Mac Jones,Passer,24.92580389877125,12.770000000000039,6.38,4.08,2,8,39,6,4.13000011444092,0
2023091712,811,Mac Jones,Passer,12.993367538863822,116.85999999999999,5.0,4.76,3,8,39,6,4.09999990463257,1
2023091712,894,Tua Tagovailoa,Passer,20.928841343944484,59.72999999999996,7.78,2.36,2,7,30,4,1.75999999046326,0
2023091712,922,Tua Tagovailoa,Passer,20.551926916958422,6.1299999999999955,8.21,3.77,3,7,30,6,3.46000003814697,1
2023091712,1245,Mac Jones,Passer,20.85717382580871,98.87,4.02,5.09,2,7,28,6,3.25,1
2023091712,1304,Mac Jones,Passer,28.891244348418088,8.709999999999994,6.04,0.89,1,10,35,6,4.01999998092651,0
2023091712,1493,Tua Tagovailoa,Passer,20.603577359284,66.51999999999998,7.2,1.91,2,7,19,5,1.19000005722046,0
2023091712,1579,Mac Jones,Passer,11.442954164026004,128.41,3.46,2.8,1,10,34,6,2.21000003814697,1
2023091712,1639,Mac Jones,Passer,12.476942734500303,154.35,3.78,5.19,1,10,45,5,2.5,1
2023091712,1712,Mac Jones,Passer,19.237006004053754,48.26999999999998,4.33,2.78,1,10,44,6,2.29999995231628,1
2023091712,1921,Tua Tagovailoa,Passer,16.386961280237404,137.66000000000003,6.4,3.16,1,10,25,5,1.73000001907349,1
2023091712,2003,Tua Tagovailoa,Passer,16.85773709606363,57.26000000000002,6.57,1.63,1,10,40,7,1.71000003814697,1
2023091712,2028,Tua Tagovailoa,Passer,13.615667445997648,238.16000000000003,4.87,4.25,1,10,38,6,2.23000001907349,1
2023091712,2053,Tua Tagovailoa,Passer,21.337802136115144,60.45999999999998,4.97,2.76,2,4,32,5,1.04999995231628,1
2023091712,2078,Tua Tagovailoa,Passer,20.149168717344146,21.430000000000007,5.97,2.3,1,10,20,6,3.96000003814697,1
2023091712,2184,Tua Tagovailoa,Passer,12.479206705556246,37.48000000000002,3.94,3.69,1,2,2,6,2.22000002861023,1
2023091712,2579,Tua Tagovailoa,Passer,15.311832026246892,42.05,6.67,3.87,1,10,8,8,0.519999980926514,1
2023091712,2685,Tua Tagovailoa,Passer,13.623582495070819,31.400000000000006,4.99,1.68,3,3,33,6,2.02999997138977,1
2023091712,2732,Tua Tagovailoa,Passer,20.174798635922,31.43,7.43,1.84,2,11,38,6,2.15000009536743,1
2023091712,2828,Tua Tagovailoa,Passer,17.745176809488257,180.07,1.86,5.37,2,15,35,6,4.59000015258789,1
2023091712,2853,Tua Tagovailoa,Passer,12.527992656447402,249.95999999999998,6.72,1.77,3,11,31,7,3.46000003814697,0
2023091712,2935,Mac Jones,Passer,28.916543707711682,25.089999999999975,5.09,4.72,2,1,40,6,3.73000001907349,0
2023091712,3011,Mac Jones,Passer,17.48517657903402,256.97,5.78,5.52,2,10,33,6,1.66999995708466,1
2023091712,3306,Mac Jones,Passer,17.861671254392746,158.32999999999998,2.62,4.9,2,7,45,6,3.36999988555908,1
2023091712,3331,Mac Jones,Passer,23.568156482847787,199.73,4.14,4.56,1,10,42,5,3.45000004768372,1
2023091712,3479,Mac Jones,Passer,12.147118999993378,94.27000000000001,3.65,1.88,2,4,6,8,1.49000000953674,1
2023091712,3576,Tua Tagovailoa,Passer,15.726722481178331,47.46999999999997,6.63,2.83,2,3,37,5,0.419999986886978,1
2023091712,3606,Tua Tagovailoa,Passer,31.422662204211782,26.639999999999986,9.57,2.44,1,10,45,6,4.26999998092651,0
2023091712,3844,Mac Jones,Passer,11.440354015501446,125.69,3.53,1.36,1,10,33,5,1.99000000953674,1
2023091712,3903,Mac Jones,Passer,9.610879252180835,55.75999999999999,3.12,1.03,1,10,46,6,5.21000003814697,1
2023091712,3951,Mac Jones,Passer,20.32984259653773,31.499999999999986,6.46,2.49,3,7,49,5,5.25,1
2023091712,4055,Mac Jones,Passer,25.526319750406632,94.60999999999999,1.82,4.31,2,5,13,6,4.82999992370605,1
2023091712,4328,Mac Jones,Passer,14.269884372341636,131.32,6.05,3.64,1,10,45,5,3.45000004768372,1
2023091712,4353,Mac Jones,Passer,16.444832014952297,90.08,3.86,5.92,2,7,48,5,2.82999992370605,1
2023091712,4405,Mac Jones,Passer,19.30586698389897,148.28,1.53,1.91,2,18,47,3,3.5699999332428,0
2023091712,4428,Mac Jones,Passer,20.87629277434094,1.1599999999999966,6.41,3.92,3,18,47,5,4.13000011444092,1
2023091712,4453,Mac Jones,Passer,16.94265622622379,78.6,5.2,4.52,4,4,33,5,4.48000001907349,1
2023091800,148,Derek Carr,Passer,29.369434791973784,10.509999999999991,6.55,5.78,2,6,43,6,6.8899998664856,0
2023091800,429,Bryce Young,Passer,16.025969549453162,76.82,4.5,3.49,3,15,44,6,3.01999998092651,1
2023091800,523,Derek Carr,Passer,18.094731277363582,288.82,8.77,1.14,1,10,25,6,5.17999982833862,0
2023091800,646,Derek Carr,Passer,14.23878154899498,242.31000000000003,4.04,3.09,1,10,36,7,1.95000004768372,1
2023091800,743,Derek Carr,Passer,11.399758769377533,126.69,8.43,1.27,3,3,42,5,3.53999996185303,1
2023091800,790,Derek Carr,Passer,14.369512865786373,102.89000000000001,6.15,0.8,2,10,39,6,3.21000003814697,1
2023091800,837,Derek Carr,Passer,15.553996271055233,116.86000000000001,5.79,4.32,2,3,18,6,1.57000005245209,1
2023091800,881,Derek Carr,Passer,8.290313624948093,233.57,2.43,0.78,1,10,14,7,7.48000001907349,1
2023091800,1102,Bryce Young,Passer,20.389418824478543,30.70999999999998,6.21,1.86,3,6,29,5,3.41000008583069,0
2023091800,1236,Derek Carr,Passer,19.250415579929697,136.86,4.72,3.16,2,1,36,5,1.72000002861023,1
2023091800,1340,Derek Carr,Passer,27.438950417244463,66.73000000000002,4.56,2.96,2,9,23,6,4.67000007629395,0
2023091800,1454,Derek Carr,Passer,20.332596981202375,77.55000000000001,6.19,5.25,2,5,5,7,4.5,0
2023091800,1477,Derek Carr,Passer,8.249169655183485,65.11,6.14,1.93,3,5,5,6,2.58999991416931,0
2023091800,1705,Derek Carr,Passer,13.99140450419471,88.67,3.88,3.49,2,9,43,6,1.35000002384186,1
2023091800,1730,Derek Carr,Passer,17.73773660871082,127.49000000000001,3.36,3.0,3,2,50,6,1.39999997615814,0
2023091800,1773,Bryce Young,Passer,18.51842325901426,110.73000000000002,8.44,0.56,1,10,10,7,5.6100001335144,1
2023091800,1854,Bryce Young,Passer,15.615428268222429,94.62999999999997,6.83,2.28,3,3,32,6,1.57000005245209,0
2023091800,1920,Derek Carr,Passer,13.770439353920409,167.06,2.19,5.78,2,10,21,5,1.75,1
2023091800,1945,Derek Carr,Passer,22.830733671960694,46.71000000000001,8.75,1.65,3,4,27,6,4.28999996185303,0
2023091800,2098,Derek Carr,Passer,17.47808341895644,187.12000000000003,2.0,4.69,1,10,41,5,1.25999999046326,1
2023091800,2455,Bryce Young,Passer,22.985599839899766,102.32999999999998,6.78,3.49,1,10,42,7,4.38000011444092,0
2023091800,2700,Bryce Young,Passer,14.852669793676826,46.920000000000016,6.0,0.82,2,9,40,6,1.78999996185303,0
2023091800,2839,Derek Carr,Passer,15.264140984673851,169.11,1.73,4.29,1,10,25,5,1.85000002384186,1
2023091800,2943,Derek Carr,Passer,26.937453480238254,35.519999999999996,8.7,2.36,3,7,28,5,3.25999999046326,1
2023091800,2968,Derek Carr,Passer,10.595645331927637,71.04000000000002,6.85,0.85,1,10,30,6,5.55999994277954,1
2023091800,3225,Bryce Young,Passer,10.169375595384409,194.88,1.89,3.48,3,16,19,4,3.19000005722046,1
2023091800,3634,Bryce Young,Passer,8.323280603223715,83.72,7.73,1.76,1,10,41,6,2.4300000667572,1
2023091800,3705,Bryce Young,Passer,9.170087240588268,167.28,3.55,2.55,1,10,20,6,0.819999992847443,1
2023091800,3852,Derek Carr,Passer,31.514798111363486,112.91,8.54,4.01,2,11,20,6,2.89000010490417,1
2023091800,4057,Bryce Young,Passer,13.314972775037882,126.3,3.4,3.74,1,10,25,6,1.64999997615814,1
2023091800,4114,Bryce Young,Passer,13.136879385912014,269.21,5.58,5.99,2,4,31,7,2.71000003814697,0
2023091800,4142,Bryce Young,Passer,15.51101866416258,140.06000000000003,3.84,3.04,3,4,31,6,2.25,1
2023091800,4167,Bryce Young,Passer,12.612953658838203,111.45999999999998,6.83,0.99,1,10,38,6,2.52999997138977,1
2023091800,4197,Bryce Young,Passer,8.895403307326768,208.04,3.52,3.26,2,8,40,5,1.48000001907349,1
2023091800,4222,Bryce Young,Passer,24.046931197140314,32.8,5.58,1.64,3,2,46,6,3.73000001907349,0
2023091800,4274,Bryce Young,Passer,15.76022842474055,61.69,6.83,1.32,1,10,40,5,1.88999998569489,1
2023091800,4304,Bryce Young,Passer,15.384407690905748,112.11000000000001,6.61,1.89,2,1,31,5,3.35999989509583,1
2023091800,4339,Bryce Young,Passer,21.425687853602277,59.41,7.53,1.4,1,10,25,6,2.88000011444092,1
2023091800,4369,Bryce Young,Passer,10.66381732776776,40.870000000000005,6.26,2.73,1,3,3,7,0.930000007152557,1
2023091801,384,Deshaun Watson,Passer,22.04492231784907,14.779999999999973,6.57,5.45,3,8,25,6,3.78999996185303,0
2023091801,911,Deshaun Watson,Passer,11.082820038239364,94.80000000000001,7.28,0.96,3,1,43,8,7.71999979019165,0
2023091801,1163,Deshaun Watson,Passer,16.36407039828417,85.37,6.29,4.33,2,7,20,7,2.10999989509583,1
2023091801,1351,Kenny Pickett,Passer,9.511182891733295,98.08000000000001,7.34,0.19,3,3,32,7,3.92000007629395,1
2023091801,1407,Kenny Pickett,Passer,12.508916819613118,145.38000000000002,8.26,0.77,2,12,40,7,3.95000004768372,0
2023091801,1478,Deshaun Watson,Passer,11.446121613891753,266.87,6.34,2.43,1,10,9,8,3.19000005722046,0
2023091801,1539,Deshaun Watson,Passer,20.23875490241433,161.82,2.92,0.9,3,12,7,5,4.82999992370605,0
2023091801,1615,Kenny Pickett,Passer,11.996341108854814,68.30000000000001,5.46,2.46,2,5,34,7,1.23000001907349,1
2023091801,1640,Kenny Pickett,Passer,16.46925013472077,8.78000000000003,6.51,0.89,3,5,34,7,1.82000005245209,0
2023091801,1838,Kenny Pickett,Passer,9.032319746333158,157.68,4.26,2.44,3,10,18,6,3.09999990463257,1
2023091801,1863,Kenny Pickett,Passer,20.312638922601863,189.89000000000001,6.38,3.82,1,10,29,7,0.829999983310699,1
2023091801,1990,Deshaun Watson,Passer,31.879675343390808,152.39,3.11,5.89,3,11,24,4,4.75,0
2023091801,2091,Kenny Pickett,Passer,26.346910634835343,137.22,4.29,4.9,3,8,49,5,3.20000004768372,1
2023091801,2116,Kenny Pickett,Passer,5.590921212108074,113.92,4.34,2.01,1,10,41,6,2.99000000953674,0
2023091801,2253,Deshaun Watson,Passer,11.729471428841114,91.31,5.68,1.49,1,20,15,6,4.32000017166138,1
2023091801,2308,Deshaun Watson,Passer,10.44592264953173,97.84,5.99,1.35,2,10,44,6,1.8400000333786,1
2023091801,2597,Kenny Pickett,Passer,24.622398339723127,185.32,6.89,3.22,3,10,25,6,3.51999998092651,1
2023091801,2723,Kenny Pickett,Passer,17.14074094081117,137.8,4.18,4.02,3,2,31,7,0.819999992847443,0
2023091801,2789,Deshaun Watson,Passer,10.469001862641925,163.92,2.23,2.19,1,10,25,7,2.61999988555908,1
2023091801,2955,Kenny Pickett,Passer,23.511941646746234,22.609999999999985,6.55,6.44,2,10,25,7,3.32999992370605,1
2023091801,3131,Deshaun Watson,Passer,13.743060066811909,13.779999999999973,5.4,3.59,1,10,37,6,0.150000005960464,0
2023091801,3154,Deshaun Watson,Passer,13.718462012922584,90.44,5.36,3.98,2,10,37,7,1.92999994754791,1
2023091801,3179,Deshaun Watson,Passer,16.15278613738199,118.94000000000003,6.21,3.98,3,3,44,6,2.41000008583069,1
2023091801,3204,Deshaun Watson,Passer,35.498170375386955,51.370000000000005,9.38,1.77,1,10,49,6,4.21999979019165,0
2023091801,3265,Deshaun Watson,Passer,11.476397518385278,79.12,3.67,5.7,3,25,34,6,4.75,1
2023091801,3509,Deshaun Watson,Passer,9.839684954306213,114.03999999999999,5.68,1.38,2,8,3,8,1.77999997138977,1
2023091801,3554,Deshaun Watson,Passer,20.37469263571846,24.35000000000001,6.13,1.11,3,6,5,5,3.48000001907349,1
2023091801,4004,Deshaun Watson,Passer,30.8581172465204,120.37,4.67,4.93,3,13,3,4,4.6100001335144,1
2023091801,4169,Deshaun Watson,Passer,19.938467844847054,141.79,4.9,4.16,1,10,36,5,2.77999997138977,0
2023091801,4371,Deshaun Watson,Passer,13.982549838995746,9.490000000000009,4.84,0.79,1,15,20,6,5.59000015258789,1
2023091801,4431,Deshaun Watson,Passer,24.51553996957848,189.29000000000002,2.64,5.36,1,10,36,5,4.32999992370605,1
2023092100,78,Brock Purdy,Passer,16.47194584740977,37.60000000000002,6.05,3.92,2,6,29,7,1.24000000953674,0
2023092100,126,Brock Purdy,Passer,25.103513698285344,334.61,7.48,4.08,1,10,43,7,4.82999992370605,0
2023092100,307,Brock Purdy,Passer,12.431098101133303,193.86,5.54,1.41,1,10,11,7,2.74000000953674,0
2023092100,330,Brock Purdy,Passer,16.608624265724114,113.88,6.01,3.24,2,10,11,7,1.51999998092651,0
2023092100,353,Brock Purdy,Passer,21.892921230388602,66.28,6.82,4.72,3,10,11,7,4.65000009536743,0
2023092100,423,Daniel Jones,Passer,18.471107167682177,2.6199999999999903,6.97,3.16,1,10,25,6,2.71000003814697,0
2023092100,473,Daniel Jones,Passer,13.025183300053786,107.42000000000002,5.05,3.27,3,4,31,6,2.49000000953674,1
2023092100,498,Daniel Jones,Passer,14.23781233195606,197.17999999999998,5.21,1.42,1,10,38,8,7.23999977111816,1
2023092100,627,Daniel Jones,Passer,14.824769812715479,221.54999999999995,7.07,1.51,1,10,30,7,3.25,0
2023092100,672,Daniel Jones,Passer,15.312899790699351,29.240000000000002,4.58,3.76,3,8,28,5,2.59999990463257,1
2023092100,771,Brock Purdy,Passer,19.057649382859367,57.03,6.71,4.97,2,8,27,7,5.0,1
2023092100,851,Brock Purdy,Passer,13.961765647653593,268.84000000000003,2.46,5.43,3,9,43,6,3.17000007629395,1
2023092100,971,Daniel Jones,Passer,14.61773238228146,140.67,3.41,1.67,3,16,4,5,0.0,1
2023092100,1336,Brock Purdy,Passer,17.978681820422775,2.450000000000003,6.74,2.96,3,5,9,6,3.84999990463257,1
2023092100,1441,Daniel Jones,Passer,13.988684713010018,112.08999999999997,6.22,2.67,2,10,25,8,8.51000022888184,1
2023092100,1506,Brock Purdy,Passer,6.571407763942209,254.04000000000002,7.06,0.79,1,10,27,7,8.43000030517578,0
2023092100,1536,Brock Purdy,Passer,9.887901698540496,202.70000000000002,4.66,1.97,2,10,27,6,3.99000000953674,1
2023092100,1632,Brock Purdy,Passer,13.188487403792758,119.93,6.91,2.08,2,9,33,7,0.810000002384186,1
2023092100,1744,Brock Purdy,Passer,16.53990628752171,78.98999999999998,5.64,4.48,3,12,20,6,2.90000009536743,1
2023092100,1881,Daniel Jones,Passer,10.496523233909413,124.12,5.16,3.18,2,8,27,6,1.41999995708466,1
2023092100,1906,Daniel Jones,Passer,11.051126639397443,172.69,1.38,6.1,3,2,33,6,3.14000010490417,1
2023092100,1931,Daniel Jones,Passer,21.814034473246807,0.8300000000000125,6.22,2.38,1,10,38,5,3.09999990463257,1
2023092100,2016,Daniel Jones,Passer,19.931828817246046,45.25999999999999,5.72,1.71,3,3,38,7,3.30999994277954,0
2023092100,2463,Daniel Jones,Passer,13.3037024921636,192.54000000000002,3.48,3.2,1,10,37,6,1.9099999666214,1
2023092100,2588,Brock Purdy,Passer,25.016622473867248,117.33000000000001,6.13,4.98,1,10,25,7,4.53000020980835,1
2023092100,2633,Brock Purdy,Passer,15.579605258157214,256.77,6.75,5.38,2,16,41,7,1.82000005245209,1
2023092100,3052,Daniel Jones,Passer,25.076700341153337,41.040000000000006,7.46,2.81,3,9,20,6,4.03999996185303,0
2023092100,3095,Brock Purdy,Passer,13.819848045474306,132.79,6.71,1.13,1,10,31,7,5.1399998664856,1
2023092100,3339,Brock Purdy,Passer,15.537840905351036,238.16000000000003,5.25,2.57,3,17,25,5,3.00999999046326,1
2023092100,3445,Daniel Jones,Passer,16.28470755033692,84.34999999999997,5.89,4.1,1,22,13,6,1.61000001430511,1
2023092100,3470,Daniel Jones,Passer,18.744113742719346,187.89000000000001,1.49,4.52,2,13,22,6,2.74000000953674,1
2023092100,3579,Brock Purdy,Passer,13.870129775888904,12.689999999999998,6.48,4.42,1,10,49,7,2.15000009536743,1
2023092100,3677,Brock Purdy,Passer,14.241214835820715,250.93999999999997,4.52,4.47,3,2,32,7,1.86000001430511,1
2023092100,3724,Brock Purdy,Passer,26.985953753758643,75.97999999999999,6.44,2.75,2,7,27,7,4.73999977111816,1
2023092100,3788,Daniel Jones,Passer,20.162683353165075,131.86,3.52,4.22,1,10,25,6,1.94000005722046,0
2023092100,3823,Daniel Jones,Passer,18.256330408929394,120.34,3.3,2.35,2,10,25,6,1.1599999666214,1
2023092100,3907,Daniel Jones,Passer,11.269538588602463,283.90000000000003,4.6,1.93,1,10,45,6,3.25999999046326,1
2023092100,3957,Daniel Jones,Passer,17.600639192938424,109.40000000000003,6.55,4.39,3,17,48,6,1.24000000953674,0
2023092100,4138,Tyrod Taylor,Passer,17.92705776194186,268.09,6.95,1.61,3,6,9,6,5.1399998664856,0
2023092400,109,Gardner Minshew,Passer,23.140289540107307,105.47,8.75,3.94,2,8,49,8,7.3600001335144,0
2023092400,221,Lamar Jackson,Passer,10.971107510183279,64.45000000000002,3.53,3.75,1,10,31,6,1.08000004291534,1
2023092400,268,Lamar Jackson,Passer,18.28035557641043,265.58,6.57,5.1,3,6,35,6,1.32000005245209,1
2023092400,362,Lamar Jackson,Passer,16.576996109066325,100.77000000000001,6.3,4.17,2,5,41,7,1.25,1
2023092400,419,Lamar Jackson,Passer,20.204435156667955,225.35000000000002,7.15,2.77,2,8,33,6,1.41999995708466,1
2023092400,527,Gardner Minshew,Passer,15.210851389715174,288.78999999999996,4.89,3.59,1,10,25,6,3.70000004768372,1
2023092400,601,Gardner Minshew,Passer,9.970702081598867,211.48000000000002,6.46,2.88,1,10,36,7,1.58000004291534,1
2023092400,626,Gardner Minshew,Passer,18.728633158882683,54.989999999999995,3.43,6.92,2,8,38,6,3.29999995231628,0
2023092400,724,Lamar Jackson,Passer,16.273180389831612,101.83000000000001,7.31,1.46,2,1,34,6,2.14000010490417,1
2023092400,834,Gardner Minshew,Passer,17.70726686984753,16.20999999999998,4.79,3.63,1,10,35,6,3.64000010490417,0
2023092400,882,Gardner Minshew,Passer,17.719991534986686,160.45,4.26,2.67,3,7,38,6,5.59999990463257,1
2023092400,1134,Gardner Minshew,Passer,25.13895184768052,52.110000000000014,6.87,3.22,1,10,27,7,3.52999997138977,1
2023092400,1189,Gardner Minshew,Passer,11.292355821528126,175.57000000000002,4.09,2.95,2,8,48,6,2.72000002861023,1
2023092400,1308,Gardner Minshew,Passer,10.50030951924751,310.48999999999995,7.57,1.19,2,5,19,7,4.11999988555908,1
2023092400,1338,Gardner Minshew,Passer,13.793483968889074,39.360000000000014,7.06,3.51,3,3,17,8,5.94999980926514,1
2023092400,1552,Gardner Minshew,Passer,17.31573273067011,97.11000000000001,6.55,3.24,3,7,7,8,3.90000009536743,0
2023092400,2105,Lamar Jackson,Passer,11.928872536832642,121.58999999999999,3.4,3.68,2,7,28,5,1.49000000953674,1
2023092400,2386,Gardner Minshew,Passer,17.430553634351373,0.9500000000000455,5.99,2.78,3,3,36,6,5.13000011444092,0
2023092400,2614,Gardner Minshew,Passer,12.22497443760109,125.52999999999999,6.88,0.99,2,7,15,6,3.99000000953674,1
2023092400,2639,Gardner Minshew,Passer,13.814434479919905,153.55,4.06,2.17,3,3,19,6,2.42000007629395,1
2023092400,2688,Gardner Minshew,Passer,25.112994644207603,4.160000000000025,7.71,3.39,2,10,29,6,3.79999995231628,0
2023092400,2711,Gardner Minshew,Passer,26.735124836065385,156.95,5.33,0.39,3,10,29,6,3.89000010490417,0
2023092400,2814,Lamar Jackson,Passer,11.492084232200881,165.57,3.06,3.81,2,6,36,7,1.64999997615814,1
2023092400,2910,Lamar Jackson,Passer,16.349571859837802,119.26,5.12,1.49,1,10,30,6,2.17000007629395,1
2023092400,3110,Gardner Minshew,Passer,13.559240391703364,144.46,2.38,4.46,2,9,50,6,2.08999991416931,1
2023092400,3317,Lamar Jackson,Passer,13.487446014720497,252.60999999999999,3.74,3.53,1,10,37,6,2.14000010490417,1
2023092400,3798,Gardner Minshew,Passer,12.232424126067572,210.81,4.1,3.19,1,10,2,6,2.22000002861023,0
2023092400,4066,Gardner Minshew,Passer,19.978158073255898,19.319999999999993,6.82,3.89,1,10,38,6,3.21000003814697,1
2023092400,4091,Gardner Minshew,Passer,21.11722756424243,42.900000000000006,5.84,6.89,1,10,50,6,4.26999998092651,1
2023092400,4126,Gardner Minshew,Passer,16.492210282433344,82.93999999999998,3.99,4.04,1,10,38,5,3.23000001907349,1
2023092400,4215,Gardner Minshew,Passer,23.43567579567528,7.859999999999999,8.25,3.85,3,6,34,7,3.1800000667572,0
2023092400,4297,Lamar Jackson,Passer,18.868049713735655,233.21,2.94,4.27,2,10,25,6,1.75,1
2023092400,4352,Lamar Jackson,Passer,10.818377882104127,153.24,5.85,3.92,1,10,37,6,3.32999992370605,1
2023092400,4419,Lamar Jackson,Passer,26.06370848517148,102.68,7.47,3.5,2,20,39,3,5.03000020980835,0
2023092400,4590,Gardner Minshew,Passer,7.616429609731847,287.01,5.7,0.74,2,12,23,7,2.70000004768372,1
2023092400,4708,Lamar Jackson,Passer,11.779728350008751,112.45,4.42,2.21,3,6,44,5,1.0,0
2023092400,4773,Gardner Minshew,Passer,23.13095328774843,59.38000000000005,7.74,1.06,2,10,11,8,3.11999988555908,1
2023092400,4834,Gardner Minshew,Passer,15.141931845045399,282.52,4.08,3.9,2,9,46,5,1.98000001907349,1
2023092400,4903,Lamar Jackson,Passer,8.236558747438158,38.90000000000002,3.52,5.63,1,10,46,6,1.64999997615814,0
2023092400,4926,Lamar Jackson,Passer,11.709995730144392,232.63,4.06,2.15,2,10,46,4,0.839999973773956,1
2023092400,4951,Lamar Jackson,Passer,16.383189555150736,187.25,4.56,2.92,3,3,47,6,2.29999995231628,0
2023092400,4974,Lamar Jackson,Passer,10.488870291885583,191.6,6.81,2.38,4,3,47,6,2.14000010490417,0
2023092401,112,Deshaun Watson,Passer,14.316944506423152,47.35000000000001,4.94,2.73,3,4,28,5,2.33999991416931,1
2023092401,408,Ryan Tannehill,Passer,6.6608257746318476,16.44,7.52,2.74,1,10,25,8,5.82999992370605,1
2023092401,518,Deshaun Watson,Passer,15.743814658461908,182.51,3.48,3.33,1,10,19,6,2.60999989509583,1
2023092401,818,Deshaun Watson,Passer,19.433540593520267,155.44,2.85,3.98,2,8,28,5,2.34999990463257,1
2023092401,1063,Deshaun Watson,Passer,20.404950379748534,84.46000000000004,4.53,2.64,1,10,36,6,2.0699999332428,1
2023092401,1241,Deshaun Watson,Passer,15.81480951513486,238.18,7.16,2.31,2,10,30,5,4.26000022888184,1
2023092401,1288,Deshaun Watson,Passer,24.91164587095762,4.390000000000043,4.61,3.77,1,10,19,5,4.6100001335144,1
2023092401,1781,Deshaun Watson,Passer,28.927988177541824,50.79999999999998,7.28,3.13,1,10,40,6,2.48000001907349,0
2023092401,1840,Deshaun Watson,Passer,21.276590422339755,240.52000000000004,3.38,4.07,3,8,38,6,5.88000011444092,1
2023092401,1915,Ryan Tannehill,Passer,24.670956608935942,25.719999999999985,7.81,0.42,1,10,25,7,2.89000010490417,0
2023092401,2005,Ryan Tannehill,Passer,27.343549513550723,28.549999999999997,7.17,2.26,3,10,25,4,3.47000002861023,1
2023092401,2083,Ryan Tannehill,Passer,10.83676150886417,139.45,6.05,2.02,3,5,44,7,1.97000002861023,1
2023092401,2113,Ryan Tannehill,Passer,26.496371449690994,92.24000000000001,8.46,1.7,4,5,44,7,2.86999988555908,1
2023092401,2138,Ryan Tannehill,Passer,18.314598002686267,105.60999999999999,5.94,4.32,1,10,11,6,1.71000003814697,0
2023092401,2414,Ryan Tannehill,Passer,39.99564976344303,322.93,9.17,2.04,3,13,35,4,3.30999994277954,0
2023092401,2493,Deshaun Watson,Passer,25.16367421502671,22.860000000000014,8.11,1.42,2,1,24,6,3.47000002861023,1
2023092401,2662,Deshaun Watson,Passer,13.274354974913086,160.81,3.75,3.54,2,14,38,6,2.23000001907349,1
2023092401,2687,Deshaun Watson,Passer,18.10487503408958,82.27000000000001,4.39,4.81,3,5,29,5,3.88000011444092,1
2023092401,2829,Ryan Tannehill,Passer,16.0478908271461,149.76000000000002,8.07,4.28,1,10,25,8,6.07999992370605,0
2023092401,2874,Ryan Tannehill,Passer,15.316634747881144,62.64,6.16,3.02,3,8,27,6,2.94000005722046,0
2023092401,3045,Deshaun Watson,Passer,7.686982502907105,2.9499999999999886,6.29,1.59,1,10,45,6,2.05999994277954,1
2023092401,3075,Deshaun Watson,Passer,9.01893563565014,73.61000000000001,6.46,1.3,2,5,50,6,6.71999979019165,1
2023092401,3100,Deshaun Watson,Passer,21.16908122711045,54.900000000000006,8.0,1.67,3,3,48,5,3.15000009536743,0
2023092401,3452,Deshaun Watson,Passer,10.878419002777932,259.24,4.45,3.14,3,8,47,6,1.42999994754791,1
2023092401,3612,Ryan Tannehill,Passer,16.818894137249334,117.24,5.52,4.76,2,5,30,7,0.819999992847443,1
2023092401,3710,Ryan Tannehill,Passer,22.042835570769928,85.69999999999999,7.95,1.8,3,4,44,5,3.05999994277954,0
2023092402,215,Jared Goff,Passer,12.500791974911031,210.29999999999998,7.64,1.08,3,10,14,5,4.11999988555908,1
2023092402,347,Desmond Ridder,Passer,25.594071579176298,33.16999999999996,7.5,0.79,3,7,15,6,3.22000002861023,1
2023092402,540,Jared Goff,Passer,16.381614694528746,201.5,4.11,5.3,1,25,30,5,3.47000002861023,1
2023092402,612,Jared Goff,Passer,14.301398533010689,80.66,4.77,2.92,2,9,44,6,3.55999994277954,1
2023092402,728,Jared Goff,Passer,16.41570589405158,147.10999999999999,4.09,4.89,3,14,26,5,3.04999995231628,1
2023092402,845,Desmond Ridder,Passer,13.566915640631077,243.33,4.94,4.79,2,8,38,5,1.88999998569489,1
2023092402,912,Desmond Ridder,Passer,19.690997943222683,93.24,6.95,4.83,2,12,46,5,2.50999999046326,1
2023092402,937,Desmond Ridder,Passer,24.848993943417504,234.23000000000002,6.03,4.6,1,10,38,8,9.88000011444092,1
2023092402,1009,Desmond Ridder,Passer,13.113733259449806,95.59,4.13,3.51,3,14,30,5,2.08999991416931,0
2023092402,1078,Jared Goff,Passer,32.93523341347378,80.35999999999999,9.14,4.75,1,10,25,7,7.8899998664856,0
2023092402,1123,Jared Goff,Passer,17.03043452176133,59.31,6.6,2.3,3,8,27,6,3.09999990463257,1
2023092402,1271,Desmond Ridder,Passer,20.236427550336053,78.80000000000001,6.07,2.3,1,10,25,8,5.42999982833862,0
2023092402,1316,Desmond Ridder,Passer,19.965823298827424,12.399999999999991,7.26,2.11,3,9,26,6,2.88000011444092,0
2023092402,1468,Jared Goff,Passer,14.138645621133588,94.72,4.91,2.03,2,7,49,6,2.71000003814697,1
2023092402,1515,Jared Goff,Passer,29.310620941904318,3.7899999999999636,6.26,5.63,2,2,32,6,7.13000011444092,1
2023092402,1909,Jared Goff,Passer,25.932992499902507,19.460000000000008,7.88,4.85,1,10,17,6,4.75,1
2023092402,1987,Jared Goff,Passer,14.458941869998654,127.7,6.57,1.48,3,10,37,6,4.1399998664856,0
2023092402,2209,Jared Goff,Passer,8.698712548417731,216.10000000000002,1.17,4.2,2,3,32,6,1.73000001907349,1
2023092402,2376,Desmond Ridder,Passer,10.21376032614825,132.35,5.9,3.12,2,5,49,8,6.65999984741211,1
2023092402,2423,Desmond Ridder,Passer,16.49634201876282,269.94,5.56,4.26,2,13,36,5,2.05999994277954,1
2023092402,2545,Jared Goff,Passer,8.604243139288888,307.59999999999997,6.48,1.1,3,3,44,6,2.0,1
2023092402,2819,Desmond Ridder,Passer,25.82223266876821,139.35999999999999,4.83,5.66,3,7,29,6,3.01999998092651,0
2023092402,2901,Jared Goff,Passer,22.53988464921682,162.02999999999997,3.89,6.5,1,20,15,6,2.65000009536743,1
2023092402,2926,Jared Goff,Passer,11.225528940767104,305.72,8.47,2.18,2,13,22,6,3.44000005722046,1
2023092402,2951,Jared Goff,Passer,19.892785124260516,107.97000000000003,6.36,5.27,3,7,28,6,3.91000008583069,0
2023092402,3058,Desmond Ridder,Passer,28.521916134790107,38.730000000000004,8.36,2.35,3,17,28,4,2.25999999046326,0
2023092402,3188,Jared Goff,Passer,13.399761191901886,181.01000000000002,3.17,1.64,2,10,18,6,3.92000007629395,0
2023092402,3336,Desmond Ridder,Passer,20.764065112592956,232.87,2.22,4.41,3,4,37,5,1.53999996185303,0
2023092402,3360,Desmond Ridder,Passer,23.159933074169277,103.52999999999997,3.35,4.39,4,4,37,7,3.51999998092651,0
2023092402,3657,Desmond Ridder,Passer,29.232533246367826,83.65,6.79,4.3,3,14,14,5,4.03999996185303,1
2023092402,3714,Desmond Ridder,Passer,7.368717663203005,95.46000000000004,4.16,1.04,2,5,42,6,1.20000004768372,0
2023092402,3793,Desmond Ridder,Passer,10.949853880303607,105.07999999999998,6.13,0.82,2,9,46,7,2.95000004768372,1
2023092402,3818,Desmond Ridder,Passer,11.750425524209753,55.07,7.02,0.21,1,10,36,6,6.19999980926514,0
2023092402,3841,Desmond Ridder,Passer,12.7486665969426,274.15000000000003,5.8,1.46,2,10,36,6,0.439999997615814,1
2023092402,3908,Desmond Ridder,Passer,10.778144552751185,109.97,5.75,0.67,2,17,33,5,0.0299999993294477,1
2023092402,3933,Desmond Ridder,Passer,20.995411403447182,88.61999999999998,4.54,4.0,3,6,22,6,1.01999998092651,1
2023092402,3958,Desmond Ridder,Passer,18.04139961311206,43.109999999999985,5.71,0.42,1,7,7,6,0.75,0
2023092402,4005,Desmond Ridder,Passer,16.350415896851064,133.2,5.17,2.35,2,12,12,5,1.22000002861023,1
2023092402,4030,Desmond Ridder,Passer,11.748076438294058,253.13,7.28,0.64,3,9,9,7,4.71999979019165,1
2023092402,4300,Desmond Ridder,Passer,8.278127807662786,96.77000000000001,6.62,1.27,1,10,8,6,3.45000004768372,1
2023092402,4336,Desmond Ridder,Passer,14.833320599245472,103.44,6.69,0.51,1,10,26,6,0.759999990463257,0
2023092403,203,Jordan Love,Passer,15.76784703122148,149.10999999999999,5.59,1.39,1,25,33,6,7.80999994277954,1
2023092403,250,Jordan Love,Passer,18.015221341965244,111.83999999999999,4.98,1.31,3,7,49,5,2.27999997138977,1
2023092403,393,Derek Carr,Passer,12.926693312676678,160.35000000000002,6.16,2.01,2,9,39,5,1.67999994754791,1
2023092403,474,Derek Carr,Passer,13.133354483908521,146.92999999999998,6.17,4.65,3,6,23,5,2.13000011444092,1
2023092403,526,Derek Carr,Passer,20.957903043959337,151.72,4.99,3.85,2,5,8,7,2.66000008583069,0
2023092403,549,Derek Carr,Passer,15.75573546363355,11.029999999999973,4.47,4.26,3,5,8,6,1.83000004291534,1
2023092403,620,Jordan Love,Passer,19.070081279323382,132.05,7.95,3.59,1,10,25,7,4.94000005722046,1
2023092403,673,Jordan Love,Passer,23.280749558379778,1.6500000000000057,9.11,1.27,2,10,38,7,3.99000000953674,0
2023092403,863,Derek Carr,Passer,10.38654899377075,136.72999999999996,4.41,3.24,2,10,10,5,3.76999998092651,1
2023092403,918,Derek Carr,Passer,10.09406261125817,138.92,5.92,4.54,1,10,21,8,7.07000017166138,1
2023092403,978,Derek Carr,Passer,9.433186100146653,320.96000000000004,4.87,1.84,2,16,15,7,7.26000022888184,1
2023092403,1129,Jordan Love,Passer,16.164680634024297,39.370000000000005,4.5,5.8,3,4,32,6,2.59999990463257,1
2023092403,1237,Jordan Love,Passer,34.45831249495541,251.90999999999997,1.02,6.75,3,15,36,5,5.34000015258789,0
2023092403,1362,Jordan Love,Passer,20.990085754946303,130.81,8.57,1.15,2,2,26,8,8.21000003814697,1
2023092403,1409,Jordan Love,Passer,30.226923429287346,8.319999999999993,9.4,1.64,1,10,45,6,8.10999965667725,0
2023092403,1490,Jordan Love,Passer,16.971308140505847,281.49,5.73,2.15,2,5,35,8,2.26999998092651,0
2023092403,1598,Jordan Love,Passer,25.69803883567771,24.370000000000005,6.4,1.64,2,8,27,7,3.41000008583069,0
2023092403,1704,Derek Carr,Passer,55.620113268493085,41.28999999999999,7.42,1.7,1,10,30,7,7.73000001907349,0
2023092403,1749,Derek Carr,Passer,11.109869486182099,206.52999999999997,5.26,1.83,1,10,40,6,1.75,1
2023092403,1867,Derek Carr,Passer,6.972868850050174,98.53000000000002,6.21,1.5,3,1,36,6,2.47000002861023,1
2023092403,1919,Derek Carr,Passer,23.80968290423037,51.260000000000005,7.23,3.44,1,10,34,6,2.36999988555908,1
2023092403,2171,Jordan Love,Passer,14.819908906602636,173.86,3.59,2.71,2,16,19,6,3.55999994277954,1
2023092403,2220,Jordan Love,Passer,30.369927560005795,44.110000000000014,6.11,3.09,3,14,21,5,5.5,0
2023092403,2269,Derek Carr,Passer,26.358167614612363,176.14000000000001,1.14,4.97,2,6,42,7,3.22000002861023,1
2023092403,2437,Jordan Love,Passer,8.618700598118032,264.04,4.87,1.64,1,15,5,6,2.55999994277954,1
2023092403,2462,Jordan Love,Passer,11.363318177363508,113.72000000000003,4.87,3.09,2,9,11,6,2.23000001907349,0
2023092403,2485,Jordan Love,Passer,16.624093960273438,142.78000000000003,4.23,0.55,3,9,11,5,2.65000009536743,0
2023092403,2528,Jameis Winston,Passer,16.05182855627358,144.62,3.93,4.25,1,10,44,5,2.04999995231628,1
2023092403,2781,Jordan Love,Passer,21.709944725862385,81.22000000000003,7.49,5.53,3,6,9,5,4.17000007629395,1
2023092403,2855,Jordan Love,Passer,13.734995449580609,300.43,7.0,0.84,3,4,27,6,2.92000007629395,1
2023092403,2905,Jordan Love,Passer,22.80267528164185,40.139999999999986,6.33,1.05,1,10,49,5,4.1100001335144,1
2023092403,3038,Jordan Love,Passer,20.58500667962,109.90000000000002,3.24,0.36,4,2,13,5,0.790000021457672,0
2023092403,3228,Jordan Love,Passer,21.198672128225382,62.33,5.69,4.05,1,10,40,5,3.35999989509583,1
2023092403,3275,Jordan Love,Passer,21.824793240715934,6.400000000000006,8.15,1.27,2,7,20,5,4.03999996185303,0
2023092403,3466,Jameis Winston,Passer,17.575812925722666,89.82999999999998,6.79,2.04,2,22,21,6,1.60000002384186,1
2023092403,3620,Jordan Love,Passer,18.97768426336575,54.459999999999994,6.06,2.09,1,10,13,7,2.53999996185303,0
2023092403,3643,Jordan Love,Passer,19.539999999999992,62.650000000000006,5.19,5.97,2,10,13,5,3.91000008583069,0
2023092403,3666,Jordan Love,Passer,19.839435475839522,112.91,6.39,2.78,3,10,13,5,4.05000019073486,1
2023092403,3691,Jordan Love,Passer,16.426031170066615,258.48,6.91,3.31,1,2,2,7,3.27999997138977,0
2023092403,3824,Jameis Winston,Passer,13.23995845914933,117.01000000000002,2.41,3.84,1,10,17,6,1.44000005722046,1
2023092403,3983,Jordan Love,Passer,22.740008795073056,42.67,7.71,2.62,2,1,29,6,4.6399998664856,0
2023092403,4078,Jordan Love,Passer,25.65870807347869,21.930000000000007,8.44,2.84,2,10,45,6,3.72000002861023,1
2023092403,4128,Jordan Love,Passer,18.31513035716645,41.22,6.25,2.6,2,3,8,7,1.74000000953674,0
2023092403,4151,Jordan Love,Passer,17.82275231270412,44.8,5.24,3.04,3,3,8,7,1.88999998569489,1
2023092403,4208,Jameis Winston,Passer,18.99206413215794,176.76,4.75,3.4,1,10,25,5,2.10999989509583,1
2023092403,4233,Jameis Winston,Passer,27.12343083018812,2.900000000000034,8.1,4.88,2,5,30,6,3.01999998092651,1
2023092403,4263,Jameis Winston,Passer,20.466003518029606,255.19,5.67,4.81,1,10,42,6,3.49000000953674,0
2023092403,4286,Jameis Winston,Passer,11.130004492362072,128.29999999999998,7.86,1.57,2,10,42,5,2.71000003814697,1
2023092404,62,C.J. Stroud,Passer,15.6212163418858,64.14000000000004,3.67,4.51,1,10,13,7,1.77999997138977,0
2023092404,255,Trevor Lawrence,Passer,21.336789824151147,38.48000000000002,6.23,5.44,3,9,30,6,3.88000011444092,0
2023092404,733,C.J. Stroud,Passer,14.058200453827649,34.36,5.44,4.35,2,5,25,7,3.0699999332428,1
2023092404,758,C.J. Stroud,Passer,17.009438556283975,102.6,5.29,2.2,1,10,34,7,6.73999977111816,1
2023092404,810,C.J. Stroud,Passer,11.513626709251955,8.759999999999991,3.56,3.43,2,5,50,8,5.19000005722046,0
2023092404,1269,C.J. Stroud,Passer,16.266585382310573,8.509999999999991,5.54,2.59,3,5,19,6,2.54999995231628,1
2023092404,1367,C.J. Stroud,Passer,13.542691756072719,43.28000000000003,5.88,4.17,3,2,4,8,2.82999992370605,1
2023092404,1505,Trevor Lawrence,Passer,13.450241633517221,209.04000000000002,3.72,2.14,3,6,50,5,2.21000003814697,1
2023092404,1845,Trevor Lawrence,Passer,10.742848784191276,60.14,5.87,2.04,2,6,35,6,2.75,1
2023092404,1947,Trevor Lawrence,Passer,25.7357125411363,28.870000000000005,7.86,0.73,2,10,45,6,3.89000010490417,0
2023092404,1970,Trevor Lawrence,Passer,20.115846986890702,80.77000000000001,5.15,5.6,3,10,45,5,3.30999994277954,1
2023092404,2063,C.J. Stroud,Passer,22.051181374248408,1.330000000000041,4.36,4.78,3,6,38,6,3.33999991416931,1
2023092404,2110,C.J. Stroud,Passer,24.76272400201561,111.83999999999997,7.37,0.99,1,10,44,6,5.26999998092651,0
2023092404,2178,C.J. Stroud,Passer,18.31426220190155,162.26999999999998,2.02,5.01,2,10,44,5,4.34999990463257,1
2023092404,2203,C.J. Stroud,Passer,16.671379666962178,137.89999999999998,5.11,1.82,3,1,47,6,2.36999988555908,1
2023092404,2235,C.J. Stroud,Passer,21.805249367984768,168.42999999999998,7.07,4.1,1,10,39,6,3.24000000953674,0
2023092404,2265,C.J. Stroud,Passer,11.417587310811333,149.46,7.0,0.41,2,10,39,5,3.4300000667572,1
2023092404,2744,C.J. Stroud,Passer,17.375989180475447,40.379999999999995,6.96,0.06,3,8,27,5,2.72000002861023,0
2023092404,2816,Trevor Lawrence,Passer,16.142208646898354,131.61,5.1,1.4,2,7,35,7,3.85999989509583,1
2023092404,2841,Trevor Lawrence,Passer,14.527904184706065,63.670000000000016,4.89,4.48,3,1,41,6,3.26999998092651,1
2023092404,2866,Trevor Lawrence,Passer,11.567791491896804,80.04999999999998,7.93,0.25,1,10,50,7,8.15999984741211,1
2023092404,2918,Trevor Lawrence,Passer,15.572029411736924,5.810000000000002,6.24,3.94,2,12,24,6,1.25999999046326,1
2023092404,3122,Trevor Lawrence,Passer,11.360039612606991,77.68,6.09,2.86,1,10,35,7,2.49000000953674,1
2023092404,3159,Trevor Lawrence,Passer,16.328557805268655,225.49,5.02,6.05,2,7,38,5,2.59999990463257,0
2023092404,3183,Trevor Lawrence,Passer,22.854645042091555,112.33999999999999,6.96,3.55,3,7,38,7,5.42000007629395,0
2023092404,3343,C.J. Stroud,Passer,21.699815667419855,190.37,4.65,3.72,2,1,13,6,2.23000001907349,0
2023092404,3591,Trevor Lawrence,Passer,18.13454438357909,73.27000000000001,6.71,4.14,1,10,32,6,2.24000000953674,0
2023092404,3614,Trevor Lawrence,Passer,12.648339812006949,174.35,3.7,2.26,2,10,32,5,2.72000002861023,1
2023092404,3639,Trevor Lawrence,Passer,23.880764225627285,8.860000000000014,8.24,3.51,3,4,26,6,3.74000000953674,1
2023092404,3740,C.J. Stroud,Passer,22.76157507730957,52.629999999999995,8.23,3.39,3,3,32,6,4.01000022888184,1
2023092404,3882,Trevor Lawrence,Passer,11.753982303883223,201.39000000000001,1.14,7.17,3,2,50,6,2.24000000953674,1
2023092404,3996,Trevor Lawrence,Passer,21.863906329839605,52.110000000000014,7.21,2.77,4,28,44,4,3.84999990463257,0
2023092404,4223,C.J. Beathard,Passer,10.102895624522711,217.73000000000002,2.35,3.93,2,7,16,6,0.689999997615814,1
2023092404,4255,C.J. Beathard,Passer,12.077168542336407,191.44,4.27,2.8,3,4,19,6,3.15000009536743,1
2023092405,297,Tua Tagovailoa,Passer,17.968597608049436,51.19,5.45,3.81,1,10,34,4,1.3400000333786,1
2023092405,344,Tua Tagovailoa,Passer,12.115696430663816,103.58,5.67,1.88,1,10,35,6,2.09999990463257,1
2023092405,416,Tua Tagovailoa,Passer,8.485469933951798,102.42000000000002,9.49,0.75,2,7,19,6,2.95000004768372,1
2023092405,554,Russell Wilson,Passer,13.136883191990405,133.25,5.9,3.85,1,10,40,5,1.3400000333786,1
2023092405,648,Russell Wilson,Passer,17.076278868652853,95.81,5.75,4.49,2,7,26,6,0.709999978542328,1
2023092405,717,Russell Wilson,Passer,18.25300249274075,110.88,6.27,0.53,2,6,12,7,6.51000022888184,0
2023092405,752,Russell Wilson,Passer,27.325665591161727,315.15,5.95,3.54,3,6,12,5,3.14000010490417,1
2023092405,838,Tua Tagovailoa,Passer,21.468325505264726,50.16,7.61,3.47,2,16,19,5,2.26999998092651,1
2023092405,1036,Tua Tagovailoa,Passer,17.367616416768307,87.98999999999998,7.1,3.37,3,4,34,6,3.3199999332428,1
2023092405,1103,Tua Tagovailoa,Passer,12.460292933956246,110.44999999999999,7.52,2.03,1,17,30,5,4.34999990463257,1
2023092405,1321,Russell Wilson,Passer,31.547681372804565,43.370000000000005,8.83,4.47,1,10,48,7,8.68000030517578,1
2023092405,1692,Russell Wilson,Passer,21.762890433028414,2.969999999999999,8.71,1.85,3,17,40,5,3.54999995231628,0
2023092405,1798,Tua Tagovailoa,Passer,19.832006958449767,72.07000000000002,7.65,4.19,2,2,37,6,2.24000000953674,1
2023092405,1997,Russell Wilson,Passer,10.409399598439862,192.29999999999998,7.62,0.71,2,10,25,6,2.5699999332428,1
2023092405,2123,Russell Wilson,Passer,23.122830709063287,41.290000000000006,7.0,3.85,2,2,33,6,2.67000007629395,1
2023092405,2201,Russell Wilson,Passer,10.034326085991035,119.22000000000001,8.35,1.0,1,10,47,6,3.07999992370605,1
2023092405,2226,Russell Wilson,Passer,34.9740618172954,3.469999999999999,8.69,3.96,1,10,36,6,4.05999994277954,0
2023092405,2250,Russell Wilson,Passer,14.254185350275199,223.64000000000001,8.21,1.88,2,10,36,6,3.95000004768372,1
2023092405,2928,Russell Wilson,Passer,22.059646416023984,75.24,6.27,5.38,1,10,25,6,2.5699999332428,1
2023092405,3003,Russell Wilson,Passer,9.463191850533308,251.51999999999998,8.42,1.17,3,6,40,5,2.63000011444092,1
2023092405,3028,Russell Wilson,Passer,33.27644512263893,50.33999999999999,9.13,1.13,1,10,48,6,7.84999990463257,0
2023092405,3143,Tua Tagovailoa,Passer,13.710816897617732,70.27000000000001,5.66,2.51,2,3,30,6,1.80999994277954,1
2023092405,3259,Tua Tagovailoa,Passer,23.449061814921297,138.12,7.05,3.61,2,15,41,6,2.54999995231628,1
2023092405,3559,Russell Wilson,Passer,14.751067757962478,48.40999999999997,5.68,4.53,2,7,28,5,1.92999994754791,0
2023092405,3582,Russell Wilson,Passer,27.417485296795547,50.48000000000002,3.96,2.39,3,7,28,5,3.10999989509583,0
2023092405,4121,Russell Wilson,Passer,17.09526835121345,7.4500000000000455,5.78,4.13,2,7,28,6,0.629999995231628,1
2023092405,4180,Russell Wilson,Passer,28.74462210570874,60.20999999999998,8.39,3.7,1,10,38,5,3.95000004768372,1
2023092406,115,Justin Herbert,Passer,15.007108315728246,115.75,3.4,3.32,2,18,17,7,1.99000000953674,1
2023092406,295,Kirk Cousins,Passer,12.855481321210808,231.26999999999998,4.02,2.68,2,8,26,6,7.42000007629395,1
2023092406,320,Kirk Cousins,Passer,14.739745588035095,226.04000000000002,4.33,2.13,3,8,26,5,2.88000011444092,1
2023092406,463,Justin Herbert,Passer,20.52745722197466,52.42999999999998,6.34,4.41,3,5,38,5,3.16000008583069,1
2023092406,535,Justin Herbert,Passer,14.691851483050053,256.66,7.57,0.86,2,7,40,6,3.45000004768372,1
2023092406,650,Justin Herbert,Passer,11.557248807566618,279.62,4.91,2.74,1,3,3,7,0.560000002384186,1
2023092406,714,Kirk Cousins,Passer,11.781990493970024,176.78000000000003,6.14,1.69,1,10,25,7,6.6100001335144,1
2023092406,817,Kirk Cousins,Passer,8.330882306214633,147.93,2.35,2.45,1,10,48,6,6.01999998092651,0
2023092406,949,Justin Herbert,Passer,10.94278300981976,61.02,4.96,3.19,2,10,20,8,1.52999997138977,1
2023092406,1004,Justin Herbert,Passer,28.925934729927054,4.329999999999998,8.79,0.13,1,10,31,8,2.99000000953674,0
2023092406,1052,Justin Herbert,Passer,16.264439738275648,193.29000000000002,4.69,3.25,3,7,34,6,3.08999991416931,1
2023092406,1115,Justin Herbert,Passer,14.059605257616584,108.14999999999999,5.66,4.7,2,9,44,7,1.10000002384186,0
2023092406,1215,Kirk Cousins,Passer,19.183912531076665,290.2,9.03,1.8,2,2,33,6,5.96000003814697,1
2023092406,1323,Kirk Cousins,Passer,12.328341332068963,148.23000000000002,6.29,0.81,2,4,4,6,6.09000015258789,1
2023092406,1417,Justin Herbert,Passer,23.736558301489286,113.08000000000001,3.62,4.81,1,10,25,6,2.13000011444092,1
2023092406,1467,Justin Herbert,Passer,13.532941291530083,77.02999999999999,4.16,2.94,1,10,39,7,1.02999997138977,1
2023092406,1693,Kirk Cousins,Passer,15.39273205119871,121.03999999999999,7.93,1.0,1,10,10,7,1.1599999666214,0
2023092406,1740,Kirk Cousins,Passer,9.551465856087223,184.57999999999998,4.75,3.22,2,15,15,6,2.98000001907349,0
2023092406,1977,Justin Herbert,Passer,18.329923622317683,99.79000000000002,5.41,3.56,2,3,32,5,2.25999999046326,1
2023092406,2019,Justin Herbert,Passer,15.681482710509231,181.39,4.14,2.84,1,10,38,6,2.94000005722046,1
2023092406,2074,Justin Herbert,Passer,15.233975187061326,271.37,4.89,3.84,2,1,40,7,3.40000009536743,1
2023092406,2099,Justin Herbert,Passer,23.682780664440575,8.310000000000002,8.0,0.91,1,10,35,7,4.98999977111816,1
2023092406,2162,Justin Herbert,Passer,12.170332780988367,218.02999999999997,4.49,3.11,2,3,3,7,1.64999997615814,1
2023092406,2301,Kirk Cousins,Passer,18.302267619068413,158.53,6.33,1.72,1,10,25,3,4.78999996185303,1
2023092406,2331,Kirk Cousins,Passer,15.94729130604944,97.19,4.56,2.63,2,2,33,4,4.5,1
2023092406,2356,Kirk Cousins,Passer,16.57828097240483,79.04000000000002,5.89,0.81,1,10,42,3,4.53999996185303,1
2023092406,2489,Kirk Cousins,Passer,23.533442162165734,263.04,7.76,3.42,2,2,48,7,3.99000000953674,0
2023092406,2512,Kirk Cousins,Passer,22.445779113231957,14.379999999999995,7.93,4.32,3,2,48,5,3.09999990463257,0
2023092406,2691,Justin Herbert,Passer,26.150374758308917,162.26999999999998,2.49,4.47,1,10,39,6,4.25,1
2023092406,2741,Justin Herbert,Passer,28.899192030228107,88.27000000000004,1.85,6.3,2,9,35,5,3.30999994277954,0
2023092406,2764,Justin Herbert,Passer,28.414256984830693,5.299999999999983,0.98,3.95,3,9,35,6,4.17999982833862,0
2023092406,2830,Kirk Cousins,Passer,11.206306260316104,109.62,5.14,2.95,2,9,44,4,6.19999980926514,1
2023092406,2904,Kirk Cousins,Passer,15.7619922598636,217.79000000000002,3.48,4.0,1,15,49,6,2.72000002861023,1
2023092406,3048,Justin Herbert,Passer,20.833396266571615,59.65999999999997,2.61,4.28,1,10,49,6,0.129999995231628,1
2023092406,3112,Kirk Cousins,Passer,15.576536842315111,56.730000000000004,6.78,4.36,1,10,25,6,0.879999995231628,1
2023092406,3250,Kirk Cousins,Passer,10.481230843751131,226.48999999999998,7.0,1.52,2,6,36,6,5.65999984741211,0
2023092406,3273,Kirk Cousins,Passer,24.068784763672628,25.450000000000003,8.35,2.26,3,6,36,5,4.75,0
2023092406,3307,Kirk Cousins,Passer,20.145334447459547,124.22,8.3,3.67,4,6,36,5,5.17000007629395,1
2023092406,3364,Justin Herbert,Passer,15.881249950806772,71.65999999999997,5.92,3.53,1,10,25,8,3.03999996185303,1
2023092406,3642,Kirk Cousins,Passer,13.781512979350273,12.04000000000002,5.91,5.11,2,9,32,6,2.21000003814697,1
2023092406,3667,Kirk Cousins,Passer,15.98183969385253,58.95999999999998,6.19,4.26,3,5,36,6,2.57999992370605,1
2023092406,3692,Kirk Cousins,Passer,28.491586477414693,15.829999999999984,5.71,5.2,1,10,42,7,6.63000011444092,0
2023092406,3757,Kirk Cousins,Passer,18.46526739584347,72.25,5.45,3.74,2,14,48,6,3.02999997138977,1
2023092406,3832,Justin Herbert,Passer,16.918915449874437,71.78,4.44,4.27,1,10,25,8,2.34999990463257,1
2023092406,3898,Justin Herbert,Passer,16.47915653181315,152.23,2.84,1.87,2,5,49,8,4.82000017166138,1
2023092406,4029,Justin Herbert,Passer,27.054177126647183,2.739999999999995,7.98,0.96,1,10,30,6,3.33999991416931,1
2023092406,4134,Kirk Cousins,Passer,13.966538583342693,1.240000000000009,4.25,3.27,2,9,26,6,3.0,0
2023092406,4157,Kirk Cousins,Passer,18.1754807364207,145.09000000000003,8.27,3.04,3,9,26,5,3.16000008583069,1
2023092406,4193,Kirk Cousins,Passer,24.54482430167305,1.0499999999999545,5.94,4.22,1,10,43,6,6.19000005722046,1
2023092406,4414,Kirk Cousins,Passer,17.130259776197207,149.64000000000001,2.14,1.59,4,2,2,7,3.53999996185303,0
2023092406,4611,Kirk Cousins,Passer,19.703190097037584,53.56,6.24,5.93,1,10,24,6,1.23000001907349,0
2023092406,4690,Kirk Cousins,Passer,14.457454824414983,77.47999999999996,5.14,4.49,1,10,20,6,2.86999988555908,0
2023092406,4724,Kirk Cousins,Passer,20.05401206741434,14.24,6.2,4.08,2,15,25,6,2.69000005722046,1
2023092406,4761,Kirk Cousins,Passer,16.36421706040347,124.44999999999999,6.57,0.96,3,10,20,5,4.5,1
2023092406,4791,Kirk Cousins,Passer,13.59244275323608,101.16000000000003,4.17,3.39,4,5,15,5,3.01999998092651,1
2023092406,4823,Kirk Cousins,Passer,15.133360499241403,133.25,1.19,4.09,1,6,6,6,2.92000007629395,0
2023092407,356,Zach Wilson,Passer,27.067598711374455,95.97,6.74,5.99,2,7,28,7,3.75,0
2023092407,573,Mac Jones,Passer,21.54444011804438,148.86,0.79,5.22,1,10,48,6,5.19999980926514,1
2023092407,742,Zach Wilson,Passer,8.03423300632985,184.55,4.56,3.13,3,7,9,6,4.11999988555908,1
2023092407,872,Mac Jones,Passer,17.315718292926807,162.62,4.31,3.01,3,5,42,5,4.19000005722046,1
2023092407,1405,Mac Jones,Passer,20.055228744644126,122.08000000000001,5.3,2.62,2,6,12,6,2.28999996185303,1
2023092407,1430,Mac Jones,Passer,17.22441581012256,202.18,2.06,3.7,3,3,15,6,4.03999996185303,1
2023092407,1500,Mac Jones,Passer,23.877055932421822,24.170000000000016,7.69,2.32,3,5,25,5,3.70000004768372,0
2023092407,1732,Zach Wilson,Passer,16.94665748754013,29.04,5.82,4.97,3,6,38,5,2.34999990463257,1
2023092407,1836,Mac Jones,Passer,16.965096521977113,77.74000000000001,2.98,5.67,1,10,39,6,3.24000000953674,0
2023092407,2129,Mac Jones,Passer,10.297829868472293,238.64,3.47,1.11,1,10,36,6,6.94000005722046,1
2023092407,2345,Zach Wilson,Passer,16.55273089251438,224.98999999999998,7.23,0.56,2,8,29,7,9.77000045776367,1
2023092407,2527,Mac Jones,Passer,11.562581891601887,292.2,7.02,0.23,2,20,10,6,2.74000000953674,1
2023092407,2710,Zach Wilson,Passer,11.874615783258001,83.94,4.68,1.36,3,13,46,6,3.84999990463257,1
2023092407,2811,Mac Jones,Passer,12.675851056240758,55.31,4.63,5.25,2,15,15,5,2.44000005722046,0
2023092407,2972,Zach Wilson,Passer,16.340333533927637,87.81,6.37,1.62,1,10,31,6,3.71000003814697,1
2023092407,3022,Zach Wilson,Passer,13.883533411923635,173.07,1.62,4.79,2,10,31,7,1.99000000953674,0
2023092407,3289,Zach Wilson,Passer,28.255441953719284,16.77000000000001,5.32,5.83,2,5,18,7,7.26999998092651,0
2023092407,3312,Zach Wilson,Passer,21.178219944084066,92.43999999999997,5.75,1.9,3,5,18,6,3.64000010490417,1
2023092407,3446,Zach Wilson,Passer,23.85073793407659,13.189999999999998,8.09,3.54,1,10,43,4,3.60999989509583,1
2023092407,3471,Zach Wilson,Passer,22.335285984289516,325.43,5.93,5.38,1,10,22,6,3.45000004768372,1
2023092407,3496,Zach Wilson,Passer,18.48192901187536,156.29000000000002,5.52,2.04,2,4,16,6,2.36999988555908,1
2023092407,3568,Zach Wilson,Passer,15.650923295448099,213.64999999999998,6.6,4.85,2,9,9,6,2.08999991416931,0
2023092407,3712,Mac Jones,Passer,20.105355008056936,133.69,2.47,6.27,2,7,28,6,2.94000005722046,1
2023092407,3766,Mac Jones,Passer,12.422769417484975,131.7,6.89,3.06,2,8,48,6,3.70000004768372,1
2023092407,3857,Zach Wilson,Passer,14.01128830621938,206.19,5.8,1.52,2,10,10,6,3.24000000953674,0
2023092407,4027,Mac Jones,Passer,19.349576222749686,23.870000000000005,7.24,0.85,3,3,23,6,3.35999989509583,0
2023092407,4111,Zach Wilson,Passer,21.29702561392083,75.65,6.05,2.56,2,10,45,6,4.09000015258789,0
2023092407,4288,Zach Wilson,Passer,29.52521634129037,53.68000000000001,7.82,4.72,1,10,17,3,4.26000022888184,1
2023092408,146,Josh Allen,Passer,13.097209626481515,189.14999999999998,0.58,3.38,2,12,36,6,1.83000004291534,1
2023092408,232,Josh Allen,Passer,23.04956615643774,113.77999999999997,7.04,2.56,1,10,19,6,3.27999997138977,0
2023092408,372,Sam Howell,Passer,13.42804527844615,137.94000000000003,3.33,2.74,2,3,34,6,1.48000001907349,1
2023092408,514,Sam Howell,Passer,29.565916187393892,210.83999999999997,4.6,6.18,3,19,34,6,5.01999998092651,0
2023092408,546,Josh Allen,Passer,33.27518294465111,188.76,4.45,5.74,1,10,16,7,8.32999992370605,0
2023092408,668,Josh Allen,Passer,25.10502738496813,215.31,5.78,4.35,3,8,30,5,5.80999994277954,0
2023092408,759,Sam Howell,Passer,20.413733122581966,85.19,5.38,3.68,2,9,21,5,1.96000003814697,0
2023092408,990,Sam Howell,Passer,20.69420450271042,151.70000000000002,4.13,5.6,1,10,33,6,2.39000010490417,1
2023092408,1121,Sam Howell,Passer,15.898175996006586,243.69000000000003,6.1,3.28,4,2,2,8,6.94000005722046,0
2023092408,1197,Josh Allen,Passer,17.494241909839936,75.60999999999999,5.94,2.58,3,4,8,6,2.9300000667572,1
2023092408,1442,Josh Allen,Passer,15.351485270161977,104.25000000000001,4.31,4.94,2,9,44,6,2.22000002861023,1
2023092408,1525,Josh Allen,Passer,14.496378858183869,126.42,4.63,3.04,1,25,45,7,1.61000001430511,1
2023092408,1674,Sam Howell,Passer,13.774999092558947,194.19,1.17,3.59,1,10,25,5,1.92999994754791,1
2023092408,1699,Sam Howell,Passer,12.076497836707468,234.49,2.8,2.52,2,6,29,6,1.10000002384186,1
2023092408,1724,Sam Howell,Passer,15.683408430567633,126.36,6.24,1.34,3,1,34,6,4.67999982833862,0
2023092408,1803,Josh Allen,Passer,11.254550190922773,116.61999999999999,4.02,4.56,1,10,22,5,2.47000002861023,0
2023092408,1826,Josh Allen,Passer,23.620357744962288,59.23,6.27,1.38,2,10,22,5,5.01999998092651,0
2023092408,1849,Josh Allen,Passer,23.176291765508996,138.85000000000002,6.08,2.72,3,10,22,6,3.71000003814697,1
2023092408,2100,Sam Howell,Passer,11.187224856951792,213.59999999999997,7.53,0.86,1,10,26,6,3.91000008583069,1
2023092408,2295,Josh Allen,Passer,23.968320758868348,339.19,6.27,5.67,1,10,1,7,5.19000005722046,1
2023092408,2629,Sam Howell,Passer,14.80912218870518,252.13,6.37,1.28,3,22,26,4,5.67999982833862,1
2023092408,2709,Josh Allen,Passer,29.175614817857735,218.97,4.47,4.31,2,7,34,6,7.28999996185303,1
2023092408,2965,Josh Allen,Passer,14.564374342895754,20.109999999999985,5.5,2.51,3,2,13,5,2.26999998092651,1
2023092408,3518,Sam Howell,Passer,27.873795938120804,88.56,3.58,5.9,1,10,25,6,4.19000005722046,1
2023092408,3543,Sam Howell,Passer,15.44054403186623,207.59000000000003,2.04,3.25,1,10,37,6,4.53999996185303,1
2023092408,3575,Sam Howell,Passer,16.423501453709555,150.66,6.41,1.82,2,3,44,6,2.08999991416931,1
2023092408,3762,Sam Howell,Passer,13.944260468020524,262.49,6.43,1.02,3,19,33,6,4.82000017166138,0
2023092409,173,Andy Dalton,Passer,20.82047069592808,107.08,4.9,1.6,2,6,25,6,1.57000005245209,0
2023092409,259,Andy Dalton,Passer,13.06381261347544,130.86999999999998,6.59,0.97,2,8,35,6,1.94000005722046,1
2023092409,595,Geno Smith,Passer,15.965368771187215,244.94000000000003,7.93,1.28,1,10,38,7,5.90000009536743,1
2023092409,697,Geno Smith,Passer,26.457229635772528,16.870000000000005,8.55,0.59,1,10,28,6,1.96000003814697,0
2023092409,865,Andy Dalton,Passer,19.404156771166328,37.89999999999999,4.22,5.67,2,10,40,6,3.14000010490417,0
2023092409,930,Geno Smith,Passer,13.411729940615416,202.89999999999998,6.02,3.9,1,10,19,7,0.540000021457672,1
2023092409,967,Geno Smith,Passer,25.22058286400217,97.44,0.97,0.83,1,10,35,6,3.15000009536743,1
2023092409,1100,Geno Smith,Passer,15.904276154544092,106.44999999999999,7.11,0.83,1,20,25,7,3.14000010490417,1
2023092409,1390,Geno Smith,Passer,28.502806879323305,28.64,5.36,2.8,2,9,15,5,3.75,0
2023092409,1479,Andy Dalton,Passer,26.104501527514373,287.57,7.5,2.07,1,10,25,7,7.90000009536743,0
2023092409,1502,Andy Dalton,Passer,18.45060974602194,52.25999999999999,3.86,4.51,2,10,25,7,2.80999994277954,1
2023092409,1555,Andy Dalton,Passer,16.400304875214974,18.230000000000018,5.03,1.38,1,10,38,6,3.17000007629395,0
2023092409,1659,Andy Dalton,Passer,19.352105828565527,292.93,6.65,1.51,2,14,49,7,3.9300000667572,1
2023092409,1770,Geno Smith,Passer,30.71709133365332,79.42,8.37,5.53,1,10,25,6,3.21000003814697,0
2023092409,1824,Geno Smith,Passer,13.587880629443283,88.66999999999999,6.67,2.6,3,16,19,4,1.88999998569489,0
2023092409,1875,Andy Dalton,Passer,13.759600284892,185.79999999999998,2.74,3.5,1,15,33,6,2.48000001907349,1
2023092409,1922,Andy Dalton,Passer,19.86138212713305,286.10999999999996,6.42,2.19,3,8,26,6,3.80999994277954,0
2023092409,2015,Geno Smith,Passer,21.01499702593365,53.71000000000001,6.11,5.04,2,7,30,6,2.75999999046326,1
2023092409,2040,Geno Smith,Passer,12.028487020402853,52.78999999999999,5.44,4.17,1,10,49,5,3.10999989509583,0
2023092409,2070,Geno Smith,Passer,22.931657157737202,46.78,5.29,5.43,2,10,49,6,2.86999988555908,1
2023092409,2117,Geno Smith,Passer,15.90547390051614,86.91000000000003,6.19,4.85,1,10,41,6,2.59999990463257,0
2023092409,2270,Andy Dalton,Passer,14.818751634331408,180.61,1.06,4.11,1,10,25,5,3.02999997138977,1
2023092409,2302,Andy Dalton,Passer,10.945542471709663,214.48000000000002,4.93,3.47,1,10,37,6,3.67000007629395,1
2023092409,2361,Andy Dalton,Passer,24.258039904328623,4.5,5.51,7.12,2,9,48,6,4.40999984741211,0
2023092409,2384,Andy Dalton,Passer,22.72520406949078,142.48,6.66,5.12,3,9,48,5,3.92000007629395,0
2023092409,2659,Geno Smith,Passer,16.073409719160402,208.82,2.82,4.99,2,9,30,5,2.50999999046326,1
2023092409,2684,Geno Smith,Passer,16.004265056540397,191.38,6.61,1.3,3,3,36,5,2.86999988555908,1
2023092409,2714,Geno Smith,Passer,24.566662369967972,271.5,4.6,2.21,1,10,43,7,9.40999984741211,1
2023092409,2739,Geno Smith,Passer,13.45248304217478,168.85000000000002,5.66,1.95,1,10,46,6,7.44999980926514,1
2023092409,3046,Andy Dalton,Passer,11.801970174508998,34.72999999999999,7.81,0.1,3,11,37,5,4.71000003814697,0
2023092409,3090,Geno Smith,Passer,10.288853191682739,150.57,6.33,2.42,1,10,45,7,0.779999971389771,1
2023092409,3478,Andy Dalton,Passer,12.546334125950896,253.36999999999998,7.48,2.43,2,10,39,5,4.73000001907349,1
2023092409,3611,Andy Dalton,Passer,19.02220018820116,58.96000000000001,5.82,0.76,2,20,41,6,2.96000003814697,1
2023092409,3770,Geno Smith,Passer,10.943386130444267,64.38000000000001,4.82,4.05,1,10,48,6,1.1599999666214,1
2023092409,4009,Andy Dalton,Passer,23.612634329951405,23.389999999999986,4.02,5.28,1,10,37,6,3.47000002861023,1
2023092409,4034,Andy Dalton,Passer,7.906478356385982,264.98,4.98,2.23,2,3,44,6,3.38000011444092,1
2023092409,4081,Andy Dalton,Passer,23.624923280298713,70.37,7.75,0.83,1,10,45,6,3.49000000953674,0
2023092409,4104,Andy Dalton,Passer,14.229550238851546,302.09000000000003,7.3,0.6,2,10,45,6,3.51999998092651,1
2023092409,4309,Geno Smith,Passer,11.34862987324902,7.25,6.73,1.53,3,2,27,6,3.65000009536743,1
2023092409,4360,Andy Dalton,Passer,11.604697324790518,238.20999999999998,3.82,2.39,1,10,32,6,2.50999999046326,0
2023092409,4383,Andy Dalton,Passer,19.830352997362404,38.859999999999985,3.31,4.98,2,10,32,5,2.89000010490417,0
2023092409,4406,Andy Dalton,Passer,12.571320535250072,102.41999999999999,3.82,1.48,3,10,32,5,5.30999994277954,1
2023092409,4673,Andy Dalton,Passer,15.310290656940513,309.24,6.51,3.78,1,10,25,6,1.98000001907349,1
2023092409,4703,Andy Dalton,Passer,18.888157665585066,50.93000000000001,7.19,1.98,2,4,31,7,2.97000002861023,0
2023092409,4726,Andy Dalton,Passer,14.537159282335734,9.060000000000002,5.44,5.36,3,4,31,6,2.24000000953674,1
2023092409,4751,Andy Dalton,Passer,17.257508510790313,207.29000000000002,4.36,3.54,1,10,38,5,2.96000003814697,1
2023092409,4776,Andy Dalton,Passer,23.252984754650317,19.95999999999998,4.36,5.89,2,6,42,6,2.97000002861023,1
2023092409,4801,Andy Dalton,Passer,10.706745537276952,304.33000000000004,4.77,4.46,1,10,50,6,3.86999988555908,1
2023092409,4826,Andy Dalton,Passer,17.288909740061687,29.659999999999968,4.59,4.9,2,4,44,4,3.03999996185303,0
2023092409,4938,Andy Dalton,Passer,16.391122597308584,77.59000000000003,6.54,3.17,1,10,25,5,2.20000004768372,1
2023092409,4968,Andy Dalton,Passer,18.074733746310066,93.03000000000003,6.78,1.41,1,10,15,7,3.20000004768372,1
2023092410,374,Joshua Dobbs,Passer,23.852253562294692,124.00000000000003,8.17,3.39,1,10,18,7,4.76999998092651,1
2023092410,533,Joshua Dobbs,Passer,10.071330597294477,21.520000000000003,6.13,0.36,3,2,15,7,2.55999994277954,1
2023092410,765,Dak Prescott,Passer,11.202789831109037,301.27,6.68,3.58,1,10,39,6,6.65999984741211,1
2023092410,995,Joshua Dobbs,Passer,19.962938160501317,64.27000000000001,6.7,5.4,3,4,31,5,2.83999991416931,1
2023092410,1178,Joshua Dobbs,Passer,10.208427890718532,7.13000000000001,6.85,2.04,1,10,47,7,5.96000003814697,1
2023092410,1352,Dak Prescott,Passer,13.299281935503133,117.62000000000002,0.39,1.46,1,10,49,7,1.12000000476837,1
2023092410,1488,Dak Prescott,Passer,11.093534152829745,48.06999999999999,4.06,4.89,2,11,39,6,1.24000000953674,1
2023092410,1603,Dak Prescott,Passer,22.57398945689485,2.829999999999984,7.17,1.64,1,14,15,7,2.08999991416931,0
2023092410,1912,Joshua Dobbs,Passer,23.636937195838208,55.610000000000014,9.1,2.05,1,10,27,8,8.18000030517578,0
2023092410,1969,Joshua Dobbs,Passer,8.153091438221452,233.46000000000004,5.98,0.44,2,15,32,7,2.10999989509583,1
2023092410,2079,Dak Prescott,Passer,15.090145791210901,133.59,5.5,2.92,1,10,25,6,0.879999995231628,1
2023092410,2104,Dak Prescott,Passer,11.326517558367179,92.72999999999999,6.35,1.09,2,3,32,6,3.08999991416931,1
2023092410,2320,Joshua Dobbs,Passer,23.42636548848327,10.970000000000013,6.11,3.75,1,10,29,6,3.42000007629395,1
2023092410,2402,Joshua Dobbs,Passer,23.879313222955137,82.99999999999999,8.16,1.12,1,5,48,6,2.58999991416931,0
2023092410,2550,Dak Prescott,Passer,12.503775429845184,261.18,4.9,1.06,1,10,25,7,5.55000019073486,1
2023092410,2619,Dak Prescott,Passer,19.030023646858666,84.05000000000004,0.91,0.89,1,10,43,7,0.660000026226044,1
2023092410,2644,Dak Prescott,Passer,12.600801561805504,249.82,6.21,1.76,2,6,47,5,3.51999998092651,1
2023092410,2727,Dak Prescott,Passer,11.204945336769828,120.25000000000001,4.0,5.4,2,12,24,6,0.779999971389771,0
2023092410,3039,Dak Prescott,Passer,23.695478471640957,279.56,7.79,2.38,1,10,16,5,1.67999994754791,1
2023092410,3247,Dak Prescott,Passer,10.825252883882204,180.85000000000002,2.86,3.29,3,13,14,5,1.62999999523163,1
2023092410,3526,Dak Prescott,Passer,12.001504072406922,175.17999999999998,3.14,4.28,2,9,37,6,0.810000002384186,0
2023092410,3671,Dak Prescott,Passer,17.412136571943144,125.92000000000002,5.59,4.07,3,4,32,6,1.45000004768372,1
2023092410,3696,Dak Prescott,Passer,17.17958090292077,41.22,5.0,5.2,1,10,20,5,1.12999999523163,1
2023092410,3775,Dak Prescott,Passer,17.62299634000983,60.53,4.31,1.82,3,8,8,7,1.55999994277954,0
2023092410,3937,Joshua Dobbs,Passer,13.593947182477944,275.11,8.1,1.37,3,2,2,7,3.90000009536743,1
2023092410,4023,Dak Prescott,Passer,16.130855525978774,10.829999999999984,5.47,3.78,2,1,34,5,1.19000005722046,1
2023092410,4187,Dak Prescott,Passer,21.85037299452803,142.64,5.74,3.88,2,1,18,6,2.55999994277954,0
2023092410,4358,Dak Prescott,Passer,14.447577651634194,46.28,7.39,0.63,3,6,6,6,3.22000002861023,0
2023092411,195,Patrick Mahomes,Passer,22.57363063399417,112.64999999999999,5.98,4.97,3,5,42,5,4.36999988555908,0
2023092411,369,Patrick Mahomes,Passer,18.999978947356755,192.02999999999997,6.45,1.25,1,10,41,6,7.51000022888184,1
2023092411,401,Patrick Mahomes,Passer,21.170510149734234,73.94000000000001,7.58,3.52,1,10,35,6,2.65000009536743,1
2023092411,631,Justin Fields,Passer,27.573909769925628,75.82000000000002,8.07,2.21,2,3,32,7,8.25,0
2023092411,780,Patrick Mahomes,Passer,11.732267470527598,17.35000000000001,5.46,2.68,1,10,20,6,3.36999988555908,1
2023092411,856,Patrick Mahomes,Passer,13.445092041336123,187.89,2.13,3.1,2,8,33,6,3.02999997138977,1
2023092411,901,Patrick Mahomes,Passer,20.276077036744557,83.94999999999999,6.27,2.22,3,2,39,6,3.72000002861023,1
2023092411,1002,Patrick Mahomes,Passer,12.253978945632308,182.51999999999998,4.89,1.58,3,7,25,5,4.80999994277954,1
2023092411,1030,Patrick Mahomes,Passer,12.035983549340706,252.18000000000004,5.75,1.97,1,10,15,6,2.57999992370605,1
2023092411,1319,Patrick Mahomes,Passer,18.746330307556203,172.85000000000002,7.33,1.04,1,10,12,6,5.90999984741211,1
2023092411,1376,Patrick Mahomes,Passer,14.651586944764716,56.75,2.23,5.56,1,10,47,7,7.69000005722046,1
2023092411,1474,Patrick Mahomes,Passer,25.15237563332736,71.46000000000001,7.99,4.13,1,10,16,6,4.42999982833862,0
2023092411,1554,Patrick Mahomes,Passer,9.106096858698573,289.77,7.61,1.05,1,3,3,7,3.75999999046326,0
2023092411,1760,Patrick Mahomes,Passer,22.335409107513566,53.77999999999997,5.56,4.93,3,7,23,5,5.25,0
2023092411,1897,Patrick Mahomes,Passer,17.013529910045122,239.64999999999998,3.28,5.68,1,10,26,5,2.44000005722046,1
2023092411,2494,Patrick Mahomes,Passer,26.606549945455164,49.42999999999999,7.82,4.51,3,6,40,5,6.80999994277954,1
2023092411,2563,Patrick Mahomes,Passer,12.222602014301208,228.82,7.23,1.27,3,3,16,6,2.73000001907349,1
2023092411,2666,Patrick Mahomes,Passer,19.728786075174522,246.17000000000002,9.16,1.76,2,3,3,6,4.40999984741211,0
2023092411,2689,Patrick Mahomes,Passer,17.673941269564068,98.83000000000001,4.59,5.32,3,3,3,6,2.39000010490417,1
2023092411,2966,Blaine Gabbert,Passer,15.739533029921816,83.12,6.55,3.05,3,4,35,6,3.09999990463257,0
2023092411,3350,Blaine Gabbert,Passer,21.17352356127813,149.28000000000003,5.66,2.82,3,5,30,6,5.13000011444092,1
2023092411,3515,Blaine Gabbert,Passer,25.240511088327835,166.23,5.63,4.04,3,12,49,6,4.40999984741211,1
2023092411,3717,Justin Fields,Passer,8.911621625719976,34.389999999999986,5.06,2.91,1,10,49,6,3.6800000667572,1
2023092411,3742,Justin Fields,Passer,26.245384356111074,12.89,7.26,1.94,2,5,44,6,1.97000002861023,1
2023092412,658,Kenny Pickett,Passer,20.960400759527477,133.96,2.15,4.11,1,10,25,7,1.21000003814697,0
2023092412,703,Kenny Pickett,Passer,25.649446387787787,4.0,8.9,0.3,3,7,28,5,4.94000005722046,1
2023092412,866,Kenny Pickett,Passer,14.245518593578822,46.849999999999994,6.3,3.3,1,10,25,6,2.17000007629395,0
2023092412,965,Kenny Pickett,Passer,22.688446398993474,153.85999999999999,4.6,2.61,2,10,40,6,2.49000000953674,1
2023092412,1175,Jimmy Garoppolo,Passer,23.568156482847787,261.78999999999996,5.88,3.86,3,1,38,6,4.01000022888184,1
2023092412,1261,Kenny Pickett,Passer,12.688041614055338,118.91000000000003,6.45,3.28,1,10,31,6,1.0900000333786,1
2023092412,1512,Jimmy Garoppolo,Passer,30.03582028179021,7.420000000000016,7.02,2.35,2,11,24,6,1.92999994754791,0
2023092412,1559,Jimmy Garoppolo,Passer,12.398491843768742,165.45,5.39,1.86,3,16,19,5,4.15999984741211,1
2023092412,1604,Kenny Pickett,Passer,23.429231741565925,171.62,4.92,2.81,1,10,23,7,6.19000005722046,1
2023092412,1658,Kenny Pickett,Passer,21.71450436919986,49.400000000000006,6.88,2.43,2,10,36,6,2.15000009536743,0
2023092412,2008,Jimmy Garoppolo,Passer,8.684445866029682,40.339999999999975,1.82,1.1,1,10,42,4,4.17000007629395,1
2023092412,2187,Jimmy Garoppolo,Passer,30.22594911661171,75.60000000000001,6.48,6.23,2,10,25,7,4.1100001335144,0
2023092412,2210,Jimmy Garoppolo,Passer,16.733308100910595,96.32,3.24,3.59,3,10,25,5,3.25,1
2023092412,2254,Kenny Pickett,Passer,19.420054067895897,93.33000000000001,2.27,3.19,1,10,9,6,1.80999994277954,1
2023092412,2346,Kenny Pickett,Passer,10.769461453573246,71.69999999999999,8.19,1.28,3,5,26,6,3.71000003814697,1
2023092412,2371,Kenny Pickett,Passer,9.629252307422425,216.47000000000003,5.74,2.16,1,10,42,6,6.5,1
2023092412,2553,Jimmy Garoppolo,Passer,10.912162938666194,55.86,6.96,1.34,1,10,48,7,5.94999980926514,0
2023092412,2576,Jimmy Garoppolo,Passer,23.599468214347542,54.72,4.07,3.58,2,10,48,7,4.65999984741211,0
2023092412,2603,Kenny Pickett,Passer,18.250808201282485,55.28,6.57,5.23,1,10,19,6,3.98000001907349,1
2023092412,2682,Kenny Pickett,Passer,18.98146464317229,167.61,3.06,3.56,1,10,44,6,4.19999980926514,1
2023092412,2737,Kenny Pickett,Passer,18.718231754094724,250.49,7.3,2.78,1,10,13,8,6.6100001335144,1
2023092412,2818,Jimmy Garoppolo,Passer,21.387533752165076,98.16,7.71,4.58,2,2,33,7,6.84000015258789,1
2023092412,3099,Jimmy Garoppolo,Passer,22.994184047275958,8.170000000000016,6.58,6.25,3,18,35,4,3.60999989509583,1
2023092412,3292,Jimmy Garoppolo,Passer,9.545705840848024,31.639999999999986,6.14,3.31,1,10,46,5,2.23000001907349,1
2023092412,3464,Jimmy Garoppolo,Passer,17.30815414768426,72.65000000000003,5.63,1.1,1,10,18,6,2.49000000953674,0
2023092412,3572,Jimmy Garoppolo,Passer,13.376972751710303,228.83999999999997,1.32,4.32,3,1,1,7,2.76999998092651,1
2023092412,3653,Kenny Pickett,Passer,13.502784897938653,125.50000000000003,6.44,2.3,1,10,25,7,1.32000005245209,0
2023092412,3765,Jimmy Garoppolo,Passer,10.012417290544775,100.33000000000001,4.91,3.65,1,10,48,5,2.94000005722046,1
2023092412,3790,Jimmy Garoppolo,Passer,21.811707865272727,32.400000000000006,6.32,3.63,2,4,46,7,2.6800000667572,1
2023092412,3940,Jimmy Garoppolo,Passer,8.12848079286653,284.11,4.14,3.81,1,10,14,6,1.38999998569489,1
2023092412,3965,Jimmy Garoppolo,Passer,11.062915528919131,76.25999999999999,3.87,3.14,2,4,8,7,2.16000008583069,0
2023092412,4098,Kenny Pickett,Passer,14.652078350868862,143.98,6.43,3.2,3,2,33,6,1.14999997615814,1
2023092500,135,Baker Mayfield,Passer,24.13629010432216,91.58000000000001,8.73,2.25,1,10,39,6,8.10999965667725,0
2023092500,258,Jalen Hurts,Passer,12.147942212572474,292.9,8.21,0.46,2,2,33,8,4.8899998664856,1
2023092500,288,Jalen Hurts,Passer,28.125051111064668,51.94,4.86,5.72,1,10,39,6,4.59000015258789,1
2023092500,373,Jalen Hurts,Passer,22.8850344111605,304.6,8.96,2.14,3,1,14,8,2.78999996185303,0
2023092500,450,Baker Mayfield,Passer,15.745986790290406,136.76,2.89,4.51,1,10,31,6,0.709999978542328,1
2023092500,651,Jalen Hurts,Passer,13.76419994042516,211.16000000000003,2.26,3.92,1,10,13,7,3.50999999046326,0
2023092500,730,Jalen Hurts,Passer,18.38847737035342,138.45,3.29,6.24,2,15,18,6,2.97000002861023,0
2023092500,943,Jalen Hurts,Passer,30.734568485664482,264.07,4.53,7.14,1,10,26,6,4.09000015258789,1
2023092500,1081,Baker Mayfield,Passer,7.9966305404213855,140.22000000000003,6.09,0.99,1,10,16,6,2.59999990463257,1
2023092500,1180,Baker Mayfield,Passer,8.178630692236933,99.63,5.58,0.97,1,10,47,6,2.00999999046326,1
2023092500,1235,Baker Mayfield,Passer,15.116414918888669,62.14999999999998,5.11,2.54,3,3,46,6,1.88999998569489,1
2023092500,1384,Baker Mayfield,Passer,23.136745665715395,26.189999999999998,6.97,1.42,3,9,15,6,3.27999997138977,0
2023092500,1463,Jalen Hurts,Passer,10.402499699591443,179.21,1.85,4.86,1,10,16,7,3.34999990463257,1
2023092500,1511,Jalen Hurts,Passer,17.39804586728061,50.84,4.95,5.63,3,5,21,6,2.85999989509583,1
2023092500,1605,Jalen Hurts,Passer,12.416191042344673,82.5,7.53,0.82,2,9,33,5,4.57999992370605,1
2023092500,1654,Jalen Hurts,Passer,29.851914511468117,51.06999999999999,7.07,1.89,3,10,34,6,4.25,1
2023092500,2285,Jalen Hurts,Passer,18.08083239234301,138.86999999999998,6.44,5.94,2,10,25,8,1.98000001907349,1
2023092500,2381,Jalen Hurts,Passer,20.471387349175924,16.610000000000014,4.86,4.66,2,8,38,7,2.47000002861023,1
2023092500,2407,Jalen Hurts,Passer,22.842042378036165,235.5,4.08,2.06,1,10,49,6,4.46999979019165,1
2023092500,2530,Jalen Hurts,Passer,15.401460969661288,90.62,5.01,3.8,2,1,1,9,0.340000003576279,0
2023092500,2658,Baker Mayfield,Passer,17.873695756613962,171.44,2.62,2.42,2,7,28,6,1.39999997615814,1
2023092500,2728,Baker Mayfield,Passer,30.31507380825585,102.87,8.5,2.24,3,7,39,6,4.42999982833862,0
2023092500,2896,Jalen Hurts,Passer,33.04094580970709,314.74,9.49,0.66,1,10,41,8,2.48000001907349,0
2023092500,3094,Jalen Hurts,Passer,18.333098483344266,171.30999999999997,5.58,3.42,1,10,26,6,3.20000004768372,1
2023092500,3119,Jalen Hurts,Passer,18.824903718213278,68.60000000000002,3.65,4.58,2,5,21,5,2.79999995231628,1
2023092500,3272,Baker Mayfield,Passer,17.369666087751945,9.379999999999995,7.41,4.78,1,10,25,6,1.99000000953674,1
2023092500,3359,Baker Mayfield,Passer,20.303952817124056,127.81,4.6,2.1,1,10,17,5,1.72000002861023,1
2023092500,3406,Baker Mayfield,Passer,15.792469724523777,14.920000000000016,5.38,3.51,3,1,8,7,1.45000004768372,1
2023092500,3481,Baker Mayfield,Passer,16.480109222939028,39.880000000000024,3.86,3.85,3,1,1,8,1.98000001907349,1
2023092500,3719,Jalen Hurts,Passer,19.940912717325652,33.31000000000002,6.05,1.97,3,13,45,6,0.129999995231628,1
2023092500,3891,Jalen Hurts,Passer,17.584339623653772,125.02000000000001,5.7,3.04,4,2,11,9,0.349999994039536,1
2023092501,79,Joe Burrow,Passer,13.545958806965274,247.28,6.59,1.66,2,10,25,6,1.3400000333786,1
2023092501,156,Joe Burrow,Passer,4.214000474608422,258.59999999999997,7.63,1.04,2,6,50,4,0.259999990463257,1
2023092501,181,Joe Burrow,Passer,16.03108542800518,211.52999999999997,2.07,3.7,1,10,44,5,1.78999996185303,0
2023092501,238,Joe Burrow,Passer,10.432420620354614,88.94999999999999,5.06,1.05,3,4,38,5,0.200000002980232,0
2023092501,459,Matthew Stafford,Passer,14.194266448112069,146.93999999999997,5.35,3.17,3,11,11,6,4.05000019073486,0
2023092501,625,Joe Burrow,Passer,15.767929477264921,161.14,0.71,2.45,3,11,24,6,2.83999991416931,1
2023092501,773,Joe Burrow,Passer,13.434600850043891,172.8,2.88,4.77,1,10,21,6,2.73000001907349,1
2023092501,870,Joe Burrow,Passer,12.93709781983579,50.040000000000006,4.51,2.02,2,5,38,6,0.280000001192093,1
2023092501,895,Joe Burrow,Passer,25.97637773054588,59.53999999999999,4.41,4.38,1,10,48,6,2.96000003814697,1
2023092501,1056,Joe Burrow,Passer,13.38634005245646,118.13999999999999,8.49,0.47,2,10,30,6,4.86999988555908,1
2023092501,1176,Matthew Stafford,Passer,12.822636234409835,42.81,9.27,1.2,1,10,25,7,5.32000017166138,1
2023092501,1210,Matthew Stafford,Passer,15.510838146276944,65.03,5.59,4.51,1,10,36,7,3.42000007629395,1
2023092501,1265,Matthew Stafford,Passer,12.90860565669275,81.17000000000002,6.51,1.6,1,10,12,6,1.91999995708466,0
2023092501,1310,Matthew Stafford,Passer,18.736680602497334,6.150000000000006,6.03,2.92,3,3,5,6,2.9300000667572,0
2023092501,1398,Joe Burrow,Passer,14.079808237330512,294.59999999999997,5.49,0.89,2,10,25,6,2.60999989509583,0
2023092501,1451,Joe Burrow,Passer,21.306454421137275,70.98000000000002,5.37,2.26,1,10,36,6,1.86000001430511,0
2023092501,1684,Joe Burrow,Passer,23.1403824514635,148.49,6.27,4.91,1,10,24,6,1.0900000333786,0
2023092501,1707,Joe Burrow,Passer,16.031247612085593,78.20999999999998,3.89,5.22,2,10,24,5,3.13000011444092,0
2023092501,1916,Joe Burrow,Passer,20.55922663915158,42.98000000000002,6.06,2.04,2,18,49,6,2.27999997138977,0
2023092501,1939,Joe Burrow,Passer,29.280044398873443,23.939999999999998,6.25,3.84,3,18,49,6,3.70000004768372,0
2023092501,2042,Matthew Stafford,Passer,16.366786489717523,142.57999999999998,5.44,3.65,1,10,21,5,1.55999994277954,0
2023092501,2202,Joe Burrow,Passer,23.349357592876082,112.43,6.42,5.33,1,10,25,6,2.80999994277954,0
2023092501,3109,Joe Burrow,Passer,12.805038071009394,258.42,5.97,1.84,3,8,30,6,3.19000005722046,0
2023092501,3175,Matthew Stafford,Passer,11.589106954377458,152.38,5.87,1.97,1,10,25,6,5.03999996185303,1
2023092501,3417,Joe Burrow,Passer,14.413538774360722,222.67000000000002,4.97,2.06,2,9,41,5,2.91000008583069,0
2023092501,3440,Joe Burrow,Passer,12.067891282241481,266.84,5.49,2.5,3,9,41,5,2.21000003814697,1
2023092501,3522,Joe Burrow,Passer,9.798290667254161,11.599999999999994,4.97,0.37,3,8,47,5,2.9300000667572,1
2023092501,3569,Joe Burrow,Passer,29.670203908972383,86.45999999999998,7.04,4.1,1,10,37,6,2.9300000667572,0
2023092501,3759,Joe Burrow,Passer,17.499514278973574,72.57,6.25,2.95,2,12,42,7,1.39999997615814,1
2023092501,3848,Matthew Stafford,Passer,22.095881969272014,9.86999999999999,8.4,2.04,1,10,25,5,4.55000019073486,0
2023092501,3871,Matthew Stafford,Passer,17.140061260100566,0.9699999999999989,8.45,1.78,2,10,25,5,4.42999982833862,0
2023092501,4092,Matthew Stafford,Passer,16.423267031866708,12.119999999999976,6.44,3.54,1,10,39,6,2.76999998092651,1
2023092501,4176,Matthew Stafford,Passer,12.242785630729632,62.27999999999997,6.18,3.07,3,3,39,4,3.88000011444092,0
2023092501,4241,Matthew Stafford,Passer,29.08006189814596,108.84,9.13,1.2,2,18,40,6,3.25999999046326,1
2023092501,4318,Matthew Stafford,Passer,18.221377554949022,260.01,6.85,1.76,3,1,1,6,2.15000009536743,1
2023092800,188,Jordan Love,Passer,13.374199041437967,126.63999999999999,2.88,4.14,3,19,25,6,2.64000010490417,1
2023092800,322,Jared Goff,Passer,11.947489275994348,168.39,4.03,4.05,1,10,36,6,3.53999996185303,1
2023092800,394,Jared Goff,Passer,18.830520438904497,61.91,5.56,3.05,1,10,24,5,0.0500000007450581,1
2023092800,508,Jordan Love,Passer,12.480052083224649,76.18,4.27,0.75,3,16,14,6,6.30999994277954,0
2023092800,596,Jared Goff,Passer,26.57102557298081,277.15,4.83,6.03,1,10,45,6,6.98000001907349,0
2023092800,1156,Jordan Love,Passer,17.63335475739088,267.58,5.57,5.18,1,10,10,7,4.76000022888184,0
2023092800,1359,Jared Goff,Passer,16.89374144468892,4.189999999999998,5.55,5.6,1,10,30,6,6.78999996185303,1
2023092800,1548,Jordan Love,Passer,6.575545604738822,182.32999999999998,3.39,2.05,1,10,8,6,6.40000009536743,1
2023092800,1669,Jordan Love,Passer,29.341864289782272,126.83999999999997,5.53,4.51,3,21,8,6,3.79999995231628,1
2023092800,1748,Jared Goff,Passer,10.319268384919544,135.70000000000002,2.08,4.17,2,6,28,7,3.63000011444092,1
2023092800,1866,Jared Goff,Passer,25.550142856743488,233.32,5.48,3.15,1,10,46,5,3.14000010490417,1
2023092800,2228,Jordan Love,Passer,13.440863067526578,211.75,5.4,1.51,1,10,14,7,3.67000007629395,1
2023092800,2275,Jordan Love,Passer,13.904276320614462,119.69999999999999,3.48,4.29,3,1,23,7,2.50999999046326,1
2023092800,2425,Jordan Love,Passer,14.536079251297444,186.23000000000002,3.02,2.14,1,10,18,7,8.06999969482422,1
2023092800,2511,Jordan Love,Passer,21.416713099819965,117.69000000000001,6.25,4.48,4,9,17,6,4.92000007629395,1
2023092800,2561,Jordan Love,Passer,21.333471353720196,221.05,6.2,2.58,2,1,1,8,2.19000005722046,1
2023092800,2652,Jared Goff,Passer,9.726134895219172,265.25,6.12,0.78,2,7,30,6,1.89999997615814,1
2023092800,2677,Jared Goff,Passer,15.464106828394586,129.36,7.66,0.61,3,12,25,3,5.09999990463257,1
2023092800,2748,Jordan Love,Passer,24.93843018315307,84.81,8.17,2.16,2,21,19,5,4.15000009536743,0
2023092800,2771,Jordan Love,Passer,31.32506504382712,208.07,6.61,4.72,3,21,19,5,7.21999979019165,1
2023092800,2889,Jared Goff,Passer,11.545358374688945,109.30000000000001,5.24,4.65,3,2,19,6,2.33999991416931,1
2023092800,3057,Jordan Love,Passer,27.1577465928232,61.589999999999996,9.04,1.31,1,10,47,4,4.80000019073486,1
2023092800,3102,Jordan Love,Passer,24.501275477003233,46.319999999999965,6.59,2.16,1,9,9,6,2.98000001907349,0
2023092800,3325,Jared Goff,Passer,26.004430391762092,223.93,7.77,4.31,1,10,39,6,5.42999982833862,1
2023092800,3763,Jordan Love,Passer,11.366674975559038,130.01000000000002,4.4,3.76,1,10,19,6,4.6100001335144,1
2023092800,4178,Jared Goff,Passer,15.605159403223029,156.15999999999997,2.79,5.93,4,3,24,5,3.74000000953674,1
2023100100,275,Desmond Ridder,Passer,15.2851561980897,229.1,6.07,2.44,3,9,8,6,2.50999999046326,1
2023100100,334,Trevor Lawrence,Passer,10.650244128657334,223.73999999999998,5.9,1.0,1,10,28,6,0.959999978542328,1
2023100100,465,Trevor Lawrence,Passer,15.624371987379197,151.64999999999998,2.7,4.51,4,1,38,6,3.21000003814697,1
2023100100,762,Trevor Lawrence,Passer,23.303411767378616,68.28,6.61,5.19,1,10,31,6,7.26000022888184,1
2023100100,891,Trevor Lawrence,Passer,21.094691275294835,31.370000000000005,5.95,1.32,3,9,38,7,4.65000009536743,0
2023100100,972,Desmond Ridder,Passer,17.95078271273986,199.80999999999997,4.64,4.98,2,6,29,6,0.0099999997764825,0
2023100100,1111,Trevor Lawrence,Passer,10.048532231127098,193.23000000000002,1.32,5.55,1,10,19,6,1.94000005722046,1
2023100100,1283,Desmond Ridder,Passer,8.386715686131252,75.22,4.1,0.08,3,8,15,6,3.3199999332428,1
2023100100,1313,Desmond Ridder,Passer,8.326403785548717,51.07000000000002,5.75,1.35,1,10,24,6,3.35999989509583,1
2023100100,1360,Desmond Ridder,Passer,24.289868258185344,7.170000000000002,6.48,2.42,1,10,35,6,2.58999991416931,1
2023100100,1495,Desmond Ridder,Passer,24.158431240459304,71.07,6.27,5.48,1,10,25,8,4.40000009536743,0
2023100100,1560,Trevor Lawrence,Passer,14.495492402812674,105.63000000000002,3.96,4.67,2,8,14,6,2.5699999332428,1
2023100100,1718,Desmond Ridder,Passer,6.775913222584837,1.3700000000000045,4.67,1.0,3,4,18,6,3.08999991416931,1
2023100100,1893,Trevor Lawrence,Passer,19.225516898122656,272.85,6.64,2.02,3,4,26,6,3.35999989509583,1
2023100100,1923,Trevor Lawrence,Passer,16.293311511169236,96.00999999999999,4.98,3.28,1,10,42,6,4.03999996185303,0
2023100100,2161,Desmond Ridder,Passer,17.876042626935078,2.920000000000016,7.54,1.68,3,9,15,6,3.15000009536743,1
2023100100,2245,Trevor Lawrence,Passer,7.411349404798021,165.67,3.67,1.61,2,2,33,7,3.11999988555908,1
2023100100,2304,Trevor Lawrence,Passer,11.214923093806757,202.58999999999997,3.92,1.06,2,7,40,6,1.41999995708466,1
2023100100,2735,Desmond Ridder,Passer,19.52687635030242,17.319999999999993,2.31,2.31,3,19,43,4,4.0,1
2023100100,2892,Trevor Lawrence,Passer,12.832225060370476,26.679999999999993,3.96,4.01,1,20,13,5,2.08999991416931,1
2023100100,2989,Trevor Lawrence,Passer,13.620033039607494,97.36000000000001,7.62,0.28,1,10,37,7,5.69999980926514,1
2023100100,3245,Desmond Ridder,Passer,16.107218878502895,57.06999999999999,4.67,3.03,3,6,29,6,1.74000000953674,1
2023100100,3392,Desmond Ridder,Passer,20.390794491632743,70.19000000000001,6.68,1.69,3,15,18,6,2.13000011444092,1
2023100100,3469,Trevor Lawrence,Passer,17.849876750274785,297.65999999999997,6.74,5.96,2,7,9,6,2.70000004768372,1
2023100100,3776,Desmond Ridder,Passer,25.708389681191623,95.13999999999999,6.06,1.53,1,10,25,6,2.36999988555908,1
2023100100,3806,Desmond Ridder,Passer,13.121844382555372,70.71000000000001,5.52,2.23,1,10,39,5,1.03999996185303,1
2023100101,128,Josh Allen,Passer,12.379745554735766,23.579999999999984,4.19,2.91,2,8,38,5,1.99000000953674,1
2023100101,302,Tua Tagovailoa,Passer,11.759868196540301,101.28999999999999,6.08,2.13,1,10,23,6,2.21000003814697,1
2023100101,403,Tua Tagovailoa,Passer,21.592973394139122,271.13,8.53,2.71,1,10,34,6,4.63000011444092,1
2023100101,589,Josh Allen,Passer,18.23451946172424,277.57,6.28,3.71,2,7,23,6,2.17000007629395,1
2023100101,671,Josh Allen,Passer,12.200282783607923,206.64999999999998,1.92,7.08,1,10,49,6,2.10999989509583,1
2023100101,892,Tua Tagovailoa,Passer,25.412516601076724,87.88,5.48,5.51,1,10,30,6,2.02999997138977,1
2023100101,974,Tua Tagovailoa,Passer,18.972063672674086,38.839999999999975,9.32,1.97,2,9,49,7,2.9300000667572,1
2023100101,1066,Tua Tagovailoa,Passer,20.850410067909934,70.63999999999999,6.99,3.95,3,8,25,5,1.52999997138977,1
2023100101,1198,Josh Allen,Passer,18.017727381664983,119.11000000000001,6.3,4.52,1,10,21,6,4.19999980926514,1
2023100101,1617,Josh Allen,Passer,9.160769618323563,261.9,6.9,1.18,1,10,27,6,2.25,1
2023100101,1795,Tua Tagovailoa,Passer,10.860557075951498,139.13,4.0,6.47,3,2,14,7,2.45000004768372,0
2023100101,2190,Tua Tagovailoa,Passer,19.478791030246196,135.70000000000002,3.5,4.43,2,14,21,4,3.36999988555908,1
2023100101,2352,Tua Tagovailoa,Passer,13.020096005790434,81.1,6.68,2.49,2,10,25,6,2.08999991416931,1
2023100101,2590,Tua Tagovailoa,Passer,21.12805007566954,34.959999999999994,7.53,4.11,3,6,11,4,2.33999991416931,1
2023100101,2707,Josh Allen,Passer,15.210864538217416,64.19999999999999,5.0,3.06,1,10,36,6,7.38000011444092,1
2023100101,2996,Josh Allen,Passer,19.623643902191052,111.36999999999998,4.89,3.77,1,10,13,8,0.519999980926514,1
2023100101,3066,Tua Tagovailoa,Passer,23.96480753104435,233.72,7.14,2.75,1,10,25,6,5.28999996185303,1
2023100101,3441,Tua Tagovailoa,Passer,10.403696458470902,155.11,4.39,1.6,1,13,13,6,2.15000009536743,1
2023100101,3567,Josh Allen,Passer,11.741673645609472,56.71000000000001,6.74,2.03,2,12,15,6,5.59000015258789,1
2023100101,3730,Tua Tagovailoa,Passer,21.42816137702906,124.39000000000001,8.32,2.95,1,10,48,6,2.10999989509583,1
2023100101,3919,Tua Tagovailoa,Passer,7.883431993744859,154.82,3.25,2.71,3,27,46,4,4.92000007629395,1
2023100101,3990,Tua Tagovailoa,Passer,18.749005306948952,59.54999999999998,6.26,4.73,4,18,37,4,3.47000002861023,1
2023100102,313,Kirk Cousins,Passer,20.960918395910046,217.9,7.8,0.65,3,5,5,5,2.76999998092651,0
2023100102,628,Bryce Young,Passer,19.20940654991715,77.49000000000001,5.6,6.37,1,10,41,6,0.219999998807907,1
2023100102,722,Bryce Young,Passer,16.049286588506046,277.7,6.37,3.2,2,6,6,8,1.78999996185303,0
2023100102,945,Kirk Cousins,Passer,9.820641526906472,292.71,5.71,1.5,1,10,36,6,2.6800000667572,1
2023100102,992,Kirk Cousins,Passer,19.854382387775242,68.59,6.87,3.44,3,2,44,7,2.86999988555908,0
2023100102,1092,Kirk Cousins,Passer,25.165216072984553,34.04000000000002,5.92,6.03,1,10,35,6,6.57000017166138,1
2023100102,1166,Kirk Cousins,Passer,11.7950582872659,200.34999999999997,1.52,4.62,3,1,4,8,6.42000007629395,1
2023100102,1700,Bryce Young,Passer,22.080817466751544,199.13000000000002,4.22,2.2,3,21,20,4,2.64000010490417,1
2023100102,1830,Kirk Cousins,Passer,20.342873445017542,149.25,7.07,4.44,2,11,29,5,2.85999989509583,1
2023100102,1855,Kirk Cousins,Passer,28.801184003439854,88.94,5.23,5.88,1,10,45,6,4.19999980926514,1
2023100102,2260,Kirk Cousins,Passer,23.158324637158014,86.54,3.85,4.0,3,8,23,5,3.17000007629395,0
2023100102,2474,Bryce Young,Passer,15.327804800427227,117.45000000000002,4.76,3.64,3,11,49,7,3.21000003814697,1
2023100102,2887,Kirk Cousins,Passer,28.700907651152775,2.0600000000000023,9.06,0.52,2,1,30,7,3.02999997138977,1
2023100102,2980,Bryce Young,Passer,14.716630049029568,286.65000000000003,6.59,4.08,1,10,23,7,1.39999997615814,1
2023100102,3054,Bryce Young,Passer,12.018623049251518,125.60000000000001,2.55,3.37,2,8,40,8,2.55999994277954,1
2023100102,3330,Kirk Cousins,Passer,24.815902159703967,74.07999999999998,6.68,2.71,3,2,28,6,2.26999998092651,0
2023100102,3460,Bryce Young,Passer,26.296967505779065,146.28,2.57,1.98,1,10,36,6,2.60999989509583,1
2023100102,3485,Bryce Young,Passer,24.757726066826088,73.07,5.68,4.45,2,4,42,6,2.28999996185303,1
2023100102,3540,Bryce Young,Passer,20.612777590611117,213.52999999999997,5.97,4.93,2,6,36,7,2.95000004768372,1
2023100103,225,Russell Wilson,Passer,11.686560657438948,101.03999999999999,6.34,1.14,2,6,20,7,7.55000019073486,1
2023100103,338,Russell Wilson,Passer,10.354791161583126,163.64000000000004,5.49,2.62,1,10,32,6,7.90000009536743,1
2023100103,609,Justin Fields,Passer,22.94177194551458,66.87,6.33,3.1,3,5,49,5,2.57999992370605,1
2023100103,868,Russell Wilson,Passer,7.342458716261194,185.58999999999997,3.52,3.39,1,10,4,6,6.13000011444092,1
2023100103,1023,Justin Fields,Passer,19.78318730639732,115.63000000000002,9.11,0.85,1,15,49,7,4.86999988555908,1
2023100103,1075,Justin Fields,Passer,18.801627589121107,48.23000000000002,7.63,2.4,2,7,22,7,1.97000002861023,1
2023100103,1231,Russell Wilson,Passer,10.870349580395285,148.09,3.44,4.1,2,24,25,6,2.03999996185303,1
2023100103,1256,Russell Wilson,Passer,14.040274213846397,171.64000000000001,4.83,1.53,3,16,33,4,4.86999988555908,1
2023100103,1330,Justin Fields,Passer,22.80400184178206,132.94,7.82,0.63,1,10,39,7,8.10999965667725,1
2023100103,1404,Justin Fields,Passer,18.549633419558454,292.82,8.45,1.0,1,10,40,7,2.29999995231628,1
2023100103,1751,Justin Fields,Passer,24.008540147205952,92.5,6.97,0.89,1,15,11,5,1.94000005722046,1
2023100103,2000,Russell Wilson,Passer,15.707864272395538,32.64000000000004,7.35,1.05,1,10,25,7,1.85000002384186,0
2023100103,2174,Justin Fields,Passer,21.84611864840068,156.91000000000003,1.92,5.98,3,2,42,6,3.64000010490417,1
2023100103,2219,Justin Fields,Passer,13.775485472388985,194.69000000000003,2.95,3.84,2,18,42,4,1.07000005245209,1
2023100103,2871,Justin Fields,Passer,16.420651631406113,168.85000000000002,3.81,6.92,3,5,35,6,3.41000008583069,0
2023100103,2977,Russell Wilson,Passer,17.932152687282137,131.17,6.6,4.42,2,10,46,5,1.8400000333786,1
2023100103,3035,Russell Wilson,Passer,25.8455605472197,251.25,7.66,2.86,3,5,49,6,3.09999990463257,1
2023100103,3180,Russell Wilson,Passer,17.26801088718675,35.489999999999995,6.82,3.27,3,9,13,5,2.22000002861023,1
2023100103,3467,Justin Fields,Passer,9.508417323613855,140.06,5.26,3.27,2,5,30,6,1.8400000333786,0
2023100103,3816,Russell Wilson,Passer,20.678689513603132,81.61,5.7,4.27,3,10,33,6,1.24000000953674,0
2023100103,4056,Justin Fields,Passer,21.120172821262617,31.889999999999986,7.45,2.35,3,13,47,5,4.15000009536743,0
2023100104,291,Dorian Thompson-Robinson,Passer,13.49323534220018,153.89,2.3,4.71,3,5,30,6,3.04999995231628,1
2023100104,316,Dorian Thompson-Robinson,Passer,12.13409246709452,77.63,5.07,1.14,1,10,45,7,2.96000003814697,1
2023100104,341,Dorian Thompson-Robinson,Passer,18.971394255562767,70.86,5.83,4.14,2,8,47,6,3.39000010490417,0
2023100104,406,Lamar Jackson,Passer,7.419595676315523,15.71999999999997,5.96,1.74,1,10,20,7,1.87999999523163,1
2023100104,517,Lamar Jackson,Passer,13.698445167244353,230.89,4.15,1.57,3,13,17,4,4.1399998664856,1
2023100104,590,Dorian Thompson-Robinson,Passer,37.36978726190449,127.94999999999999,9.82,0.97,2,3,45,6,6.84999990463257,0
2023100104,613,Dorian Thompson-Robinson,Passer,17.8766495742351,125.80999999999999,4.34,4.13,3,3,45,5,3.22000002861023,0
2023100104,903,Dorian Thompson-Robinson,Passer,8.86898528581484,85.27000000000001,3.17,3.28,3,31,40,6,1.77999997138977,1
2023100104,1397,Lamar Jackson,Passer,9.731361672448521,110.45,7.14,2.24,1,10,43,7,2.60999989509583,1
2023100104,2133,Lamar Jackson,Passer,15.798598039066633,14.75,8.1,1.14,3,6,42,6,2.67000007629395,1
2023100104,2229,Lamar Jackson,Passer,38.291049868082744,62.27000000000001,8.59,0.37,2,29,46,6,4.09999990463257,1
2023100104,2293,Lamar Jackson,Passer,23.03105729227384,2.490000000000002,7.72,1.95,2,6,7,7,2.5,0
2023100104,2457,Dorian Thompson-Robinson,Passer,9.992322052456073,180.21000000000004,2.41,4.61,1,10,25,5,2.05999994277954,1
2023100104,2914,Dorian Thompson-Robinson,Passer,31.472963000010026,17.810000000000002,6.89,1.22,1,15,19,6,4.59999990463257,0
2023100104,2937,Dorian Thompson-Robinson,Passer,26.829850912742693,129.92000000000002,1.66,6.94,2,15,19,6,5.0,1
2023100104,3160,Lamar Jackson,Passer,18.15385633963209,272.03,5.91,3.92,3,11,35,6,1.89999997615814,1
2023100104,3732,Dorian Thompson-Robinson,Passer,13.361504406315932,241.99,5.28,0.88,1,10,36,6,4.71000003814697,1
2023100104,4305,Dorian Thompson-Robinson,Passer,15.815944486498426,142.76999999999998,5.43,2.8,3,2,37,6,1.23000001907349,1
2023100105,524,Kenny Pickett,Passer,12.431508355786919,49.28,6.03,5.23,2,7,22,7,0.829999983310699,0
2023100105,655,Kenny Pickett,Passer,27.765368717162755,45.33000000000001,8.86,3.24,2,18,32,7,3.48000001907349,0
2023100105,830,C.J. Stroud,Passer,23.000508690026834,254.76999999999998,2.93,5.64,1,10,22,8,2.30999994277954,0
2023100105,875,C.J. Stroud,Passer,23.933042013083085,21.310000000000002,5.27,0.3,3,6,18,6,2.84999990463257,0
2023100105,946,Kenny Pickett,Passer,16.140446090489572,57.34,6.27,5.04,1,10,25,8,1.07000005245209,1
2023100105,1003,Kenny Pickett,Passer,12.932416634179399,116.41999999999999,3.73,3.09,3,10,25,6,3.65000009536743,1
2023100105,1172,C.J. Stroud,Passer,21.240435494593797,52.79999999999998,9.44,1.58,2,6,20,7,3.5,0
2023100105,1195,C.J. Stroud,Passer,14.226742424040724,47.230000000000004,3.6,6.23,3,6,20,6,2.34999990463257,0
2023100105,1293,Kenny Pickett,Passer,23.212248921636178,296.36,6.72,4.85,2,16,15,6,2.54999995231628,1
2023100105,1318,Kenny Pickett,Passer,19.777386076021273,76.33000000000001,4.94,5.18,3,8,23,6,2.44000005722046,0
2023100105,1439,C.J. Stroud,Passer,17.131736631176647,156.01999999999998,2.52,5.76,2,8,35,6,3.63000011444092,1
2023100105,1486,C.J. Stroud,Passer,13.329103495734442,32.99,7.37,1.81,4,1,28,7,8.39000034332275,0
2023100105,1780,C.J. Stroud,Passer,19.859378137293223,66.25,7.24,1.46,3,5,45,5,3.38000011444092,0
2023100105,1861,Kenny Pickett,Passer,30.52603642794131,21.859999999999985,7.26,3.32,2,5,20,6,2.89000010490417,0
2023100105,2044,Kenny Pickett,Passer,13.256485205362688,169.3,2.97,0.46,3,14,31,6,3.41000008583069,1
2023100105,2318,Kenny Pickett,Passer,20.36203575284161,30.5,6.81,4.56,3,7,43,6,2.32999992370605,1
2023100105,2526,C.J. Stroud,Passer,20.300022167475582,150.48999999999998,6.27,5.51,2,6,29,6,0.819999992847443,0
2023100105,2610,Kenny Pickett,Passer,19.4777539772942,188.72,4.32,2.11,1,10,46,8,4.32999992370605,1
2023100105,2664,Kenny Pickett,Passer,13.649161146385513,230.97000000000003,7.75,0.81,3,4,40,6,2.80999994277954,1
2023100105,2692,Kenny Pickett,Passer,17.313558270904334,113.99000000000001,6.76,2.35,1,8,8,6,3.0699999332428,0
2023100105,2810,C.J. Stroud,Passer,8.594841476141369,156.64000000000001,3.77,3.62,1,10,25,8,0.660000026226044,1
2023100105,3157,C.J. Stroud,Passer,22.71326044406658,284.96999999999997,9.06,0.38,2,11,41,7,4.13000011444092,1
2023100105,3403,Mitchell Trubisky,Passer,26.371185032152038,344.75,6.28,5.72,1,10,28,6,2.88000011444092,1
2023100105,3433,Mitchell Trubisky,Passer,28.021009974660085,106.69999999999999,5.65,4.27,2,2,36,6,2.78999996185303,0
2023100105,3456,Mitchell Trubisky,Passer,18.630024154573714,188.37000000000003,3.72,2.87,3,2,36,6,3.55999994277954,0
2023100105,3752,C.J. Stroud,Passer,17.773646221301917,73.95999999999998,9.62,2.39,2,15,40,7,5.80000019073486,1
2023100105,3777,C.J. Stroud,Passer,19.85639695413042,19.810000000000002,7.71,5.09,3,7,48,6,3.03999996185303,1
2023100105,3970,Mitchell Trubisky,Passer,12.913101873678533,48.12999999999997,6.83,2.49,3,4,46,6,3.52999997138977,1
2023100106,158,Matthew Stafford,Passer,23.493797053690574,40.51,6.99,3.06,1,10,29,5,3.55999994277954,1
2023100106,233,Matthew Stafford,Passer,17.070339774005664,91.93999999999998,4.36,4.72,3,4,10,5,2.6800000667572,1
2023100106,835,Anthony Richardson,Passer,11.784608606143859,130.04999999999998,5.41,2.24,1,10,48,5,1.45000004768372,1
2023100106,1596,Anthony Richardson,Passer,23.646056753716888,44.11,8.06,2.27,2,19,27,6,3.01999998092651,1
2023100106,2695,Anthony Richardson,Passer,22.32946259989254,274.89,7.56,3.93,2,7,39,6,3.71000003814697,0
2023100106,3212,Anthony Richardson,Passer,28.949922279688423,111.80999999999997,8.87,1.67,2,20,28,6,3.23000001907349,1
2023100106,3248,Anthony Richardson,Passer,21.62854826381096,173.32,2.17,5.58,1,10,19,6,2.94000005722046,1
2023100106,3398,Matthew Stafford,Passer,14.351724635039512,109.82999999999998,5.82,1.67,2,19,16,6,4.34000015258789,1
2023100106,3423,Matthew Stafford,Passer,14.955861727095504,55.879999999999995,6.5,1.27,3,9,26,6,6.17999982833862,1
2023100106,3607,Anthony Richardson,Passer,19.392795053833787,132.44,5.61,2.35,2,9,29,6,3.60999989509583,1
2023100106,3654,Anthony Richardson,Passer,17.47518526368175,46.210000000000036,6.58,3.15,2,9,49,6,2.67000007629395,1
2023100106,3723,Anthony Richardson,Passer,17.751642177556416,12.0,6.87,4.35,3,4,21,6,1.32000005245209,0
2023100106,3746,Anthony Richardson,Passer,22.303295720588025,96.69,8.4,0.99,4,4,21,6,4.73999977111816,1
2023100106,3897,Matthew Stafford,Passer,17.390172512082792,37.44,6.05,4.41,1,10,25,5,3.57999992370605,1
2023100106,4002,Matthew Stafford,Passer,15.82556160140928,49.94,3.98,5.06,3,5,30,5,3.22000002861023,0
2023100106,4237,Matthew Stafford,Passer,29.300675760125397,57.58,6.8,5.05,1,10,39,6,4.32000017166138,0
2023100106,4391,Matthew Stafford,Passer,24.450899778944738,237.46999999999997,6.36,4.85,1,10,25,6,4.53999996185303,1
2023100106,4438,Matthew Stafford,Passer,6.424780151880682,133.99,0.76,2.04,2,8,47,6,2.24000000953674,1
2023100106,4470,Matthew Stafford,Passer,9.183833622186322,190.25000000000003,2.47,3.15,1,10,40,6,3.5,1
2023100106,4565,Matthew Stafford,Passer,20.92555614553649,133.42999999999998,5.92,4.26,3,4,22,6,3.3199999332428,1
2023100107,63,Derek Carr,Passer,9.911125062272195,131.47,5.91,1.64,1,10,25,6,2.90000009536743,1
2023100107,116,Taysom Hill,Passer,19.026555126979762,110.04000000000002,5.49,3.79,1,10,37,6,1.92999994754791,1
2023100107,192,Derek Carr,Passer,21.36513515052035,49.209999999999994,6.72,4.04,3,1,41,6,2.30999994277954,0
2023100107,455,Baker Mayfield,Passer,18.60342172827354,292.56,5.97,3.82,2,6,47,7,9.05000019073486,1
2023100107,653,Derek Carr,Passer,20.26332647913466,32.640000000000015,7.36,4.41,1,10,16,8,5.03999996185303,0
2023100107,808,Baker Mayfield,Passer,18.12760326132497,15.930000000000007,6.62,3.01,2,7,40,6,7.55999994277954,0
2023100107,831,Baker Mayfield,Passer,18.80648824209346,124.95000000000002,6.62,2.27,3,7,40,4,3.80999994277954,0
2023100107,874,Derek Carr,Passer,22.65141275947264,102.99000000000001,0.85,0.78,1,10,19,6,3.30999994277954,0
2023100107,996,Derek Carr,Passer,19.9567382104391,165.1,4.7,0.31,1,20,22,4,3.05999994277954,1
2023100107,1045,Derek Carr,Passer,22.738111179251455,88.86,1.21,1.64,2,7,35,6,2.84999990463257,1
2023100107,1120,Derek Carr,Passer,8.620394422530792,304.87,7.05,2.65,2,10,46,7,7.01999998092651,1
2023100107,1220,Baker Mayfield,Passer,14.517303468619783,271.89000000000004,4.98,5.59,2,7,16,5,1.85000002384186,1
2023100107,1374,Baker Mayfield,Passer,28.470061468145794,46.09,8.81,2.3,2,7,33,6,5.84000015258789,0
2023100107,1564,Baker Mayfield,Passer,13.05870590832032,8.310000000000002,6.99,2.04,3,8,13,6,2.10999989509583,1
2023100107,1634,Baker Mayfield,Passer,6.417577424542683,175.36,1.48,0.52,3,4,4,7,3.64000010490417,1
2023100107,1936,Baker Mayfield,Passer,15.876939251631592,83.52,3.23,2.85,1,10,31,6,2.35999989509583,1
2023100107,2097,Baker Mayfield,Passer,18.404110953805947,22.879999999999995,4.55,4.51,1,10,29,5,2.82999992370605,1
2023100107,2612,Derek Carr,Passer,32.7166777041924,15.25,9.21,2.03,3,16,50,6,5.34999990463257,0
2023100107,2915,Derek Carr,Passer,13.866225153227532,292.3,5.14,4.14,2,7,47,6,1.39999997615814,1
2023100107,3008,Derek Carr,Passer,10.846404934354975,163.47000000000003,5.84,1.6,3,5,27,5,2.51999998092651,1
2023100107,3088,Derek Carr,Passer,14.153801609461677,226.60000000000002,2.05,3.48,3,9,18,6,2.75,1
2023100107,3497,Derek Carr,Passer,14.46812012667852,111.06,5.13,2.71,3,11,24,6,5.03000020980835,1
2023100107,3550,Derek Carr,Passer,24.405482990508503,63.09999999999998,3.9,5.33,2,10,44,6,3.16000008583069,1
2023100107,3605,Derek Carr,Passer,14.616801975808526,6.340000000000003,4.52,1.6,2,6,40,6,3.17000007629395,1
2023100107,3725,Derek Carr,Passer,24.385081504887367,141.66999999999996,0.43,0.99,1,10,26,5,2.73000001907349,1
2023100107,3773,Derek Carr,Passer,11.750578709153011,50.92999999999998,4.74,4.86,3,10,26,6,2.36999988555908,0
2023100107,3894,Baker Mayfield,Passer,17.21800220699254,158.01000000000002,2.04,5.27,3,5,30,5,3.77999997138977,1
2023100107,4063,Baker Mayfield,Passer,12.652387126546516,287.96999999999997,5.59,3.29,2,5,5,9,2.0699999332428,0
2023100107,4158,Derek Carr,Passer,28.10548167173087,30.400000000000006,8.83,2.0,1,10,25,6,4.26000022888184,0
2023100107,4181,Derek Carr,Passer,21.15710755278235,22.090000000000003,6.91,3.69,2,10,25,6,3.08999991416931,0
2023100107,4204,Derek Carr,Passer,24.216781371602625,180.24,7.06,0.21,3,10,25,6,4.65000009536743,0
2023100107,4373,Jameis Winston,Passer,31.57210319253375,28.210000000000008,8.15,4.06,1,10,25,6,4.51000022888184,0
2023100108,154,Sam Howell,Passer,14.833505991504502,210.22,4.33,3.14,2,4,39,6,2.14000010490417,1
2023100108,179,Sam Howell,Passer,21.636249675024555,104.98,5.97,1.49,1,10,24,6,2.97000002861023,0
2023100108,486,Jalen Hurts,Passer,18.971781677006515,220.67000000000002,4.03,5.47,2,1,34,6,2.35999989509583,1
2023100108,557,Jalen Hurts,Passer,22.559419318767933,132.65999999999997,1.96,7.08,2,16,38,5,2.16000008583069,1
2023100108,896,Sam Howell,Passer,6.858607730436257,307.35,8.82,1.0,2,9,36,7,5.44000005722046,1
2023100108,1800,Sam Howell,Passer,12.584200411627272,184.28999999999996,0.59,7.24,3,12,12,5,3.27999997138977,1
2023100108,1902,Jalen Hurts,Passer,16.31968443322358,229.78999999999996,0.57,4.17,2,8,27,5,3.00999999046326,0
2023100108,2431,Sam Howell,Passer,13.75800130832963,195.27,1.21,3.97,2,8,32,6,2.23000001907349,1
2023100108,2805,Sam Howell,Passer,31.81655229593552,64.91,10.01,1.24,2,4,42,8,7.69999980926514,0
2023100108,2940,Jalen Hurts,Passer,21.64048520712971,256.63,6.72,2.05,1,10,47,7,5.51999998092651,1
2023100108,3103,Jalen Hurts,Passer,14.397472000320057,7.1699999999999875,4.63,4.01,1,10,15,6,2.78999996185303,0
2023100108,3297,Sam Howell,Passer,9.5803340234044,142.45999999999998,3.07,1.42,3,2,33,6,3.94000005722046,1
2023100108,3442,Sam Howell,Passer,25.6544908349396,103.68999999999998,7.27,1.24,2,1,26,6,2.83999991416931,0
2023100108,3500,Sam Howell,Passer,18.505969307226252,104.04999999999998,2.48,5.09,3,6,31,6,3.16000008583069,1
2023100108,3681,Jalen Hurts,Passer,25.87564298718005,49.54000000000002,3.32,6.78,2,13,46,6,3.86999988555908,0
2023100108,3704,Jalen Hurts,Passer,40.0539486193309,251.52000000000004,5.81,2.1,3,13,46,6,4.73999977111816,0
2023100108,4131,Jalen Hurts,Passer,27.132533976759337,75.85000000000002,7.5,0.87,2,4,28,6,4.57999992370605,1
2023100108,4218,Sam Howell,Passer,21.51107854106809,151.23999999999998,1.91,5.52,1,10,36,5,1.77999997138977,1
2023100108,4293,Sam Howell,Passer,25.76858940648479,93.86999999999999,4.83,6.73,3,17,40,5,4.51999998092651,1
2023100108,4382,Sam Howell,Passer,21.714234962346705,87.44000000000003,1.02,6.57,2,10,29,6,4.55000019073486,1
2023100108,4407,Sam Howell,Passer,23.291545676489566,79.93,5.57,5.88,3,2,21,6,4.46000003814697,1
2023100108,4437,Sam Howell,Passer,11.750514882336008,63.22,6.87,1.95,1,10,10,6,2.65000009536743,0
2023100108,4467,Sam Howell,Passer,23.32918558372752,64.19,4.85,4.85,2,10,10,3,3.13000011444092,1
2023100108,4570,Sam Howell,Passer,11.274395770949319,272.36,7.48,2.77,2,10,25,6,3.50999999046326,1
2023100108,4595,Sam Howell,Passer,24.374570765451438,78.75,8.23,2.65,3,5,30,6,5.40000009536743,0
2023100108,4696,Jalen Hurts,Passer,28.069406833775453,8.61,8.66,1.87,2,3,48,6,4.6100001335144,0
2023100108,4793,Jalen Hurts,Passer,5.152805061323394,70.9,4.95,4.12,2,11,49,6,3.1800000667572,1
2023100108,4879,Jalen Hurts,Passer,14.147119848223523,82.64999999999999,6.26,5.1,3,17,45,6,2.50999999046326,1
2023100109,201,Joe Burrow,Passer,18.675141231058998,130.43,5.56,3.18,1,10,20,6,3.25999999046326,1
2023100109,253,Joe Burrow,Passer,15.739510792905863,129.59,4.12,4.2,2,6,6,6,1.63999998569489,0
2023100109,484,Ryan Tannehill,Passer,20.481625912021734,159.92,7.46,1.76,3,2,45,6,3.58999991416931,0
2023100109,507,Ryan Tannehill,Passer,13.54549371562365,232.58,4.18,1.16,4,2,45,5,1.49000000953674,1
2023100109,787,Joe Burrow,Passer,23.331705895626236,49.56,7.47,1.06,1,10,34,6,2.15000009536743,0
2023100109,1274,Ryan Tannehill,Passer,12.02035357217083,82.91,5.37,3.3,3,14,37,3,2.39000010490417,1
2023100109,1504,Ryan Tannehill,Passer,26.780477964368,25.810000000000002,7.23,1.53,3,7,25,6,3.02999997138977,1
2023100109,1534,Ryan Tannehill,Passer,14.486863014469346,140.54,7.29,1.26,1,10,37,6,6.1399998664856,1
2023100109,1673,Joe Burrow,Passer,5.848914429191116,73.89000000000001,3.91,2.06,3,10,25,5,3.13000011444092,1
2023100109,1789,Ryan Tannehill,Passer,29.56494715029946,115.44000000000001,6.1,4.42,1,10,49,7,6.53999996185303,1
2023100109,1900,Joe Burrow,Passer,21.904577147253953,117.34,4.93,4.51,2,3,32,6,1.3400000333786,1
2023100109,2248,Derrick Henry,Passer,12.248444799238804,107.01,6.8,1.61,3,2,2,9,0.540000021457672,1
2023100109,2439,Ryan Tannehill,Passer,12.09934295736756,36.56999999999999,3.71,0.67,3,5,23,6,1.0900000333786,1
2023100109,2717,Ryan Tannehill,Passer,14.8238490278335,98.75999999999999,6.86,1.79,3,5,35,5,2.4300000667572,1
2023100109,2883,Joe Burrow,Passer,13.68340600873919,87.28,4.83,3.76,1,10,25,6,0.409999996423721,1
2023100109,2908,Joe Burrow,Passer,16.109391670699427,17.850000000000023,3.81,4.49,2,3,32,6,2.67000007629395,1
2023100109,3161,Ryan Tannehill,Passer,18.43809371925417,7.930000000000007,7.99,1.79,3,8,47,7,2.89000010490417,0
2023100109,3287,Joe Burrow,Passer,6.801536591094691,113.83000000000001,3.89,3.51,2,13,10,6,2.89000010490417,1
2023100109,3321,Joe Burrow,Passer,17.081337769624486,6.410000000000004,5.57,1.99,3,4,19,5,2.5699999332428,0
2023100109,3363,Ryan Tannehill,Passer,11.732676591468806,286.96,7.55,0.6,1,10,41,8,3.55999994277954,1
2023100109,3621,Joe Burrow,Passer,20.77675864999158,168.66,5.31,4.62,3,5,34,6,1.23000001907349,1
2023100110,107,Justin Herbert,Passer,25.064149696329217,66.8,5.85,2.78,1,10,35,7,7.09999990463257,0
2023100110,556,Justin Herbert,Passer,26.18359982890053,33.94,5.87,5.67,3,9,41,5,4.76000022888184,0
2023100110,963,Justin Herbert,Passer,20.834349041906737,89.65,4.63,4.8,2,8,27,6,2.67000007629395,1
2023100110,1184,Justin Herbert,Passer,17.38015535028384,232.85999999999999,6.89,2.37,2,7,17,6,2.36999988555908,1
2023100110,1252,Justin Herbert,Passer,20.10794867707793,39.90999999999997,7.83,2.24,3,15,15,4,3.03999996185303,0
2023100110,1623,Aidan O'Connell,Passer,17.705606456713088,187.45000000000002,2.09,2.15,2,7,28,7,3.33999991416931,1
2023100110,2148,Aidan O'Connell,Passer,13.34058844279367,121.55,3.91,3.43,2,12,22,5,4.28999996185303,1
2023100110,2173,Aidan O'Connell,Passer,17.082906661338406,67.28000000000002,5.85,3.78,3,1,33,5,2.35999989509583,0
2023100110,2317,Aidan O'Connell,Passer,14.618443829628381,167.2,5.99,1.27,2,13,22,5,3.72000002861023,1
2023100110,2458,Justin Herbert,Passer,29.060387127497112,63.51999999999998,9.17,1.89,3,12,3,4,4.3600001335144,0
2023100110,2575,Aidan O'Connell,Passer,9.094811707781533,55.78,5.19,3.78,1,10,40,7,4.09999990463257,0
2023100110,2747,Aidan O'Connell,Passer,16.285944860523138,223.76,0.52,0.51,2,8,8,6,0.850000023841858,1
2023100110,3150,Aidan O'Connell,Passer,11.84187907386323,164.83000000000004,1.45,2.88,2,10,46,6,2.70000004768372,1
2023100110,3720,Aidan O'Connell,Passer,21.374498824533873,203.18999999999997,5.65,3.72,1,10,18,5,3.11999988555908,1
2023100110,3911,Justin Herbert,Passer,10.987615755931767,112.22,2.11,4.36,1,10,25,7,5.73999977111816,1
2023100110,3936,Justin Herbert,Passer,36.48507914202736,81.12,8.45,0.99,2,7,28,6,2.91000008583069,0
2023100110,4017,Aidan O'Connell,Passer,19.174600386970262,310.26,7.22,5.38,1,10,34,5,4.15999984741211,1
2023100110,4042,Aidan O'Connell,Passer,15.470051712906459,163.65,3.68,1.99,1,10,22,6,2.63000011444092,0
2023100110,4088,Aidan O'Connell,Passer,26.388546758016062,258.34000000000003,5.91,3.95,3,10,22,5,3.82999992370605,0
2023100110,4136,Aidan O'Connell,Passer,13.151292712125297,141.63,6.16,2.49,1,3,3,8,3.15000009536743,0
2023100110,4243,Justin Herbert,Passer,30.828097573479948,34.7,8.25,2.99,3,10,11,5,4.38000011444092,1
2023100111,80,Dak Prescott,Passer,22.217274810381223,38.31,5.08,0.88,2,4,31,6,2.22000002861023,1
2023100111,157,Dak Prescott,Passer,18.915202880223088,89.78999999999999,7.56,2.86,2,6,18,7,5.73999977111816,0
2023100111,205,Dak Prescott,Passer,17.298768742312266,74.19,4.91,2.55,1,4,4,6,0.389999985694885,0
2023100111,723,Dak Prescott,Passer,7.22750994464899,111.10999999999999,4.18,2.36,3,1,29,8,4.40999984741211,1
2023100111,770,Dak Prescott,Passer,23.26653390602047,17.629999999999995,6.69,1.77,2,5,20,8,1.80999994277954,1
2023100111,1007,Mac Jones,Passer,28.206683605131605,243.14,3.87,5.82,3,15,45,6,6.71999979019165,1
2023100111,1086,Dak Prescott,Passer,11.059701623461638,82.79000000000002,6.84,2.61,2,10,41,6,1.71000003814697,1
2023100111,1294,Mac Jones,Passer,8.015235492485544,268.73,6.14,1.07,1,10,25,6,3.10999989509583,1
2023100111,1341,Mac Jones,Passer,13.686069559957675,72.53,8.14,0.53,3,6,29,6,4.46000003814697,0
2023100111,1543,Dak Prescott,Passer,13.612336316738574,121.47,4.56,4.06,3,5,23,6,1.99000000953674,1
2023100111,1613,Dak Prescott,Passer,10.283083195228949,43.86,7.08,1.66,3,7,8,7,2.9300000667572,1
2023100111,1955,Mac Jones,Passer,11.060858917823694,67.41,6.94,2.47,2,8,27,5,4.57999992370605,0
2023100111,1982,Mac Jones,Passer,13.493183464253345,84.50999999999999,8.41,0.73,3,8,27,4,4.90999984741211,0
2023100111,2025,Dak Prescott,Passer,20.72391131036803,175.89,5.75,2.17,1,10,29,5,3.73000001907349,1
2023100111,2050,Dak Prescott,Passer,18.940097676622468,132.03,4.69,4.45,1,10,41,5,3.59999990463257,1
2023100111,2252,Mac Jones,Passer,18.47448510784536,48.99000000000001,6.12,4.23,3,4,31,8,5.98000001907349,1
2023100111,2436,Dak Prescott,Passer,19.596379767701993,48.91,4.45,3.92,2,10,48,6,2.21000003814697,1
2023100111,2535,Dak Prescott,Passer,15.38639008994637,12.219999999999999,2.63,5.17,3,6,33,7,4.03000020980835,1
2023100111,2680,Mac Jones,Passer,10.870602559196065,84.56,6.81,0.98,1,10,25,7,3.0699999332428,1
2023100111,2903,Dak Prescott,Passer,20.741774273190803,35.95000000000002,5.01,2.69,3,3,22,6,1.52999997138977,0
2023100111,2986,Bailey Zappe,Passer,20.56169496904377,50.49000000000001,6.32,5.07,2,12,29,6,3.5699999332428,1
2023100111,3055,Bailey Zappe,Passer,18.18621730872036,34.48000000000002,6.83,4.04,2,10,43,5,3.19000005722046,0
2023100111,3378,Bailey Zappe,Passer,15.091805723636915,237.48000000000002,4.23,4.08,3,4,21,6,3.20000004768372,0
2023100111,3658,Bailey Zappe,Passer,23.191433763353224,76.71999999999998,6.46,5.29,1,10,25,7,3.24000000953674,1
2023100111,3706,Bailey Zappe,Passer,24.932324400264008,11.159999999999997,6.8,1.78,2,10,45,6,2.3199999332428,1
2023100111,3859,Cooper Rush,Passer,19.933371516128428,265.38,6.91,3.57,1,20,32,7,2.08999991416931,1
2023100111,3906,Cooper Rush,Passer,19.530040962578656,47.97000000000003,6.86,1.52,3,5,47,7,2.14000010490417,1
2023100112,471,Joshua Dobbs,Passer,10.138170446387257,53.599999999999994,5.64,2.32,1,10,16,7,8.28999996185303,0
2023100112,610,Joshua Dobbs,Passer,11.046198441092761,116.28999999999999,8.14,1.17,3,8,23,6,4.78999996185303,1
2023100112,667,Joshua Dobbs,Passer,20.55884237986176,218.61,2.08,4.6,2,12,32,7,2.57999992370605,1
2023100112,692,Joshua Dobbs,Passer,12.733719016846567,239.15,5.36,1.36,3,8,36,5,5.6100001335144,1
2023100112,940,Brock Purdy,Passer,17.72618966388434,197.57999999999998,1.97,5.68,1,10,30,7,3.42000007629395,1
2023100112,1253,Joshua Dobbs,Passer,25.524797746505264,103.93,8.86,0.78,1,10,37,7,3.26999998092651,0
2023100112,1432,Joshua Dobbs,Passer,19.363083432139625,78.13000000000001,6.67,2.52,3,5,20,6,4.96999979019165,0
2023100112,1498,Brock Purdy,Passer,14.68659252515709,273.71,3.86,4.96,1,10,25,6,1.23000001907349,1
2023100112,1523,Brock Purdy,Passer,30.16474266424297,52.18000000000001,9.46,0.89,1,10,36,6,7.26999998092651,1
2023100112,1595,Brock Purdy,Passer,13.41555067822413,75.85000000000002,4.83,6.98,2,6,6,6,4.17000007629395,1
2023100112,2006,Joshua Dobbs,Passer,24.952230361232235,70.45,7.93,4.13,1,10,16,6,4.69000005722046,1
2023100112,2237,Brock Purdy,Passer,12.341158778656078,139.95000000000002,5.18,1.58,1,10,43,5,4.94999980926514,1
2023100112,2648,Joshua Dobbs,Passer,12.2796946216101,251.16000000000003,7.93,0.97,1,8,8,6,0.0199999995529652,1
2023100112,2803,Brock Purdy,Passer,12.52867510952375,66.41999999999999,6.74,2.84,2,12,26,7,2.82999992370605,1
2023100112,3012,Joshua Dobbs,Passer,17.424499992826195,94.82,5.71,3.5,1,18,17,5,2.00999999046326,1
2023100112,3060,Joshua Dobbs,Passer,17.84469949312681,231.84000000000003,5.3,5.37,3,6,29,6,2.57999992370605,1
2023100112,3439,Brock Purdy,Passer,20.708705898727708,3.8499999999999943,7.0,1.25,3,4,38,5,1.79999995231628,1
2023100112,3741,Joshua Dobbs,Passer,24.79367862984434,134.20999999999998,2.88,5.42,1,10,25,6,3.74000000953674,1
2023100112,3839,Joshua Dobbs,Passer,12.86795244007375,84.28999999999999,7.08,1.54,2,10,50,4,4.17000007629395,1
2023100112,3864,Joshua Dobbs,Passer,19.42209309008687,130.01,6.14,4.41,3,5,45,5,2.75,1
2023100112,3914,Joshua Dobbs,Passer,20.54060612542872,62.650000000000006,5.69,4.41,1,10,19,5,2.85999989509583,1
2023100112,3980,Joshua Dobbs,Passer,16.704490414256874,226.36,5.11,2.05,3,6,15,6,2.92000007629395,0
2023100112,4010,Joshua Dobbs,Passer,25.186514248700636,108.22,6.01,1.08,4,6,15,6,3.33999991416931,0
2023100113,298,Zach Wilson,Passer,16.1526839874988,215.07000000000002,2.41,4.42,2,10,25,7,1.64999997615814,1
2023100113,323,Zach Wilson,Passer,24.14715304130075,130.67,5.01,3.29,3,5,30,7,2.99000000953674,0
2023100113,377,Patrick Mahomes,Passer,23.465387275730183,7.859999999999999,7.82,4.64,1,10,31,7,5.23999977111816,0
2023100113,905,Zach Wilson,Passer,6.867459501154702,280.89,4.38,0.76,2,11,24,7,2.07999992370605,1
2023100113,1211,Zach Wilson,Passer,20.485909791854496,262.86,8.71,3.38,2,8,27,7,7.40000009536743,1
2023100113,1389,Patrick Mahomes,Passer,28.15215267079943,303.16,7.11,2.59,1,10,25,7,6.55999994277954,0
2023100113,1476,Zach Wilson,Passer,29.628557170405717,79.4,7.45,3.52,1,10,29,7,5.67000007629395,0
2023100113,1521,Zach Wilson,Passer,18.59230217052208,48.99000000000001,7.06,3.01,3,5,24,6,3.26999998092651,1
2023100113,1682,Patrick Mahomes,Passer,12.378646937367591,77.14999999999998,4.62,1.64,1,10,25,7,7.69999980926514,1
2023100113,1796,Patrick Mahomes,Passer,16.49757557946015,53.75,7.51,0.27,3,6,41,5,4.03000020980835,1
2023100113,1843,Patrick Mahomes,Passer,10.708734752527954,112.25,3.48,0.06,2,3,19,5,1.0,0
2023100113,2239,Zach Wilson,Passer,21.702280986108345,4.790000000000006,7.5,2.23,1,10,49,6,3.8199999332428,0
2023100113,2332,Zach Wilson,Passer,21.760664052367517,117.15,7.88,1.4,1,10,25,7,3.17000007629395,1
2023100113,2357,Zach Wilson,Passer,24.23705015054431,152.94,1.1,4.93,1,10,50,6,6.98000001907349,1
2023100113,2451,Zach Wilson,Passer,16.440416661386656,30.49000000000001,5.15,5.85,2,13,15,6,1.73000001907349,1
2023100113,2957,Zach Wilson,Passer,16.746062223699038,27.439999999999998,5.23,3.88,2,11,43,7,1.61000001430511,0
2023100113,3402,Patrick Mahomes,Passer,16.851436140578635,100.80999999999999,7.92,1.01,3,9,13,5,5.23000001907349,1
2023100113,3547,Zach Wilson,Passer,9.596775500135449,268.16999999999996,5.63,0.91,1,10,37,7,7.94999980926514,1
2023100200,376,Geno Smith,Passer,10.815456532204271,145.37,5.65,1.72,2,12,25,7,5.92999982833862,1
2023100200,537,Daniel Jones,Passer,13.257650621433644,155.92999999999998,2.71,3.81,3,11,48,5,1.62000000476837,0
2023100200,578,Geno Smith,Passer,10.98284571502304,88.80000000000001,7.41,0.57,1,10,20,7,2.75,1
2023100200,709,Geno Smith,Passer,14.180275032593691,161.3,1.15,3.28,1,24,18,6,3.03999996185303,1
2023100200,809,Geno Smith,Passer,29.55639524705271,106.95,3.35,4.41,3,8,34,7,4.26000022888184,0
2023100200,976,Geno Smith,Passer,26.694840325426192,105.22,0.65,1.25,2,6,6,6,2.69000005722046,1
2023100200,1113,Daniel Jones,Passer,16.951932043280493,67.16999999999999,7.72,1.86,3,4,16,6,2.28999996185303,1
2023100200,1527,Daniel Jones,Passer,9.023790777716426,89.28,6.45,0.95,3,4,22,5,4.17999982833862,1
2023100200,1668,Daniel Jones,Passer,13.614113999816508,194.57000000000002,2.48,3.43,2,18,48,5,1.96000003814697,1
2023100200,1769,Drew Lock,Passer,21.00880053691785,275.8,7.29,4.77,1,10,25,6,1.44000005722046,0
2023100200,1901,Drew Lock,Passer,17.44530022670862,262.03,7.46,1.93,3,10,48,6,3.44000005722046,1
2023100200,2029,Daniel Jones,Passer,9.964597332556895,88.80999999999999,6.21,1.87,1,10,25,5,2.15000009536743,1
2023100200,2054,Daniel Jones,Passer,15.60310866462193,280.42,5.24,5.1,2,11,24,6,0.300000011920929,0
2023100200,2461,Geno Smith,Passer,20.55429152269667,120.64000000000001,8.37,1.33,3,1,37,8,9.10000038146973,1
2023100200,2568,Geno Smith,Passer,14.495468257355467,202.04999999999998,3.91,2.93,2,10,24,5,2.6800000667572,1
2023100200,2615,Geno Smith,Passer,11.133391217414395,293.23,7.31,0.32,4,1,15,7,8.85999965667725,0
2023100200,2649,Daniel Jones,Passer,13.015548394132303,165.35,1.69,2.7,1,10,16,6,1.5900000333786,1
2023100200,2946,Daniel Jones,Passer,14.306872474443878,60.670000000000016,6.06,4.31,2,9,40,6,0.259999990463257,1
2023100200,3020,Daniel Jones,Passer,25.0920266220168,147.12,3.23,3.96,2,9,24,6,2.94000005722046,1
2023100200,3123,Daniel Jones,Passer,15.924050992131368,234.66000000000003,2.34,3.95,2,5,5,6,2.95000004768372,0
2023100200,3236,Daniel Jones,Passer,11.905834704043224,242.91,5.54,3.43,1,10,37,6,4.67000007629395,1
2023100200,3499,Geno Smith,Passer,18.117187971647255,87.27000000000001,6.52,1.74,1,10,30,6,4.63000011444092,1
2023100200,3536,Geno Smith,Passer,23.175929323330273,234.06,8.03,2.65,2,7,33,8,6.51000022888184,0
2023100200,3685,Daniel Jones,Passer,18.031666589641674,195.51999999999998,1.65,3.67,1,10,33,4,1.52999997138977,1
2023100500,266,Sam Howell,Passer,12.533734479395992,83.37,6.04,0.82,2,5,30,6,1.86000001430511,1
2023100500,381,Justin Fields,Passer,12.037358514225618,196.2,1.83,4.35,2,3,33,7,2.09999990463257,1
2023100500,476,Justin Fields,Passer,19.502584444119197,212.42000000000002,3.93,1.82,1,10,50,7,6.01999998092651,1
2023100500,964,Justin Fields,Passer,25.101244989043867,69.21000000000001,4.13,3.33,3,6,11,6,3.5699999332428,1
2023100500,1064,Sam Howell,Passer,22.085852938023468,152.22,3.02,3.38,2,8,27,6,1.23000001907349,1
2023100500,1089,Sam Howell,Passer,10.851211913883166,146.07999999999998,5.76,1.52,3,2,33,7,0.0700000002980232,1
2023100500,1226,Sam Howell,Passer,25.730332294783913,42.120000000000005,9.21,0.37,1,10,39,6,4.3600001335144,0
2023100500,1535,Justin Fields,Passer,16.935138027190686,78.05,5.18,1.99,1,10,35,7,5.23999977111816,0
2023100500,1631,Justin Fields,Passer,18.442000976032947,187.04999999999998,4.11,4.12,2,10,24,6,1.32000005245209,1
2023100500,1656,Justin Fields,Passer,21.14272451695854,33.3,7.78,1.92,3,4,18,6,5.15000009536743,0
2023100500,1722,Sam Howell,Passer,18.081089568939145,156.60999999999999,5.56,3.33,1,10,25,6,2.85999989509583,0
2023100500,1872,Justin Fields,Passer,10.880900698012086,205.27000000000004,6.53,2.51,1,4,4,7,1.62000000476837,1
2023100500,1963,Sam Howell,Passer,12.4405546500146,45.01,6.43,0.66,2,10,25,3,5.28999996185303,1
2023100500,2131,Sam Howell,Passer,12.373362517925353,194.95999999999998,2.92,4.0,1,10,49,7,3.88000011444092,1
2023100500,2255,Sam Howell,Passer,17.640096371618835,86.06000000000002,4.75,2.78,1,2,2,11,6.73000001907349,1
2023100500,2400,Justin Fields,Passer,14.090354857135427,215.5,3.94,2.13,2,10,40,6,1.75999999046326,1
2023100500,2501,Sam Howell,Passer,11.686937152222567,87.51,4.18,2.46,1,10,30,6,2.23000001907349,1
2023100500,2531,Sam Howell,Passer,21.007124981777014,118.22999999999999,4.27,4.07,2,3,37,6,2.76999998092651,1
2023100500,2730,Sam Howell,Passer,25.863760360782805,78.52000000000001,7.28,1.9,2,3,24,5,2.6800000667572,1
2023100500,2755,Sam Howell,Passer,16.64794281585565,129.94,5.74,3.95,1,10,35,6,1.75,1
2023100500,2800,Sam Howell,Passer,14.833057675341255,120.30000000000001,3.61,4.87,2,19,30,6,4.19999980926514,1
2023100500,3199,Sam Howell,Passer,22.14458173007564,244.45000000000002,1.1,6.87,1,10,40,6,4.80000019073486,1
2023100500,3224,Sam Howell,Passer,21.778992171356318,132.21,5.05,4.93,1,10,50,5,3.39000010490417,0
2023100500,3375,Sam Howell,Passer,12.357560438856856,312.73,7.64,2.11,1,3,3,8,3.26999998092651,0
2023100500,3532,Justin Fields,Passer,16.979811541945924,267.17,6.83,1.9,3,2,33,8,4.78999996185303,0
2023100500,3672,Sam Howell,Passer,15.201559130562883,229.18,1.18,6.42,3,13,32,5,3.52999997138977,1
2023100500,3697,Sam Howell,Passer,30.766403754745202,63.139999999999986,8.4,1.6,1,10,45,7,6.30999994277954,0
2023100500,3918,Justin Fields,Passer,22.25050561223273,43.22000000000001,4.58,4.3,3,2,44,8,2.30999994277954,1
2023100500,4195,Sam Howell,Passer,11.784006109978055,178.36,3.75,4.31,1,10,25,4,2.1800000667572,1
2023100500,4220,Sam Howell,Passer,12.300585351925328,219.45,2.67,3.38,2,2,33,4,1.57000005245209,1
2023100500,4268,Sam Howell,Passer,12.679952681299717,278.51,7.48,0.41,2,10,43,4,4.44999980926514,1
2023100800,245,Josh Allen,Passer,12.676265222848569,29.790000000000003,5.76,3.9,3,2,28,6,2.01999998092651,0
2023100800,317,Trevor Lawrence,Passer,22.323828076743467,58.599999999999994,7.95,1.69,1,10,38,6,2.9300000667572,1
2023100800,657,Josh Allen,Passer,10.289922254322434,106.73999999999998,4.14,1.08,2,11,24,5,1.19000005722046,1
2023100800,682,Josh Allen,Passer,19.321490625725538,154.08999999999997,7.25,0.95,3,6,29,6,3.74000000953674,1
2023100800,860,Trevor Lawrence,Passer,27.848060973791345,238.97999999999996,7.48,2.31,1,10,31,8,11.4300003051758,0
2023100800,883,Trevor Lawrence,Passer,9.09424543323964,98.57,6.89,0.59,2,10,31,6,2.46000003814697,1
2023100800,1006,Josh Allen,Passer,20.988878007173227,86.45999999999998,3.81,3.32,2,10,25,6,1.4099999666214,1
2023100800,1053,Josh Allen,Passer,14.420641455913115,202.84999999999997,5.6,1.17,1,10,36,6,0.0099999997764825,1
2023100800,1516,Josh Allen,Passer,29.397527106884347,123.9,4.39,4.64,1,10,22,6,3.96000003814697,1
2023100800,1821,Josh Allen,Passer,12.747548783981962,149.31,2.4,1.91,1,10,37,7,7.71999979019165,1
2023100800,2199,Trevor Lawrence,Passer,12.617519566063686,146.32000000000002,4.24,4.0,1,10,20,6,2.50999999046326,1
2023100800,2782,Josh Allen,Passer,7.249965517159375,239.29,5.47,1.54,1,10,42,6,2.88000011444092,1
2023100800,2812,Josh Allen,Passer,25.571660094722052,132.23000000000002,4.85,5.46,2,10,42,6,4.17000007629395,0
2023100800,2835,Josh Allen,Passer,19.02842610412117,103.71000000000001,8.61,1.0,3,10,42,6,3.0699999332428,0
2023100800,2934,Trevor Lawrence,Passer,28.180731005422835,123.77999999999999,4.76,6.86,3,11,7,6,4.98000001907349,1
2023100800,3004,Trevor Lawrence,Passer,30.360237153223952,142.6,5.59,3.21,3,7,26,7,5.69999980926514,1
2023100800,3443,Josh Allen,Passer,21.01749747234433,132.9,0.52,6.03,2,15,41,6,3.24000000953674,0
2023100800,3504,Trevor Lawrence,Passer,32.47933496856116,85.9,6.75,4.54,1,10,7,6,6.59000015258789,1
2023100800,3604,Trevor Lawrence,Passer,14.01368616745787,258.81,9.2,1.53,3,5,32,6,1.73000001907349,1
2023100800,3708,Trevor Lawrence,Passer,12.351133551217071,8.639999999999986,4.39,4.67,1,10,32,6,1.55999994277954,0
2023100800,3917,Josh Allen,Passer,24.135461462337943,133.45,6.76,3.78,1,20,15,7,3.21000003814697,1
2023100800,4113,Josh Allen,Passer,16.425507602506535,64.35999999999999,5.21,4.42,2,12,29,5,2.39000010490417,1
2023100800,4174,Josh Allen,Passer,17.59470943209918,127.76000000000002,5.39,4.15,1,9,9,6,2.8199999332428,0
2023100800,4235,Josh Allen,Passer,23.73957244770849,262.8,8.09,2.22,2,19,19,5,3.8199999332428,1
2023100800,4503,Josh Allen,Passer,32.306935787845916,112.21999999999998,6.98,3.41,1,10,32,4,1.35000002384186,1
2023100800,4731,Josh Allen,Passer,27.263646124463985,112.22999999999999,6.27,4.93,1,10,6,3,4.05999994277954,1
2023100801,199,C.J. Stroud,Passer,10.937138565456682,70.17,4.46,3.85,2,5,42,6,2.15000009536743,1
2023100801,224,C.J. Stroud,Passer,14.559289130998122,62.91,6.16,4.8,1,10,28,7,1.02999997138977,1
2023100801,460,Desmond Ridder,Passer,20.295381247958858,72.41000000000003,6.75,4.96,2,9,23,7,4.34999990463257,1
2023100801,615,C.J. Stroud,Passer,7.94059191748323,161.22000000000003,4.94,0.75,3,10,40,6,3.79999995231628,0
2023100801,674,Desmond Ridder,Passer,24.303205549885796,250.78,7.19,3.5,1,10,22,8,7.23999977111816,1
2023100801,915,C.J. Stroud,Passer,17.702454632055975,8.129999999999995,6.28,3.0,2,8,50,5,1.4099999666214,1
2023100801,982,C.J. Stroud,Passer,23.941136146808073,42.69,7.35,1.59,2,15,30,6,2.45000004768372,0
2023100801,1005,C.J. Stroud,Passer,14.98360770976069,4.849999999999966,3.9,4.51,3,15,30,6,3.35999989509583,1
2023100801,1148,Desmond Ridder,Passer,16.10653594041872,136.0,6.32,3.68,3,3,32,6,1.95000004768372,0
2023100801,1191,C.J. Stroud,Passer,21.96206957460977,301.38,7.6,2.24,1,10,30,7,5.13000011444092,1
2023100801,1268,C.J. Stroud,Passer,21.46364367948742,4.409999999999968,5.39,4.32,3,9,47,5,4.51000022888184,0
2023100801,1365,Desmond Ridder,Passer,13.48654143952407,33.849999999999994,4.61,1.62,2,10,39,5,1.33000004291534,1
2023100801,1591,C.J. Stroud,Passer,21.882881437324475,55.360000000000014,7.53,1.55,2,9,21,6,7.19999980926514,0
2023100801,1614,C.J. Stroud,Passer,19.020002628811593,176.33999999999997,2.21,5.96,3,9,21,5,3.8199999332428,1
2023100801,1876,Desmond Ridder,Passer,13.440059523677709,67.10000000000001,4.31,2.48,3,7,34,6,1.62999999523163,1
2023100801,1967,C.J. Stroud,Passer,10.67035613276333,259.88,4.75,1.56,1,10,24,5,3.39000010490417,1
2023100801,2058,C.J. Stroud,Passer,17.764675623269905,134.03999999999996,4.25,7.02,1,10,42,6,2.82999992370605,0
2023100801,2081,C.J. Stroud,Passer,18.86333215526886,17.83000000000004,7.21,4.05,2,10,42,6,3.27999997138977,0
2023100801,2393,C.J. Stroud,Passer,16.00199987501562,293.60999999999996,6.15,0.59,2,11,38,5,2.73000001907349,1
2023100801,2418,C.J. Stroud,Passer,15.47431743244269,79.98999999999998,6.24,3.08,3,7,42,6,2.27999997138977,1
2023100801,2917,Desmond Ridder,Passer,13.81780011434527,183.51,2.85,3.36,1,20,33,6,1.5900000333786,1
2023100801,3107,Desmond Ridder,Passer,17.0017234420514,104.17,5.91,4.04,2,7,29,5,1.41999995708466,1
2023100801,3190,Desmond Ridder,Passer,23.266983044649344,87.01999999999998,6.8,2.12,3,6,46,6,3.50999999046326,1
2023100801,3586,Desmond Ridder,Passer,24.754201663556035,17.650000000000034,7.42,0.53,1,10,27,7,7.05999994277954,1
2023100801,3739,Desmond Ridder,Passer,10.86959980864061,55.3,5.59,0.95,2,11,14,8,0.469999998807907,0
2023100801,4012,C.J. Stroud,Passer,16.216220274774262,215.39999999999998,7.89,2.97,2,7,31,8,7.3899998664856,1
2023100801,4175,Desmond Ridder,Passer,18.20061812137159,27.400000000000034,4.67,2.54,2,4,31,7,1.48000001907349,1
2023100801,4252,Desmond Ridder,Passer,14.114198524889748,105.44000000000003,4.83,3.84,1,10,47,6,1.54999995231628,1
2023100802,700,Jared Goff,Passer,12.530782098496479,271.22,7.46,0.72,3,4,4,9,6.59000015258789,1
2023100802,789,Bryce Young,Passer,18.224028094798356,56.71000000000001,4.96,4.7,2,9,26,6,1.83000004291534,1
2023100802,829,Bryce Young,Passer,16.53264649110965,107.97,5.58,3.55,3,4,31,4,2.1800000667572,1
2023100802,854,Bryce Young,Passer,15.946316189013684,187.72999999999996,2.47,3.7,1,10,39,7,1.83000004291534,1
2023100802,1264,Jared Goff,Passer,11.430629903902927,165.75000000000003,2.81,3.95,1,10,19,8,7.23999977111816,1
2023100802,1334,Jared Goff,Passer,24.969549455286526,90.11000000000001,6.97,2.43,2,10,30,5,4.05999994277954,1
2023100802,1370,Jared Goff,Passer,20.500197560023658,228.40000000000003,2.8,5.62,1,10,43,6,3.92000007629395,0
2023100802,1729,Jared Goff,Passer,13.242767837578365,76.42000000000002,5.23,2.44,2,1,1,10,6.1100001335144,1
2023100802,1793,Bryce Young,Passer,20.858461112939274,54.300000000000004,7.21,5.33,1,10,23,6,2.16000008583069,0
2023100802,1884,Bryce Young,Passer,9.65625186084124,149.45999999999998,3.6,2.0,1,10,32,6,1.19000005722046,1
2023100802,2051,Bryce Young,Passer,18.82848905249701,238.31,8.06,0.38,1,10,15,6,2.0699999332428,0
2023100802,2355,Jared Goff,Passer,13.125627604042409,151.3,0.94,1.64,1,10,46,7,7.80999994277954,0
2023100802,2557,Bryce Young,Passer,11.710619112583236,209.70999999999998,4.23,3.03,1,10,10,6,1.5,1
2023100802,2743,Jared Goff,Passer,7.710382610480494,186.10000000000002,5.11,0.8,1,10,28,7,7.48000001907349,0
2023100802,3270,Bryce Young,Passer,22.074793317265733,98.66,2.26,5.88,2,5,30,7,1.69000005722046,1
2023100802,3322,Bryce Young,Passer,20.620118816340508,124.56,4.64,3.56,2,6,45,6,3.04999995231628,1
2023100802,3380,Bryce Young,Passer,15.124896693862079,44.59,6.24,4.65,2,4,43,7,0.769999980926514,1
2023100802,3444,Bryce Young,Passer,22.97602228411175,89.76999999999998,7.71,4.66,1,10,18,7,1.4099999666214,1
2023100802,3530,Jared Goff,Passer,17.09213269314278,37.670000000000016,6.56,2.03,2,10,25,7,2.65000009536743,1
2023100802,3769,Bryce Young,Passer,20.010579701747773,60.59,7.65,0.61,1,10,36,7,2.30999994277954,1
2023100802,3866,Bryce Young,Passer,12.534057603186614,84.02999999999999,5.02,4.67,2,10,25,5,1.4099999666214,1
2023100802,4069,Bryce Young,Passer,11.291492372578567,310.28999999999996,6.07,2.84,4,1,1,7,1.24000000953674,1
2023100803,84,Anthony Richardson,Passer,14.531252526881497,2.269999999999982,4.83,3.16,2,4,26,6,1.91999995708466,1
2023100803,314,Ryan Tannehill,Passer,10.357779684855243,228.89,6.28,0.34,3,1,25,7,4.94999980926514,1
2023100803,489,Ryan Tannehill,Passer,10.490757837258478,43.59,4.17,3.18,3,2,34,6,2.07999992370605,1
2023100803,558,Ryan Tannehill,Passer,11.516913649064142,73.38000000000001,6.42,3.7,3,6,24,6,2.61999988555908,1
2023100803,606,Ryan Tannehill,Passer,10.413932974625869,90.29,3.75,3.11,2,10,13,6,2.1800000667572,1
2023100803,1135,Anthony Richardson,Passer,33.09289954053588,21.879999999999995,8.16,2.51,3,16,46,4,6.17999982833862,1
2023100803,1528,Ryan Tannehill,Passer,9.840325197878371,17.879999999999995,4.64,4.47,3,3,35,6,2.1800000667572,0
2023100803,1655,Gardner Minshew,Passer,11.78759517458926,147.96999999999997,1.26,5.26,3,4,31,6,2.34999990463257,1
2023100803,2011,Ryan Tannehill,Passer,20.033174985508417,201.54999999999998,4.2,4.6,2,6,29,8,6.05999994277954,1
2023100803,2504,Ryan Tannehill,Passer,21.594899860846773,109.52000000000001,2.97,4.04,1,10,49,6,2.72000002861023,1
2023100803,2551,Ryan Tannehill,Passer,13.923580717617153,100.96,7.12,1.1,2,9,28,6,2.96000003814697,1
2023100803,2898,Gardner Minshew,Passer,9.510888496875577,78.72,6.76,1.09,2,20,30,4,3.67000007629395,1
2023100803,2923,Gardner Minshew,Passer,25.15988275012425,147.38,3.93,4.57,3,9,19,5,3.63000011444092,1
2023100803,3192,Ryan Tannehill,Passer,9.173276404862113,125.07000000000002,4.77,4.17,3,6,10,6,2.22000002861023,1
2023100803,3276,Gardner Minshew,Passer,12.88908452916653,215.73000000000002,2.1,3.93,2,9,7,6,2.71000003814697,1
2023100803,3301,Gardner Minshew,Passer,6.55856691663659,98.72999999999999,5.58,1.29,3,5,11,5,2.0,1
2023100804,272,Tua Tagovailoa,Passer,13.504003110189217,38.44,8.47,4.51,1,10,39,7,0.389999985694885,1
2023100804,389,Tua Tagovailoa,Passer,14.961193134238998,315.12,6.24,0.51,2,2,2,6,1.79999995231628,1
2023100804,513,Daniel Jones,Passer,13.34700340900534,133.18999999999997,5.73,4.13,2,12,23,5,0.819999992847443,1
2023100804,1755,Tua Tagovailoa,Passer,12.658356923392546,10.050000000000011,4.64,5.11,3,4,4,5,2.08999991416931,0
2023100804,1857,Tua Tagovailoa,Passer,17.273751763875733,8.26000000000002,6.79,1.87,1,10,41,5,1.79999995231628,1
2023100804,1914,Tua Tagovailoa,Passer,16.585354985649236,59.690000000000026,6.38,2.51,2,9,45,6,2.01999998092651,1
2023100804,2119,Tua Tagovailoa,Passer,28.451272379280333,286.24,9.16,2.96,1,10,25,7,4.69999980926514,0
2023100804,2142,Tua Tagovailoa,Passer,13.884368908956574,314.9,3.72,5.86,2,10,25,5,1.55999994277954,1
2023100804,2167,Tua Tagovailoa,Passer,25.0538060980762,74.17999999999998,8.58,2.07,3,4,31,5,2.6800000667572,1
2023100804,2271,Daniel Jones,Passer,8.880146395189664,83.46000000000001,5.48,2.17,2,4,31,7,6.0,1
2023100804,2296,Daniel Jones,Passer,8.898275113750982,193.07999999999998,3.08,2.19,1,10,37,5,2.65000009536743,1
2023100804,2560,Tua Tagovailoa,Passer,4.725843839993024,44.5,7.67,0.36,2,4,27,6,1.32000005245209,1
2023100804,2585,Tua Tagovailoa,Passer,9.508443616070933,59.67999999999998,7.82,2.25,3,4,27,5,3.11999988555908,0
2023100804,3205,Tyrod Taylor,Passer,11.903780911962391,189.41,2.76,4.94,2,17,42,4,2.1800000667572,1
2023100804,3492,Tua Tagovailoa,Passer,14.0653937022751,168.64000000000001,8.37,1.7,3,1,34,6,6.75,1
2023100804,3702,Tyrod Taylor,Passer,14.715556394509862,220.25,1.94,4.46,1,10,43,5,1.83000004291534,1
2023100804,3727,Tyrod Taylor,Passer,20.787404840431623,241.43,3.7,5.08,2,3,50,5,3.04999995231628,0
2023100804,3825,Tyrod Taylor,Passer,19.480895769958828,161.21,6.15,1.04,2,12,46,6,3.03999996185303,1
2023100804,4007,Tua Tagovailoa,Passer,12.07452276489634,57.16,3.78,1.37,3,6,21,6,1.74000000953674,1
2023100805,247,Derek Carr,Passer,23.75774400064114,39.52999999999997,7.83,1.15,2,10,45,5,2.64000010490417,0
2023100805,400,Mac Jones,Passer,19.969136185624055,40.35999999999999,7.95,0.8,3,2,14,7,3.4300000667572,0
2023100805,525,Derek Carr,Passer,12.935087939399567,164.01,5.52,2.14,3,9,39,5,3.11999988555908,0
2023100805,600,Mac Jones,Passer,12.778301921616974,130.8,4.39,3.51,2,6,24,6,6.76000022888184,0
2023100805,748,Mac Jones,Passer,23.959267518018994,48.06,7.45,5.01,3,7,24,5,5.0,1
2023100805,1099,Derek Carr,Passer,23.64949259497971,83.88999999999999,8.78,3.91,2,6,33,7,4.15000009536743,1
2023100805,1266,Mac Jones,Passer,14.985546369752416,225.57000000000002,1.41,6.54,1,10,17,5,2.90000009536743,0
2023100805,1353,Derek Carr,Passer,11.186107455232136,138.98,5.96,1.54,1,10,41,7,5.03999996185303,1
2023100805,2379,Mac Jones,Passer,20.119269370431923,122.45,5.67,1.38,1,10,25,7,3.89000010490417,1
2023100805,2586,Mac Jones,Passer,23.070522317450905,102.36999999999998,7.0,3.66,1,10,25,7,6.92000007629395,1
2023100805,2836,Mac Jones,Passer,9.445025145546197,141.78000000000003,6.65,0.91,2,15,30,5,2.66000008583069,1
2023100805,2864,Mac Jones,Passer,20.616983290481667,153.92,5.13,4.2,3,12,33,5,5.55999994277954,0
2023100805,3222,Mac Jones,Passer,20.079066213347684,283.26,8.75,3.5,1,10,10,7,5.90000009536743,0
2023100805,3271,Derek Carr,Passer,9.828677428830392,281.83,6.68,0.83,2,5,26,5,2.04999995231628,1
2023100805,3338,Derek Carr,Passer,11.117666121988016,213.17000000000002,5.5,1.13,2,10,19,7,1.73000001907349,1
2023100805,3510,Bailey Zappe,Passer,19.030830249886627,19.5,7.04,1.72,3,4,31,5,4.01999998092651,0
2023100805,3646,Derek Carr,Passer,17.76567758347539,310.71999999999997,5.72,2.21,3,9,19,6,3.84999990463257,1
2023100805,3749,Bailey Zappe,Passer,13.94036584885777,169.57999999999998,2.93,2.76,2,10,24,6,1.79999995231628,1
2023100805,3863,Derek Carr,Passer,20.706156089433886,6.869999999999976,7.55,1.58,3,7,30,6,3.5,0
2023100805,4019,Bailey Zappe,Passer,9.853364907482117,180.15999999999997,5.21,0.99,3,10,25,5,4.26000022888184,1
2023100805,4226,Bailey Zappe,Passer,28.272481320181292,96.03999999999999,8.44,1.13,1,10,12,6,4.21999979019165,0
2023100805,4313,Bailey Zappe,Passer,13.748938140816547,189.95999999999998,2.15,3.16,4,5,17,6,3.4300000667572,0
2023100806,54,Lamar Jackson,Passer,15.044846293664818,87.41,9.2,1.5,1,10,25,8,4.98999977111816,1
2023100806,133,Lamar Jackson,Passer,27.336982276762004,108.65,7.37,6.73,1,10,41,8,3.26999998092651,0
2023100806,425,Lamar Jackson,Passer,16.495347829009244,118.55,5.55,4.68,2,8,43,5,1.50999999046326,1
2023100806,745,Lamar Jackson,Passer,9.099296676117337,86.76999999999998,6.54,0.89,2,5,37,6,1.82000005245209,1
2023100806,814,Lamar Jackson,Passer,18.766139720251477,239.0,7.71,3.24,1,10,46,6,4.30000019073486,1
2023100806,1059,Lamar Jackson,Passer,19.117680298613635,261.67,6.66,1.96,3,4,4,7,2.20000004768372,0
2023100806,1203,Kenny Pickett,Passer,17.29597641071472,256.34,7.16,3.03,1,10,31,6,1.35000002384186,1
2023100806,1255,Kenny Pickett,Passer,25.61590911913922,89.42000000000002,8.1,1.78,1,10,43,6,2.86999988555908,0
2023100806,1348,Kenny Pickett,Passer,22.150079006631103,126.76999999999998,5.34,1.58,2,10,42,6,3.11999988555908,1
2023100806,1629,Kenny Pickett,Passer,14.54714061250526,221.97,3.47,4.82,1,10,24,7,2.08999991416931,0
2023100806,1768,Lamar Jackson,Passer,22.644822807873776,143.49,2.83,5.75,1,10,35,6,2.08999991416931,0
2023100806,1892,Lamar Jackson,Passer,35.52908949016284,140.73,6.16,2.36,3,18,40,5,4.98000001907349,1
2023100806,2009,Lamar Jackson,Passer,22.86945779855745,37.19999999999999,4.95,0.98,4,2,23,7,3.39000010490417,0
2023100806,2112,Kenny Pickett,Passer,14.180835659438417,220.81,3.46,2.8,2,5,30,7,1.5,1
2023100806,2503,Kenny Pickett,Passer,12.464124517991628,155.41,5.28,0.76,3,10,40,6,4.34000015258789,0
2023100806,2831,Kenny Pickett,Passer,25.103441995073112,104.96000000000001,7.17,5.61,1,10,26,7,3.15000009536743,1
2023100806,3379,Kenny Pickett,Passer,18.11662772151594,21.370000000000005,4.63,3.72,3,7,7,7,2.4300000667572,0
2023100806,3468,Lamar Jackson,Passer,15.613279604234334,248.11,4.99,4.12,2,10,25,7,3.10999989509583,1
2023100806,3899,Lamar Jackson,Passer,28.805876136649612,27.840000000000003,7.2,4.68,1,10,25,5,3.70000004768372,1
2023100807,97,Joshua Dobbs,Passer,20.867141634636972,42.089999999999975,5.69,4.34,3,13,22,4,3.84999990463257,0
2023100807,162,Joe Burrow,Passer,12.66982636029397,148.45,4.23,3.63,1,10,36,6,1.41999995708466,1
2023100807,187,Joe Burrow,Passer,17.642349616760235,12.43,5.53,6.21,2,1,45,5,0.189999997615814,1
2023100807,234,Joe Burrow,Passer,17.74915490945978,98.70999999999998,5.34,4.13,2,7,44,7,1.88999998569489,1
2023100807,286,Joe Burrow,Passer,16.386293052426467,117.50999999999999,6.06,4.36,2,11,32,5,0.600000023841858,1
2023100807,380,Joe Burrow,Passer,7.8630782776213,274.90000000000003,6.92,0.87,2,5,5,7,4.0,1
2023100807,405,Joe Burrow,Passer,24.789711575571026,237.09,3.89,4.94,3,2,2,7,2.08999991416931,1
2023100807,491,Joshua Dobbs,Passer,23.31940179335653,56.390000000000015,8.27,1.2,2,8,27,5,2.44000005722046,0
2023100807,594,Joe Burrow,Passer,12.658001422025515,115.14,4.73,1.65,2,8,46,6,0.660000026226044,1
2023100807,644,Joe Burrow,Passer,7.40562623955598,40.45000000000002,8.61,0.27,1,10,18,6,3.55999994277954,1
2023100807,904,Joshua Dobbs,Passer,9.785054930862673,254.04000000000002,8.28,0.74,3,5,43,5,3.77999997138977,1
2023100807,956,Joshua Dobbs,Passer,11.197432741481407,205.13,2.63,4.03,2,8,37,7,1.49000000953674,1
2023100807,1026,Joshua Dobbs,Passer,19.394135711601074,98.27000000000001,6.23,2.07,3,9,25,5,3.16000008583069,1
2023100807,1296,Joshua Dobbs,Passer,12.6765492149875,93.44000000000001,3.97,5.8,2,4,4,7,2.25999999046326,1
2023100807,1459,Joshua Dobbs,Passer,24.210660874912108,208.97,8.76,2.08,1,10,30,8,7.15000009536743,0
2023100807,1665,Joe Burrow,Passer,13.69791224968243,254.48000000000002,0.23,1.55,1,10,37,5,1.86000001430511,1
2023100807,1690,Joe Burrow,Passer,10.241098573883567,246.59,4.92,2.15,2,7,34,6,1.6599999666214,1
2023100807,1715,Joe Burrow,Passer,22.714862975593757,78.11000000000001,6.06,6.12,3,8,35,6,3.39000010490417,1
2023100807,2165,Joe Burrow,Passer,11.299314138477609,120.74000000000001,5.61,4.0,2,10,39,4,1.6599999666214,1
2023100807,2309,Joe Burrow,Passer,15.288178439565653,127.35000000000002,3.3,3.24,1,10,25,6,1.28999996185303,1
2023100807,2442,Joshua Dobbs,Passer,12.11779270329378,148.15,2.2,3.84,2,5,30,6,2.26999998092651,1
2023100807,2882,Joe Burrow,Passer,20.98174682908933,124.68999999999997,5.09,3.05,2,7,45,6,1.17999994754791,0
2023100807,3344,Joe Burrow,Passer,23.559382419749458,285.88,6.68,5.53,2,5,31,7,2.91000008583069,1
2023100807,3437,Joe Burrow,Passer,17.74013810543762,119.89000000000001,5.46,4.79,2,13,26,6,1.87999999523163,1
2023100807,3900,Joshua Dobbs,Passer,20.53543279310179,8.349999999999966,5.02,1.43,4,2,33,6,3.73000001907349,0
2023100807,3959,Joe Burrow,Passer,16.1875291505529,26.7,5.59,2.24,2,12,50,6,1.16999995708466,1
2023100807,4033,Joshua Dobbs,Passer,11.904490749292892,121.03999999999999,5.11,2.74,1,10,7,6,1.25,0
2023100807,4129,Joshua Dobbs,Passer,21.298375524908,266.33,2.0,7.33,2,10,37,4,3.75999999046326,0
2023100807,4264,Joe Burrow,Passer,16.513500537439057,26.889999999999986,1.02,0.33,3,7,34,9,1.53999996185303,1
2023100808,392,Matthew Stafford,Passer,13.253837180228224,83.11999999999998,6.4,1.63,1,10,25,6,1.97000002861023,0
2023100808,440,Matthew Stafford,Passer,17.15087461326681,38.25,5.14,4.3,3,4,31,5,1.8400000333786,1
2023100808,490,Matthew Stafford,Passer,15.110873568394384,54.370000000000005,4.58,5.81,1,10,41,5,3.22000002861023,0
2023100808,715,Matthew Stafford,Passer,19.47965605445845,84.52,6.39,4.1,3,3,3,7,2.49000000953674,1
2023100808,826,Jalen Hurts,Passer,16.623227725083957,249.71000000000004,5.52,4.72,3,5,30,6,2.1800000667572,1
2023100808,938,Jalen Hurts,Passer,26.560515808244382,25.879999999999995,7.25,2.78,1,10,50,5,3.84999990463257,0
2023100808,984,Jalen Hurts,Passer,24.371608482002163,64.14000000000001,7.81,3.48,3,10,50,6,5.11999988555908,0
2023100808,1125,Matthew Stafford,Passer,18.142706523559266,67.53,5.52,2.7,2,7,27,6,3.53999996185303,0
2023100808,1229,Jalen Hurts,Passer,13.981219546234152,67.71000000000001,5.83,1.7,2,6,32,6,4.19999980926514,0
2023100808,1354,Jalen Hurts,Passer,15.377766417786425,73.64,5.43,4.71,2,18,45,5,4.53999996185303,1
2023100808,1401,Jalen Hurts,Passer,15.84034406191987,241.21,6.68,1.32,1,10,34,6,4.32000017166138,1
2023100808,1652,Matthew Stafford,Passer,21.21889723807531,23.25,7.01,4.0,1,10,39,6,3.3199999332428,1
2023100808,2303,Jalen Hurts,Passer,10.079414665544817,173.83000000000004,6.77,0.85,2,10,5,6,2.55999994277954,1
2023100808,2333,Jalen Hurts,Passer,18.354021357729753,172.02999999999997,6.27,3.02,3,2,13,5,2.11999988555908,1
2023100808,2370,Jalen Hurts,Passer,24.088279307580272,43.540000000000006,7.61,2.62,1,10,20,5,4.96000003814697,1
2023100808,2417,Jalen Hurts,Passer,26.599077051657268,104.16,6.64,2.0,2,9,30,5,9.97000026702881,1
2023100808,2919,Jalen Hurts,Passer,10.446482661642625,36.42999999999999,4.77,2.94,1,10,45,7,0.560000002384186,0
2023100808,3173,Matthew Stafford,Passer,22.054616296820942,99.64000000000001,3.98,4.0,1,10,25,5,1.95000004768372,1
2023100808,3290,Matthew Stafford,Passer,21.44075558370087,28.08,6.76,0.72,3,5,42,6,4.82999992370605,0
2023100808,3368,Jalen Hurts,Passer,32.97041097711704,49.44,8.77,3.32,2,6,24,7,4.67000007629395,1
2023100808,3652,Matthew Stafford,Passer,20.28632051408042,9.799999999999997,5.43,6.07,1,10,25,6,2.70000004768372,0
2023100808,3687,Matthew Stafford,Passer,17.621447159640436,46.56999999999999,3.72,5.18,2,10,25,6,3.27999997138977,1
2023100808,4108,Matthew Stafford,Passer,11.74070696338172,224.07999999999998,5.72,1.97,4,5,13,6,2.97000002861023,1
2023100808,4133,Matthew Stafford,Passer,29.06842444990784,155.91,2.91,6.2,1,10,25,4,3.11999988555908,1
2023100809,168,Zach Wilson,Passer,12.272135103558794,79.13,4.19,3.06,1,10,20,5,2.20000004768372,1
2023100809,262,Zach Wilson,Passer,17.231047559565262,107.22999999999996,2.05,5.77,3,12,12,6,3.22000002861023,0
2023100809,660,Zach Wilson,Passer,11.17792467321193,36.13,6.53,1.91,2,3,44,7,6.03999996185303,1
2023100809,884,Zach Wilson,Passer,21.353055987375672,93.95,4.56,6.12,2,22,21,6,3.59999990463257,0
2023100809,994,Russell Wilson,Passer,24.138651577915446,54.97999999999999,7.46,2.95,1,10,32,6,9.84000015258789,0
2023100809,1817,Zach Wilson,Passer,11.624340841527317,182.73999999999998,3.99,3.4,1,10,25,5,2.90000009536743,1
2023100809,1842,Zach Wilson,Passer,24.685374212273956,94.21000000000001,5.46,6.62,2,3,32,6,4.73999977111816,1
2023100809,1895,Zach Wilson,Passer,27.471909289308595,202.79999999999998,1.71,4.07,2,10,44,5,5.17000007629395,1
2023100809,2460,Zach Wilson,Passer,11.264759207368796,204.85,3.68,3.73,3,4,43,5,2.52999997138977,1
2023100809,2840,Zach Wilson,Passer,10.334118249758903,184.23000000000002,2.34,2.94,1,10,49,7,6.8600001335144,1
2023100809,3517,Russell Wilson,Passer,24.31758622890027,55.11000000000001,6.62,4.38,3,11,24,6,2.70000004768372,1
2023100809,3580,Russell Wilson,Passer,9.912865377881408,55.69999999999999,7.75,1.46,2,7,35,5,3.85999989509583,1
2023100809,3627,Russell Wilson,Passer,11.059855333592756,36.879999999999995,5.0,2.17,2,3,3,7,2.3199999332428,1
2023100809,3764,Zach Wilson,Passer,19.71103751708671,137.52999999999997,5.21,4.49,3,4,31,5,2.63000011444092,1
2023100809,3840,Zach Wilson,Passer,21.277152065067355,80.98000000000002,7.82,3.01,3,5,27,6,3.05999994277954,0
2023100809,3904,Russell Wilson,Passer,17.307169034824845,81.63000000000001,6.2,5.2,2,1,12,4,2.0,1
2023100809,4095,Russell Wilson,Passer,21.110056845020573,220.48,4.31,4.75,1,10,25,4,4.3600001335144,1
2023100809,4120,Russell Wilson,Passer,23.748435737959664,265.4,7.31,2.04,1,10,37,2,3.6800000667572,0
2023100810,165,Patrick Mahomes,Passer,15.420262643677635,216.01,1.86,3.61,1,10,32,7,3.67000007629395,1
2023100810,190,Patrick Mahomes,Passer,14.922908563681542,161.73000000000002,3.45,5.26,2,7,29,7,3.25999999046326,1
2023100810,411,Kirk Cousins,Passer,18.664538569169075,144.62,5.17,2.97,3,3,32,5,1.46000003814697,1
2023100810,791,Patrick Mahomes,Passer,14.05300323774246,116.24999999999997,4.67,2.09,3,2,33,7,1.89999997615814,1
2023100810,985,Patrick Mahomes,Passer,18.62424495113829,158.09,1.36,1.79,2,9,24,7,4.40999984741211,1
2023100810,1192,Kirk Cousins,Passer,12.050302900757309,156.53999999999996,6.59,1.63,2,8,36,7,6.51999998092651,1
2023100810,1343,Kirk Cousins,Passer,11.464192077944263,295.71999999999997,8.7,1.2,2,20,27,6,2.99000000953674,1
2023100810,1434,Patrick Mahomes,Passer,14.547315903629784,150.01000000000002,5.52,2.14,1,10,25,6,6.40999984741211,0
2023100810,1637,Kirk Cousins,Passer,16.106225504443923,133.51999999999998,3.97,5.24,1,10,33,7,5.3899998664856,0
2023100810,1753,Kirk Cousins,Passer,20.441939731835625,208.05999999999997,3.01,5.72,3,9,21,6,2.72000002861023,1
2023100810,2049,Patrick Mahomes,Passer,27.869045552368668,134.39000000000001,2.64,4.0,1,10,36,6,4.88000011444092,1
2023100810,2294,Patrick Mahomes,Passer,27.35962353542168,77.42999999999998,8.66,2.19,3,18,17,7,6.88000011444092,1
2023100810,2453,Patrick Mahomes,Passer,20.289004411256848,39.06,6.28,3.94,1,8,8,7,2.79999995231628,0
2023100810,2995,Patrick Mahomes,Passer,15.57947367532036,113.79,6.3,1.04,3,8,15,7,3.44000005722046,1
2023100810,3121,Kirk Cousins,Passer,25.924139329975837,239.19,1.68,5.46,2,9,26,6,6.80000019073486,1
2023100810,3146,Kirk Cousins,Passer,14.05512717836448,20.19999999999999,6.88,1.13,1,10,37,7,5.94000005722046,1
2023100810,3171,Kirk Cousins,Passer,10.5827264917884,217.39999999999998,2.77,4.04,1,10,44,6,2.72000002861023,1
2023100810,3283,Kirk Cousins,Passer,15.345139295555443,108.72,7.22,3.79,2,10,33,6,2.73000001907349,1
2023100810,3353,Kirk Cousins,Passer,16.464810961562844,158.73000000000002,1.73,4.36,2,10,23,6,5.5,1
2023100810,3401,Kirk Cousins,Passer,31.40954313580508,252.69,2.67,7.9,4,6,19,5,3.77999997138977,1
2023100810,3524,Patrick Mahomes,Passer,12.367251109280508,330.89,4.04,4.2,2,6,32,6,0.839999973773956,1
2023100810,3758,Kirk Cousins,Passer,26.63856039653795,128.6,2.36,4.18,3,8,22,5,3.66000008583069,1
2023100810,3783,Kirk Cousins,Passer,16.854180490311595,134.75,0.64,7.56,1,10,35,6,3.16000008583069,1
2023100810,4075,Patrick Mahomes,Passer,7.115511225484785,277.34000000000003,7.2,1.07,3,6,41,5,1.87999999523163,1
2023100810,4156,Kirk Cousins,Passer,12.858312486481266,137.59,2.41,5.34,2,10,19,6,3.15000009536743,1
2023100811,88,Brock Purdy,Passer,14.206790629836137,88.67999999999999,4.16,4.19,1,10,43,6,0.740000009536743,1
2023100811,211,Brock Purdy,Passer,15.066446163578199,28.289999999999992,6.34,4.45,1,5,28,8,3.39000010490417,1
2023100811,360,Dak Prescott,Passer,19.512900860712627,35.47999999999996,7.43,3.66,2,9,26,8,6.0,0
2023100811,839,Brock Purdy,Passer,8.138230765958903,29.72999999999999,7.47,0.88,3,1,40,8,6.03999996185303,1
2023100811,898,Brock Purdy,Passer,22.33872198672073,33.599999999999994,7.87,4.34,1,15,36,8,2.33999991416931,0
2023100811,1267,Brock Purdy,Passer,18.50484531143128,78.54000000000002,8.35,1.69,1,10,38,7,6.80000019073486,1
2023100811,1469,Dak Prescott,Passer,10.810661404372997,195.67,3.81,3.62,1,10,45,6,4.1100001335144,1
2023100811,1685,Brock Purdy,Passer,23.64733600218003,40.25999999999999,5.11,6.1,1,10,25,7,2.75999999046326,1
2023100811,1880,Brock Purdy,Passer,13.292648344103595,86.85999999999999,5.83,6.21,1,10,10,6,1.88999998569489,1
2023100811,2155,Brock Purdy,Passer,17.510559671238383,80.32999999999998,3.46,5.45,3,2,26,7,2.36999988555908,0
2023100811,2626,Brock Purdy,Passer,26.483523179516734,54.79000000000002,7.82,4.28,3,13,40,6,4.78000020980835,1
2023100811,2651,Brock Purdy,Passer,14.396016810215244,70.84,4.52,4.33,1,10,18,6,0.0799999982118607,1
2023100811,2769,Dak Prescott,Passer,15.58165909009692,40.47,4.89,4.18,1,10,21,6,1.30999994277954,1
2023100811,2894,Brock Purdy,Passer,13.765645644138893,69.03,4.11,4.34,1,10,50,7,3.58999991416931,0
2023100811,3213,Dak Prescott,Passer,17.200023255798236,106.54999999999998,3.7,5.34,2,10,25,5,1.85000002384186,0
2023100811,3351,Dak Prescott,Passer,15.140336852263223,101.11999999999998,5.71,2.99,1,10,42,5,0.839999973773956,0
2023100811,3628,Cooper Rush,Passer,11.135964260000119,246.64000000000004,5.78,2.45,1,10,16,6,1.80999994277954,1
2023100900,349,Jimmy Garoppolo,Passer,16.24759982274305,63.150000000000006,6.03,2.31,2,12,31,7,5.88000011444092,1
2023100900,710,Jimmy Garoppolo,Passer,14.286528619647253,121.62,7.23,0.79,1,10,25,8,5.63000011444092,1
2023100900,803,Jimmy Garoppolo,Passer,17.16084205393197,19.370000000000005,7.17,1.82,2,5,40,7,3.97000002861023,0
2023100900,886,Jordan Love,Passer,11.417337693175236,323.22,5.05,2.59,1,10,10,7,8.15999984741211,1
2023100900,1366,Jimmy Garoppolo,Passer,12.030428088808799,57.120000000000005,5.8,3.6,2,6,9,6,0.899999976158142,1
2023100900,1425,Jordan Love,Passer,18.02478293905366,18.689999999999998,5.17,6.26,1,10,25,5,1.38999998569489,0
2023100900,1487,Jimmy Garoppolo,Passer,12.101776729059246,80.21999999999997,6.79,0.74,2,8,8,5,2.91000008583069,1
2023100900,1600,Jordan Love,Passer,13.502314616390782,180.22,2.71,0.21,2,11,24,6,3.09999990463257,0
2023100900,1630,Jordan Love,Passer,19.830383253986795,162.11999999999998,4.8,2.52,3,11,24,5,4.71000003814697,1
2023100900,1765,Jimmy Garoppolo,Passer,26.073927590602842,125.32,5.72,3.68,1,10,42,6,3.91000008583069,1
2023100900,2305,Jimmy Garoppolo,Passer,14.017110971951384,286.39,6.37,3.56,1,10,28,6,3.01999998092651,0
2023100900,2328,Jimmy Garoppolo,Passer,3.5512392203285876,178.34000000000003,2.47,3.72,2,10,28,6,0.0299999993294477,1
2023100900,2681,Jimmy Garoppolo,Passer,12.857390870623792,279.72,4.81,2.32,2,10,37,4,3.42000007629395,1
2023100900,2753,Jimmy Garoppolo,Passer,17.914421564761728,67.31,4.15,3.74,3,3,9,7,2.42000007629395,1
2023100900,3031,Jordan Love,Passer,16.331947220095962,112.41,4.79,5.43,3,4,46,6,3.0,1
2023100900,3076,Jordan Love,Passer,25.467047335723862,58.949999999999996,3.55,7.1,2,17,47,7,7.0,0
2023100900,3400,Jimmy Garoppolo,Passer,9.584847416625891,90.78,4.98,3.26,2,8,35,6,3.35999989509583,1
2023100900,3498,Jimmy Garoppolo,Passer,6.420661959642479,46.550000000000004,1.92,0.81,2,11,43,7,2.75999999046326,1
2023100900,3630,Jordan Love,Passer,9.946627569181425,28.590000000000003,4.08,2.91,1,10,48,4,4.05999994277954,1
2023100900,3753,Jordan Love,Passer,14.65883010338819,98.93,6.0,2.42,2,10,35,5,3.50999999046326,0
2023101200,218,Russell Wilson,Passer,8.69770084562581,68.64,6.3,1.03,3,7,42,5,4.19000005722046,1
2023101200,414,Patrick Mahomes,Passer,12.188683275891618,340.87,5.72,4.38,1,10,24,6,2.47000002861023,0
2023101200,437,Patrick Mahomes,Passer,18.497689044850983,136.24999999999997,4.83,4.43,2,10,24,6,4.30999994277954,1
2023101200,562,Russell Wilson,Passer,27.656082513617147,57.60000000000001,5.06,5.32,1,10,43,6,6.96999979019165,0
2023101200,659,Patrick Mahomes,Passer,13.18639450342663,163.25,3.02,4.51,2,13,20,6,2.44000005722046,1
2023101200,1277,Russell Wilson,Passer,4.974836680736362,343.79999999999995,6.83,3.01,2,8,7,7,1.19000005722046,1
2023101200,1444,Patrick Mahomes,Passer,19.01037874425442,0.9699999999999989,6.59,3.88,1,10,28,7,4.07999992370605,1
2023101200,1918,Russell Wilson,Passer,19.941476876099223,19.850000000000023,4.02,3.68,1,10,39,6,1.00999999046326,0
2023101200,1941,Russell Wilson,Passer,20.875133532507046,128.95999999999998,4.82,3.05,2,10,39,5,1.78999996185303,1
2023101200,2169,Patrick Mahomes,Passer,8.443151070542324,157.05,6.09,0.24,2,4,31,6,2.34999990463257,1
2023101200,2276,Patrick Mahomes,Passer,12.747054561740919,33.79999999999998,4.93,4.69,1,10,41,7,0.990000009536743,1
2023101200,2654,Patrick Mahomes,Passer,16.100242234202565,225.43,4.98,0.21,1,10,36,5,5.82000017166138,1
2023101200,2760,Patrick Mahomes,Passer,7.8447434629820805,36.91,5.83,1.95,2,8,48,6,3.32999992370605,1
2023101200,2994,Russell Wilson,Passer,12.122182146791893,295.69,7.1,4.91,1,10,27,6,6.07000017166138,0
2023101200,3050,Russell Wilson,Passer,20.31965796956239,71.11000000000001,7.83,3.3,3,10,27,6,2.70000004768372,0
2023101200,3484,Russell Wilson,Passer,22.618782018490737,11.920000000000016,5.84,6.43,1,10,11,6,2.02999997138977,1
2023101200,3636,Patrick Mahomes,Passer,14.845477425802107,107.08,5.55,3.75,3,2,33,6,2.83999991416931,1
2023101200,3837,Russell Wilson,Passer,18.76896374337166,103.23000000000002,6.85,3.26,1,10,25,6,2.54999995231628,0
2023101500,170,Lamar Jackson,Passer,13.466677392735006,263.74,9.33,1.0,1,10,32,7,0.920000016689301,1
2023101500,823,Lamar Jackson,Passer,18.38186334406825,83.30000000000001,6.09,1.53,3,4,10,6,3.38000011444092,0
2023101500,931,Ryan Tannehill,Passer,13.7853908178187,180.54000000000002,7.08,0.84,2,8,27,7,1.37000000476837,1
2023101500,1320,Lamar Jackson,Passer,24.387246667059404,144.55,2.5,4.88,1,10,20,7,5.25,1
2023101500,2584,Lamar Jackson,Passer,24.068429529157072,65.24000000000001,4.74,3.15,2,9,26,6,2.29999995231628,0
2023101500,2770,Lamar Jackson,Passer,20.66191907834313,218.01,3.38,1.4,2,9,26,7,2.05999994277954,0
2023101500,2984,Lamar Jackson,Passer,14.145197064728368,109.10000000000002,4.08,1.83,1,10,44,7,3.10999989509583,1
2023101500,3014,Lamar Jackson,Passer,13.2743549749131,237.32999999999998,3.08,3.21,2,9,45,6,2.04999995231628,1
2023101500,3120,Lamar Jackson,Passer,7.036995097340907,140.51999999999998,4.41,0.4,3,6,32,6,2.33999991416931,1
2023101500,3340,Malik Willis,Passer,15.202924060850927,279.91999999999996,7.6,2.23,1,10,25,7,1.28999996185303,1
2023101500,3557,Lamar Jackson,Passer,22.041653749208564,94.75,7.36,1.15,2,11,19,5,2.72000002861023,1
2023101501,127,Sam Howell,Passer,11.739356881873896,197.87,0.63,5.34,1,10,42,6,1.07000005245209,1
2023101501,177,Sam Howell,Passer,25.52300922697008,10.0,8.51,2.59,1,10,46,6,5.0,0
2023101501,222,Sam Howell,Passer,27.63224565611705,299.37,8.85,0.98,3,9,45,6,4.69000005722046,1
2023101501,305,Sam Howell,Passer,20.867354887479152,231.14000000000001,3.25,5.97,3,16,29,4,4.86999988555908,1
2023101501,432,Desmond Ridder,Passer,10.68466658347372,215.35,6.33,1.2,3,8,27,5,3.01999998092651,1
2023101501,479,Desmond Ridder,Passer,18.862582007774012,163.01,6.07,5.49,2,10,36,5,1.61000001430511,1
2023101501,753,Sam Howell,Passer,14.154380947254458,48.289999999999964,6.01,2.57,2,6,25,6,1.29999995231628,1
2023101501,836,Sam Howell,Passer,18.357954679103003,162.55999999999997,5.81,0.95,2,14,34,6,3.29999995231628,0
2023101501,908,Desmond Ridder,Passer,21.316228559480216,281.70000000000005,3.87,4.61,1,10,23,8,7.69999980926514,0
2023101501,1161,Desmond Ridder,Passer,12.500291996589525,53.28000000000003,4.89,4.1,2,9,26,5,1.52999997138977,1
2023101501,1208,Desmond Ridder,Passer,18.521190566483572,224.1,3.63,4.41,2,6,39,6,1.17999994754791,1
2023101501,1278,Desmond Ridder,Passer,15.953244184177708,237.64000000000001,8.38,2.21,3,3,48,7,2.67000007629395,0
2023101501,1301,Desmond Ridder,Passer,12.397048035722054,6.549999999999999,5.18,2.89,4,3,48,6,1.60000002384186,0
2023101501,1331,Sam Howell,Passer,22.379137606261775,20.269999999999982,8.82,0.95,1,10,48,6,3.67000007629395,0
2023101501,1388,Sam Howell,Passer,18.549460908608644,94.53,2.64,5.16,3,1,43,6,4.05000019073486,0
2023101501,1532,Sam Howell,Passer,14.266471182461348,209.75,6.5,2.95,1,7,7,6,3.28999996185303,1
2023101501,1844,Desmond Ridder,Passer,20.971528318174617,73.47000000000003,5.83,4.32,3,24,40,6,0.980000019073486,1
2023101501,2069,Desmond Ridder,Passer,21.652995173878363,56.81,6.93,5.47,2,11,49,5,2.60999989509583,0
2023101501,2092,Desmond Ridder,Passer,20.508924886497592,157.62999999999997,4.91,4.81,3,11,49,5,0.759999990463257,0
2023101501,3083,Desmond Ridder,Passer,9.598630110593907,116.45,5.05,2.9,2,2,2,9,6.26000022888184,1
2023101501,3243,Sam Howell,Passer,16.32442342013953,22.07000000000002,7.68,1.24,3,7,46,5,4.5,0
2023101501,3286,Desmond Ridder,Passer,24.54592634226706,65.11000000000001,8.06,1.33,1,10,11,7,6.6100001335144,1
2023101501,3647,Desmond Ridder,Passer,17.685700438489846,99.46999999999997,7.12,0.31,3,7,7,6,4.30999994277954,0
2023101501,4060,Desmond Ridder,Passer,19.252662153582815,69.06,6.33,4.45,2,1,39,4,2.01999998092651,1
2023101501,4087,Desmond Ridder,Passer,11.780534792614471,126.43000000000004,7.17,1.82,1,10,43,5,3.16000008583069,1
2023101502,260,Kirk Cousins,Passer,19.036517538667624,59.04999999999998,5.1,5.84,1,5,37,7,4.98000001907349,1
2023101502,398,Kirk Cousins,Passer,10.834412766735442,141.48,6.64,1.3,2,10,38,6,2.21000003814697,1
2023101502,548,Justin Fields,Passer,12.942225465506313,54.859999999999985,5.75,3.62,3,2,33,6,1.04999995231628,1
2023101502,670,Justin Fields,Passer,16.22815454695943,225.27000000000004,5.74,5.07,3,5,40,5,2.14000010490417,1
2023101502,1306,Kirk Cousins,Passer,23.430458808994757,10.280000000000001,8.66,1.38,1,10,27,6,1.07000005245209,0
2023101502,1408,Kirk Cousins,Passer,19.961194854016135,66.15,7.07,4.16,2,19,30,6,2.75999999046326,0
2023101502,1489,Justin Fields,Passer,18.88047933713548,110.99000000000004,7.88,2.08,1,10,20,7,3.38000011444092,1
2023101502,1672,Kirk Cousins,Passer,8.427478863812118,163.45999999999998,1.98,3.48,2,2,33,7,5.8600001335144,0
2023101502,1879,Kirk Cousins,Passer,19.62377384704583,10.13000000000001,6.98,2.83,1,10,38,6,3.02999997138977,1
2023101502,1966,Kirk Cousins,Passer,13.624290807231032,98.25,4.83,3.83,3,3,34,5,3.16000008583069,1
2023101502,2064,Kirk Cousins,Passer,22.446398374795,63.910000000000004,5.28,4.49,2,3,10,6,3.90000009536743,1
2023101502,2224,Kirk Cousins,Passer,9.656003314001087,42.129999999999995,4.8,3.0,2,5,30,6,0.980000019073486,1
2023101502,2532,Kirk Cousins,Passer,10.970806716007717,308.51,6.44,1.93,3,14,1,5,3.51999998092651,1
2023101502,2913,Tyson Bagent,Passer,28.201796042096326,19.059999999999995,6.94,1.51,4,3,45,7,2.92000007629395,0
2023101502,2990,Kirk Cousins,Passer,13.290376217398817,243.16,5.25,2.67,1,10,40,7,7.6399998664856,1
2023101502,3191,Tyson Bagent,Passer,20.672689713726175,131.48,6.01,1.47,3,12,45,5,1.10000002384186,0
2023101502,3320,Kirk Cousins,Passer,28.059417313978564,192.03999999999996,3.12,5.22,3,8,34,6,3.74000000953674,0
2023101502,3407,Tyson Bagent,Passer,23.480044718867124,183.63,1.51,5.18,2,6,27,7,1.50999999046326,1
2023101502,3534,Tyson Bagent,Passer,17.607163314969277,55.93,5.55,2.17,1,10,20,7,3.58999991416931,1
2023101503,178,Geno Smith,Passer,15.121127603456035,116.45,6.59,3.85,2,13,41,5,2.5,1
2023101503,208,Geno Smith,Passer,16.748802942300085,155.25,0.93,3.15,3,4,32,6,3.10999989509583,1
2023101503,452,Joe Burrow,Passer,14.570013726829497,114.42999999999999,6.49,1.83,3,6,35,6,0.920000016689301,1
2023101503,581,Joe Burrow,Passer,9.586328807212908,92.43,6.63,1.75,1,10,42,5,1.96000003814697,1
2023101503,611,Joe Burrow,Passer,17.837670812076336,120.87,2.8,1.92,2,1,33,6,4.28999996185303,1
2023101503,666,Joe Burrow,Passer,14.389833216545636,95.64999999999999,1.58,4.7,2,5,25,5,2.25,1
2023101503,691,Joe Burrow,Passer,14.034617914286088,60.17,4.32,1.38,1,10,20,6,0.449999988079071,1
2023101503,746,Joe Burrow,Passer,13.449018551552378,63.13000000000001,3.8,4.67,1,8,8,5,1.87999999523163,1
2023101503,1044,Joe Burrow,Passer,13.938195722546014,109.63000000000002,6.73,2.8,2,10,15,5,1.91999995708466,1
2023101503,1091,Joe Burrow,Passer,16.702694393420483,110.96000000000001,7.24,0.84,1,3,3,8,0.389999985694885,1
2023101503,1219,Geno Smith,Passer,12.322844639124519,144.30999999999997,4.5,4.18,2,13,20,5,2.71000003814697,1
2023101503,1244,Geno Smith,Passer,6.621570810615859,200.56,5.0,3.2,3,7,26,5,2.83999991416931,1
2023101503,1305,Geno Smith,Passer,28.081039866785563,68.85000000000001,7.65,1.77,2,21,25,7,3.4300000667572,1
2023101503,1483,Joe Burrow,Passer,13.710616324585851,205.12,1.56,5.96,1,10,24,4,1.97000002861023,1
2023101503,1533,Joe Burrow,Passer,14.26214920690427,99.65,2.38,4.24,3,4,30,6,2.53999996185303,1
2023101503,1578,Geno Smith,Passer,10.634885989045673,201.54999999999995,7.5,1.31,1,10,21,8,5.23000001907349,1
2023101503,1696,Geno Smith,Passer,17.748521065147933,91.59,4.47,4.24,3,4,48,7,3.71000003814697,1
2023101503,1862,Joe Burrow,Passer,16.622493796058407,89.69,4.22,4.88,2,10,25,6,1.83000004291534,0
2023101503,2130,Geno Smith,Passer,23.490161770409326,75.95000000000002,3.17,6.04,2,5,36,6,1.48000001907349,1
2023101503,2347,Geno Smith,Passer,19.410412154305224,53.110000000000014,8.9,1.79,2,18,18,6,2.83999991416931,0
2023101503,2411,Joe Burrow,Passer,10.485442289193145,110.63000000000001,6.88,1.84,2,2,11,6,2.23000001907349,0
2023101503,2434,Joe Burrow,Passer,18.446164913065264,67.82999999999998,3.17,4.29,3,2,11,6,1.9099999666214,1
2023101503,2547,Geno Smith,Passer,11.612187563073551,149.04,4.84,0.94,1,10,43,8,7.15000009536743,1
2023101503,2624,Geno Smith,Passer,20.464315282950462,18.75,6.64,4.65,2,10,31,5,3.44000005722046,1
2023101503,2969,Geno Smith,Passer,21.311710395930213,107.05,6.65,4.63,2,9,17,6,2.6800000667572,1
2023101503,3021,Geno Smith,Passer,27.605479528528388,61.959999999999994,6.22,2.34,2,9,36,7,3.48000001907349,0
2023101503,3071,Joe Burrow,Passer,13.65036629545156,4.609999999999957,7.65,0.94,2,10,34,5,2.25999999046326,0
2023101503,3194,Geno Smith,Passer,10.163823099601837,186.21999999999997,6.86,0.68,1,10,40,6,3.67000007629395,1
2023101503,3230,Geno Smith,Passer,14.621754340707543,172.69,1.46,1.5,1,15,35,6,1.9099999666214,1
2023101503,3381,Joe Burrow,Passer,21.35502282836523,138.65999999999997,4.08,3.24,1,10,30,5,1.88999998569489,1
2023101503,3426,Joe Burrow,Passer,11.078375332150465,123.21999999999997,4.61,3.44,3,12,28,4,4.46999979019165,1
2023101503,3493,Geno Smith,Passer,24.762116226203286,50.849999999999994,7.21,1.41,2,6,40,5,3.05999994277954,1
2023101503,3590,Geno Smith,Passer,16.455555292970207,113.82999999999998,4.78,3.06,3,7,16,7,1.5,1
2023101503,3703,Joe Burrow,Passer,27.28692910534273,16.189999999999998,6.76,1.69,1,10,14,7,3.38000011444092,0
2023101503,3822,Geno Smith,Passer,12.121122060271482,115.52000000000001,3.49,4.24,1,10,40,6,2.79999995231628,1
2023101503,3896,Geno Smith,Passer,24.40344238012334,214.74,6.54,0.79,1,10,11,6,2.53999996185303,0
2023101503,3941,Geno Smith,Passer,17.760824868231772,104.49,4.95,3.29,3,8,9,8,4.53000020980835,0
2023101504,310,P.J. Walker,Passer,8.21571664555199,311.84999999999997,6.37,0.9,1,10,36,7,8.46000003814697,1
2023101504,917,Brock Purdy,Passer,25.88258487863992,91.55999999999999,8.27,3.82,3,13,34,5,4.30999994277954,0
2023101504,1391,Brock Purdy,Passer,13.933531497793366,231.57000000000002,2.18,3.6,1,10,24,8,7.53999996185303,1
2023101504,1482,Brock Purdy,Passer,10.467033963831396,35.00999999999999,4.51,5.36,3,7,11,6,2.32999992370605,1
2023101504,1585,P.J. Walker,Passer,23.187067516182378,2.740000000000009,6.44,1.08,2,10,17,7,4.30999994277954,1
2023101504,1998,Brock Purdy,Passer,22.9555439926829,27.339999999999975,8.15,0.21,2,15,37,7,3.40000009536743,0
2023101504,2405,P.J. Walker,Passer,21.77185568572417,73.71999999999998,7.57,2.7,1,10,28,8,5.44000005722046,0
2023101504,2507,P.J. Walker,Passer,10.826823172103623,230.70000000000002,7.36,0.63,2,6,38,6,4.84000015258789,1
2023101504,2703,Brock Purdy,Passer,21.544307832928865,13.699999999999989,6.75,5.63,3,10,34,5,2.6800000667572,0
2023101504,2895,Brock Purdy,Passer,12.604622168077862,190.94,0.65,0.64,2,20,10,7,2.91000008583069,1
2023101504,3080,P.J. Walker,Passer,14.960404406298654,166.54999999999998,1.57,4.4,3,3,27,6,2.82999992370605,0
2023101504,3327,P.J. Walker,Passer,22.97006094898313,84.06,7.95,1.48,1,10,34,7,6.6399998664856,0
2023101504,3861,P.J. Walker,Passer,29.737190519617016,96.48000000000002,8.0,1.6,2,11,47,8,5.75,0
2023101504,3988,P.J. Walker,Passer,17.054409986862634,88.34,3.25,3.88,1,10,21,5,2.00999999046326,0
2023101504,4231,P.J. Walker,Passer,23.508009273437004,125.39999999999998,5.82,4.17,2,10,26,7,5.17000007629395,0
2023101504,4522,Brock Purdy,Passer,20.368595926081895,36.97,5.12,4.24,1,10,25,6,3.02999997138977,0
2023101504,4545,Brock Purdy,Passer,23.714105507060562,50.83,7.74,1.72,2,10,25,6,2.13000011444092,0
2023101504,4602,Brock Purdy,Passer,17.06104920572003,202.91,1.69,6.48,1,10,32,5,3.78999996185303,1
2023101504,4650,Brock Purdy,Passer,13.692107215472712,127.57,4.97,3.55,2,10,43,6,1.55999994277954,1
2023101504,4675,Brock Purdy,Passer,18.215314984924092,273.21,5.64,3.33,3,2,35,7,3.64000010490417,1
2023101505,118,C.J. Stroud,Passer,11.352026250850548,124.07,4.04,4.36,3,6,13,4,3.27999997138977,1
2023101505,240,C.J. Stroud,Passer,40.97290080040709,214.21999999999997,4.71,3.5,3,5,48,6,3.72000002861023,0
2023101505,335,Derek Carr,Passer,9.58198309328502,88.94999999999999,6.29,2.07,2,13,32,7,5.88000011444092,1
2023101505,684,C.J. Stroud,Passer,16.080211441395914,0.06999999999999318,7.84,2.46,2,1,1,11,6.05000019073486,1
2023101505,1145,C.J. Stroud,Passer,21.784072162935928,308.87,7.33,2.41,3,4,36,5,4.34000015258789,1
2023101505,1290,Derek Carr,Passer,22.32268129056185,246.89,8.98,3.76,1,10,19,7,6.17999982833862,0
2023101505,1597,C.J. Stroud,Passer,13.01756505649194,174.85,6.69,0.92,3,6,6,6,3.47000002861023,1
2023101505,1688,Derek Carr,Passer,10.404561499650045,66.32000000000001,4.87,1.26,2,4,31,6,3.59999990463257,1
2023101505,2338,C.J. Stroud,Passer,22.61037372535005,131.01,1.41,3.06,3,9,30,6,2.8199999332428,0
2023101505,2726,Derek Carr,Passer,11.03264247585319,124.25000000000003,4.98,2.74,1,10,45,7,1.45000004768372,1
2023101505,3019,C.J. Stroud,Passer,28.38929375662593,1.3000000000000114,6.52,4.44,3,12,23,6,5.15000009536743,0
2023101505,3062,Derek Carr,Passer,27.752927773480042,32.27000000000004,6.67,6.74,1,10,31,8,6.15000009536743,1
2023101505,3419,C.J. Stroud,Passer,27.226319986366132,66.94999999999999,3.57,2.57,1,10,40,6,2.25999999046326,0
2023101505,3792,C.J. Stroud,Passer,11.904860351973898,191.77999999999997,5.87,2.1,2,12,48,6,1.14999997615814,0
2023101505,3865,Derek Carr,Passer,16.93227982287087,103.88000000000002,6.06,2.04,1,10,15,6,4.65999984741211,1
2023101505,4072,Derek Carr,Passer,8.714155151246738,80.5,6.43,2.39,1,10,35,6,2.29999995231628,1
2023101505,4198,Derek Carr,Passer,23.351901421511695,35.45,7.23,1.98,3,10,24,7,5.3899998664856,0
2023101505,4221,Derek Carr,Passer,22.330913550502135,0.8900000000000006,5.91,4.38,4,10,24,6,3.47000002861023,0
2023101506,64,Gardner Minshew,Passer,15.119169950761185,185.29999999999998,4.2,5.12,1,10,25,6,2.01999998092651,1
2023101506,93,Gardner Minshew,Passer,9.626988106360164,212.43,7.56,0.74,2,6,29,8,3.10999989509583,1
2023101506,212,Gardner Minshew,Passer,20.74295302024281,66.31,6.22,5.73,2,10,48,7,2.73000001907349,1
2023101506,309,Gardner Minshew,Passer,14.068052459384699,148.65,5.39,1.49,2,3,33,7,3.59999990463257,1
2023101506,409,Gardner Minshew,Passer,14.527904184706065,0.4200000000000159,4.09,3.19,3,5,10,6,3.11999988555908,0
2023101506,571,Trevor Lawrence,Passer,29.421055385556784,56.02000000000001,6.38,3.31,2,2,44,6,3.72000002861023,0
2023101506,645,Trevor Lawrence,Passer,14.00142849854971,259.08,6.42,3.7,1,10,48,6,1.74000000953674,1
2023101506,1038,Gardner Minshew,Passer,19.122188682261246,58.81,7.65,2.86,2,7,28,8,2.80999994277954,0
2023101506,1153,Trevor Lawrence,Passer,19.88402876682691,45.75,8.03,2.95,1,10,17,7,6.40000009536743,0
2023101506,1648,Gardner Minshew,Passer,18.81002392342976,61.53,7.43,2.47,1,10,30,6,1.51999998092651,0
2023101506,1671,Gardner Minshew,Passer,18.095593386236327,23.180000000000007,7.68,4.02,2,10,30,5,2.50999999046326,0
2023101506,1723,Trevor Lawrence,Passer,17.547629469532346,259.29,4.84,3.63,2,7,38,6,3.22000002861023,1
2023101506,2068,Gardner Minshew,Passer,8.723875285674366,278.74,3.9,1.16,2,7,42,4,3.64000010490417,1
2023101506,2316,Trevor Lawrence,Passer,30.356248121268216,16.680000000000007,7.64,2.92,3,10,25,6,2.75999999046326,0
2023101506,2408,Gardner Minshew,Passer,16.447011886661965,61.09000000000003,6.25,3.94,2,14,20,5,2.27999997138977,1
2023101506,2433,Gardner Minshew,Passer,9.67481265968494,181.99,7.63,0.47,3,2,32,8,3.95000004768372,1
2023101506,2558,Trevor Lawrence,Passer,28.973113398459617,17.180000000000007,7.66,1.36,2,11,40,6,3.35999989509583,0
2023101506,2581,Trevor Lawrence,Passer,20.43266502441618,67.0,7.06,3.23,3,11,40,6,2.63000011444092,1
2023101506,2784,Trevor Lawrence,Passer,5.666833330882426,6.25,3.9,4.31,2,14,27,6,2.8199999332428,1
2023101506,2954,Trevor Lawrence,Passer,17.7423786454917,120.83,4.12,4.06,2,9,23,6,2.35999989509583,1
2023101506,3133,Gardner Minshew,Passer,28.246077603801908,21.25999999999999,5.75,4.81,3,7,28,6,3.52999997138977,0
2023101506,3156,Gardner Minshew,Passer,28.8832425465009,55.94999999999999,6.05,5.73,4,7,28,4,5.55000019073486,1
2023101506,3181,Gardner Minshew,Passer,22.81865245802215,33.85000000000002,8.35,1.72,1,10,42,6,1.75999999046326,1
2023101506,3431,Trevor Lawrence,Passer,22.029182917212335,21.159999999999968,8.21,3.53,1,10,25,6,2.83999991416931,0
2023101506,3570,Gardner Minshew,Passer,18.141744679054444,210.33,6.5,3.73,2,5,35,6,2.08999991416931,1
2023101506,3675,Gardner Minshew,Passer,23.33608579003771,7.019999999999996,7.37,3.62,4,5,15,7,6.03999996185303,0
2023101506,3828,Gardner Minshew,Passer,17.877150220323156,20.30000000000001,7.53,3.2,1,10,27,5,2.70000004768372,1
2023101506,3853,Gardner Minshew,Passer,10.643401711858846,209.71999999999997,7.42,0.48,1,6,6,7,4.78999996185303,1
2023101506,3966,Trevor Lawrence,Passer,6.306227081226934,38.72999999999999,3.78,3.29,2,10,37,6,2.91000008583069,1
2023101506,4285,Gardner Minshew,Passer,20.757227656890983,61.64999999999999,3.64,4.9,1,10,25,7,3.36999988555908,1
2023101506,4310,Gardner Minshew,Passer,18.337120820892245,254.55999999999997,7.1,0.73,2,2,33,5,3.4300000667572,0
2023101506,4381,Gardner Minshew,Passer,22.35000000000001,87.97,3.38,5.45,2,10,47,6,3.77999997138977,0
2023101506,4404,Gardner Minshew,Passer,7.361066498816595,106.67,3.13,3.39,3,10,47,4,3.9300000667572,0
2023101506,4434,Gardner Minshew,Passer,28.06671516227006,109.39000000000001,6.66,5.32,4,10,47,5,3.25999999046326,0
2023101507,593,Bryce Young,Passer,12.597956183444998,72.70000000000002,6.04,1.76,1,10,26,6,3.96000003814697,1
2023101507,635,Bryce Young,Passer,20.76876741648382,9.069999999999993,5.12,5.06,1,10,47,6,5.76999998092651,1
2023101507,1471,Tua Tagovailoa,Passer,20.89336018930417,245.77,7.09,3.04,2,4,4,6,7.73999977111816,1
2023101507,1758,Tua Tagovailoa,Passer,15.029534257587626,113.43,6.56,2.11,3,8,47,5,4.38000011444092,1
2023101507,2242,Bryce Young,Passer,13.619875182981671,189.58999999999997,4.53,3.44,1,10,30,6,2.26999998092651,1
2023101507,2712,Bryce Young,Passer,21.565743669069246,311.94,8.32,2.3,3,2,33,7,2.38000011444092,1
2023101507,2992,Tua Tagovailoa,Passer,24.631183487603675,45.15,7.29,4.76,2,8,43,6,3.40000009536743,0
2023101507,3581,Bryce Young,Passer,16.101270136234593,180.89,4.04,5.76,2,5,13,6,1.19000005722046,1
2023101507,3637,Bryce Young,Passer,13.187133881173724,72.9,2.59,4.06,1,10,24,5,1.75,1
2023101507,3662,Bryce Young,Passer,23.383072937490486,52.47999999999999,6.63,0.99,1,10,40,6,4.21000003814697,0
2023101507,3731,Bryce Young,Passer,16.564932840189847,153.48,1.44,2.24,4,10,40,5,3.0699999332428,0
2023101507,3809,Mike White,Passer,16.917343172023198,264.44,7.5,2.0,3,10,39,6,0.839999973773956,0
2023101508,731,Jared Goff,Passer,11.677371279530336,201.25000000000003,5.6,0.75,2,6,29,7,5.73000001907349,1
2023101508,756,Jared Goff,Passer,17.763887524976056,14.349999999999994,6.45,3.57,3,6,29,6,2.46000003814697,1
2023101508,781,Jared Goff,Passer,12.103078120874866,172.86,3.26,5.14,1,10,41,5,2.72000002861023,1
2023101508,828,Jared Goff,Passer,20.31080992969015,40.00999999999999,6.69,1.1,3,1,50,6,2.76999998092651,0
2023101508,1014,Baker Mayfield,Passer,26.83523430119439,103.76,3.64,7.62,3,12,32,6,4.90999984741211,0
2023101508,1108,Jared Goff,Passer,18.56291194829087,97.52999999999997,4.19,6.56,3,7,8,6,2.48000001907349,1
2023101508,1199,Baker Mayfield,Passer,12.736989440209175,61.14999999999998,7.14,1.29,2,7,45,6,3.0699999332428,1
2023101508,1357,Baker Mayfield,Passer,12.055343213695746,266.2,7.53,0.53,2,3,15,8,7.63000011444092,0
2023101508,1380,Baker Mayfield,Passer,24.187488501289252,115.42999999999999,2.49,5.32,3,3,15,7,1.99000000953674,0
2023101508,1873,Jared Goff,Passer,16.332948294781325,91.47,5.69,4.92,2,10,20,6,3.14000010490417,0
2023101508,1896,Jared Goff,Passer,21.5264976250202,100.55000000000001,5.72,4.69,3,10,20,6,4.48999977111816,1
2023101508,2086,Jared Goff,Passer,19.18212188471338,268.18,6.02,2.41,1,10,42,7,3.55999994277954,1
2023101508,2222,Baker Mayfield,Passer,12.46268028956853,133.34,5.09,1.14,1,10,42,7,0.699999988079071,1
2023101508,2360,Baker Mayfield,Passer,24.00063540825534,57.27000000000001,5.12,3.37,3,11,18,6,3.90000009536743,0
2023101508,2466,Jared Goff,Passer,12.841312238241073,84.6,3.06,4.49,2,9,28,7,3.11999988555908,1
2023101508,2491,Jared Goff,Passer,18.273220843627975,90.76,5.3,5.74,3,4,33,7,2.47000002861023,1
2023101508,2540,Jared Goff,Passer,24.472509066297228,157.71,3.22,2.93,2,9,45,6,3.48000001907349,1
2023101508,2598,Jared Goff,Passer,15.972883271344598,25.950000000000017,7.64,2.04,3,11,43,6,4.42000007629395,1
2023101508,2623,Jared Goff,Passer,34.72245671031933,29.320000000000007,8.16,2.5,1,10,45,8,8.22999954223633,0
2023101508,2671,Jared Goff,Passer,28.96018301047147,24.840000000000003,9.44,3.45,3,10,45,7,4.5,1
2023101508,3625,Baker Mayfield,Passer,16.37335640606409,85.53999999999999,4.52,5.76,2,5,7,6,2.49000000953674,1
2023101508,3650,Baker Mayfield,Passer,21.241078127063137,30.370000000000005,6.91,3.94,1,10,18,6,2.98000001907349,0
2023101508,3673,Baker Mayfield,Passer,14.281670070408433,98.17000000000002,4.19,4.54,2,10,18,5,2.55999994277954,1
2023101508,3834,Baker Mayfield,Passer,27.247849456424998,102.31,8.8,1.49,1,10,29,6,3.28999996185303,0
2023101509,174,Jimmy Garoppolo,Passer,9.814377208972557,0.4300000000000068,7.78,0.15,3,7,49,6,3.41000008583069,1
2023101509,604,Mac Jones,Passer,13.999178547329125,98.47,7.35,2.06,2,15,20,5,2.39000010490417,0
2023101509,704,Jimmy Garoppolo,Passer,19.844931342788765,62.81999999999999,6.73,5.98,2,9,41,7,5.01000022888184,1
2023101509,729,Jimmy Garoppolo,Passer,10.372738307698691,75.03999999999999,5.96,4.13,1,10,46,6,3.42000007629395,1
2023101509,951,Jimmy Garoppolo,Passer,10.707011721297409,35.0,4.07,3.07,1,10,41,6,2.48000001907349,1
2023101509,1074,Jimmy Garoppolo,Passer,11.206640888330453,11.389999999999986,4.21,3.32,2,12,25,6,3.78999996185303,1
2023101509,1146,Jimmy Garoppolo,Passer,23.049227752790333,108.20999999999998,6.76,3.62,2,10,12,6,3.52999997138977,1
2023101509,1670,Mac Jones,Passer,12.324617641127858,260.77000000000004,4.16,2.6,2,10,43,6,4.78999996185303,1
2023101509,1695,Mac Jones,Passer,16.258908327437002,84.66,7.33,3.41,3,3,50,6,3.04999995231628,1
2023101509,2783,Mac Jones,Passer,17.560606481554107,35.62,6.88,4.18,2,14,21,7,2.90000009536743,1
2023101509,2808,Mac Jones,Passer,11.240698376880326,176.03,1.2,5.87,3,8,27,5,3.0699999332428,0
2023101509,2860,Brian Hoyer,Passer,26.512466878810056,37.63000000000001,6.54,4.44,1,10,35,8,6.67999982833862,1
2023101509,3118,Mac Jones,Passer,17.13855594850395,297.91,6.3,4.46,1,10,25,6,3.83999991416931,1
2023101509,3374,Mac Jones,Passer,12.61833586492292,265.48,7.42,3.64,2,15,42,6,4.03000020980835,1
2023101509,3424,Mac Jones,Passer,12.186816647508895,39.839999999999975,1.09,2.4,1,10,21,6,0.129999995231628,1
2023101509,3449,Mac Jones,Passer,14.212459322721033,231.47999999999996,2.24,2.9,2,6,17,6,2.86999988555908,1
2023101509,3862,Mac Jones,Passer,11.264146660977024,37.47000000000003,5.42,6.37,1,10,9,5,3.22000002861023,1
2023101510,280,Matthew Stafford,Passer,18.373769346544,69.39000000000001,6.68,4.39,2,5,30,5,3.44000005722046,1
2023101510,333,Matthew Stafford,Passer,16.42926656914423,26.24000000000001,3.28,4.66,2,10,45,6,2.16000008583069,0
2023101510,499,Joshua Dobbs,Passer,14.147243547772833,172.39,5.59,1.22,2,5,35,6,8.55000019073486,1
2023101510,708,Matthew Stafford,Passer,15.175803108896739,45.74000000000001,5.27,4.42,1,10,41,5,1.75999999046326,1
2023101510,827,Matthew Stafford,Passer,22.329758171552154,43.86,4.58,3.46,2,10,11,6,3.85999989509583,0
2023101510,966,Joshua Dobbs,Passer,14.961473857879112,124.27999999999999,4.98,2.44,1,10,41,7,3.36999988555908,1
2023101510,1126,Joshua Dobbs,Passer,15.704053616821366,34.459999999999994,5.94,2.95,2,10,17,6,1.62999999523163,0
2023101510,1149,Joshua Dobbs,Passer,13.063096876315353,148.32,3.21,2.27,3,10,17,6,2.95000004768372,1
2023101510,1218,Matthew Stafford,Passer,14.958054686355442,240.19,5.71,2.3,1,10,25,6,3.67000007629395,1
2023101510,1379,Joshua Dobbs,Passer,16.50528703173623,67.37,5.83,2.07,1,10,45,7,8.19999980926514,1
2023101510,2032,Matthew Stafford,Passer,16.35066359509607,254.3,4.95,3.34,2,10,26,5,4.78999996185303,1
2023101510,2985,Joshua Dobbs,Passer,11.929970662160066,120.10999999999999,6.82,4.05,1,10,12,6,3.17000007629395,0
2023101510,3056,Matthew Stafford,Passer,15.603836066813821,219.46000000000004,3.04,4.97,3,3,19,6,2.71000003814697,1
2023101510,3126,Matthew Stafford,Passer,28.234801221188018,56.309999999999974,7.32,3.5,3,9,26,6,4.94000005722046,1
2023101510,3721,Joshua Dobbs,Passer,20.408000882007038,147.21,5.42,4.05,3,10,25,5,2.13000011444092,0
2023101510,3744,Joshua Dobbs,Passer,31.987130224513727,61.250000000000014,4.72,7.44,4,10,25,6,5.5,1
2023101510,4112,Joshua Dobbs,Passer,25.983448577892815,40.64,6.6,4.41,1,10,38,6,4.51000022888184,0
2023101510,4135,Joshua Dobbs,Passer,30.58062458485765,86.89999999999999,6.79,5.54,2,10,38,5,5.61999988555908,1
2023101510,4160,Joshua Dobbs,Passer,10.060626223053905,152.93999999999997,2.22,3.55,1,10,43,5,3.38000011444092,1
2023101511,283,Jalen Hurts,Passer,21.287987222844723,36.120000000000005,6.7,3.95,3,8,11,6,3.73000001907349,1
2023101511,955,Zach Wilson,Passer,20.252352949719207,250.80999999999997,6.48,3.77,1,10,48,8,4.3600001335144,1
2023101511,1689,Jalen Hurts,Passer,20.150736959228073,53.889999999999986,6.35,4.65,2,9,48,4,0.0399999991059303,1
2023101511,1833,Zach Wilson,Passer,11.441127566809136,76.69999999999999,3.49,5.43,2,10,25,7,2.30999994277954,1
2023101511,2108,Jalen Hurts,Passer,11.963715977905858,86.91,3.67,5.72,1,10,47,5,3.6800000667572,1
2023101511,2149,Zach Wilson,Passer,16.007226493056194,98.41999999999999,6.48,5.09,1,10,49,6,2.60999989509583,1
2023101511,2514,Jalen Hurts,Passer,23.067292862405854,156.24,0.46,1.82,2,1,47,6,4.28999996185303,1
2023101511,2635,Jalen Hurts,Passer,18.47653647196898,65.79000000000002,7.88,1.04,3,23,43,4,4.30999994277954,1
2023101511,2716,Zach Wilson,Passer,28.418101625548456,89.00999999999999,7.13,2.04,1,10,7,8,6.07999992370605,1
2023101511,3660,Jalen Hurts,Passer,30.024458363141218,13.649999999999977,7.87,2.53,3,6,22,6,4.15999984741211,1
2023101511,3785,Jalen Hurts,Passer,11.522295778185873,199.43,3.23,3.53,1,10,19,6,2.96000003814697,0
2023101511,4085,Jalen Hurts,Passer,10.243558951848728,243.28000000000003,4.47,1.26,1,10,31,6,4.13000011444092,1
2023101511,4227,Jalen Hurts,Passer,21.57694371313972,206.06999999999996,3.18,4.43,3,9,46,7,5.5,0
2023101511,4388,Jalen Hurts,Passer,37.15851584764924,40.19,9.57,1.0,4,8,27,5,4.92999982833862,0
2023101512,59,Josh Allen,Passer,14.776955031399403,253.65999999999997,5.73,4.44,1,10,25,7,0.670000016689301,1
2023101512,96,Josh Allen,Passer,24.553592405185842,21.169999999999987,5.92,1.72,2,7,28,8,4.84999990463257,0
2023101512,359,Josh Allen,Passer,19.43863421128141,85.63000000000002,3.91,2.55,2,8,37,5,2.48000001907349,1
2023101512,520,Tyrod Taylor,Passer,20.550158150243032,75.14999999999999,7.09,2.83,3,7,47,4,0.0599999986588955,1
2023101512,1518,Josh Allen,Passer,16.600400597575963,75.35999999999999,6.49,4.15,2,7,34,8,4.42999982833862,0
2023101512,1541,Josh Allen,Passer,15.684785621741852,269.02,5.02,5.36,3,7,34,6,4.57000017166138,0
2023101512,1622,Tyrod Taylor,Passer,14.155299361016707,159.18999999999997,3.77,3.68,2,2,50,6,8.98999977111816,1
2023101512,1787,Tyrod Taylor,Passer,14.932467980879784,279.4,5.43,5.12,2,17,26,5,1.92999994754791,0
2023101512,2765,Josh Allen,Passer,20.64078486879799,207.54000000000002,2.02,6.56,1,10,33,6,5.84999990463257,1
2023101512,3738,Josh Allen,Passer,18.589120474083746,112.24000000000001,4.66,2.23,2,6,15,7,2.95000004768372,1
2023101512,3967,Tyrod Taylor,Passer,27.978863450826584,8.210000000000008,8.3,4.37,4,8,38,4,3.64000010490417,0
2023101512,4068,Josh Allen,Passer,20.186807573264275,77.93,8.91,2.86,3,9,36,7,0.230000004172325,0
2023101512,4307,Tyrod Taylor,Passer,17.582630633667993,79.78,6.44,5.82,2,10,32,5,2.71000003814697,1
2023101512,4337,Tyrod Taylor,Passer,25.428120260845077,196.78000000000003,1.41,0.75,3,4,26,5,1.74000000953674,1
2023101512,4490,Tyrod Taylor,Passer,10.2740936339903,152.35000000000002,4.15,0.45,1,1,1,8,4.23000001907349,0
2023101600,364,Dak Prescott,Passer,24.73683286114049,133.62999999999997,1.1,8.19,1,10,25,6,1.79999995231628,1
2023101600,740,Dak Prescott,Passer,14.64481136785313,34.81,5.33,5.41,1,10,22,5,1.62999999523163,1
2023101600,848,Dak Prescott,Passer,10.673766907704138,47.44,7.15,1.82,3,6,47,6,6.30000019073486,0
2023101600,1188,Justin Herbert,Passer,21.058024598712954,6.380000000000024,6.96,3.4,3,8,42,6,3.60999989509583,0
2023101600,1633,Dak Prescott,Passer,28.991248679558463,121.16000000000003,8.35,3.48,1,10,35,6,3.49000000953674,0
2023101600,1825,Justin Herbert,Passer,22.75844678355709,293.49,8.39,3.87,2,10,13,7,5.07999992370605,1
2023101600,1850,Justin Herbert,Passer,8.810340515553303,281.19,7.21,2.19,1,10,39,6,5.0,1
2023101600,1887,Justin Herbert,Passer,21.959920309509318,7.859999999999985,7.07,4.35,2,10,39,6,3.23000001907349,1
2023101600,1917,Justin Herbert,Passer,22.73433746560475,39.45000000000002,7.58,1.32,1,10,50,6,2.5,0
2023101600,2076,Dak Prescott,Passer,25.80566798205387,108.02,7.53,4.01,2,10,29,6,4.01000022888184,1
2023101600,2111,Dak Prescott,Passer,25.002691855078325,81.0,4.04,6.5,1,10,48,6,3.75,1
2023101600,2674,Justin Herbert,Passer,17.38266090102433,240.57,8.92,0.4,4,1,7,7,7.88000011444092,0
2023101600,3168,Dak Prescott,Passer,13.30661489635888,267.06,5.5,1.12,3,11,24,6,3.89000010490417,1
2023101600,3599,Justin Herbert,Passer,25.026134339925537,75.85,4.2,4.72,3,10,30,5,5.07999992370605,0
2023101600,3778,Justin Herbert,Passer,13.461340943605881,80.69,7.03,1.21,3,3,3,7,3.42000007629395,1
2023101600,4008,Dak Prescott,Passer,18.85849675875572,22.100000000000023,3.03,1.36,1,10,45,6,1.27999997138977,0
2023101600,4053,Dak Prescott,Passer,23.259408848893813,272.40000000000003,8.85,2.32,3,6,49,6,3.85999989509583,1
2023101600,4105,Dak Prescott,Passer,7.610657001862587,251.82999999999998,6.02,1.39,2,9,32,7,6.30000019073486,0
2023101600,4456,Justin Herbert,Passer,25.315143689104353,27.780000000000015,2.26,5.61,3,10,25,6,4.69000005722046,0
2023101900,227,Trevor Lawrence,Passer,15.25585133645448,86.86000000000001,5.22,3.52,3,7,23,6,2.53999996185303,1
2023101900,385,Derek Carr,Passer,7.63053078101387,281.93,4.78,1.81,3,4,31,6,3.08999991416931,1
2023101900,543,Derek Carr,Passer,18.668572521754307,43.06,7.47,4.83,2,7,32,7,2.76999998092651,0
2023101900,680,Derek Carr,Passer,11.44659337969162,215.87,1.21,5.4,2,9,42,8,6.25,1
2023101900,705,Derek Carr,Passer,19.123059378666373,126.26999999999998,5.73,5.26,3,6,45,6,3.48000001907349,0
2023101900,867,Derek Carr,Passer,18.519343940863564,23.620000000000005,6.58,0.2,3,5,5,8,3.13000011444092,0
2023101900,977,Trevor Lawrence,Passer,22.6066914872566,18.909999999999997,6.54,1.94,3,3,32,6,3.13000011444092,1
2023101900,1386,Trevor Lawrence,Passer,18.557610298742663,11.359999999999957,6.37,2.72,3,10,45,5,4.51000022888184,0
2023101900,1526,Derek Carr,Passer,7.138101988624147,63.57000000000002,5.45,4.0,2,6,49,6,5.63000011444092,1
2023101900,1553,Derek Carr,Passer,21.809007313493197,12.049999999999997,4.38,6.62,3,3,46,4,3.0699999332428,0
2023101900,1650,Trevor Lawrence,Passer,22.40051115488215,47.0,7.09,2.71,3,3,25,5,3.01999998092651,0
2023101900,1776,Derek Carr,Passer,11.726593708319564,46.5,5.7,3.99,4,3,39,5,3.38000011444092,1
2023101900,2017,Trevor Lawrence,Passer,23.537504115772347,99.01000000000002,4.82,0.91,1,15,41,6,1.0,1
2023101900,2631,Derek Carr,Passer,21.725802631893718,17.0,7.21,0.88,2,20,33,6,2.60999989509583,0
2023101900,3053,Derek Carr,Passer,13.244296885829764,294.82,5.4,4.04,1,10,47,7,2.95000004768372,1
2023101900,3932,Derek Carr,Passer,26.86525078982141,11.769999999999996,6.93,0.15,1,10,17,7,2.89000010490417,1
2023101900,4089,Trevor Lawrence,Passer,29.994416147009765,44.5,8.01,1.0,3,10,49,6,6.82000017166138,0
2023101900,4361,Derek Carr,Passer,8.285897658069397,96.1,4.3,2.94,1,10,43,6,2.95000004768372,1
2023101900,4411,Derek Carr,Passer,20.17061724390208,142.69,0.83,2.18,1,10,41,7,1.33000004291534,1
2023101900,4493,Derek Carr,Passer,11.734939284035521,129.21,5.48,3.88,2,10,18,6,2.34999990463257,1
2023101900,4586,Derek Carr,Passer,17.57860631563264,256.99,6.4,3.39,3,6,6,5,3.09999990463257,0
2023101900,4616,Derek Carr,Passer,15.805698339522996,3.8900000000000006,4.71,2.75,4,6,6,5,1.85000002384186,0
2023102200,421,Lamar Jackson,Passer,15.254546863148706,41.60000000000002,4.73,2.45,2,7,35,7,2.49000000953674,0
2023102200,478,Lamar Jackson,Passer,19.5048122267301,144.96,7.79,5.74,3,7,35,6,3.77999997138977,1
2023102200,754,Jared Goff,Passer,8.846835592459037,59.41999999999999,6.01,0.1,1,10,25,6,2.34999990463257,1
2023102200,1785,Jared Goff,Passer,10.884029584671293,36.93000000000001,2.62,4.4,1,10,25,6,3.08999991416931,1
2023102200,1874,Jared Goff,Passer,15.922000502449427,268.99,5.53,5.48,1,10,36,6,2.97000002861023,1
2023102200,1904,Jared Goff,Passer,15.611575833335985,31.140000000000015,8.37,0.99,2,3,43,5,4.23000001907349,0
2023102200,1927,Jared Goff,Passer,22.773690961282497,74.25,7.26,2.92,3,3,43,7,3.79999995231628,1
2023102200,2241,Jared Goff,Passer,25.865020780969804,11.449999999999989,5.98,5.17,2,7,28,6,4.51999998092651,1
2023102200,2343,Jared Goff,Passer,15.824316730904998,152.18,6.42,2.85,4,4,45,7,4.51000022888184,1
2023102200,2420,Jared Goff,Passer,11.016968730099943,0.4300000000000068,2.65,3.11,2,6,6,6,4.05000019073486,0
2023102200,2565,Lamar Jackson,Passer,15.160850899603227,295.08,6.7,0.17,2,7,8,6,2.64000010490417,1
2023102200,2786,Jared Goff,Passer,21.00852446032324,73.64999999999999,7.92,1.97,4,1,36,5,4.09999990463257,0
2023102200,2970,Jared Goff,Passer,12.7046448199074,81.05999999999999,7.1,1.88,1,10,23,6,3.42000007629395,1
2023102200,3116,Jared Goff,Passer,18.72244909193239,161.46,2.39,6.06,3,19,44,6,4.15000009536743,1
2023102200,3152,Jared Goff,Passer,21.588330180910244,181.17999999999998,2.48,6.83,1,10,30,6,2.27999997138977,1
2023102200,3405,Lamar Jackson,Passer,21.115397225721328,109.31,4.34,0.46,2,18,21,6,0.25,1
2023102200,3523,Jared Goff,Passer,13.873053016549738,171.97999999999996,3.45,3.15,2,10,25,6,4.01000022888184,1
2023102200,3553,Jared Goff,Passer,16.018742147871663,12.180000000000007,5.86,5.82,3,3,32,6,2.26999998092651,1
2023102200,3583,Jared Goff,Passer,9.740328536553589,148.62,6.57,1.5,1,10,37,6,2.72000002861023,1
2023102200,3608,Jared Goff,Passer,19.85912888321137,153.92999999999998,1.94,7.49,2,3,44,6,3.67000007629395,1
2023102200,3633,Jared Goff,Passer,14.908816183721628,223.51999999999998,1.34,1.89,1,10,48,6,4.73000001907349,1
2023102200,3761,Jared Goff,Passer,15.76518950092259,140.76000000000002,3.89,3.92,2,10,20,6,2.10999989509583,0
2023102200,3784,Jared Goff,Passer,16.287544320737858,101.28,5.19,1.72,3,10,20,5,2.96000003814697,0
2023102200,4003,Jared Goff,Passer,12.07282071431528,332.23999999999995,7.75,0.58,3,10,42,7,4.28000020980835,1
2023102200,4028,Jared Goff,Passer,17.084042261713122,29.810000000000002,6.98,2.29,4,5,47,6,2.75999999046326,1
2023102201,424,Tyson Bagent,Passer,24.637859079067727,101.75,3.23,3.29,1,10,44,6,1.37000000476837,1
2023102201,755,Brian Hoyer,Passer,14.968650573782526,249.04999999999998,6.99,2.66,2,7,28,6,2.50999999046326,0
2023102201,1162,Tyson Bagent,Passer,13.873211596454512,111.03,6.31,3.64,1,20,20,7,1.73000001907349,1
2023102201,1187,Tyson Bagent,Passer,21.523115480803423,80.67000000000002,5.45,2.58,2,9,31,6,4.05999994277954,1
2023102201,1303,Brian Hoyer,Passer,8.981876195984896,60.96000000000001,3.38,1.62,2,6,27,6,6.76000022888184,0
2023102201,1396,Tyson Bagent,Passer,15.101960137677503,85.19,6.91,0.97,1,10,19,8,9.31999969482422,1
2023102201,1976,Tyson Bagent,Passer,16.985655712983235,145.29,4.68,3.38,2,4,27,5,1.83000004291534,1
2023102201,2001,Tyson Bagent,Passer,20.81946204876581,225.91,6.84,2.92,1,10,35,5,2.50999999046326,1
2023102201,2089,Tyson Bagent,Passer,23.705231490116265,82.13999999999999,6.52,0.98,3,7,38,6,5.44999980926514,1
2023102201,2367,Brian Hoyer,Passer,19.05770447876658,89.06,6.3,3.95,3,7,45,5,4.69999980926514,0
2023102201,2668,Tyson Bagent,Passer,6.743723007360251,110.56,4.53,2.92,3,6,25,7,3.9300000667572,1
2023102201,2788,Tyson Bagent,Passer,15.563434710885641,62.44,6.82,1.7,3,5,5,6,2.92000007629395,1
2023102201,3005,Brian Hoyer,Passer,27.278218416898124,30.680000000000007,7.27,3.88,2,18,39,6,4.05999994277954,0
2023102201,3249,Brian Hoyer,Passer,13.845179666584324,112.17000000000002,5.28,4.04,2,10,10,5,3.13000011444092,1
2023102201,3284,Brian Hoyer,Passer,15.186931882378358,24.72999999999999,4.27,2.84,3,6,6,5,3.10999989509583,0
2023102201,3726,Brian Hoyer,Passer,31.135349684883902,4.920000000000016,6.67,3.66,1,10,25,5,3.57999992370605,0
2023102201,3799,Aidan O'Connell,Passer,18.613675080434817,86.42999999999998,5.81,4.88,1,10,21,5,3.25999999046326,0
2023102201,4037,Aidan O'Connell,Passer,20.05279531636425,61.419999999999995,7.01,4.04,1,10,40,5,3.09999990463257,1
2023102201,4062,Aidan O'Connell,Passer,15.002773077001464,59.99000000000001,6.4,0.48,1,10,48,4,2.58999991416931,1
2023102201,4199,Aidan O'Connell,Passer,11.312210217282916,33.67999999999999,1.78,5.47,3,4,14,5,3.28999996185303,1
2023102201,4224,Aidan O'Connell,Passer,17.339045533131287,53.59,5.92,3.26,1,9,9,6,1.16999995708466,1
2023102202,287,Gardner Minshew,Passer,24.636925538711196,212.89,5.73,1.49,3,7,41,7,3.72000002861023,1
2023102202,443,Deshaun Watson,Passer,30.45861782812871,293.19,8.16,1.35,3,8,27,6,4.67000007629395,0
2023102202,634,Deshaun Watson,Passer,16.31584812383346,70.60000000000002,5.07,2.8,3,11,2,4,1.13999998569489,1
2023102202,1295,Gardner Minshew,Passer,16.907235137656315,263.25,9.73,1.37,1,10,25,7,1.88999998569489,1
2023102202,1375,Gardner Minshew,Passer,18.640893218942054,70.88,5.78,3.71,1,10,43,7,0.46000000834465,1
2023102202,1400,Gardner Minshew,Passer,15.587036280191308,152.34,5.5,2.23,1,10,33,8,7.15000009536743,0
2023102202,2867,Gardner Minshew,Passer,13.38740079328322,253.12,6.13,2.37,3,2,41,7,1.17999994754791,0
2023102202,2931,P.J. Walker,Passer,22.004440460961504,97.18999999999998,3.06,4.99,2,10,42,5,3.55999994277954,0
2023102202,3527,Gardner Minshew,Passer,25.44076453253715,63.53,8.3,1.73,3,8,48,6,3.4300000667572,1
2023102202,3858,P.J. Walker,Passer,31.261733797088095,30.870000000000005,7.92,0.5,3,16,47,5,5.84999990463257,0
2023102202,4094,P.J. Walker,Passer,16.9989176126011,127.41999999999999,5.68,4.09,3,7,40,6,1.60000002384186,0
2023102202,4265,P.J. Walker,Passer,8.614133734740829,266.86,5.75,1.13,2,6,29,6,3.17000007629395,1
2023102202,4513,P.J. Walker,Passer,22.00319295011521,240.74,5.88,3.34,2,10,20,6,2.13000011444092,0
2023102202,4536,P.J. Walker,Passer,25.960017334354767,49.96999999999997,7.1,3.93,3,10,20,6,3.97000002861023,1
2023102202,4617,P.J. Walker,Passer,21.34840743474791,86.71000000000004,6.0,2.96,2,9,36,5,4.6100001335144,1
2023102202,4664,P.J. Walker,Passer,20.215464377550173,277.46,6.63,4.22,2,13,22,6,1.91999995708466,1
2023102202,4782,P.J. Walker,Passer,20.3645402599715,110.07000000000001,7.2,1.08,1,1,1,9,7.23999977111816,0
2023102203,150,Mac Jones,Passer,11.670689782527855,268.51,5.35,1.61,1,10,45,6,7.5,1
2023102203,567,Josh Allen,Passer,16.145603116638288,105.10000000000001,4.1,3.74,2,6,29,6,2.00999999046326,1
2023102203,1106,Josh Allen,Passer,13.710466804598594,136.74,4.73,0.9,1,10,13,6,6.32999992370605,1
2023102203,1415,Josh Allen,Passer,11.735949045560822,175.54000000000002,3.64,3.45,1,10,25,6,1.64999997615814,1
2023102203,1819,Mac Jones,Passer,12.813555322391984,142.04,3.31,2.92,2,6,47,5,2.79999995231628,1
2023102203,1983,Josh Allen,Passer,19.455428548351232,104.53000000000003,6.42,1.26,2,12,17,6,6.48999977111816,1
2023102203,2152,Josh Allen,Passer,7.840695122245221,191.79000000000002,4.27,2.5,1,10,20,7,2.16000008583069,1
2023102203,2322,Mac Jones,Passer,19.030189174046587,174.9,6.26,3.54,2,5,30,6,3.22000002861023,1
2023102203,2438,Mac Jones,Passer,9.449708990228217,137.98999999999998,5.65,2.21,2,9,25,6,4.40999984741211,1
2023102203,2628,Josh Allen,Passer,20.266003552748142,159.68,4.34,4.26,1,10,37,6,2.01999998092651,1
2023102203,2729,Josh Allen,Passer,14.84104106860431,210.93,5.35,3.43,3,8,50,5,3.64000010490417,1
2023102203,3393,Josh Allen,Passer,22.260444739492513,130.52,7.51,3.65,1,10,25,7,2.38000011444092,1
2023102203,3651,Josh Allen,Passer,13.76350246121967,249.71,6.04,1.6,4,2,8,6,3.5699999332428,1
2023102203,3694,Josh Allen,Passer,16.40802547535809,78.47999999999999,5.85,1.64,1,4,4,8,3.03999996185303,1
2023102203,3892,Mac Jones,Passer,7.261583849271451,105.78,4.73,0.68,2,5,36,5,4.11999988555908,1
2023102204,350,Tyrod Taylor,Passer,25.856080522770657,101.94999999999999,8.27,3.17,3,6,15,6,3.25,1
2023102204,777,Sam Howell,Passer,9.895544451923794,138.41,2.53,3.15,2,4,38,6,2.03999996185303,0
2023102204,869,Tyrod Taylor,Passer,16.898476262669366,244.66,5.29,4.15,2,7,15,6,1.98000001907349,1
2023102204,1733,Tyrod Taylor,Passer,25.246403704290238,59.129999999999995,9.41,2.65,1,10,28,7,7.05999994277954,1
2023102204,1799,Tyrod Taylor,Passer,27.157326819847345,142.88,3.36,7.23,2,23,42,6,3.25,0
2023102204,2246,Sam Howell,Passer,24.75537315412555,81.74000000000004,7.45,1.95,3,11,10,6,4.73000001907349,0
2023102204,2630,Sam Howell,Passer,12.729124086126271,259.62,7.06,3.51,4,1,12,7,2.64000010490417,1
2023102204,2660,Sam Howell,Passer,18.536043267105306,6.5400000000000205,4.67,2.58,1,4,4,6,3.30999994277954,0
2023102204,2832,Tyrod Taylor,Passer,13.668741712388895,132.26999999999998,2.3,4.36,2,14,32,6,2.55999994277954,0
2023102204,3063,Tyrod Taylor,Passer,14.210770563203113,57.22,7.16,1.29,1,10,20,6,7.09000015258789,0
2023102204,3251,Sam Howell,Passer,7.282945832559794,137.70000000000002,5.81,2.13,3,14,13,5,5.53999996185303,1
2023102204,3345,Tyrod Taylor,Passer,13.503869815723194,96.68,5.8,3.34,3,2,29,7,1.70000004768372,0
2023102204,4074,Sam Howell,Passer,16.16240390536012,19.78,6.49,4.99,1,10,13,7,2.48000001907349,1
2023102204,4177,Sam Howell,Passer,15.195700049685112,123.37999999999998,1.44,5.21,1,10,37,6,2.54999995231628,1
2023102204,4202,Sam Howell,Passer,22.43118588037645,95.44,6.75,0.86,2,7,40,8,4.86999988555908,1
2023102204,4347,Sam Howell,Passer,11.451043620561412,72.22999999999999,6.8,2.05,3,3,20,7,3.29999995231628,1
2023102204,4482,Sam Howell,Passer,16.905339393221304,232.12,8.46,1.03,4,5,7,6,8.22000026702881,0
2023102205,256,Baker Mayfield,Passer,22.266216562317005,68.97000000000001,7.83,2.3,2,5,41,6,2.48000001907349,0
2023102205,279,Baker Mayfield,Passer,13.585006440925968,146.28000000000003,2.6,5.27,3,5,41,6,3.01999998092651,0
2023102205,325,Desmond Ridder,Passer,17.02781547938548,135.59,5.89,4.33,1,10,42,7,1.73000001907349,1
2023102205,784,Baker Mayfield,Passer,27.36250171311096,19.319999999999993,8.07,3.2,2,10,40,6,3.05999994277954,1
2023102205,968,Baker Mayfield,Passer,8.516067167419475,179.66000000000003,3.18,2.96,1,10,34,6,2.00999999046326,1
2023102205,1057,Baker Mayfield,Passer,14.837466090946933,59.870000000000005,3.99,5.79,2,19,25,4,2.26999998092651,1
2023102205,1567,Baker Mayfield,Passer,11.908471774329401,172.25,6.27,1.99,1,10,42,7,3.53999996185303,0
2023102205,2067,Desmond Ridder,Passer,16.354234925547566,113.09,4.75,3.54,3,7,35,5,1.99000000953674,1
2023102205,2406,Baker Mayfield,Passer,28.645278843118287,11.309999999999995,5.71,7.12,1,10,10,7,8.28999996185303,0
2023102205,2846,Baker Mayfield,Passer,13.174312126255394,127.74000000000001,4.18,2.74,2,9,4,7,2.11999988555908,1
2023102205,3147,Baker Mayfield,Passer,15.830938064435726,155.28,5.54,1.73,2,6,29,6,7.6399998664856,1
2023102205,3293,Baker Mayfield,Passer,15.493305005711328,272.42,3.67,3.73,1,20,40,4,2.47000002861023,1
2023102205,3318,Baker Mayfield,Passer,12.314974624415592,311.42,6.53,2.22,2,17,43,4,3.58999991416931,1
2023102205,3415,Desmond Ridder,Passer,15.388651662832583,154.52999999999997,8.2,2.68,2,8,9,6,2.04999995231628,1
2023102205,3821,Baker Mayfield,Passer,21.763614130010666,285.54999999999995,3.5,4.11,2,8,26,6,3.46000003814697,0
2023102205,3982,Baker Mayfield,Passer,9.190266590257323,287.19,5.14,1.84,2,10,33,6,3.5699999332428,1
2023102206,105,Kenny Pickett,Passer,13.555847446766288,101.09,7.53,1.75,3,7,28,6,3.9300000667572,0
2023102206,853,Kenny Pickett,Passer,17.928873361145698,224.20000000000002,2.57,5.24,2,21,39,6,3.17000007629395,1
2023102206,1606,Kenny Pickett,Passer,24.76593830243466,7.0800000000000125,8.28,1.43,2,9,26,6,2.73000001907349,1
2023102206,1786,Matthew Stafford,Passer,13.755380765358696,318.97999999999996,8.5,0.53,3,3,19,5,4.23000001907349,1
2023102206,1889,Matthew Stafford,Passer,27.279833210633825,256.98,4.77,2.62,1,10,31,7,4.03000020980835,0
2023102206,2048,Matthew Stafford,Passer,13.025098847993442,128.23000000000002,1.76,6.06,1,10,26,6,2.67000007629395,0
2023102206,2387,Matthew Stafford,Passer,11.969164548956623,37.28999999999999,8.08,1.06,3,7,28,5,3.35999989509583,1
2023102206,2525,Kenny Pickett,Passer,21.101279582053785,106.45999999999998,3.05,3.38,1,10,25,7,1.55999994277954,1
2023102206,2699,Matthew Stafford,Passer,11.0234341291632,183.78000000000003,5.41,3.55,2,9,45,6,3.34999990463257,1
2023102206,2971,Kenny Pickett,Passer,11.183604070244979,67.11999999999998,4.13,1.56,1,10,41,6,2.83999991416931,1
2023102206,3041,Kenny Pickett,Passer,20.256475507846865,184.95000000000005,1.35,5.48,3,8,43,6,3.30999994277954,1
2023102206,3239,Kenny Pickett,Passer,16.442484605436004,48.34999999999998,4.62,2.08,1,10,20,6,1.48000001907349,1
2023102206,3348,Kenny Pickett,Passer,24.14365341036853,16.560000000000002,8.26,3.05,1,10,34,5,2.14000010490417,1
2023102206,3476,Kenny Pickett,Passer,7.508162225205307,214.60999999999999,6.94,0.57,1,5,14,7,6.86999988555908,1
2023102207,574,Geno Smith,Passer,17.314932861550453,285.22,5.88,4.12,1,10,39,7,1.71000003814697,1
2023102207,897,Joshua Dobbs,Passer,8.299427691112205,241.49999999999997,5.8,1.65,3,6,26,6,3.46000003814697,0
2023102207,1276,Joshua Dobbs,Passer,16.608025168574382,125.16000000000003,4.79,3.54,2,6,24,8,2.66000008583069,1
2023102207,1372,Joshua Dobbs,Passer,19.543001304814975,28.870000000000033,6.1,5.37,3,7,46,6,3.86999988555908,1
2023102207,1788,Geno Smith,Passer,13.578074237534578,89.59,3.99,3.66,3,5,26,5,2.84999990463257,1
2023102207,2114,Joshua Dobbs,Passer,7.538832800904925,100.43,5.83,1.77,1,15,48,7,1.46000003814697,1
2023102207,2757,Joshua Dobbs,Passer,8.815537419806004,271.95000000000005,4.97,1.78,2,7,13,7,2.82999992370605,1
2023102207,3624,Joshua Dobbs,Passer,15.718870824585329,126.78,6.27,1.18,2,9,49,5,3.58999991416931,0
2023102207,3748,Geno Smith,Passer,22.693596012972474,27.53000000000003,3.21,3.2,3,5,50,7,2.86999988555908,1
2023102207,3887,Geno Smith,Passer,18.06623369714894,228.29999999999998,5.86,3.74,3,6,30,4,2.3199999332428,0
2023102207,3953,Joshua Dobbs,Passer,13.408597987858387,184.26,2.83,3.77,1,10,25,6,3.00999999046326,1
2023102207,3978,Joshua Dobbs,Passer,25.576631912744105,69.84,3.72,5.03,2,2,33,4,4.73999977111816,1
2023102208,186,Russell Wilson,Passer,21.149167832328533,160.01,3.61,4.28,3,2,31,6,1.92999994754791,1
2023102208,798,Russell Wilson,Passer,18.319074758294974,78.16,5.73,4.88,1,10,36,6,1.10000002384186,1
2023102208,1124,Jordan Love,Passer,13.192971613704017,137.54,1.99,4.07,1,5,30,6,2.66000008583069,0
2023102208,1350,Russell Wilson,Passer,10.400480758118825,68.47,5.08,1.9,2,7,13,7,2.66000008583069,1
2023102208,1726,Jordan Love,Passer,9.502762756167284,276.56,7.85,0.52,3,1,34,8,7.03000020980835,1
2023102208,2326,Jordan Love,Passer,12.621014222319852,18.630000000000024,7.71,2.33,2,2,31,7,2.46000003814697,1
2023102208,2851,Jordan Love,Passer,18.66603867991278,275.08,8.44,0.99,1,10,43,7,8.35999965667725,1
2023102208,2876,Jordan Love,Passer,9.770511757323668,95.01000000000002,6.68,0.83,2,7,40,8,3.29999995231628,0
2023102208,2899,Jordan Love,Passer,18.860339339471068,62.170000000000016,7.05,3.03,3,7,40,5,4.21999979019165,1
2023102208,2973,Jordan Love,Passer,20.487366839103558,312.55,8.65,0.67,2,9,16,8,8.05000019073486,1
2023102208,3059,Russell Wilson,Passer,12.233335603996155,89.52000000000001,6.25,1.1,2,8,27,6,0.879999995231628,1
2023102208,3592,Russell Wilson,Passer,9.980721416811502,206.86999999999998,2.6,3.01,1,10,40,6,3.8199999332428,1
2023102208,3801,Jordan Love,Passer,7.904049594986106,98.44999999999999,3.0,2.8,2,8,27,7,9.03999996185303,1
2023102208,3926,Jordan Love,Passer,33.18025467051149,57.99000000000001,9.67,0.58,3,20,46,4,7.40999984741211,0
2023102209,277,Patrick Mahomes,Passer,18.9036530861101,157.31,1.26,3.29,3,6,21,7,4.51999998092651,1
2023102209,510,Patrick Mahomes,Passer,13.809174486550607,142.7,1.31,5.36,3,7,17,6,4.1399998664856,0
2023102209,820,Patrick Mahomes,Passer,15.428681084266408,48.780000000000015,7.05,3.36,1,10,25,6,1.71000003814697,1
2023102209,1084,Justin Herbert,Passer,14.900097315118451,89.4,5.52,3.29,3,8,27,5,1.14999997615814,1
2023102209,1445,Justin Herbert,Passer,17.397528560114512,89.56000000000002,6.38,1.11,3,7,7,7,3.58999991416931,1
2023102209,1509,Patrick Mahomes,Passer,18.916091033826202,298.94,3.86,6.19,1,10,25,5,4.26999998092651,1
2023102209,1731,Justin Herbert,Passer,16.710454811285057,74.67000000000002,6.74,1.1,3,16,38,4,3.45000004768372,1
2023102209,2577,Justin Herbert,Passer,12.890655530266878,225.76,5.8,2.51,2,8,8,7,3.79999995231628,0
2023102209,2974,Patrick Mahomes,Passer,8.017312517296553,55.39000000000001,6.35,1.18,1,10,3,6,2.3199999332428,0
2023102209,3148,Justin Herbert,Passer,18.2969123078185,144.03,3.82,5.21,3,7,47,5,4.23999977111816,0
2023102209,3300,Patrick Mahomes,Passer,13.619111571611414,207.76999999999998,6.49,0.4,2,10,19,5,5.46999979019165,1
2023102209,3427,Justin Herbert,Passer,17.46402588179484,85.88,3.39,4.9,1,10,22,6,2.54999995231628,1
2023102209,3909,Justin Herbert,Passer,12.323676399516508,92.46999999999997,4.48,3.04,3,5,43,5,1.29999995231628,1
2023102210,244,Jalen Hurts,Passer,15.380263326744442,80.42000000000002,8.41,0.34,3,8,48,4,3.99000000953674,1
2023102210,274,Jalen Hurts,Passer,20.74792760735394,285.84,7.5,3.2,1,10,30,6,3.22000002861023,1
2023102210,462,Tua Tagovailoa,Passer,27.612477252140927,105.84,8.22,4.77,2,7,28,7,4.59000015258789,1
2023102210,932,Jalen Hurts,Passer,13.988012725187234,59.23000000000002,6.43,4.82,2,3,46,6,1.02999997138977,1
2023102210,1011,Jalen Hurts,Passer,17.30346208132928,167.73000000000002,3.34,4.81,2,6,42,6,1.91999995708466,1
2023102210,1448,Jalen Hurts,Passer,18.250273970546306,200.87,3.16,4.4,2,7,33,6,2.76999998092651,1
2023102210,1583,Jalen Hurts,Passer,11.700688013958834,133.43000000000004,8.36,0.86,2,9,39,6,3.40000009536743,1
2023102210,1994,Tua Tagovailoa,Passer,23.424555492047237,35.309999999999995,7.32,2.16,3,8,27,6,3.29999995231628,1
2023102210,2506,Jalen Hurts,Passer,16.75137307804945,73.79000000000002,4.51,5.07,3,5,23,5,2.50999999046326,0
2023102210,2606,Tua Tagovailoa,Passer,13.06809856099961,252.11,4.32,5.91,1,10,28,6,0.930000007152557,1
2023102210,2653,Tua Tagovailoa,Passer,15.019520631498207,69.62,6.14,2.71,3,3,21,6,2.53999996185303,0
2023102210,2879,Jalen Hurts,Passer,8.553320992456669,79.25,5.34,2.04,1,10,27,6,5.23000001907349,1
2023102210,2927,Jalen Hurts,Passer,13.232176691686064,290.25,8.46,0.38,3,7,24,4,4.34999990463257,1
2023102210,2952,Jalen Hurts,Passer,16.78018176302033,144.82,3.2,3.75,1,10,14,7,2.74000000953674,1
2023102210,3016,Tua Tagovailoa,Passer,19.326525812985633,56.67,7.41,4.72,1,10,31,6,1.6599999666214,1
2023102210,3237,Tua Tagovailoa,Passer,20.760002408477703,17.920000000000016,8.18,0.41,3,8,24,5,4.32999992370605,0
2023102300,131,Brock Purdy,Passer,14.162249115165288,97.91999999999999,6.31,0.54,1,10,48,7,5.65999984741211,1
2023102300,161,Brock Purdy,Passer,21.477190225911766,44.00999999999999,7.29,2.75,1,10,38,7,2.17000007629395,1
2023102300,378,Kirk Cousins,Passer,20.786526886423328,95.42999999999999,5.04,5.44,2,6,29,6,3.19000005722046,1
2023102300,774,Brock Purdy,Passer,11.498869509651804,165.36,4.25,0.79,1,10,27,7,5.63000011444092,1
2023102300,1428,Brock Purdy,Passer,20.008810559351097,86.19999999999999,4.55,4.65,2,7,44,8,2.67000007629395,1
2023102300,1497,Brock Purdy,Passer,9.237153241123599,103.93,3.18,4.78,2,11,36,7,2.3199999332428,1
2023102300,1790,Kirk Cousins,Passer,24.749935353450926,69.14000000000001,7.89,3.36,3,6,40,7,4.1100001335144,1
2023102300,1937,Brock Purdy,Passer,20.207627272888818,185.57000000000002,6.47,3.13,2,9,26,7,2.9300000667572,1
2023102300,2191,Kirk Cousins,Passer,17.385629122927934,141.69,6.29,2.75,1,10,39,8,7.40000009536743,1
2023102300,2922,Kirk Cousins,Passer,15.279361897670992,195.26999999999998,1.23,6.3,3,12,43,6,3.4300000667572,1
2023102300,3115,Brock Purdy,Passer,20.464178458956027,194.96999999999997,0.8,5.56,3,6,37,6,3.07999992370605,0
2023102300,3221,Kirk Cousins,Passer,18.05981450624563,123.93,3.51,3.95,2,11,27,7,3.17000007629395,1
2023102300,3391,Brock Purdy,Passer,15.95636550095291,141.5,4.85,4.48,1,10,20,6,1.17999994754791,1
2023102300,3539,Brock Purdy,Passer,21.806194074161592,11.599999999999966,5.29,4.65,1,10,49,8,6.09999990463257,0
2023102300,3622,Kirk Cousins,Passer,17.37108229213137,20.78,7.46,3.09,1,10,32,8,8.46000003814697,1
2023102300,3669,Kirk Cousins,Passer,10.52047527443509,212.44,3.25,3.37,1,10,44,8,4.59000015258789,1
2023102300,3921,Brock Purdy,Passer,18.468289038240652,146.95000000000002,4.93,4.94,3,1,49,6,1.0,1
2023102300,3969,Brock Purdy,Passer,25.760017468938173,86.63999999999999,5.43,5.26,2,10,40,4,3.17000007629395,0
2023102600,138,Baker Mayfield,Passer,21.60678134290251,11.909999999999968,7.61,4.11,1,10,48,6,3.01999998092651,0
2023102600,337,Josh Allen,Passer,15.492181899267774,53.70000000000002,5.02,2.83,1,10,46,6,0.189999997615814,1
2023102600,367,Josh Allen,Passer,21.303633492904446,93.57,4.7,3.12,1,10,38,6,2.54999995231628,1
2023102600,451,Josh Allen,Passer,15.989759222702505,162.14,1.12,1.72,2,10,24,6,2.97000002861023,1
2023102600,800,Josh Allen,Passer,21.913568855848204,145.04000000000002,7.3,2.02,1,10,40,7,6.88000011444092,1
2023102600,934,Josh Allen,Passer,31.823301211533664,94.33999999999999,8.02,1.54,3,5,38,6,5.36999988555908,1
2023102600,1116,Baker Mayfield,Passer,19.366383245200947,239.92000000000002,7.14,6.02,3,8,3,6,2.84999990463257,0
2023102600,1644,Baker Mayfield,Passer,11.326981062931107,154.96,5.32,1.46,1,3,3,8,0.0199999995529652,1
2023102600,1859,Josh Allen,Passer,16.082179578651647,10.069999999999993,5.42,1.93,1,10,20,6,1.44000005722046,0
2023102600,2080,Baker Mayfield,Passer,6.612140349387628,70.72,4.5,2.55,1,10,48,6,2.14000010490417,1
2023102600,2163,Baker Mayfield,Passer,10.700700911622564,217.76999999999998,3.85,2.77,3,15,47,3,4.13000011444092,1
2023102600,2478,Josh Allen,Passer,9.192306565819047,263.93,4.64,4.08,2,7,17,6,0.0599999986588955,1
2023102600,3070,Josh Allen,Passer,9.504867174242886,122.0,5.14,4.28,1,10,17,6,0.419999986886978,1
2023102600,3868,Baker Mayfield,Passer,8.242845382512035,251.85999999999996,4.14,1.85,3,4,30,6,3.08999991416931,1
2023102600,4052,Baker Mayfield,Passer,22.571169663976207,94.70000000000002,7.18,4.01,1,10,41,6,3.5,0
2023102600,4260,Baker Mayfield,Passer,20.714113546082533,110.71000000000001,9.22,1.45,4,10,24,5,3.16000008583069,1
2023102600,4422,Josh Allen,Passer,11.161451518507802,237.91,3.21,3.07,3,5,28,6,0.870000004768372,1
2023102600,4577,Baker Mayfield,Passer,23.45123664116672,68.52,5.51,2.5,1,10,20,4,5.09000015258789,1
2023102600,4607,Baker Mayfield,Passer,17.72551832810539,209.66000000000003,3.29,1.94,2,3,27,3,4.86999988555908,1
2023102600,4644,Baker Mayfield,Passer,21.925567267461968,330.73,5.89,4.49,1,10,32,4,2.80999994277954,1
2023102900,751,C.J. Stroud,Passer,20.510936107355022,235.2,6.16,5.76,3,4,42,7,2.35999989509583,1
2023102900,825,C.J. Stroud,Passer,18.731177218744147,15.159999999999997,6.06,4.28,3,4,28,6,3.41000008583069,1
2023102900,1251,Bryce Young,Passer,23.204010429233996,270.74,8.89,0.59,2,8,36,7,3.82999992370605,1
2023102900,1346,Bryce Young,Passer,10.860078268594568,62.42,3.2,1.92,4,2,2,6,0.529999971389771,0
2023102900,1423,C.J. Stroud,Passer,17.553543801751264,134.07,6.79,4.42,1,10,17,7,0.170000001788139,0
2023102900,1544,Bryce Young,Passer,30.159051709229846,65.46999999999998,9.32,1.81,2,10,40,5,3.65000009536743,0
2023102900,3139,C.J. Stroud,Passer,25.174622142149424,96.47000000000003,6.86,6.12,2,9,33,6,4.13000011444092,0
2023102900,3162,C.J. Stroud,Passer,20.689905751356143,196.20999999999998,0.55,6.65,3,9,33,6,4.21000003814697,1
2023102900,3735,Bryce Young,Passer,9.04591067831205,259.44,6.52,0.55,1,10,44,6,2.35999989509583,1
2023102901,198,Dak Prescott,Passer,22.15924412068245,259.55,5.75,5.18,2,5,45,6,3.83999991416931,1
2023102901,223,Dak Prescott,Passer,9.3480800167735,64.69,5.45,1.94,1,10,41,6,5.15999984741211,1
2023102901,248,Dak Prescott,Passer,15.56234236867959,124.48999999999998,5.08,2.72,2,6,37,6,1.49000000953674,0
2023102901,296,Dak Prescott,Passer,19.44248183746098,92.27999999999997,7.51,1.76,1,10,18,5,2.80999994277954,1
2023102901,469,Matthew Stafford,Passer,11.168818200687125,21.079999999999984,8.71,2.69,2,11,39,5,3.54999995231628,0
2023102901,497,Matthew Stafford,Passer,22.065432241404203,57.370000000000005,8.75,0.81,3,11,39,5,5.26000022888184,1
2023102901,544,Matthew Stafford,Passer,13.058943295688206,47.71000000000001,5.94,3.21,2,10,17,6,2.52999997138977,0
2023102901,1801,Dak Prescott,Passer,29.81409733666274,130.5,4.88,3.35,3,8,22,5,3.86999988555908,1
2023102901,2459,Matthew Stafford,Passer,15.238717137607088,275.0,7.15,0.53,1,10,24,7,6.28000020980835,1
2023102901,2801,Dak Prescott,Passer,27.45941186551526,249.80999999999997,6.64,6.08,2,9,45,6,8.17000007629395,0
2023102901,2824,Dak Prescott,Passer,13.10502575350388,334.71,4.3,5.2,3,9,45,5,1.5900000333786,1
2023102901,3258,Brett Rypien,Passer,17.516075473689874,37.589999999999975,3.97,4.1,4,2,46,6,2.92000007629395,0
2023102901,3281,Dak Prescott,Passer,24.38275825250294,120.30999999999999,6.37,3.54,1,10,46,6,2.82999992370605,1
2023102901,3316,Dak Prescott,Passer,10.428365164300677,236.38000000000002,5.47,2.38,1,10,30,8,7.17999982833862,1
2023102902,477,Kirk Cousins,Passer,16.71698537416361,100.94,4.86,4.32,3,10,33,6,3.25,1
2023102902,552,Jordan Love,Passer,16.733774230579304,76.14000000000001,7.23,1.08,2,6,36,7,3.88000011444092,0
2023102902,1248,Kirk Cousins,Passer,25.598144464003635,212.07,5.82,4.69,3,8,27,5,4.40000009536743,1
2023102902,1298,Kirk Cousins,Passer,23.65438648538575,91.25999999999999,6.9,4.2,1,10,32,8,6.59999990463257,1
2023102902,1625,Kirk Cousins,Passer,13.465485509256622,180.11,6.0,0.34,3,8,27,6,4.15000009536743,1
2023102902,2181,Jordan Love,Passer,10.297077255221499,158.24,5.17,0.92,3,6,24,5,2.35999989509583,1
2023102902,2419,Kirk Cousins,Passer,23.29909225699577,117.89999999999998,3.53,4.02,2,9,41,6,1.11000001430511,1
2023102902,2521,Kirk Cousins,Passer,12.436337885406616,173.16,3.36,3.96,3,3,14,6,3.92000007629395,1
2023102902,2593,Kirk Cousins,Passer,12.426882151207515,114.72999999999999,5.65,2.55,2,2,2,9,0.370000004768372,0
2023102902,3546,Kirk Cousins,Passer,17.328003347183433,180.01,1.12,3.23,3,8,23,6,3.39000010490417,1
2023102902,3838,Jordan Love,Passer,17.93967669719831,125.45999999999998,5.56,5.46,2,5,10,8,1.24000000953674,0
2023102902,3884,Jordan Love,Passer,19.538835686908268,23.30000000000001,4.99,4.07,4,5,10,7,3.88000011444092,0
2023102902,4049,Jordan Love,Passer,26.338551592674943,43.00000000000003,8.53,3.76,3,16,21,3,4.32999992370605,0
2023102902,4116,Jaren Hall,Passer,14.440751365493417,79.89999999999999,4.21,2.07,2,8,8,8,8.77999973297119,0
2023102902,4146,Jaren Hall,Passer,13.031120443001056,74.33999999999999,4.62,4.68,3,8,8,6,2.63000011444092,1
2023102902,4298,Jordan Love,Passer,40.265053085771534,84.47999999999996,5.99,0.79,1,10,20,4,3.80999994277954,0
2023102902,4400,Jordan Love,Passer,28.457577198349124,84.77000000000001,6.59,2.03,1,10,34,5,3.86999988555908,0
2023102902,4423,Jordan Love,Passer,33.115605082800464,88.65,9.17,1.91,2,10,34,5,5.30000019073486,0
2023102902,4483,Jordan Love,Passer,23.76078491969489,165.52,6.63,3.0,4,20,44,3,4.42999982833862,0
2023102903,388,Gardner Minshew,Passer,18.425289685646735,183.24,1.84,2.27,2,9,18,6,3.55999994277954,1
2023102903,603,Derek Carr,Passer,24.71827866175151,76.38,6.92,4.71,3,6,29,6,3.3199999332428,1
2023102903,885,Gardner Minshew,Passer,10.470439341307506,216.46,1.58,5.21,2,7,29,5,1.87999999523163,1
2023102903,1170,Gardner Minshew,Passer,21.950683360661003,73.77999999999999,6.78,2.11,2,9,29,4,2.61999988555908,0
2023102903,2140,Gardner Minshew,Passer,14.576436464376334,137.1,4.01,4.6,2,10,33,5,2.80999994277954,1
2023102903,2594,Derek Carr,Passer,22.40743180286398,150.58,2.73,3.3,1,10,42,6,2.00999999046326,1
2023102903,2920,Derek Carr,Passer,16.595906121691577,142.14999999999998,6.07,2.11,1,10,29,6,3.86999988555908,1
2023102903,3767,Gardner Minshew,Passer,9.326355129416854,159.64999999999998,3.33,1.38,2,10,48,5,2.40000009536743,1
2023102903,3968,Derek Carr,Passer,32.6785265885719,81.87,8.43,4.02,2,5,44,6,1.99000000953674,0
2023102903,4119,Gardner Minshew,Passer,25.791599407559037,215.76,3.98,5.69,3,18,8,5,4.05999994277954,1
2023102903,4190,Gardner Minshew,Passer,24.586781001180288,213.79,7.5,2.04,3,10,27,7,4.19999980926514,0
2023102903,4325,Derek Carr,Passer,25.691652340789602,45.120000000000005,9.01,1.67,3,13,30,6,4.15999984741211,1
2023102903,4593,Gardner Minshew,Passer,19.408248246557438,165.75,3.1,3.77,2,10,25,4,2.04999995231628,1
2023102904,446,Mac Jones,Passer,7.510825520540335,78.59,6.64,2.01,3,3,38,6,3.79999995231628,1
2023102904,566,Tua Tagovailoa,Passer,22.276633497905376,48.099999999999994,6.91,4.04,3,15,30,4,3.65000009536743,0
2023102904,707,Tua Tagovailoa,Passer,15.73923123916794,88.26999999999998,7.15,3.72,1,10,25,7,4.53999996185303,1
2023102904,764,Tua Tagovailoa,Passer,9.124954794408572,118.25000000000001,6.58,1.69,1,10,38,6,1.86000001430511,1
2023102904,1747,Mac Jones,Passer,26.23323083419196,95.53999999999999,6.33,1.87,1,10,23,6,3.86999988555908,0
2023102904,1871,Tua Tagovailoa,Passer,19.89081446296255,123.35,3.64,6.53,1,20,39,5,3.3199999332428,1
2023102904,2172,Mac Jones,Passer,12.418764028678536,89.14999999999998,5.34,2.32,2,7,16,6,7.67999982833862,1
2023102904,2272,Tua Tagovailoa,Passer,22.43252103531834,106.26000000000002,6.93,3.34,1,10,23,6,2.52999997138977,1
2023102904,2413,Tua Tagovailoa,Passer,18.237987827608624,176.05,5.94,3.97,2,8,29,5,2.29999995231628,1
2023102904,2562,Mac Jones,Passer,22.24259202521145,293.54,7.59,2.77,1,10,23,6,7.57000017166138,1
2023102904,2813,Tua Tagovailoa,Passer,8.681589716175257,99.76999999999998,6.91,0.4,1,20,10,6,1.87000000476837,1
2023102904,2843,Tua Tagovailoa,Passer,18.840010615708263,320.5,6.05,3.55,2,13,17,6,2.17000007629395,0
2023102904,3034,Mac Jones,Passer,13.195893300568928,138.07999999999998,3.26,1.93,2,15,10,6,2.08999991416931,1
2023102904,3489,Mac Jones,Passer,19.737266781396055,33.96,7.01,2.73,1,3,3,8,3.58999991416931,0
2023102904,3709,Tua Tagovailoa,Passer,27.869302108233708,30.329999999999984,8.15,4.06,2,9,41,6,6.71999979019165,0
2023102904,3954,Mac Jones,Passer,13.025839704218692,121.39,2.9,3.59,2,10,25,6,2.25,1
2023102905,618,Tyrod Taylor,Passer,22.745472076877192,199.42,5.95,1.73,1,10,16,7,3.21000003814697,0
2023102905,795,Zach Wilson,Passer,23.15701189704751,20.819999999999993,7.05,1.07,1,10,49,6,1.38999998569489,0
2023102905,979,Zach Wilson,Passer,8.580780850249003,193.62,2.49,3.76,1,10,50,6,6.46999979019165,1
2023102905,1054,Tyrod Taylor,Passer,16.522327317905308,128.38,7.22,1.13,1,10,25,6,7.17999982833862,1
2023102905,1642,Zach Wilson,Passer,21.004309081709874,266.19,7.91,2.37,2,6,35,7,7.78000020980835,0
2023102905,2353,Tommy DeVito,Passer,15.165658574555872,61.910000000000004,5.29,2.97,1,10,48,5,1.79999995231628,0
2023102905,4067,Zach Wilson,Passer,26.60923148082259,54.92,8.0,4.29,2,11,24,6,3.35999989509583,0
2023102905,4148,Zach Wilson,Passer,25.938351913720346,50.33,5.2,2.79,2,20,31,6,3.46000003814697,1
2023102905,4603,Tommy DeVito,Passer,12.608953168284831,273.15,6.17,1.75,2,20,15,6,1.87000000476837,1
2023102905,4697,Zach Wilson,Passer,9.364555515346149,86.91999999999999,5.24,3.14,2,10,39,7,4.26000022888184,0
2023102905,4720,Zach Wilson,Passer,25.70627355335658,67.69,5.1,4.84,3,10,39,5,4.98999977111816,1
2023102905,4778,Zach Wilson,Passer,23.584944350156942,247.99,7.39,3.6,2,5,45,8,5.71000003814697,0
2023102906,311,Trevor Lawrence,Passer,13.233234676374483,151.68,2.15,4.38,3,21,44,5,2.94000005722046,1
2023102906,428,Kenny Pickett,Passer,19.70844742743578,18.730000000000018,3.78,3.38,3,6,29,6,2.5699999332428,0
2023102906,536,Trevor Lawrence,Passer,26.665335175092025,81.8,7.3,3.0,3,7,35,5,3.5,1
2023102906,815,Trevor Lawrence,Passer,21.890714926653263,25.930000000000007,8.16,1.8,3,4,26,6,3.01999998092651,1
2023102906,1041,Kenny Pickett,Passer,12.192575609771708,37.910000000000025,6.66,2.53,2,10,29,6,2.65000009536743,1
2023102906,1572,Kenny Pickett,Passer,14.840606456610859,169.38,5.13,0.66,3,5,5,4,3.27999997138977,0
2023102906,2315,Trevor Lawrence,Passer,14.490997205161555,142.22000000000003,2.91,3.85,1,10,36,5,2.3199999332428,1
2023102906,2340,Trevor Lawrence,Passer,21.955666694500536,1.8300000000000125,7.42,3.58,2,5,41,6,3.24000000953674,1
2023102906,2804,Mitchell Trubisky,Passer,28.490723051547846,73.31,5.68,5.33,1,10,24,8,7.65999984741211,0
2023102906,3036,Mitchell Trubisky,Passer,9.791736311809055,204.22000000000003,6.59,0.16,1,10,25,6,2.5,1
2023102906,3220,Mitchell Trubisky,Passer,18.963451690027316,37.55,4.91,3.56,2,3,22,6,2.8199999332428,1
2023102906,3655,Mitchell Trubisky,Passer,27.59011779605155,62.04999999999998,8.67,0.22,2,3,27,7,3.75999999046326,0
2023102906,4320,Mitchell Trubisky,Passer,20.165574626079966,163.0,5.16,3.36,2,3,9,5,2.85999989509583,1
2023102906,4436,Mitchell Trubisky,Passer,12.192805255559529,276.54,3.29,2.0,1,10,41,3,3.75,1
2023102906,4461,Mitchell Trubisky,Passer,19.426685255081473,77.27,5.96,1.91,1,10,49,3,3.92000007629395,0
2023102906,4484,Mitchell Trubisky,Passer,10.409995196924923,270.49,3.93,3.05,2,10,49,4,2.02999997138977,1
2023102907,475,Will Levis,Passer,33.52997614076097,75.71000000000001,8.9,3.54,1,10,36,6,7.1100001335144,0
2023102907,889,Desmond Ridder,Passer,8.176264428209256,253.59,6.31,0.76,2,9,37,6,2.35999989509583,1
2023102907,914,Desmond Ridder,Passer,17.017273577162705,65.70000000000002,4.3,2.6,3,6,40,6,2.04999995231628,1
2023102907,1270,Will Levis,Passer,25.732401753431418,61.380000000000024,8.44,3.41,2,3,39,7,6.32999992370605,0
2023102907,1387,Desmond Ridder,Passer,14.967381200463896,94.73,5.32,5.07,3,3,14,6,1.44000005722046,1
2023102907,1437,Desmond Ridder,Passer,17.479831234883246,259.96,5.73,4.96,1,10,35,6,1.38999998569489,1
2023102907,2779,Taylor Heinicke,Passer,15.64809573079102,114.26000000000002,4.54,3.87,2,6,24,6,2.74000000953674,1
2023102907,2924,Taylor Heinicke,Passer,25.953373576473634,46.079999999999984,6.21,3.29,1,10,24,5,3.23000001907349,0
2023102907,3529,Taylor Heinicke,Passer,28.505090773403968,75.80999999999999,9.28,0.89,3,10,20,6,5.01999998092651,0
2023102907,4020,Taylor Heinicke,Passer,22.997915122897542,182.27,0.95,3.63,1,10,37,6,4.94999980926514,1
2023102908,236,Sam Howell,Passer,13.403894956317737,121.82,1.03,0.52,1,10,48,7,0.639999985694885,1
2023102908,382,Jalen Hurts,Passer,15.02689921440881,308.04,6.4,2.73,3,3,15,5,2.33999991416931,0
2023102908,696,Jalen Hurts,Passer,11.346021329082719,334.22,5.83,3.1,2,1,44,7,0.730000019073486,1
2023102908,794,Jalen Hurts,Passer,16.734569011480396,123.44,6.89,1.98,2,10,35,6,5.53999996185303,0
2023102908,958,Sam Howell,Passer,11.136426715962351,116.66999999999999,6.61,1.63,1,10,42,7,7.34999990463257,1
2023102908,1258,Jalen Hurts,Passer,13.825548813699946,47.890000000000015,3.18,3.15,2,10,25,6,3.25,1
2023102908,1410,Jalen Hurts,Passer,22.818468397331145,169.53999999999996,3.42,2.06,2,13,25,6,4.28999996185303,1
2023102908,1435,Jalen Hurts,Passer,32.43335474476855,130.84,3.01,6.79,3,11,23,5,6.03000020980835,1
2023102908,1602,Sam Howell,Passer,21.742182503143514,290.77,8.69,1.24,3,7,33,6,4.05999994277954,1
2023102908,2052,Sam Howell,Passer,24.320875806598735,94.93,3.81,7.04,1,10,35,4,4.92000007629395,1
2023102908,2574,Sam Howell,Passer,23.3458176125832,42.16,7.72,4.37,2,10,1,6,4.96999979019165,1
2023102908,3007,Sam Howell,Passer,11.121375814169758,219.48,6.51,3.73,1,10,38,6,2.44000005722046,1
2023102908,3531,Jalen Hurts,Passer,28.778014177493205,19.64999999999999,8.95,1.12,2,10,38,7,4.76000022888184,1
2023102908,3664,Sam Howell,Passer,16.08659068914231,44.589999999999975,5.75,5.18,2,15,20,5,2.44000005722046,0
2023102908,3979,Jalen Hurts,Passer,12.303385712884078,70.04000000000002,7.86,1.06,2,9,41,8,0.769999980926514,0
2023102908,4348,Sam Howell,Passer,16.077950740066353,155.69,6.38,2.55,1,10,28,5,4.53999996185303,1
2023102908,4378,Sam Howell,Passer,29.328989072247275,121.35999999999999,6.67,4.23,2,1,37,4,6.01999998092651,1
2023102908,4403,Sam Howell,Passer,12.363789872041659,141.65999999999997,7.51,2.0,1,10,45,4,4.05999994277954,1
2023102908,4433,Sam Howell,Passer,27.912079822184516,98.20999999999998,8.44,1.74,1,10,26,4,6.03000020980835,1
2023102909,553,Geno Smith,Passer,18.005079838756608,170.92,4.65,1.01,1,10,41,7,7.34999990463257,1
2023102909,690,Geno Smith,Passer,22.384253393848102,221.67000000000002,4.57,4.45,3,12,12,6,3.27999997138977,1
2023102909,1133,P.J. Walker,Passer,21.07178207935911,20.909999999999997,7.76,4.31,3,10,25,5,4.67999982833862,1
2023102909,1280,P.J. Walker,Passer,17.443752463274635,73.31,6.01,3.42,1,10,28,6,3.75,1
2023102909,2071,Geno Smith,Passer,14.447923726266003,189.26000000000002,6.27,2.03,1,10,25,6,2.24000000953674,1
2023102909,2225,Geno Smith,Passer,22.204666176279257,61.79000000000002,6.41,4.4,1,10,27,6,3.23000001907349,0
2023102909,2637,P.J. Walker,Passer,23.379529507669737,89.24999999999997,5.45,4.9,3,11,15,6,1.82000005245209,1
2023102909,3040,Geno Smith,Passer,12.082549399857635,71.56,2.66,1.55,2,7,28,8,0.930000007152557,1
2023102909,3065,Geno Smith,Passer,19.960423342203946,48.03,4.91,3.76,3,2,33,7,3.0,0
2023102909,3149,P.J. Walker,Passer,26.891428002246368,0.3300000000000125,7.83,2.23,1,18,12,6,4.40000009536743,0
2023102909,3385,P.J. Walker,Passer,11.819585441122706,240.37,6.08,1.72,3,4,40,7,3.25,0
2023102909,3435,Geno Smith,Passer,20.106083656445875,188.66,0.95,4.22,1,10,11,8,2.71000003814697,1
2023102910,239,Joshua Dobbs,Passer,15.047727403166233,138.17,5.18,0.93,1,10,37,7,4.30999994277954,1
2023102910,568,Lamar Jackson,Passer,23.71128001605987,9.240000000000009,6.54,4.86,1,10,36,5,2.10999989509583,0
2023102910,1021,Lamar Jackson,Passer,12.148139775290703,247.88000000000002,4.5,3.21,3,3,48,7,2.45000004768372,1
2023102910,1823,Joshua Dobbs,Passer,20.538670843070637,84.81000000000002,5.09,6.25,2,3,31,6,2.4300000667572,0
2023102910,1932,Lamar Jackson,Passer,15.725495222726693,115.02,6.07,3.57,2,9,18,5,2.00999999046326,1
2023102910,2524,Lamar Jackson,Passer,25.4361357128004,95.32999999999998,6.97,1.93,3,8,47,6,3.6800000667572,0
2023102910,2621,Joshua Dobbs,Passer,15.194742511803224,215.14000000000004,1.44,2.53,3,5,13,6,3.35999989509583,1
2023102910,2690,Joshua Dobbs,Passer,21.859370988205487,137.80999999999997,8.02,1.47,3,4,27,6,5.69000005722046,0
2023102910,3268,Lamar Jackson,Passer,20.889578741563938,150.61999999999998,4.45,4.61,3,8,35,6,1.25,1
2023102910,3366,Joshua Dobbs,Passer,12.193850909372314,223.94,5.61,3.52,2,2,33,6,2.50999999046326,1
2023102910,3549,Joshua Dobbs,Passer,20.40729771429819,50.91,7.32,6.12,3,15,17,5,3.14000010490417,1
2023102910,3925,Joshua Dobbs,Passer,17.158091385699052,67.61,5.39,5.3,1,10,25,5,2.25999999046326,1
2023102910,4256,Joshua Dobbs,Passer,15.01191859823387,9.899999999999999,6.52,2.65,2,1,1,7,3.33999991416931,1
2023102910,4368,Joshua Dobbs,Passer,14.453681192000886,279.83,8.9,0.4,1,10,50,6,6.17999982833862,1
2023102910,4421,Joshua Dobbs,Passer,19.084218611198096,38.239999999999995,6.96,3.67,3,6,46,5,3.90000009536743,1
2023102911,1144,Russell Wilson,Passer,17.932654572037016,264.17999999999995,9.17,1.3,2,10,11,7,3.22000002861023,1
2023102911,1344,Russell Wilson,Passer,30.061345611931614,216.99,8.14,1.07,1,10,48,7,7.90999984741211,0
2023102911,1449,Patrick Mahomes,Passer,12.83860584331492,250.81,6.06,0.96,1,10,40,6,3.30999994277954,1
2023102911,1883,Patrick Mahomes,Passer,14.111924036076728,248.96,2.21,7.22,2,6,49,6,4.03000020980835,1
2023102911,1942,Patrick Mahomes,Passer,14.444992211835906,276.97999999999996,5.18,2.13,1,10,38,6,3.76999998092651,1
2023102911,2088,Russell Wilson,Passer,6.843230231403881,229.99999999999997,5.21,2.42,1,10,43,6,3.78999996185303,0
2023102911,2185,Patrick Mahomes,Passer,10.686369823284233,2.1200000000000045,4.06,2.13,1,10,47,4,3.03999996185303,1
2023102911,2291,Russell Wilson,Passer,8.880833294235401,46.879999999999995,6.82,1.66,2,9,26,6,5.21999979019165,1
2023102911,2881,Patrick Mahomes,Passer,25.429842704979514,17.570000000000007,7.92,3.35,3,5,42,6,3.82999992370605,0
2023102911,3453,Patrick Mahomes,Passer,13.734121741123454,113.35999999999999,4.97,3.93,1,10,25,5,2.94000005722046,0
2023102911,3613,Patrick Mahomes,Passer,26.41772889557313,260.92,6.98,1.47,3,3,49,6,2.88000011444092,1
2023102912,412,Joe Burrow,Passer,7.678053138654355,51.400000000000034,4.66,0.9,1,10,11,6,1.47000002861023,1
2023102912,501,Brock Purdy,Passer,10.651741641628378,113.63,5.14,3.25,1,10,25,7,1.50999999046326,1
2023102912,1355,Brock Purdy,Passer,26.187953337364874,275.78000000000003,7.01,4.63,1,10,40,7,7.78000020980835,1
2023102912,1501,Brock Purdy,Passer,10.946949346735828,211.1,3.0,4.03,2,19,33,6,3.1800000667572,1
2023102912,1894,Brock Purdy,Passer,29.260698898009935,106.76999999999998,8.67,3.6,1,10,39,5,5.30000019073486,0
2023102912,2341,Brock Purdy,Passer,16.046831462939966,65.44,5.53,2.95,3,7,48,5,2.15000009536743,0
2023102912,2837,Joe Burrow,Passer,22.08484774681501,131.64,4.86,4.79,3,7,45,6,1.87999999523163,0
2023102912,2988,Joe Burrow,Passer,19.60047448405268,69.02999999999999,7.43,2.88,1,10,17,7,1.12000000476837,1
2023102912,3124,Brock Purdy,Passer,7.215351689280292,159.31,2.08,1.72,1,10,38,6,7.1399998664856,1
2023102912,3172,Brock Purdy,Passer,15.359713538995447,119.06,7.36,1.93,3,5,33,5,2.65000009536743,1
2023102912,3219,Brock Purdy,Passer,14.01965762777394,198.1,2.35,4.94,2,6,14,5,1.72000002861023,0
2023102912,3267,Brock Purdy,Passer,14.452781739167031,139.84,4.71,2.8,1,4,4,5,2.46000003814697,1
2023102913,294,Justin Herbert,Passer,19.72243646206016,90.52,6.1,4.17,2,5,24,6,1.62000000476837,1
2023102913,324,Justin Herbert,Passer,6.03831930258743,137.39,1.89,1.21,1,10,32,6,3.80999994277954,1
2023102913,588,Tyson Bagent,Passer,22.592250883876098,119.83999999999999,7.2,2.28,3,16,19,5,5.96999979019165,1
2023102913,879,Justin Herbert,Passer,9.490885100979778,275.27,8.14,1.6,3,3,9,7,2.76999998092651,1
2023102913,1152,Justin Herbert,Passer,19.566688529232536,178.31999999999996,0.99,0.35,1,10,43,6,2.83999991416931,1
2023102913,1342,Justin Herbert,Passer,10.523925123260812,246.39999999999998,4.43,1.96,3,3,25,6,2.23000001907349,0
2023102913,1453,Tyson Bagent,Passer,15.723841769745711,194.38,7.78,1.41,3,6,29,6,5.1399998664856,1
2023102913,1975,Justin Herbert,Passer,13.832009976861642,128.54999999999998,2.6,3.77,1,10,24,6,2.14000010490417,1
2023102913,2037,Justin Herbert,Passer,11.155433653605765,79.75999999999999,6.99,1.35,3,3,17,5,3.45000004768372,1
2023102913,2733,Justin Herbert,Passer,34.56130784562413,68.66,8.03,1.74,2,11,31,6,3.4300000667572,0
2023102913,2756,Justin Herbert,Passer,27.518628236160318,79.55,4.67,5.85,3,11,31,5,4.30999994277954,0
2023102913,3227,Tyson Bagent,Passer,23.79623709749086,115.05,4.57,2.79,4,2,26,6,1.99000000953674,0
2023102913,3451,Justin Herbert,Passer,15.110886803890757,330.49,5.01,4.95,1,10,44,6,1.70000004768372,1
2023102913,3623,Tyson Bagent,Passer,8.818628011204462,134.07999999999998,4.01,2.2,1,10,45,6,3.74000000953674,1
2023102913,3648,Tyson Bagent,Passer,19.440743298546998,77.55000000000001,6.4,2.77,2,2,47,6,3.36999988555908,1
2023102913,3743,Tyson Bagent,Passer,19.056602530356773,61.17999999999999,5.86,5.53,4,3,31,5,3.53999996185303,0
2023103000,654,Jared Goff,Passer,10.292351529169613,84.44,5.57,1.89,1,10,11,7,5.46000003814697,1
2023103000,957,Jared Goff,Passer,19.115742203744013,249.80000000000004,9.61,4.04,2,11,22,6,1.95000004768372,0
2023103000,1287,Jared Goff,Passer,21.671128258584048,105.0,8.51,3.85,1,10,22,8,6.6399998664856,1
2023103000,2038,Jared Goff,Passer,14.324943280865023,103.68,3.71,5.77,3,6,26,5,4.26000022888184,1
2023103000,2249,Jimmy Garoppolo,Passer,23.26809188567038,99.82000000000001,5.36,3.51,2,9,37,6,6.69000005722046,0
2023103000,2454,Jared Goff,Passer,16.251135344953596,252.28999999999996,7.03,0.34,1,10,25,6,7.76000022888184,1
2023103000,3085,Jimmy Garoppolo,Passer,17.459246833698177,79.44,7.11,1.36,2,5,49,8,5.78999996185303,0
2023103000,3993,Jimmy Garoppolo,Passer,12.990107774764606,19.180000000000007,3.4,1.68,4,18,32,4,3.66000008583069,1
2023110200,108,Kenny Pickett,Passer,13.16006838888005,54.25999999999999,7.78,1.46,3,6,26,5,3.86999988555908,1
2023110200,285,Kenny Pickett,Passer,10.762834199224667,144.37999999999997,6.53,1.7,2,15,42,6,3.08999991416931,1
2023110200,1122,Will Levis,Passer,13.694498895541965,186.87,3.64,2.3,1,15,29,4,2.55999994277954,1
2023110200,1281,Kenny Pickett,Passer,21.981303419042284,45.44,9.09,1.44,3,8,19,5,3.30999994277954,0
2023110200,1491,Will Levis,Passer,11.093407952473395,4.099999999999994,6.86,1.21,3,3,29,6,3.28999996185303,1
2023110200,1846,Kenny Pickett,Passer,18.431378136211084,91.47,4.37,4.95,2,8,8,5,2.05999994277954,1
2023110200,3346,Will Levis,Passer,9.603520187931093,222.79000000000002,5.0,2.59,3,8,41,4,3.89000010490417,0
2023110200,4038,Will Levis,Passer,29.838096454030044,18.72,7.2,3.9,1,10,15,4,2.90000009536743,0
2023110200,4061,Will Levis,Passer,20.148322510819604,18.47999999999999,4.1,3.74,2,10,15,3,3.01999998092651,1
2023110200,4106,Will Levis,Passer,14.587998491911083,87.54999999999998,6.28,2.91,2,18,19,3,3.35999989509583,1
2023110200,4282,Will Levis,Passer,17.581746215891066,75.76999999999998,7.04,1.9,2,10,36,4,3.5699999332428,1
2023110200,4312,Will Levis,Passer,19.328427251072444,71.09,7.38,1.28,1,10,24,3,3.02999997138977,0
2023110200,4335,Will Levis,Passer,19.496689462572867,37.650000000000006,6.11,3.16,2,10,24,4,3.19000005722046,1
2023110200,4365,Will Levis,Passer,21.145675680857302,80.97,7.62,3.22,3,5,19,4,3.24000000953674,0
2023110500,1907,Tua Tagovailoa,Passer,14.152459150267845,129.15,6.25,1.08,2,1,34,6,2.1800000667572,1
2023110500,2075,Tua Tagovailoa,Passer,12.89010861086903,132.3,4.79,3.99,1,10,25,6,2.44000005722046,1
2023110500,2313,Tua Tagovailoa,Passer,21.94188004706981,98.03999999999999,6.85,1.51,2,17,18,6,2.08999991416931,0
2023110500,3092,Tua Tagovailoa,Passer,21.789183096206248,84.10999999999999,7.37,3.58,2,20,37,6,2.38000011444092,0
2023110500,3404,Patrick Mahomes,Passer,25.914061819791968,47.879999999999995,8.61,3.29,3,9,45,5,5.46999979019165,0
2023110500,3564,Tua Tagovailoa,Passer,20.070406074616425,59.4,6.49,4.6,3,5,29,5,3.53999996185303,1
2023110500,3952,Tua Tagovailoa,Passer,19.022526120365825,125.69,6.45,4.05,2,10,31,5,1.9099999666214,0
2023110501,776,Taylor Heinicke,Passer,18.255829206037177,237.68,4.61,3.38,1,10,43,6,3.71000003814697,1
2023110501,2124,Taylor Heinicke,Passer,12.935849411615767,222.0,5.76,2.08,2,10,38,4,1.28999996185303,0
2023110501,2264,Joshua Dobbs,Passer,10.214817668465743,326.09999999999997,7.66,1.34,1,10,25,7,4.82000017166138,1
2023110501,3256,Joshua Dobbs,Passer,13.281615112628431,99.31,5.86,0.59,1,10,13,7,8.02000045776367,1
2023110501,3448,Taylor Heinicke,Passer,20.673703103217857,5.180000000000007,7.43,3.4,3,9,26,6,3.80999994277954,1
2023110501,3638,Joshua Dobbs,Passer,12.033885490563721,40.16,6.11,0.34,1,10,30,6,3.41000008583069,1
2023110501,4213,Joshua Dobbs,Passer,14.986971008179074,1.3899999999999864,5.46,4.65,3,1,34,6,2.5,1
2023110501,4238,Joshua Dobbs,Passer,27.276557700707027,95.07999999999998,7.3,1.84,1,10,39,6,3.10999989509583,1
2023110501,4413,Joshua Dobbs,Passer,11.713078160756892,262.88,7.59,1.02,1,10,12,6,3.04999995231628,0
2023110501,4525,Taylor Heinicke,Passer,12.13014839150783,214.32,3.84,0.87,1,10,25,2,4.57000017166138,1
2023110501,4550,Taylor Heinicke,Passer,30.73126095688233,101.95000000000002,6.43,4.62,2,1,34,3,5.3899998664856,0
2023110501,4580,Taylor Heinicke,Passer,12.431077990262956,40.16999999999999,5.62,1.56,3,1,34,3,4.65000009536743,1
2023110502,99,Geno Smith,Passer,20.692356076580552,32.23000000000002,6.96,3.54,3,4,31,5,2.25999999046326,0
2023110502,142,Lamar Jackson,Passer,14.409385830076179,55.16,6.67,1.57,1,10,20,8,6.32999992370605,1
2023110502,506,Lamar Jackson,Passer,31.56496792331651,143.24,2.02,6.97,3,12,2,7,3.38000011444092,1
2023110502,1716,Geno Smith,Passer,26.998846271646503,153.34000000000003,8.69,2.85,1,10,25,7,2.70000004768372,1
2023110502,2482,Geno Smith,Passer,12.034122319471411,93.23000000000002,6.05,1.31,3,15,20,4,4.6100001335144,1
2023110502,2605,Lamar Jackson,Passer,18.870871733971377,199.92000000000002,3.54,4.26,3,8,41,6,5.17999982833862,1
2023110502,2704,Lamar Jackson,Passer,16.064697320522413,244.79,1.86,1.64,3,18,46,4,6.15000009536743,1
2023110502,2773,Lamar Jackson,Passer,16.024262853560533,83.32999999999998,6.08,2.1,2,6,31,6,2.01999998092651,1
2023110502,3507,Tyler Huntley,Passer,25.64802721458319,139.78,7.23,2.78,2,10,18,5,4.34000015258789,0
2023110503,354,Deshaun Watson,Passer,12.665926732774032,125.03,4.2,3.71,1,20,26,6,3.3199999332428,0
2023110503,1088,Clayton Tune,Passer,19.49732545761085,171.19,0.4,6.34,1,10,40,8,3.19000005722046,0
2023110503,2024,Deshaun Watson,Passer,13.903474385922387,91.57000000000001,6.58,2.69,2,10,38,3,1.04999995231628,1
2023110503,2404,Deshaun Watson,Passer,7.141463435459155,221.86,5.86,2.47,2,8,36,6,2.96000003814697,1
2023110503,3313,Clayton Tune,Passer,22.660684014389332,177.5,2.43,7.42,1,10,38,8,2.90000009536743,1
2023110503,3410,Clayton Tune,Passer,15.457380114366085,281.23,7.03,1.37,4,12,50,4,5.07999992370605,1
2023110504,257,Jordan Love,Passer,11.166310939607586,112.18,6.94,2.01,2,9,9,6,3.51999998092651,1
2023110504,1141,Jordan Love,Passer,27.258063027295243,11.210000000000036,9.5,1.69,3,7,38,7,4.25,0
2023110504,3049,Brett Rypien,Passer,17.38482384150038,98.25999999999999,7.3,1.24,1,10,25,7,2.04999995231628,1
2023110504,3127,Brett Rypien,Passer,27.944562977438032,304.54,8.76,1.35,1,10,45,6,7.67999982833862,0
2023110504,3995,Brett Rypien,Passer,17.55028489797246,239.82,6.67,1.7,1,10,46,6,3.97000002861023,1
2023110504,4025,Brett Rypien,Passer,27.622165012902222,3.6299999999999955,8.81,2.06,2,8,44,5,4.30999994277954,0
2023110504,4073,Brett Rypien,Passer,20.511813669200496,215.26999999999998,5.69,5.97,4,2,38,7,3.40000009536743,0
2023110504,4154,Jordan Love,Passer,25.020283771372377,292.15,5.52,7.07,3,5,43,6,3.97000002861023,1
2023110505,145,Baker Mayfield,Passer,13.44378294975042,78.15,6.79,1.52,1,10,42,7,1.5,1
2023110505,226,Baker Mayfield,Passer,17.12482408668772,152.5,2.05,1.54,3,10,18,6,2.14000010490417,1
2023110505,1282,Baker Mayfield,Passer,29.29237614124194,34.290000000000006,6.89,6.05,1,10,40,7,6.71999979019165,1
2023110505,1492,C.J. Stroud,Passer,21.57373403006536,261.16,4.34,5.81,2,7,28,7,7.1399998664856,1
2023110505,2949,C.J. Stroud,Passer,9.601171803483151,211.79000000000002,4.35,1.64,1,10,48,6,4.28999996185303,1
2023110505,3174,C.J. Stroud,Passer,19.805640610694724,13.579999999999984,5.17,5.42,4,9,9,6,3.23000001907349,1
2023110505,3304,Baker Mayfield,Passer,32.87899025213518,1.6899999999999977,9.77,0.69,1,10,46,7,7.23000001907349,1
2023110505,3434,C.J. Stroud,Passer,14.946016191614406,82.76,4.46,3.75,1,10,25,6,2.33999991416931,1
2023110505,3955,Baker Mayfield,Passer,18.16692048752348,63.150000000000006,4.75,4.75,1,10,39,6,2.79999995231628,1
2023110505,4379,C.J. Stroud,Passer,21.433023585112764,227.7,4.69,4.57,2,4,45,5,3.27999997138977,1
2023110505,4459,C.J. Stroud,Passer,23.883904622150872,130.64000000000001,7.46,4.09,1,10,15,5,2.83999991416931,1
2023110506,67,Sam Howell,Passer,7.676887390081996,53.31,4.57,3.0,1,10,36,5,1.78999996185303,1
2023110506,114,Sam Howell,Passer,13.452141093521131,81.4,7.53,2.43,3,2,44,6,5.78999996185303,0
2023110506,204,Mac Jones,Passer,11.168137714050628,291.8,7.12,1.06,2,9,28,6,2.38000011444092,0
2023110506,1140,Mac Jones,Passer,18.052794797482196,34.69999999999999,6.15,3.23,3,4,31,5,0.0399999991059303,0
2023110506,1402,Sam Howell,Passer,29.40081121329817,195.77999999999997,2.33,4.52,2,7,20,6,8.11999988555908,1
2023110506,2026,Sam Howell,Passer,21.879837750769543,91.94999999999999,8.79,1.69,3,10,21,5,5.8600001335144,1
2023110506,2061,Sam Howell,Passer,21.05435346905718,260.26,5.63,1.93,1,5,5,6,2.55999994277954,0
2023110506,2146,Mac Jones,Passer,17.435896879713418,235.98999999999998,5.62,3.11,1,10,25,5,1.28999996185303,1
2023110506,2412,Mac Jones,Passer,24.22029933753916,215.37,7.87,2.57,2,11,24,5,2.27999997138977,0
2023110506,2794,Mac Jones,Passer,16.262241542911607,273.27,5.37,2.91,2,9,37,6,2.33999991416931,0
2023110506,2868,Sam Howell,Passer,13.793494843584785,62.71,6.95,1.68,1,10,24,7,2.25,0
2023110506,2945,Sam Howell,Passer,15.879524552076491,249.98999999999998,5.86,3.34,1,10,48,6,1.38999998569489,1
2023110506,3201,Mac Jones,Passer,12.351396682157041,71.40999999999997,4.8,4.22,3,3,47,5,2.10999989509583,0
2023110506,4240,Mac Jones,Passer,11.231941061098922,53.97000000000003,5.79,4.21,1,10,9,6,3.28999996185303,1
2023110506,4273,Mac Jones,Passer,17.550669502899318,335.29,7.05,2.88,1,10,24,6,4.17000007629395,1
2023110506,4458,Mac Jones,Passer,19.269691227417212,273.8,5.95,4.44,2,8,41,6,4.42999982833862,0
2023110507,679,Derek Carr,Passer,13.60177929537162,231.54,3.64,3.13,1,10,33,6,1.79999995231628,1
2023110507,802,Derek Carr,Passer,10.837384370778771,237.33,3.1,5.29,1,9,9,6,2.77999997138977,0
2023110507,1651,Tyson Bagent,Passer,6.445618666970616,152.04999999999998,5.66,0.24,1,10,43,7,1.71000003814697,1
2023110507,2090,Derek Carr,Passer,11.479202934001998,189.36999999999998,4.06,1.54,3,3,29,6,1.99000000953674,0
2023110507,2820,Derek Carr,Passer,14.735307937060558,71.38000000000001,3.02,1.69,2,10,44,6,2.9300000667572,0
2023110507,3693,Tyson Bagent,Passer,12.257165251394794,144.33,3.36,3.28,1,10,2,6,2.52999997138977,1
2023110507,3718,Tyson Bagent,Passer,28.263978842335696,0.5800000000000125,8.64,0.75,2,4,8,5,3.64000010490417,0
2023110508,519,Bryce Young,Passer,20.411930334978116,90.25999999999999,3.34,6.34,1,10,41,7,2.65000009536743,0
2023110508,772,Gardner Minshew,Passer,8.10393731466378,64.12,5.81,2.02,2,7,48,6,3.28999996185303,1
2023110508,1118,Bryce Young,Passer,14.227241475423126,89.63,7.04,1.62,3,20,15,6,3.66000008583069,1
2023110508,3411,Bryce Young,Passer,22.37338821010354,104.85999999999999,3.92,3.31,2,7,28,5,1.64999997615814,1
2023110508,3960,Bryce Young,Passer,12.261239741559576,250.98000000000002,5.66,3.15,1,10,39,5,3.58999991416931,1
2023110508,4115,Bryce Young,Passer,11.90808128961169,221.64,3.41,3.46,1,10,11,6,1.37999999523163,1
2023110508,4140,Bryce Young,Passer,12.826113986706957,192.27,2.88,3.71,2,3,18,5,1.89999997615814,1
2023110508,4188,Bryce Young,Passer,16.236434337624743,292.71,6.46,1.59,2,10,25,5,3.10999989509583,1
2023110509,85,Daniel Jones,Passer,12.840580204959583,188.96,6.99,1.06,2,10,20,6,2.48000001907349,0
2023110509,2073,Aidan O'Connell,Passer,26.28456771567682,223.05,7.87,2.16,1,10,36,7,3.86999988555908,0
2023110509,2096,Aidan O'Connell,Passer,17.6177013256554,211.62,7.11,0.69,2,10,36,6,1.66999995708466,0
2023110509,3106,Aidan O'Connell,Passer,24.603727359894066,26.850000000000023,8.69,2.83,1,10,28,8,6.01000022888184,0
2023110510,744,Dak Prescott,Passer,18.381667497808785,12.949999999999989,7.08,5.36,4,1,33,7,3.08999991416931,1
2023110510,988,Dak Prescott,Passer,17.308867669492418,147.98,3.69,3.03,2,10,18,6,1.75999999046326,1
2023110510,1263,Dak Prescott,Passer,14.221831808877505,173.40000000000003,2.66,4.42,3,5,5,6,3.5699999332428,1
2023110510,3087,Dak Prescott,Passer,12.333896383544015,252.16,3.32,3.19,1,10,28,6,2.98000001907349,1
2023110510,3209,Dak Prescott,Passer,17.41555913543978,59.0,7.14,2.88,3,1,32,7,7.53999996185303,1
2023110510,3913,Jalen Hurts,Passer,28.20351928394753,37.47999999999999,6.76,5.33,3,3,32,5,4.67000007629395,0
2023110510,4014,Dak Prescott,Passer,16.202006048634843,185.48999999999998,1.76,3.18,2,7,50,6,2.89000010490417,1
2023110510,4050,Dak Prescott,Passer,28.797543297996793,15.650000000000006,8.59,3.81,1,10,43,5,4.42000007629395,0
2023110510,4172,Dak Prescott,Passer,25.349589740269955,104.97,4.6,4.98,3,21,42,5,4.48999977111816,1
2023110511,712,Joe Burrow,Passer,19.023661582355807,136.31,3.99,4.54,1,10,27,6,2.0,1
2023110511,769,Joe Burrow,Passer,11.123066124050514,99.86,9.18,1.27,2,10,14,6,3.0,1
2023110511,1762,Joe Burrow,Passer,11.466769379384937,103.62,5.58,3.31,3,10,45,6,1.11000001430511,1
2023110511,1851,Joe Burrow,Passer,22.80528447531405,98.79999999999998,7.43,3.07,2,7,22,6,2.36999988555908,0
2023110511,2445,Josh Allen,Passer,21.489357831261497,49.75,6.88,1.68,3,9,16,4,2.23000001907349,0
2023110511,2750,Josh Allen,Passer,15.262008386840835,26.620000000000005,3.66,4.09,2,6,13,6,1.60000002384186,0
2023110511,2950,Joe Burrow,Passer,19.08763997984035,85.33000000000001,4.77,2.49,3,5,37,4,2.09999990463257,0
2023110511,3081,Josh Allen,Passer,8.16279976478659,40.71999999999997,3.67,0.83,2,7,41,4,4.23999977111816,1
2023110511,3482,Joe Burrow,Passer,17.159664915143303,81.88,5.51,2.98,3,6,25,6,1.47000002861023,1
2023110511,4013,Joe Burrow,Passer,24.17444932154608,12.760000000000048,8.03,0.96,1,10,25,7,3.67000007629395,1
2023110600,852,Justin Herbert,Passer,20.60519594665384,54.76999999999998,1.12,5.68,2,6,25,5,3.47000002861023,1
2023110600,923,Justin Herbert,Passer,16.09560499018288,263.93,4.98,3.88,1,1,1,9,5.34999990463257,0
2023110600,1349,Zach Wilson,Passer,12.786187860343675,103.60000000000001,4.36,0.71,2,10,20,7,7.32000017166138,1
2023110600,1953,Zach Wilson,Passer,22.35979427454555,165.71000000000004,2.8,5.96,3,4,29,6,2.45000004768372,1
2023110600,2153,Justin Herbert,Passer,20.621391805598375,91.1,5.7,5.4,1,10,27,5,2.92000007629395,0
2023110600,2481,Zach Wilson,Passer,36.61593778670703,231.88,9.3,1.93,1,10,25,6,6.82000017166138,1
2023110600,2533,Zach Wilson,Passer,28.310015895438845,91.17999999999999,4.84,2.85,2,8,42,7,5.07000017166138,1
2023110600,3488,Justin Herbert,Passer,17.78789757110154,132.37,3.66,3.58,2,13,27,6,7.90000009536743,1
2023110600,4080,Zach Wilson,Passer,26.836668943816413,45.46000000000001,7.84,4.55,2,10,25,5,4.65000009536743,0
2023110600,4130,Zach Wilson,Passer,9.451121626558402,124.63999999999999,4.32,2.39,4,3,32,6,2.49000000953674,1
2023110600,4246,Zach Wilson,Passer,29.145574278095808,5.079999999999984,8.8,0.34,1,10,47,5,4.53000020980835,0
2023110600,4306,Zach Wilson,Passer,10.624142318323868,171.31,5.16,1.18,3,5,42,6,2.8199999332428,1
2023110600,4331,Zach Wilson,Passer,25.262050589768045,95.62,7.76,2.56,4,5,42,6,4.32999992370605,1
2023110600,4356,Zach Wilson,Passer,17.347028563993316,293.33000000000004,6.33,2.8,1,9,9,5,3.33999991416931,1
2023110600,4463,Zach Wilson,Passer,12.210241602851271,308.42,5.95,3.18,4,6,6,6,2.61999988555908,1
2023110900,351,Bryce Young,Passer,17.56313468604053,220.27999999999997,8.68,1.54,2,7,48,6,4.96999979019165,0
2023110900,929,Bryce Young,Passer,23.03078374697657,134.17000000000002,3.39,1.46,1,10,26,6,2.50999999046326,1
2023110900,1043,Bryce Young,Passer,12.535748880701146,120.86999999999998,8.5,2.36,3,11,15,6,2.16000008583069,0
2023110900,1545,Tyson Bagent,Passer,15.029817031487775,111.24000000000001,2.88,4.47,2,10,42,6,2.86999988555908,1
2023110900,1570,Tyson Bagent,Passer,26.92242559651712,10.120000000000005,8.49,0.24,3,4,36,6,4.13000011444092,0
2023110900,2479,Bryce Young,Passer,21.639413115886484,70.49,4.17,3.33,2,16,3,5,0.910000026226044,1
2023110900,3561,Tyson Bagent,Passer,10.694942730094446,61.599999999999994,5.7,2.18,2,5,30,7,8.73999977111816,1
2023110900,3635,Tyson Bagent,Passer,17.0299618320183,117.81,5.0,2.32,1,10,46,7,8.65999984741211,0
2023110900,3946,Bryce Young,Passer,13.777986064733845,250.48999999999998,1.25,2.22,3,9,39,6,1.87000000476837,1
2023110900,4031,Bryce Young,Passer,27.292291952124504,8.360000000000014,7.47,2.48,2,10,41,7,2.72000002861023,0
2023110900,4054,Bryce Young,Passer,17.903142182309786,175.02999999999997,3.22,4.69,3,10,41,6,2.89000010490417,0
2023111200,1364,Gardner Minshew,Passer,27.459033122089348,58.639999999999986,9.44,2.33,1,10,20,6,2.80999994277954,1
2023111200,1529,Gardner Minshew,Passer,19.42557592453825,65.16,5.39,4.52,3,7,43,5,5.07999992370605,0
2023111200,1779,Gardner Minshew,Passer,24.43941488661298,71.91000000000001,5.13,4.47,2,5,25,5,2.98000001907349,1
2023111200,2401,Gardner Minshew,Passer,13.40212669690897,257.11,3.91,4.78,2,9,26,7,4.15999984741211,1
2023111200,3158,Mac Jones,Passer,20.52506029223787,50.940000000000026,6.1,1.34,1,10,25,7,3.75,1
2023111200,3814,Bailey Zappe,Passer,24.039638100437372,276.84,7.95,0.47,1,10,40,5,5.75,0
2023111201,371,Lamar Jackson,Passer,21.04605426202261,61.900000000000006,8.18,1.65,2,5,39,7,4.92999982833862,1
2023111201,1383,Deshaun Watson,Passer,20.825169867254377,5.689999999999998,8.34,2.88,1,10,41,6,5.6100001335144,0
2023111201,1951,Deshaun Watson,Passer,11.264847979444722,100.62,5.12,2.55,2,6,34,7,1.76999998092651,1
2023111201,2787,Deshaun Watson,Passer,14.090510991443852,103.69999999999999,2.07,0.67,1,10,47,7,5.71000003814697,1
2023111201,2912,Deshaun Watson,Passer,8.986862633867283,205.76999999999998,1.47,1.65,3,11,44,6,4.88000011444092,1
2023111201,3130,Lamar Jackson,Passer,20.521427825568075,102.34000000000003,6.47,1.08,1,10,25,8,5.07999992370605,1
2023111201,3699,Deshaun Watson,Passer,12.024545729465206,225.3,3.11,3.43,2,7,48,6,1.41999995708466,1
2023111201,3786,Deshaun Watson,Passer,10.548464343211288,167.05999999999997,1.76,3.83,2,10,10,6,2.91000008583069,1
2023111201,3999,Lamar Jackson,Passer,25.266936893893572,72.32,9.25,0.83,1,10,38,7,5.73999977111816,0
2023111202,160,Joe Burrow,Passer,12.129715577869081,145.64000000000001,4.3,3.39,1,10,45,5,2.04999995231628,1
2023111202,617,Joe Burrow,Passer,17.052510079164296,73.99000000000001,6.72,4.01,1,10,35,6,5.38000011444092,0
2023111202,640,Joe Burrow,Passer,6.598742304409229,27.119999999999976,3.85,4.16,2,10,35,6,2.98000001907349,1
2023111202,1033,Joe Burrow,Passer,9.452306596804824,66.15,5.98,1.2,1,10,11,6,2.34999990463257,0
2023111202,1262,C.J. Stroud,Passer,14.099975177283117,273.8,3.52,3.02,2,6,21,7,3.17000007629395,1
2023111202,1411,Joe Burrow,Passer,20.008110855350637,10.200000000000003,6.94,3.48,3,2,33,4,4.09999990463257,0
2023111202,2290,C.J. Stroud,Passer,13.50402902840482,221.99999999999997,2.63,4.27,1,10,30,7,1.53999996185303,1
2023111202,2646,C.J. Stroud,Passer,16.229581017389204,81.96000000000001,4.61,3.0,1,10,17,6,2.75,1
2023111202,3277,C.J. Stroud,Passer,20.012206275171163,27.599999999999994,6.16,5.49,1,10,19,6,3.45000004768372,0
2023111202,3688,C.J. Stroud,Passer,13.590732136275808,44.82000000000001,5.6,3.57,3,7,46,5,3.11999988555908,0
2023111202,3972,C.J. Stroud,Passer,16.78325355823477,30.080000000000013,8.46,1.23,3,2,28,8,4.01999998092651,0
2023111202,4162,C.J. Stroud,Passer,25.60175775215444,94.02000000000001,7.25,3.14,3,3,32,7,2.64000010490417,0
2023111202,4393,C.J. Stroud,Passer,23.11657414064636,229.47,9.03,0.68,1,10,25,7,4.34000015258789,0
2023111203,538,Brock Purdy,Passer,19.869708100523273,14.169999999999987,6.01,4.54,3,8,27,6,2.9300000667572,1
2023111203,741,Trevor Lawrence,Passer,12.769275625500464,201.45999999999998,2.58,4.02,3,4,29,6,2.47000002861023,1
2023111203,816,Trevor Lawrence,Passer,15.27167639782876,175.24999999999997,4.37,2.56,3,7,44,6,3.41000008583069,0
2023111203,1068,Trevor Lawrence,Passer,16.812664869080102,111.82999999999998,7.35,0.91,1,10,41,8,3.4300000667572,0
2023111203,1519,Trevor Lawrence,Passer,18.03651019460251,218.30999999999997,7.46,2.95,3,2,48,6,3.13000011444092,1
2023111203,2758,Trevor Lawrence,Passer,18.934162247113022,208.22,1.59,2.78,2,9,9,6,3.20000004768372,1
2023111203,3802,C.J. Beathard,Passer,10.742890672440085,238.92999999999998,3.44,2.92,2,9,6,6,2.20000004768372,1
2023111204,560,Joshua Dobbs,Passer,19.487239414550228,298.90999999999997,7.17,1.47,3,4,26,5,3.54999995231628,0
2023111204,734,Derek Carr,Passer,20.647995060053656,47.70000000000002,7.21,4.22,2,4,46,6,2.15000009536743,1
2023111204,2143,Derek Carr,Passer,8.091044431963036,254.05999999999997,3.28,1.3,1,10,27,3,2.64000010490417,1
2023111204,2444,Joshua Dobbs,Passer,11.744615787670533,135.22,7.64,1.41,1,10,34,7,3.64000010490417,1
2023111204,2632,Derek Carr,Passer,14.409247030986734,110.48,5.99,1.91,2,12,38,5,3.07999992370605,1
2023111204,2967,Jameis Winston,Passer,14.089201538767199,98.51,4.85,4.0,1,10,16,6,2.30999994277954,0
2023111204,3013,Jameis Winston,Passer,27.338099787658976,46.06999999999999,8.76,2.3,3,10,16,5,4.46000003814697,0
2023111204,3294,Jameis Winston,Passer,17.804853270948346,155.89999999999998,3.85,3.42,2,10,44,8,2.63000011444092,0
2023111204,3537,Jameis Winston,Passer,46.72054901218521,102.71000000000001,0.6,1.46,3,8,15,6,2.90000009536743,1
2023111204,4059,Jameis Winston,Passer,11.15995071673706,274.71,4.54,1.81,2,8,19,5,2.41000008583069,1
2023111204,4245,Jameis Winston,Passer,18.436922194336017,297.57,4.91,3.8,2,15,32,6,3.61999988555908,1
2023111204,4460,Jameis Winston,Passer,28.199576237950808,23.200000000000045,8.85,2.13,1,10,46,5,4.01999998092651,0
2023111205,448,Jordan Love,Passer,24.335772023915737,182.74999999999997,6.07,1.81,2,7,45,7,8.15999984741211,1
2023111205,2278,Jordan Love,Passer,18.29973223847825,344.90000000000003,5.16,3.18,4,6,40,7,2.67000007629395,1
2023111205,2570,Kenny Pickett,Passer,15.121471489243365,105.98,4.54,2.74,3,17,15,4,4.90999984741211,1
2023111205,2713,Jordan Love,Passer,21.99140968651169,33.01000000000005,7.75,2.11,3,7,49,6,4.09000015258789,1
2023111205,4137,Jordan Love,Passer,32.06009981269553,75.16,8.25,2.85,1,10,19,5,3.9300000667572,1
2023111205,4242,Jordan Love,Passer,12.601753846191409,77.66,5.76,1.64,4,2,27,3,4.15999984741211,1
2023111206,136,Will Levis,Passer,17.048873863103097,276.69,3.57,4.16,2,12,47,7,1.72000002861023,1
2023111206,1150,Will Levis,Passer,14.969465588323455,160.35,3.13,3.85,3,12,22,6,3.02999997138977,1
2023111206,1307,Baker Mayfield,Passer,23.54112359255607,22.710000000000008,7.36,4.96,3,1,41,6,2.94000005722046,1
2023111206,1522,Baker Mayfield,Passer,24.352702108800983,57.28,6.77,5.4,2,11,30,5,4.55000019073486,1
2023111206,1877,Baker Mayfield,Passer,12.550047808673872,183.38,3.24,3.14,3,3,32,6,2.8199999332428,1
2023111206,2205,Will Levis,Passer,11.073088999913258,125.67,6.38,1.46,3,4,31,6,2.88000011444092,1
2023111206,2311,Will Levis,Passer,26.111999157475474,133.55,5.35,5.06,3,11,45,8,3.39000010490417,0
2023111206,2869,Will Levis,Passer,12.492117514656993,291.4,5.49,2.79,1,6,6,7,2.86999988555908,0
2023111206,3308,Baker Mayfield,Passer,20.67077163533089,43.949999999999996,6.71,3.7,3,9,17,4,3.41000008583069,0
2023111206,3397,Will Levis,Passer,27.507893412618863,342.78000000000003,7.25,3.9,2,10,25,6,7.84000015258789,1
2023111206,3905,Will Levis,Passer,17.24473542853006,136.70000000000002,3.48,3.37,3,2,28,6,3.51999998092651,1
2023111206,3930,Will Levis,Passer,18.36929231081045,133.97,6.39,3.61,1,10,34,6,2.76999998092651,0
2023111207,326,Kyler Murray,Passer,26.715517962412783,106.44999999999999,4.91,5.76,2,9,22,6,3.32999992370605,0
2023111207,505,Kyler Murray,Passer,19.881290199582114,6.6299999999999955,7.72,3.91,2,12,47,6,4.07999992370605,1
2023111207,1297,Kyler Murray,Passer,23.004456090070896,57.09,7.95,1.2,3,4,28,7,3.79999995231628,0
2023111207,1930,Kyler Murray,Passer,12.076299101960002,71.21000000000001,5.03,2.93,1,10,15,6,4.90999984741211,1
2023111207,2175,Taylor Heinicke,Passer,16.73454510884595,15.759999999999991,5.89,4.95,2,6,29,5,1.83000004291534,0
2023111207,2502,Kyler Murray,Passer,11.516110454489395,119.49999999999999,6.5,1.13,3,30,50,4,4.03000020980835,1
2023111207,3218,Taylor Heinicke,Passer,11.726968917840619,165.99,2.49,3.22,1,10,25,6,4.09000015258789,1
2023111207,4110,Kyler Murray,Passer,27.502947114809352,66.2,7.58,4.05,2,10,42,7,3.92000007629395,0
2023111208,1049,Jared Goff,Passer,20.570060768019136,264.4,7.35,5.18,1,10,10,7,5.23000001907349,1
2023111208,1315,Jared Goff,Passer,23.666036846079656,166.39999999999998,8.3,1.96,1,10,33,6,6.11999988555908,1
2023111208,1431,Jared Goff,Passer,7.99521106663232,239.33,6.57,1.56,3,1,1,8,1.3400000333786,0
2023111208,2012,Justin Herbert,Passer,21.388791457209543,6.72999999999999,7.92,1.3,3,3,39,6,4.32000017166138,1
2023111208,2259,Jared Goff,Passer,12.050066389858602,71.66000000000001,7.79,2.22,2,10,25,6,3.91000008583069,0
2023111208,2282,Jared Goff,Passer,19.703426098016557,116.39999999999998,1.42,6.13,3,10,25,5,3.01999998092651,1
2023111208,2392,Jared Goff,Passer,16.221251493026053,175.11999999999998,3.32,4.45,2,13,37,6,2.50999999046326,0
2023111208,2622,Justin Herbert,Passer,14.822850603038537,82.13999999999999,5.06,4.77,3,8,49,7,2.39000010490417,1
2023111208,3768,Justin Herbert,Passer,10.63324973843839,152.42000000000002,1.54,6.26,1,10,32,5,2.33999991416931,1
2023111208,3977,Jared Goff,Passer,15.004482663524255,91.07,8.05,1.11,1,10,25,6,7.92999982833862,1
2023111209,878,Tommy DeVito,Passer,12.636443328721898,182.7,1.81,3.08,2,7,42,6,1.76999998092651,0
2023111209,1138,Dak Prescott,Passer,13.061871994473078,3.66,6.19,3.73,1,10,4,6,2.41000008583069,1
2023111209,1242,Dak Prescott,Passer,21.176923761490947,113.28999999999999,3.87,2.03,1,10,30,6,0.25,1
2023111209,1377,Tommy DeVito,Passer,17.70752664829281,150.66000000000003,4.97,4.84,1,10,25,6,3.11999988555908,1
2023111209,2471,Tommy DeVito,Passer,11.732655283438621,49.06,6.19,2.07,1,10,10,7,1.57000005245209,1
2023111209,2548,Dak Prescott,Passer,9.061815491390234,288.90999999999997,8.17,0.9,1,10,14,7,4.84999990463257,1
2023111209,2679,Dak Prescott,Passer,30.326821462197454,45.78000000000003,9.21,0.91,1,10,41,7,4.34000015258789,1
2023111209,2762,Tommy DeVito,Passer,27.76814361818233,80.76,9.33,1.99,1,5,30,6,5.8600001335144,0
2023111210,132,Sam Howell,Passer,12.842122098781028,109.58999999999999,6.38,2.52,2,8,49,6,1.50999999046326,1
2023111210,579,Sam Howell,Passer,13.934564937593137,119.27999999999999,5.05,3.86,2,10,29,5,1.95000004768372,1
2023111210,947,Sam Howell,Passer,8.562581386474521,3.479999999999997,6.93,1.82,3,4,34,6,2.79999995231628,1
2023111210,3153,Sam Howell,Passer,16.023610704207716,100.07000000000002,5.23,2.42,3,3,38,5,2.41000008583069,1
2023111210,4296,Sam Howell,Passer,13.232422302813639,129.86,7.91,0.75,2,10,48,7,4.23999977111816,0
2023111210,4319,Sam Howell,Passer,9.269584672465099,88.86000000000001,5.62,1.92,3,10,48,5,4.94000005722046,1
2023111210,4390,Sam Howell,Passer,13.422060199537173,76.02,7.19,3.1,1,10,35,5,3.65000009536743,0
2023111210,4555,Geno Smith,Passer,15.006305341422312,46.900000000000034,5.94,2.87,3,4,31,6,2.32999992370605,1
2023111210,4610,Geno Smith,Passer,19.37298118514546,39.129999999999995,5.68,4.99,2,10,48,6,3.05999994277954,1
2023111211,763,Zach Wilson,Passer,15.89611902320815,139.99,5.4,4.61,2,18,40,7,2.16000008583069,0
2023111211,900,Aidan O'Connell,Passer,17.222038206902223,119.23000000000002,4.69,4.38,2,11,24,6,2.61999988555908,0
2023111211,2072,Aidan O'Connell,Passer,12.612026006950671,43.03000000000003,2.66,5.1,1,10,37,5,2.16000008583069,0
2023111211,2997,Zach Wilson,Passer,29.86493596175957,5.9599999999999795,9.47,1.91,3,10,13,4,4.30000019073486,0
2023111211,3166,Aidan O'Connell,Passer,17.69464608292576,105.76,6.26,0.62,3,4,7,7,0.899999976158142,1
2023111211,3291,Zach Wilson,Passer,11.051122114970946,35.56999999999999,7.03,0.28,2,10,28,6,2.00999999046326,0
2023111211,3734,Zach Wilson,Passer,27.36416086782126,15.799999999999997,7.82,1.37,2,4,40,6,3.80999994277954,0
2023111211,3760,Zach Wilson,Passer,13.028081209449068,198.95,4.27,0.29,3,4,40,6,3.67000007629395,1
2023111211,3808,Zach Wilson,Passer,23.252589103151504,175.85000000000002,2.15,5.07,2,10,36,7,4.07000017166138,1
2023111211,3833,Zach Wilson,Passer,12.960189041831137,82.39000000000001,5.26,2.5,3,2,28,7,0.839999973773956,1
2023111300,961,Russell Wilson,Passer,17.57751120039467,104.84999999999997,5.19,1.54,1,10,32,6,7.07999992370605,1
2023111300,1128,Russell Wilson,Passer,27.299496332350163,297.01,7.95,1.8,2,13,45,8,5.73999977111816,0
2023111300,1254,Josh Allen,Passer,13.771920708456031,129.33999999999997,6.44,1.8,3,5,25,5,2.28999996185303,0
2023111300,2661,Russell Wilson,Passer,17.09871632608717,176.2,1.45,1.0,2,8,45,6,1.27999997138977,1
2023111300,3279,Russell Wilson,Passer,15.379375800077188,118.42999999999998,3.8,1.3,2,8,46,6,1.87999999523163,0
2023111300,3371,Josh Allen,Passer,17.499674282683095,193.8,6.78,0.69,1,10,11,6,3.0699999332428,1
2023111300,4289,Russell Wilson,Passer,15.535951853684404,250.68,6.17,3.73,1,10,45,7,1.73000001907349,1
2023111600,113,Lamar Jackson,Passer,16.50146660148727,189.89000000000004,4.11,4.92,2,9,40,6,2.96000003814697,1
2023111600,1683,Lamar Jackson,Passer,15.619759921330424,146.73999999999995,6.76,1.63,2,9,26,6,2.88000011444092,1
2023111600,2120,Lamar Jackson,Passer,12.118085657396547,190.58,2.35,1.86,2,10,20,5,3.83999991416931,0
2023111600,2197,Lamar Jackson,Passer,25.42266705127532,199.79000000000002,1.86,4.88,1,10,33,4,4.55000019073486,1
2023111600,2339,Lamar Jackson,Passer,16.705071086349797,56.190000000000026,4.99,4.42,1,10,34,8,1.47000002861023,1
2023111600,2424,Lamar Jackson,Passer,24.56118889630549,13.009999999999991,5.01,5.61,3,7,10,5,3.41000008583069,1
2023111600,4082,Jake Browning,Passer,16.862470163057367,42.65,6.93,2.71,1,10,49,6,1.10000002384186,1
2023111900,207,Bryce Young,Passer,14.44882348151572,239.09,6.9,1.53,3,3,20,5,1.6599999666214,1
2023111900,563,Dak Prescott,Passer,15.857994829107497,117.65,5.61,3.62,2,11,47,7,1.32000005245209,1
2023111900,850,Dak Prescott,Passer,18.062696365714615,46.96000000000001,5.12,2.09,1,10,20,7,2.66000008583069,1
2023111900,1147,Dak Prescott,Passer,19.69508060404933,199.07000000000002,0.32,5.2,3,19,32,5,4.01000022888184,1
2023111900,2031,Dak Prescott,Passer,15.581235509419654,70.02000000000004,5.72,4.59,3,16,29,4,3.48000001907349,1
2023111900,2126,Dak Prescott,Passer,20.89923443573951,25.269999999999982,6.97,3.57,3,5,5,7,2.85999989509583,1
2023111900,2336,Bryce Young,Passer,8.273934976781,211.28,3.89,4.23,3,13,22,6,3.09999990463257,1
2023111900,2410,Dak Prescott,Passer,25.92266961560865,203.38,3.66,6.93,2,7,23,6,5.69999980926514,1
2023111900,2833,Bryce Young,Passer,14.722642425869076,123.04,5.37,3.2,3,3,28,6,2.45000004768372,0
2023111900,2856,Bryce Young,Passer,15.08306666430935,131.57,5.33,4.37,4,3,28,5,2.16000008583069,1
2023111900,3141,Dak Prescott,Passer,5.555609777513177,194.64000000000001,3.39,2.06,1,10,35,7,6.6399998664856,0
2023111900,3888,Bryce Young,Passer,14.000721409984555,108.64,6.11,0.64,3,15,23,6,0.419999986886978,0
2023111901,169,Dorian Thompson-Robinson,Passer,18.346708151600385,56.63000000000001,3.67,3.93,2,6,42,7,1.67999994754791,1
2023111901,1139,Kenny Pickett,Passer,21.972696693851663,45.769999999999996,4.81,4.44,3,5,47,7,2.99000000953674,0
2023111901,1461,Dorian Thompson-Robinson,Passer,16.594038086011494,232.74,3.02,4.88,2,10,17,7,2.0699999332428,1
2023111901,1868,Dorian Thompson-Robinson,Passer,17.047724188289767,3.730000000000018,5.72,2.97,2,6,6,6,2.3199999332428,0
2023111901,3125,Dorian Thompson-Robinson,Passer,13.738653500252491,131.53,3.86,1.6,3,14,49,3,4.28000020980835,0
2023111901,3963,Kenny Pickett,Passer,34.14503331379251,80.82,6.74,3.22,2,10,30,6,3.55999994277954,0
2023111901,3986,Kenny Pickett,Passer,22.729533651177274,90.20999999999998,6.19,3.68,3,10,30,4,3.20000004768372,0
2023111901,4065,Dorian Thompson-Robinson,Passer,9.53486234824604,224.06,5.95,0.26,1,10,50,4,1.94000005722046,1
2023111902,693,Justin Fields,Passer,16.99010594434302,55.57,7.14,0.35,4,2,43,7,1.44000005722046,1
2023111902,1458,Justin Fields,Passer,17.40139362235105,284.63,6.49,4.07,1,10,41,8,2.3199999332428,1
2023111902,2218,Justin Fields,Passer,14.345539376405474,233.23000000000002,3.07,4.69,1,10,15,8,4.92999982833862,1
2023111903,73,Jordan Love,Passer,14.759434271001039,71.48999999999998,3.34,3.26,1,10,8,6,2.40000009536743,1
2023111903,1077,Justin Herbert,Passer,16.150049535527753,29.159999999999997,4.66,2.51,3,5,30,5,2.53999996185303,1
2023111903,1778,Jordan Love,Passer,15.32345913950241,201.34000000000003,0.16,0.56,2,8,48,7,3.74000000953674,1
2023111903,3235,Jordan Love,Passer,14.346518741492654,241.65000000000003,2.39,3.98,3,4,12,6,3.04999995231628,1
2023111903,3414,Justin Herbert,Passer,18.73519148554399,205.17000000000002,4.45,3.54,3,8,39,6,5.51999998092651,1
2023111903,3846,Jordan Love,Passer,12.764736581692553,190.22,2.91,3.47,2,10,39,6,2.58999991416931,1
2023111903,3893,Jordan Love,Passer,21.863782838292188,22.139999999999986,7.87,1.76,2,8,24,6,4.32000017166138,1
2023111904,251,C.J. Stroud,Passer,15.407011390921989,279.51,3.22,4.04,3,5,30,6,2.61999988555908,1
2023111904,276,C.J. Stroud,Passer,22.50213545421856,161.03,2.7,6.25,1,10,36,6,4.84999990463257,0
2023111904,564,C.J. Stroud,Passer,23.188242710477223,140.51999999999998,5.85,5.7,1,10,39,6,6.0,1
2023111904,732,Kyler Murray,Passer,10.031993819774808,250.34999999999997,4.68,4.82,1,10,25,6,2.77999997138977,0
2023111904,799,Kyler Murray,Passer,13.25534609129463,118.72999999999999,3.69,3.73,1,10,50,6,3.0699999332428,1
2023111904,1179,C.J. Stroud,Passer,22.233409545096762,0.2600000000000193,6.88,5.4,1,10,21,5,3.13000011444092,1
2023111904,1616,Kyler Murray,Passer,14.073023839957068,153.44,3.57,5.85,3,5,25,6,2.3199999332428,1
2023111904,1815,C.J. Stroud,Passer,20.298196964262612,114.74000000000001,5.45,4.26,1,10,41,6,0.860000014305115,1
2023111904,2194,C.J. Stroud,Passer,28.454287901825982,332.08,6.6,4.42,3,17,48,4,4.38000011444092,1
2023111904,2427,Kyler Murray,Passer,19.62875951251123,57.99,6.78,6.22,2,10,39,6,2.75,1
2023111904,2848,Kyler Murray,Passer,11.683912016101457,211.04000000000002,3.4,1.68,1,10,43,6,7.65000009536743,1
2023111904,3238,C.J. Stroud,Passer,15.316722887093045,7.359999999999985,6.51,3.86,2,9,24,6,1.23000001907349,1
2023111904,3689,Kyler Murray,Passer,11.238349522950418,166.53000000000003,1.89,4.92,1,10,39,6,1.89999997615814,1
2023111904,3819,Kyler Murray,Passer,20.561286438353026,59.400000000000034,7.11,5.65,4,8,27,7,5.84999990463257,0
2023111905,528,Trevor Lawrence,Passer,25.74659783350026,84.72,8.08,2.61,1,10,41,6,1.95000004768372,1
2023111905,1550,Will Levis,Passer,14.68436583581327,3.0700000000000003,3.84,4.77,3,7,24,5,3.01999998092651,1
2023111905,1719,Trevor Lawrence,Passer,22.903853387585244,173.32999999999998,1.16,6.53,2,10,42,6,4.73999977111816,1
2023111905,1822,Trevor Lawrence,Passer,22.766170077551468,300.35,5.81,4.32,1,10,14,5,3.75,0
2023111905,2065,Trevor Lawrence,Passer,12.682022709331502,81.17000000000002,5.53,1.77,1,10,40,6,3.98000001907349,1
2023111905,2354,Will Levis,Passer,15.936050326225756,48.420000000000016,5.25,1.32,3,7,21,6,3.11999988555908,1
2023111905,2497,Trevor Lawrence,Passer,30.3167033168186,95.72,7.82,5.19,2,7,38,8,8.22999954223633,1
2023111906,587,Aidan O'Connell,Passer,14.836717965911463,62.52000000000001,0.26,0.14,2,13,18,7,0.769999980926514,1
2023111906,1024,Aidan O'Connell,Passer,26.101572749549025,72.14999999999999,9.53,1.76,1,10,46,7,6.78999996185303,1
2023111906,1257,Tua Tagovailoa,Passer,6.500561514207839,92.35000000000002,6.94,0.93,1,10,29,6,1.17999994754791,1
2023111906,1608,Tua Tagovailoa,Passer,14.189326974877982,159.16,6.25,4.22,1,10,50,6,0.529999971389771,1
2023111906,1971,Tua Tagovailoa,Passer,12.542316372983098,30.480000000000004,4.82,3.63,1,10,22,4,1.33000004291534,1
2023111906,2121,Tua Tagovailoa,Passer,28.785088153417213,69.04,7.89,2.34,1,10,25,4,3.79999995231628,1
2023111906,2772,Aidan O'Connell,Passer,21.77144000749606,183.99,8.49,0.23,3,1,34,7,7.96000003814697,0
2023111906,3551,Aidan O'Connell,Passer,18.42292593482371,145.09999999999997,5.09,3.72,3,16,44,6,2.99000000953674,1
2023111906,3678,Tua Tagovailoa,Passer,13.685203688655863,111.36000000000001,5.07,1.94,3,15,26,3,2.86999988555908,1
2023111906,3885,Aidan O'Connell,Passer,12.33058392777893,172.10000000000002,7.44,2.0,3,6,24,7,2.94000005722046,0
2023111906,4171,Aidan O'Connell,Passer,13.04855930744846,333.43,4.81,5.07,3,4,13,5,2.08999991416931,1
2023111906,4196,Aidan O'Connell,Passer,29.59625989884532,66.41,6.33,4.96,1,10,18,6,4.59000015258789,1
2023111906,4329,Aidan O'Connell,Passer,34.30040524541948,21.840000000000032,9.54,2.24,2,10,39,6,4.34000015258789,0
2023111907,1104,Tommy DeVito,Passer,17.524385866557495,97.94000000000003,5.17,4.07,1,10,25,5,1.82000005245209,1
2023111907,1136,Tommy DeVito,Passer,13.4880873366093,288.25,8.5,0.86,2,3,32,6,3.92000007629395,1
2023111907,2137,Sam Howell,Passer,14.642083185120894,104.00999999999999,5.85,2.06,1,10,41,4,1.79999995231628,1
2023111907,3878,Sam Howell,Passer,28.18868567351093,184.66,3.4,6.29,2,6,8,6,4.01000022888184,1
2023111907,4192,Sam Howell,Passer,13.786399094760025,252.5,6.31,2.49,2,10,44,5,6.53999996185303,1
2023111908,83,Brock Purdy,Passer,20.45408516653825,273.04,7.44,4.21,2,11,19,6,2.86999988555908,1
2023111908,308,Brock Purdy,Passer,19.99364148923353,270.95,5.05,7.28,1,10,20,6,2.70000004768372,1
2023111908,1369,Baker Mayfield,Passer,28.441274584659524,7.1200000000000045,7.05,4.75,1,10,36,7,4.13000011444092,1
2023111908,2382,Baker Mayfield,Passer,26.23409994644375,89.0,4.6,5.86,3,10,33,5,4.32999992370605,0
2023111908,2774,Baker Mayfield,Passer,13.300834560282302,107.66000000000001,4.07,2.32,3,3,32,6,1.89999997615814,1
2023111908,3113,Baker Mayfield,Passer,21.142355592506718,328.55,4.84,4.27,2,10,20,6,3.9300000667572,1
2023111908,3240,Baker Mayfield,Passer,8.802050897376132,125.64000000000001,2.46,1.59,1,10,45,7,3.10999989509583,1
2023111908,3315,Baker Mayfield,Passer,17.888278284955202,39.75,5.91,5.13,1,10,34,5,2.78999996185303,1
2023111908,3416,Baker Mayfield,Passer,14.57944100437325,307.25,5.95,4.51,1,10,18,6,2.34999990463257,1
2023111908,3631,Baker Mayfield,Passer,14.767450694009444,159.73000000000002,5.2,4.07,1,10,13,6,2.85999989509583,1
2023111909,458,Josh Allen,Passer,15.791928317973074,231.32000000000002,6.49,0.27,2,10,43,6,3.88000011444092,1
2023111909,576,Josh Allen,Passer,11.424014180663471,171.07999999999998,1.8,4.07,2,4,27,6,1.21000003814697,1
2023111909,623,Josh Allen,Passer,22.186108266210187,253.77,6.66,2.99,2,8,12,5,2.0699999332428,0
2023111909,3502,Tim Boyle,Passer,12.411518843397044,27.430000000000007,4.37,2.01,2,10,48,6,2.60999989509583,1
2023111909,3602,Tim Boyle,Passer,16.167390018181656,65.74,3.77,5.78,1,10,42,5,3.6800000667572,1
2023111909,4248,Tim Boyle,Passer,13.15813436623901,67.88999999999999,3.01,4.96,2,8,34,6,2.98000001907349,1
2023111910,942,Geno Smith,Passer,11.754509772848888,158.74999999999997,4.27,4.38,2,8,4,5,3.14000010490417,1
2023111910,1806,Matthew Stafford,Passer,18.097251172484743,36.099999999999994,9.59,0.71,1,10,25,7,5.80000019073486,1
2023111910,2350,Geno Smith,Passer,11.469633821530664,54.67000000000001,7.23,1.1,4,1,37,6,2.95000004768372,1
2023111910,2375,Geno Smith,Passer,25.804980139500202,24.439999999999998,7.38,1.75,1,10,28,5,3.04999995231628,0
2023111910,3061,Drew Lock,Passer,17.992112160610827,44.2,7.84,2.57,3,9,37,6,3.66000008583069,0
2023111910,3280,Matthew Stafford,Passer,26.08181358724887,252.89000000000001,3.72,5.16,1,10,32,6,8.07999992370605,1
2023111910,4203,Geno Smith,Passer,9.299042961509533,169.14,3.29,2.48,2,10,38,5,3.5699999332428,1
2023111911,404,Joshua Dobbs,Passer,17.141718116921652,98.17999999999999,4.6,2.55,1,10,49,6,7.98999977111816,1
2023111911,1132,Joshua Dobbs,Passer,18.96945439384064,251.58000000000004,5.35,1.85,3,2,39,6,3.13000011444092,1
2023111911,1314,Russell Wilson,Passer,28.17836049169646,8.280000000000001,8.0,2.74,2,7,47,6,2.25,1
2023111911,1575,Joshua Dobbs,Passer,14.876242805224715,84.06,4.32,4.72,1,15,38,6,2.23000001907349,1
2023111911,2596,Joshua Dobbs,Passer,11.648150067714624,159.2,0.66,4.89,3,2,38,6,2.59999990463257,1
2023111911,3132,Russell Wilson,Passer,17.56462353709865,30.460000000000008,6.49,2.73,3,10,10,7,2.44000005722046,0
2023111911,3817,Russell Wilson,Passer,11.08623019786257,91.70999999999998,5.51,0.92,1,10,28,4,2.89000010490417,1
2023112000,352,Patrick Mahomes,Passer,12.41003626102679,85.07000000000001,6.22,3.15,3,7,36,5,2.07999992370605,1
2023112000,969,Jalen Hurts,Passer,20.0044620022634,128.22000000000003,3.15,6.55,1,10,39,6,2.44000005722046,1
2023112000,2446,Patrick Mahomes,Passer,11.632905913829095,124.23,1.94,4.33,2,10,29,7,1.79999995231628,1
2023112000,2544,Jalen Hurts,Passer,16.345718093739418,202.38,3.55,5.49,1,10,39,6,2.28999996185303,0
2023112000,3334,Patrick Mahomes,Passer,21.10663402819123,70.30000000000001,7.57,3.84,3,9,38,5,6.11999988555908,1
2023112000,3556,Jalen Hurts,Passer,19.873411886236347,97.53,7.33,3.38,3,5,45,5,4.26000022888184,1
2023112000,4150,Patrick Mahomes,Passer,30.198705270259527,51.099999999999966,8.93,1.92,2,10,49,5,5.78000020980835,0
2023112300,149,Jordan Love,Passer,15.976661102996461,41.73000000000002,4.34,4.9,2,10,10,6,2.50999999046326,1
2023112300,1853,Jared Goff,Passer,15.806482847237078,245.45,4.11,4.07,3,12,43,3,3.24000000953674,1
2023112300,1978,Jordan Love,Passer,9.747025187204553,11.139999999999986,7.13,1.28,2,10,49,6,2.5699999332428,1
2023112300,2212,Jordan Love,Passer,13.554648649079772,121.79,5.08,1.09,1,10,44,3,0.889999985694885,1
2023112300,2552,Jordan Love,Passer,9.505856089800643,156.83999999999997,2.76,2.07,1,10,25,7,8.0600004196167,1
2023112300,2821,Jared Goff,Passer,17.48847906480149,8.099999999999994,6.83,3.58,2,10,17,7,2.4300000667572,1
2023112300,4058,Jared Goff,Passer,10.051039747210222,117.04000000000002,3.99,2.86,4,1,33,5,1.74000000953674,1
2023112300,4272,Jared Goff,Passer,28.08342749736933,87.46999999999997,6.25,4.49,1,10,35,5,4.73999977111816,1
2023112301,217,Dak Prescott,Passer,25.565846357983144,137.6,4.47,6.12,1,10,15,6,3.42000007629395,1
2023112301,738,Dak Prescott,Passer,12.785245402416027,57.860000000000014,8.08,2.41,1,10,46,6,0.200000002980232,0
2023112301,1484,Sam Howell,Passer,26.22453240765219,22.189999999999998,7.92,4.33,1,10,25,6,3.61999988555908,0
2023112301,1777,Sam Howell,Passer,16.66144051395316,118.14999999999999,5.12,2.85,2,10,29,7,5.28999996185303,0
2023112301,2790,Sam Howell,Passer,10.193340963589902,266.09,6.55,0.48,1,10,34,6,2.50999999046326,1
2023112301,2944,Dak Prescott,Passer,22.43098303686221,61.25,7.36,4.14,2,11,16,6,3.40000009536743,0
2023112301,3142,Dak Prescott,Passer,14.570590241990889,211.98,4.41,2.37,2,4,35,7,7.15000009536743,1
2023112301,3831,Sam Howell,Passer,22.97438791350055,235.82,2.6,4.52,3,7,28,6,5.1100001335144,1
2023112302,89,Brock Purdy,Passer,34.1604039788759,83.99000000000001,7.78,1.94,1,10,43,7,1.41999995708466,0
2023112302,345,Geno Smith,Passer,19.749410117773134,24.879999999999995,6.1,4.06,2,9,32,7,1.82000005245209,0
2023112302,488,Brock Purdy,Passer,28.419424695091905,206.81,7.89,2.49,1,10,46,7,4.13000011444092,1
2023112302,862,Brock Purdy,Passer,3.668964431552865,133.41,0.36,0.87,2,8,17,6,2.42000007629395,1
2023112302,1333,Brock Purdy,Passer,19.02352753828795,22.389999999999986,6.2,5.01,1,10,42,6,0.189999997615814,1
2023112302,2256,Geno Smith,Passer,28.878244406473193,5.579999999999998,8.77,1.75,1,10,41,7,3.33999991416931,0
2023112302,2279,Geno Smith,Passer,14.094938807955149,79.41,3.91,3.09,2,10,41,4,2.44000005722046,1
2023112302,2398,Brock Purdy,Passer,11.422617913595818,209.20000000000002,4.92,5.62,2,10,4,7,2.07999992370605,0
2023112302,2538,Brock Purdy,Passer,22.790006581833183,121.27000000000001,7.92,1.19,3,6,29,4,2.74000000953674,0
2023112302,2625,Geno Smith,Passer,24.632062439024466,112.24000000000001,2.87,6.4,2,9,11,5,2.41000008583069,0
2023112302,3396,Brock Purdy,Passer,6.696043607982251,218.82,8.54,1.34,1,10,36,6,5.05000019073486,1
2023112400,1085,Tua Tagovailoa,Passer,18.069180944359385,124.49999999999997,5.0,4.75,3,5,45,6,3.57999992370605,1
2023112400,1660,Tim Boyle,Passer,21.765927501487276,40.83999999999999,3.74,4.33,1,15,17,7,3.10999989509583,1
2023112400,2145,Tua Tagovailoa,Passer,10.862310987998821,96.63,6.54,0.72,2,7,28,6,2.72000002861023,1
2023112400,2975,Tim Boyle,Passer,24.47805956361738,7.359999999999999,6.22,2.37,1,10,38,6,3.38000011444092,1
2023112400,3196,Tim Boyle,Passer,11.081263465868867,97.68,4.98,2.63,1,10,35,6,2.60999989509583,1
2023112400,3597,Tim Boyle,Passer,17.160142773298826,181.1,4.78,1.34,2,10,35,6,3.47000002861023,1
2023112400,3713,Tim Boyle,Passer,15.4835041253587,87.0,5.65,2.76,2,1,9,6,1.97000002861023,1
2023112600,843,Derek Carr,Passer,11.758082326638133,260.43,5.79,1.73,1,10,19,6,0.689999997615814,1
2023112600,1694,Derek Carr,Passer,14.120375349118738,1.5699999999999932,5.06,4.54,2,11,49,5,1.54999995231628,0
2023112600,1783,Derek Carr,Passer,23.959367687816812,20.28,6.21,5.49,1,20,34,6,2.97000002861023,1
2023112600,2323,Desmond Ridder,Passer,17.933078374891473,48.639999999999986,6.04,3.72,2,9,26,6,2.11999988555908,1
2023112600,4102,Derek Carr,Passer,24.192250825419276,109.17999999999999,4.09,3.88,1,10,42,5,3.27999997138977,1
2023112601,346,Kenny Pickett,Passer,10.48626721002283,81.13999999999999,7.77,1.66,3,1,38,7,4.3899998664856,1
2023112601,516,Kenny Pickett,Passer,23.45190823792385,120.71000000000001,7.59,0.34,2,2,15,6,2.89000010490417,0
2023112601,1440,Kenny Pickett,Passer,12.433861025441777,74.77000000000001,6.13,2.44,2,5,37,6,3.96000003814697,1
2023112601,1566,Jake Browning,Passer,16.251818359802087,157.19,5.61,5.35,1,10,48,6,0.970000028610229,0
2023112601,1709,Kenny Pickett,Passer,16.330003061849066,171.24,1.38,1.71,2,6,24,6,2.94000005722046,1
2023112601,2378,Kenny Pickett,Passer,13.10468618472034,213.10000000000002,3.82,3.53,3,4,48,6,2.3199999332428,1
2023112601,3558,Jake Browning,Passer,15.215902865094804,94.47000000000001,1.59,2.84,3,2,28,5,2.03999996185303,0
2023112602,342,Trevor Lawrence,Passer,23.4249653148089,0.7099999999999937,5.67,4.24,2,11,47,7,3.39000010490417,0
2023112602,1571,Trevor Lawrence,Passer,31.959795055663292,85.91999999999999,8.79,1.05,3,15,30,6,4.07000017166138,0
2023112602,2556,Trevor Lawrence,Passer,22.358376506356628,264.0,9.17,2.13,1,10,25,7,6.82999992370605,1
2023112602,2987,Trevor Lawrence,Passer,9.483295840582004,155.44,3.89,3.61,2,11,10,6,2.65000009536743,1
2023112602,3992,C.J. Stroud,Passer,15.316634747881134,21.02,6.21,2.62,3,4,38,6,3.26999998092651,1
2023112603,632,Gardner Minshew,Passer,21.66031624884549,12.060000000000002,4.37,5.0,2,2,42,7,2.66000008583069,1
2023112603,727,Gardner Minshew,Passer,21.941959803080486,73.80000000000001,5.74,1.03,2,10,19,5,2.77999997138977,0
2023112603,813,Baker Mayfield,Passer,14.86319279293652,226.35000000000002,5.5,2.96,1,10,25,6,0.990000009536743,1
2023112603,876,Baker Mayfield,Passer,24.383619501624445,140.76,1.66,7.47,1,10,36,8,6.86999988555908,0
2023112603,1329,Gardner Minshew,Passer,14.752711615157397,65.5,7.16,2.81,1,10,15,6,0.709999978542328,1
2023112603,1667,Baker Mayfield,Passer,17.54200102610874,116.86000000000001,3.89,1.58,2,7,13,6,2.48000001907349,1
2023112603,2740,Baker Mayfield,Passer,13.180003793626163,114.28,4.53,2.91,3,17,47,3,2.48000001907349,1
2023112603,2983,Gardner Minshew,Passer,11.370809118088301,264.71000000000004,8.69,0.38,4,6,40,6,5.30000019073486,0
2023112604,270,Mac Jones,Passer,17.805268883114348,100.08999999999997,5.61,4.88,3,7,29,5,1.71000003814697,0
2023112604,656,Mac Jones,Passer,19.99301127894445,45.75,5.72,1.1,3,7,37,6,1.9099999666214,0
2023112604,786,Tommy DeVito,Passer,20.327124735190658,124.91000000000001,5.08,4.86,1,10,18,5,1.91999995708466,1
2023112604,2799,Bailey Zappe,Passer,5.098637072787195,129.68,4.61,2.32,3,8,32,6,3.42000007629395,1
2023112604,3574,Tommy DeVito,Passer,22.198779245715293,196.47000000000003,3.39,3.34,2,7,25,6,1.61000001430511,1
2023112604,3715,Bailey Zappe,Passer,17.318998238928256,73.49999999999999,6.8,1.12,4,4,44,6,2.42000007629395,1
2023112605,87,Will Levis,Passer,16.53612106873918,143.28999999999996,3.61,2.69,1,10,39,4,2.86999988555908,0
2023112605,1691,Bryce Young,Passer,12.856784201346771,165.53,3.11,3.63,2,10,20,4,1.11000001430511,1
2023112605,2059,Will Levis,Passer,15.865449883315636,129.74,6.93,0.22,3,1,47,2,2.91000008583069,1
2023112605,2665,Will Levis,Passer,24.922937226579055,34.64,7.9,0.44,3,8,38,5,5.05999994277954,0
2023112605,2796,Bryce Young,Passer,14.727161980503915,156.25000000000003,3.96,2.48,2,17,19,5,1.24000000953674,1
2023112605,3074,Will Levis,Passer,16.19971913336771,79.40000000000003,4.49,2.09,3,4,45,6,2.20000004768372,0
2023112605,3432,Will Levis,Passer,18.853805981817043,132.73000000000002,7.96,1.62,3,5,47,6,4.42000007629395,0
2023112606,435,Kyler Murray,Passer,12.531081357967468,207.58,6.03,2.14,1,10,44,6,5.96999979019165,1
2023112606,2046,Matthew Stafford,Passer,22.51975355104935,11.030000000000001,6.07,3.96,2,4,43,6,3.52999997138977,0
2023112606,2349,Kyler Murray,Passer,24.089236185483344,34.53999999999999,8.61,0.17,3,7,28,6,4.40000009536743,0
2023112606,2559,Kyler Murray,Passer,32.43657811792114,271.35999999999996,7.99,3.45,3,37,11,4,3.0699999332428,1
2023112606,2938,Kyler Murray,Passer,13.949401420849567,153.17,3.67,4.97,3,6,38,6,2.40000009536743,0
2023112606,3155,Matthew Stafford,Passer,14.829649355261234,45.209999999999994,6.82,3.77,3,5,23,6,3.42000007629395,1
2023112606,4230,Kyler Murray,Passer,16.9083943649301,199.08999999999997,5.2,1.94,1,10,33,5,4.28000020980835,1
2023112606,4280,Kyler Murray,Passer,19.008550707510558,11.380000000000024,6.74,4.58,3,1,42,5,3.40000009536743,1
2023112606,4330,Kyler Murray,Passer,25.164232553368286,3.509999999999998,6.17,3.91,2,17,39,4,3.98000001907349,1
2023112606,4355,Kyler Murray,Passer,27.222022334867045,13.38000000000001,7.45,0.81,3,7,29,5,4.13000011444092,0
2023112607,82,Dorian Thompson-Robinson,Passer,11.557633840886293,185.88,6.39,1.2,2,7,28,6,2.20000004768372,1
2023112607,2492,Dorian Thompson-Robinson,Passer,21.955609761516527,60.349999999999994,6.88,1.0,3,8,23,7,6.48000001907349,1
2023112607,3810,P.J. Walker,Passer,24.69788857372225,54.610000000000014,7.45,5.49,1,10,45,6,4.76000022888184,1
2023112607,4287,P.J. Walker,Passer,17.671134655137454,302.06,6.26,0.88,3,20,30,4,5.07999992370605,1
2023112607,4447,P.J. Walker,Passer,17.654022204585566,94.10000000000002,6.03,4.69,1,10,5,5,2.27999997138977,0
2023112608,1774,Aidan O'Connell,Passer,16.804314922066897,247.98999999999995,4.29,4.36,1,10,27,5,3.71000003814697,0
2023112608,1996,Patrick Mahomes,Passer,12.596622563211136,148.64999999999998,6.02,2.28,1,10,35,5,3.89000010490417,1
2023112608,2021,Patrick Mahomes,Passer,12.392921366651208,103.97,5.34,2.46,2,9,34,6,1.66999995708466,1
2023112608,2243,Patrick Mahomes,Passer,19.181566672198596,4.150000000000006,6.1,2.0,2,8,42,6,2.90000009536743,0
2023112608,2650,Patrick Mahomes,Passer,16.719739830511717,203.51,4.36,0.8,1,20,47,6,6.32000017166138,1
2023112609,1032,Josh Allen,Passer,19.51993852449336,90.93,4.22,3.02,2,4,31,6,2.9300000667572,1
2023112609,1107,Josh Allen,Passer,11.85677865189361,97.14999999999999,5.19,4.41,2,2,49,6,3.00999999046326,1
2023112609,1279,Josh Allen,Passer,15.32626829988305,36.379999999999995,5.02,2.99,3,10,33,6,2.5,1
2023112609,1742,Josh Allen,Passer,5.9594966230378885,180.83999999999997,3.78,1.31,2,13,2,6,2.77999997138977,1
2023112609,2030,Josh Allen,Passer,19.48428084379816,33.69,2.46,5.31,2,10,33,6,1.8400000333786,1
2023112609,2377,Josh Allen,Passer,7.45546779216435,190.04000000000002,3.27,2.07,1,10,36,6,3.53999996185303,0
2023112609,2815,Josh Allen,Passer,15.6367675687784,16.789999999999964,6.36,3.01,3,4,40,5,3.04999995231628,1
2023112609,2845,Josh Allen,Passer,8.555986208497531,201.08,1.38,2.17,1,10,30,6,6.38000011444092,0
2023112609,2891,Josh Allen,Passer,22.482571027353615,57.170000000000016,6.96,3.56,3,10,30,6,3.39000010490417,0
2023112609,3545,Jalen Hurts,Passer,22.093919978129726,107.49000000000001,7.4,3.13,2,5,15,7,2.3199999332428,1
2023112609,4247,Josh Allen,Passer,10.633461336742606,128.81,6.46,1.51,3,4,7,7,0.860000014305115,1
2023112609,4311,Jalen Hurts,Passer,28.512321897733965,131.99,2.56,3.84,1,10,25,6,5.09999990463257,1
2023112609,4366,Jalen Hurts,Passer,19.123077681168375,195.27,4.01,4.67,1,10,38,6,3.59999990463257,1
2023112609,4804,Josh Allen,Passer,20.20151479468805,20.430000000000007,5.51,0.06,2,9,26,7,2.78999996185303,0
2023112609,4827,Josh Allen,Passer,17.520439492204527,188.17,4.83,2.95,3,9,26,6,2.49000000953674,1
2023112609,4880,Josh Allen,Passer,25.528815091970092,100.55,4.64,5.58,2,9,40,6,3.75,0
2023112609,5048,Josh Allen,Passer,20.344576672912133,3.9299999999999926,7.21,4.06,3,6,22,6,4.76999998092651,0
2023112609,5135,Jalen Hurts,Passer,8.593305533960725,139.01000000000002,4.82,2.67,2,2,33,6,3.92000007629395,1
2023112609,5160,Jalen Hurts,Passer,20.924323167070426,68.66999999999999,5.32,4.09,1,10,37,6,3.26999998092651,0
2023112609,5183,Jalen Hurts,Passer,24.14479032835034,61.23000000000002,7.27,4.97,2,10,37,6,4.30000019073486,1
2023112609,5235,Jalen Hurts,Passer,18.273220843627975,183.54999999999998,4.12,4.41,2,3,39,6,3.41000008583069,0
2023112609,5258,Jalen Hurts,Passer,15.807634231598353,33.99000000000001,4.54,2.27,3,3,39,6,1.99000000953674,1
2023112610,1204,Justin Herbert,Passer,29.200063356095647,39.72999999999999,9.29,2.2,2,17,13,6,5.01000022888184,0
2023112610,1587,Justin Herbert,Passer,12.879208050186925,157.84,1.14,4.82,2,7,30,6,2.97000002861023,1
2023112610,2329,Justin Herbert,Passer,27.928259881345994,48.109999999999985,3.03,5.32,2,8,27,6,2.72000002861023,1
2023112610,3349,Lamar Jackson,Passer,27.509812794710182,78.41000000000001,7.44,1.05,3,5,28,6,1.67999994754791,0
2023112610,3487,Justin Herbert,Passer,14.410031228279832,165.94000000000003,6.22,1.91,2,4,12,6,3.94000005722046,1
2023112610,4244,Justin Herbert,Passer,26.486347426551667,32.72999999999996,6.59,1.46,4,19,37,6,6.78000020980835,0
2023112700,608,Justin Fields,Passer,14.497810179471937,190.54000000000002,3.55,5.22,2,27,45,4,1.92999994754791,1
2023112700,890,Joshua Dobbs,Passer,25.331896889100115,52.19999999999999,7.57,4.26,2,12,35,6,2.76999998092651,0
2023112700,986,Justin Fields,Passer,11.608867300473378,93.91999999999999,6.25,1.5,2,15,43,4,1.94000005722046,1
2023112700,1419,Joshua Dobbs,Passer,14.815809124040442,83.23999999999998,6.05,1.77,1,10,31,7,3.47000002861023,1
2023112700,2516,Joshua Dobbs,Passer,8.474178426254666,6.719999999999999,7.79,3.83,3,6,47,5,3.70000004768372,1
2023112700,2541,Joshua Dobbs,Passer,19.066360428776125,144.92,5.66,2.12,4,3,44,6,3.57999992370605,0
2023112700,2641,Justin Fields,Passer,24.786064633176437,103.82999999999998,6.13,5.27,3,3,49,5,5.01000022888184,1
2023113000,3560,Geno Smith,Passer,22.119188502293657,15.069999999999993,6.9,4.88,3,7,28,6,3.04999995231628,0
2023113000,4385,Dak Prescott,Passer,28.290954384749902,78.82999999999998,4.25,5.67,1,10,28,6,4.23000001907349,0
2023113000,4408,Dak Prescott,Passer,17.652628699431702,139.62,5.66,3.88,2,10,28,6,1.26999998092651,1
2023113000,4523,Dak Prescott,Passer,19.243214388453925,45.809999999999995,7.22,3.61,2,7,12,5,1.92999994754791,1
2023113000,4585,Geno Smith,Passer,24.708095839218366,146.60000000000002,3.83,6.21,1,10,25,6,3.0,1
2023113000,4655,Geno Smith,Passer,14.260101682666923,76.55999999999997,2.32,4.36,3,4,49,6,2.20000004768372,0
2023113000,4678,Geno Smith,Passer,20.938598329401135,1.1399999999999864,7.9,1.2,4,4,49,6,4.96000003814697,0
2023113000,4812,Dak Prescott,Passer,25.217622806283703,95.52,4.57,4.59,3,3,14,7,3.75999999046326,0
2023113000,4885,Geno Smith,Passer,28.893108174787972,8.939999999999998,5.25,7.21,1,10,25,5,4.46000003814697,1
2023113000,4915,Geno Smith,Passer,13.40123128671392,96.65,4.35,2.4,1,10,42,5,3.65000009536743,1
2023113000,4940,Geno Smith,Passer,17.480257435175268,307.44,5.65,4.66,2,2,50,4,3.39000010490417,0
2023113000,4963,Geno Smith,Passer,10.4318598533531,312.65999999999997,8.09,1.18,3,2,50,4,3.41000008583069,0
2023120300,1247,Justin Herbert,Passer,18.786079952986462,44.620000000000005,7.08,0.91,2,6,20,5,3.16000008583069,0
2023120300,1926,Justin Herbert,Passer,26.263194779005843,54.60000000000002,7.28,1.02,2,3,20,6,2.98000001907349,0
2023120300,2134,Justin Herbert,Passer,20.493516047764967,90.22,5.22,1.52,3,10,25,4,5.03000020980835,0
2023120301,806,Jared Goff,Passer,8.358193584740667,76.91999999999999,6.2,2.92,1,10,34,7,5.15000009536743,1
2023120301,1373,Derek Carr,Passer,12.876431959203604,103.95999999999998,0.6,0.82,2,11,41,6,3.27999997138977,0
2023120301,2467,Derek Carr,Passer,16.17833427766901,58.78,3.53,1.55,2,9,32,5,2.74000000953674,1
2023120301,2673,Jared Goff,Passer,21.127302241412654,166.45999999999998,4.48,5.16,3,15,22,5,2.25999999046326,1
2023120301,4165,Jared Goff,Passer,11.536624289626491,253.92000000000002,8.04,1.99,3,9,46,7,6.82999992370605,1
2023120302,395,Desmond Ridder,Passer,9.509616185735366,31.22,6.01,2.78,1,10,45,6,2.53999996185303,0
2023120302,1246,Desmond Ridder,Passer,21.63773786697676,99.12,7.76,0.74,2,7,20,8,4.94000005722046,1
2023120302,2554,Tim Boyle,Passer,25.89707705514273,101.72,6.17,2.25,2,16,34,6,5.67999982833862,0
2023120302,2746,Desmond Ridder,Passer,8.4105172254743,113.62999999999997,6.22,1.44,3,4,31,7,3.39000010490417,1
2023120302,3463,Desmond Ridder,Passer,23.43246039151672,127.24000000000001,3.02,1.46,3,6,36,6,6.73999977111816,1
2023120302,3588,Trevor Siemian,Passer,23.51030625066377,210.43,5.77,3.6,1,10,19,7,7.1100001335144,1
2023120302,4415,Trevor Siemian,Passer,18.505126316780448,17.710000000000008,6.71,1.29,2,10,7,4,4.86999988555908,0
2023120302,4472,Trevor Siemian,Passer,30.05400805217167,230.97,7.93,2.01,1,10,12,5,3.77999997138977,1
2023120302,4502,Trevor Siemian,Passer,24.624296944278438,22.989999999999952,8.2,1.86,1,10,37,4,3.13000011444092,0
2023120303,75,Kenny Pickett,Passer,15.839823231336894,199.93,3.52,2.9,1,10,24,6,0.889999985694885,1
2023120303,122,Kenny Pickett,Passer,30.221709084696055,81.78999999999999,8.45,4.17,2,1,46,7,4.69000005722046,1
2023120303,1378,Kenny Pickett,Passer,17.039442479142327,88.28999999999999,5.1,4.82,2,8,43,6,3.30999994277954,1
2023120303,1472,Kenny Pickett,Passer,15.048468360600692,138.57000000000002,2.82,2.97,3,3,15,5,2.86999988555908,1
2023120303,2362,Mitchell Trubisky,Passer,16.99400188301743,195.06999999999996,2.31,4.46,3,9,8,6,3.48000001907349,1
2023120303,3226,Kyler Murray,Passer,19.98064063037019,32.05,6.5,1.85,3,12,43,7,3.07999992370605,1
2023120304,254,Baker Mayfield,Passer,14.085471238123345,58.08000000000001,6.28,2.84,3,13,49,5,1.79999995231628,0
2023120304,1905,Baker Mayfield,Passer,22.646882787703923,28.349999999999966,5.88,4.28,2,4,37,5,3.33999991416931,0
2023120304,2618,Baker Mayfield,Passer,17.520345316231637,145.73999999999998,3.79,4.35,2,10,31,4,2.83999991416931,1
2023120304,4206,Baker Mayfield,Passer,17.202011510285647,113.18000000000004,4.57,3.16,2,8,45,8,1.66999995708466,1
2023120305,1112,Will Levis,Passer,20.00494438882547,63.849999999999994,6.3,3.73,3,6,6,6,2.77999997138977,0
2023120305,1985,Gardner Minshew,Passer,9.841920544284024,227.72999999999996,6.4,2.51,1,10,23,6,1.98000001907349,1
2023120305,2107,Gardner Minshew,Passer,22.999871738772804,71.28999999999999,8.47,0.65,1,10,48,7,9.53999996185303,1
2023120305,2416,Gardner Minshew,Passer,15.22725188601016,191.6,1.02,3.27,2,10,33,5,2.57999992370605,1
2023120305,2601,Gardner Minshew,Passer,18.088692600627613,249.07,5.74,4.29,1,10,25,6,2.28999996185303,1
2023120305,3282,Will Levis,Passer,28.47233745234136,16.640000000000043,8.38,5.63,1,10,30,6,2.09999990463257,0
2023120305,4166,Will Levis,Passer,14.734788766724817,180.49,2.17,4.08,2,12,30,5,2.59999990463257,0
2023120305,4370,Will Levis,Passer,22.367192492577157,35.09000000000002,7.71,5.14,2,10,21,5,3.11999988555908,1
2023120305,4440,Will Levis,Passer,17.163053341407526,82.45999999999998,5.98,5.88,1,10,43,5,2.70000004768372,1
2023120305,4928,Will Levis,Passer,11.8309974220266,30.689999999999998,6.07,3.99,1,10,38,7,2.41000008583069,1
2023120305,5057,Gardner Minshew,Passer,15.224664199909308,192.46999999999997,3.31,3.73,1,10,25,6,2.40000009536743,1
2023120305,5186,Gardner Minshew,Passer,16.662295760188634,76.25,5.72,4.02,2,4,4,8,1.29999995231628,1
2023120306,1196,Sam Howell,Passer,19.83151532283905,76.53999999999999,8.0,1.8,3,7,34,5,4.57999992370605,1
2023120306,1480,Tua Tagovailoa,Passer,25.25551226960166,29.889999999999993,9.34,2.49,3,7,40,6,3.97000002861023,1
2023120306,2564,Sam Howell,Passer,26.618461638494438,260.98,7.33,1.11,1,10,20,7,9.26000022888184,0
2023120306,2776,Tua Tagovailoa,Passer,32.44553898458153,1.3000000000000114,8.33,5.39,3,12,23,4,5.17999982833862,0
2023120306,3051,Tua Tagovailoa,Passer,6.3502125948664085,103.47,7.33,0.07,2,3,50,6,0.610000014305115,1
2023120307,265,C.J. Stroud,Passer,12.53652663220559,114.49,6.26,0.6,1,10,20,7,0.959999978542328,1
2023120307,495,C.J. Stroud,Passer,29.60102869834087,8.629999999999995,9.96,0.13,1,10,22,7,6.90000009536743,1
2023120307,1324,C.J. Stroud,Passer,17.314424622262216,66.50999999999999,7.87,2.33,2,11,8,6,5.98000001907349,1
2023120307,1450,C.J. Stroud,Passer,15.582740452179774,12.069999999999993,7.27,0.1,3,2,40,6,2.3199999332428,0
2023120307,2443,Russell Wilson,Passer,9.643038940085216,145.95,2.93,2.0,2,8,26,7,7.11999988555908,1
2023120307,2468,Russell Wilson,Passer,7.366525639675738,131.31,6.12,1.92,3,3,31,6,2.75999999046326,1
2023120307,3329,C.J. Stroud,Passer,28.111296661662557,31.560000000000002,7.08,3.78,3,17,18,4,4.82000017166138,0
2023120308,241,Joe Flacco,Passer,21.546166712434026,70.22,7.17,1.91,2,4,24,7,9.90999984741211,1
2023120308,363,Matthew Stafford,Passer,19.662497298156204,155.94,3.45,3.85,1,10,38,7,2.02999997138977,1
2023120308,483,Matthew Stafford,Passer,15.836729460339974,16.02000000000001,2.01,4.8,3,7,26,7,4.32999992370605,0
2023120308,649,Matthew Stafford,Passer,14.887645885095464,208.43,8.42,2.26,1,10,21,6,1.83000004291534,1
2023120308,1230,Joe Flacco,Passer,18.528707456269043,26.5,6.91,3.4,2,16,38,5,2.53999996185303,1
2023120308,1816,Matthew Stafford,Passer,18.914386059293594,91.52000000000001,5.01,5.01,3,7,41,5,3.79999995231628,0
2023120308,2884,Joe Flacco,Passer,17.8725627709067,28.860000000000014,1.86,1.73,3,4,45,5,4.3600001335144,1
2023120308,3562,Joe Flacco,Passer,25.788348144074682,118.97,2.46,6.82,2,10,36,5,3.3199999332428,1
2023120308,4254,Joe Flacco,Passer,16.790592604193577,87.63000000000001,3.24,4.75,4,5,30,5,4.11999988555908,0
2023120308,4279,Matthew Stafford,Passer,24.132096883611254,284.04999999999995,8.4,2.92,1,10,30,7,8.21000003814697,1
2023120309,3077,Brock Purdy,Passer,22.34155097570444,56.31999999999999,4.57,4.22,3,9,44,6,2.61999988555908,1
2023120309,4090,Jalen Hurts,Passer,29.435327414520124,50.22,8.46,1.54,4,12,30,5,4.3899998664856,0
2023120310,303,Jordan Love,Passer,15.668417278078856,127.50999999999999,3.85,4.78,3,4,14,6,2.95000004768372,1
2023120310,970,Jordan Love,Passer,15.304917510395146,83.28999999999999,8.0,2.27,2,5,9,6,6.5,0
2023120310,1079,Patrick Mahomes,Passer,7.176517261178994,118.82000000000001,5.96,1.55,2,9,26,6,2.16000008583069,1
2023120310,1151,Patrick Mahomes,Passer,17.365719104027914,148.31,6.42,1.97,2,8,38,5,8.3100004196167,1
2023120310,2231,Jordan Love,Passer,21.985379232571812,180.67000000000002,2.9,6.08,3,8,49,6,3.78999996185303,1
2023120310,2696,Patrick Mahomes,Passer,13.146623140563511,25.069999999999993,3.84,5.31,3,2,2,6,3.39000010490417,1
2023120310,2888,Jordan Love,Passer,20.966041591106322,0.4299999999999926,6.76,1.95,1,16,41,7,4.44999980926514,0
2023120310,4024,Patrick Mahomes,Passer,23.382493451298135,252.28,4.36,4.64,3,2,42,6,3.26999998092651,1
2023120400,502,Jake Browning,Passer,18.314071093014793,142.25,1.49,1.68,1,10,16,6,0.140000000596046,1
2023120400,864,Jake Browning,Passer,23.333163094617074,10.730000000000018,7.65,4.15,3,4,14,7,3.65000009536743,1
2023120400,1060,Trevor Lawrence,Passer,13.241246164919673,88.75,6.1,1.63,1,10,25,7,8.80000019073486,1
2023120400,1284,Trevor Lawrence,Passer,22.331417330747275,44.879999999999995,7.91,1.73,2,10,43,6,1.98000001907349,1
2023120400,1547,Jake Browning,Passer,22.089411490576204,40.70999999999998,6.32,5.57,3,5,29,6,3.83999991416931,1
2023120400,2409,Trevor Lawrence,Passer,9.437160589923222,142.25,3.02,1.04,1,10,15,7,1.99000000953674,1
2023120400,2589,Trevor Lawrence,Passer,8.515515251586361,233.61,8.87,1.72,2,7,7,7,1.51999998092651,1
2023120400,3931,C.J. Beathard,Passer,13.231364253167545,279.08000000000004,3.37,3.08,1,10,28,5,2.48000001907349,1
2023120400,4214,C.J. Beathard,Passer,10.391621625136276,240.59,4.83,1.83,2,8,27,6,3.27999997138977,1
2023120400,4323,C.J. Beathard,Passer,22.287586230904413,178.69000000000003,1.03,6.21,2,14,48,6,4.30000019073486,1
2023120400,4462,Jake Browning,Passer,26.9928323819491,101.89000000000001,4.99,5.68,2,8,30,6,2.11999988555908,1
2023120400,4548,Jake Browning,Passer,24.612145375809884,280.57000000000005,5.61,5.13,3,10,47,7,4.57000017166138,1
2023120400,4605,Jake Browning,Passer,17.832871333579455,75.99,0.9,0.97,2,9,41,7,0.119999997317791,1
2023120700,1094,Bailey Zappe,Passer,18.63949570133269,73.12,6.5,4.39,2,7,8,6,3.3199999332428,1
2023120700,1205,Mitchell Trubisky,Passer,23.211025397426976,61.86,6.46,5.4,3,8,27,5,3.48000001907349,0
2023120700,1312,Bailey Zappe,Passer,16.111368656945317,77.28,5.26,3.13,3,11,27,6,3.91000008583069,1
2023120700,1508,Bailey Zappe,Passer,14.375103477888425,105.23000000000002,6.35,2.48,3,3,48,6,2.33999991416931,1
2023120700,2217,Mitchell Trubisky,Passer,11.018570687707186,77.63999999999999,4.96,2.51,1,10,17,6,4.11999988555908,1
2023120700,2569,Bailey Zappe,Passer,18.550970325026125,114.62,0.88,1.02,1,20,26,6,1.72000002861023,1
2023120700,3370,Mitchell Trubisky,Passer,11.805884126146587,154.88,6.62,1.62,1,10,20,6,2.73000001907349,1
2023121000,2582,Desmond Ridder,Passer,21.582226483845453,247.19,5.35,4.85,3,11,30,6,3.5,0
2023121000,4291,Desmond Ridder,Passer,12.91342324869745,255.06,4.36,0.54,1,10,25,4,1.66999995708466,1
2023121000,4316,Desmond Ridder,Passer,30.25115039134875,51.71999999999997,6.6,5.02,2,1,34,4,4.94000005722046,1
2023121001,481,Matthew Stafford,Passer,21.256989438770486,92.41,4.4,2.51,3,9,9,6,6.82999992370605,0
2023121001,4170,Lamar Jackson,Passer,20.644110540296957,115.29000000000002,4.31,4.7,1,10,50,4,2.32999992370605,1
2023121001,4266,Lamar Jackson,Passer,12.69039400491569,139.41000000000003,7.03,0.38,2,10,25,6,4.92000007629395,1
2023121001,4466,Matthew Stafford,Passer,24.964138278738968,28.480000000000004,4.75,5.06,2,10,25,5,5.17999982833862,1
2023121001,4496,Matthew Stafford,Passer,23.69601654287066,8.89,7.47,4.48,1,10,44,6,3.5699999332428,1
2023121001,4521,Matthew Stafford,Passer,8.081584003151857,136.3,4.31,2.84,1,10,22,6,4.32999992370605,1
2023121001,4750,Lamar Jackson,Passer,27.007778509162865,10.930000000000007,7.03,0.89,2,6,29,6,2.13000011444092,0
2023121001,4859,Matthew Stafford,Passer,12.068458890844349,181.28999999999996,6.0,1.98,2,4,31,6,7.6100001335144,0
2023121001,4906,Matthew Stafford,Passer,11.572955542989007,102.51,3.01,3.48,3,9,26,6,6.28999996185303,0
2023121002,1328,Jared Goff,Passer,20.55898830195688,66.26000000000002,5.85,4.06,4,3,38,6,3.23000001907349,1
2023121002,1592,Jared Goff,Passer,11.05434303791953,103.51999999999998,5.46,2.82,2,6,49,6,4.86999988555908,1
2023121002,3474,Justin Fields,Passer,21.347154377106094,51.81,7.1,4.44,2,6,26,6,1.62999999523163,0
2023121002,3800,Jared Goff,Passer,12.375883806823653,231.29999999999998,2.51,4.17,1,10,31,6,1.49000000953674,1
2023121002,3948,Justin Fields,Passer,26.765457216345098,243.59,6.4,1.56,2,8,40,6,3.42000007629395,0
2023121003,76,Gardner Minshew,Passer,14.058164887352833,144.61,4.98,2.12,2,17,18,5,2.07999992370605,1
2023121003,954,Jake Browning,Passer,27.032262206482088,83.49999999999997,8.11,4.71,1,10,16,6,3.42000007629395,0
2023121003,1299,Gardner Minshew,Passer,8.073722809212612,201.14,5.81,2.04,2,14,17,6,2.74000000953674,0
2023121003,2233,Jake Browning,Passer,14.750416943259607,46.360000000000014,4.51,5.4,2,8,11,7,1.75,1
2023121003,3728,Gardner Minshew,Passer,7.148573284229518,211.95,4.35,0.82,2,17,40,6,3.51999998092651,0
2023121004,1029,Trevor Lawrence,Passer,12.408001450676903,262.65,3.8,3.4,2,9,23,6,2.23000001907349,1
2023121004,4556,Joe Flacco,Passer,20.563161235568813,48.74000000000001,6.82,0.27,1,10,45,8,3.76999998092651,0
2023121004,4601,Joe Flacco,Passer,26.881594074756805,110.85,7.0,3.92,3,7,42,5,3.69000005722046,0
2023121004,4642,Trevor Lawrence,Passer,19.982404760188402,280.68,6.3,4.39,1,10,20,6,2.41000008583069,1
2023121004,4672,Trevor Lawrence,Passer,12.575412518084645,181.74,2.18,5.24,1,10,31,6,2.21000003814697,0
2023121004,4711,Trevor Lawrence,Passer,21.16002126652996,3.7199999999999704,6.08,3.78,2,10,31,6,3.28999996185303,0
2023121004,4758,Trevor Lawrence,Passer,16.197002809161948,257.88,7.61,4.03,4,3,38,6,2.26999998092651,0
2023121004,4841,Joe Flacco,Passer,21.44939393083171,92.33,3.89,4.5,3,10,37,6,2.1800000667572,0
2023121004,4929,Trevor Lawrence,Passer,8.052459251682059,253.05999999999997,4.91,1.01,2,5,30,4,3.14000010490417,1
2023121004,4962,Trevor Lawrence,Passer,10.770329614269011,246.32,5.59,1.56,1,10,48,4,3.71000003814697,1
2023121004,4994,Trevor Lawrence,Passer,9.967010584924651,231.93,5.6,0.68,1,10,40,4,2.10999989509583,1
2023121004,5019,Trevor Lawrence,Passer,29.83550234200859,58.140000000000015,8.54,2.13,2,1,31,4,4.17999982833862,0
2023121004,5117,Trevor Lawrence,Passer,15.336283774109035,242.05,6.03,2.59,1,2,2,8,2.28999996185303,0
2023121004,5147,Trevor Lawrence,Passer,16.53621782633502,88.25000000000003,3.95,4.29,2,2,2,8,3.0699999332428,0
2023121004,5170,Trevor Lawrence,Passer,12.18172812042692,107.54999999999998,4.96,2.84,3,2,2,7,1.70000004768372,1
2023121005,86,Bryce Young,Passer,23.363514290448684,3.8700000000000045,6.95,3.26,2,7,18,7,1.51999998092651,0
2023121005,1073,Bryce Young,Passer,14.95551069004332,85.88999999999999,6.09,3.69,1,10,47,7,0.639999985694885,0
2023121005,2022,Bryce Young,Passer,28.252752078337434,75.69999999999999,8.34,2.15,2,10,45,4,3.6800000667572,0
2023121005,2288,Derek Carr,Passer,29.513740867602674,48.019999999999996,8.95,0.47,3,14,44,5,5.09000015258789,0
2023121005,2368,Bryce Young,Passer,7.8994936546591354,80.86,7.33,0.59,2,10,14,6,5.63000011444092,1
2023121005,2473,Bryce Young,Passer,24.310962547789007,0.9300000000000068,7.64,4.62,3,6,28,6,3.91000008583069,1
2023121006,555,C.J. Stroud,Passer,17.298037460937586,226.18,6.41,4.25,3,4,26,6,3.51999998092651,1
2023121006,1756,Zach Wilson,Passer,13.74838172295198,72.44999999999999,4.93,1.59,3,9,47,6,1.37999999523163,0
2023121006,2232,Zach Wilson,Passer,12.530255384468429,278.63,7.64,0.77,1,10,15,6,4.05000019073486,1
2023121006,3136,Zach Wilson,Passer,12.894595767219693,30.19999999999999,5.62,1.24,3,3,32,6,3.24000000953674,1
2023121006,3394,C.J. Stroud,Passer,20.450980416596167,248.26,5.21,4.8,2,10,25,6,3.67000007629395,1
2023121007,2198,Aidan O'Connell,Passer,13.733324433654076,166.99,0.71,0.46,1,10,11,7,0.610000014305115,1
2023121007,3341,Nick Mullens,Passer,19.271538599707085,257.03000000000003,6.35,1.25,3,17,49,6,2.8199999332428,1
2023121007,3552,Nick Mullens,Passer,21.66906781566756,267.32,7.32,3.31,3,7,29,4,2.28999996185303,1
2023121008,2082,Brock Purdy,Passer,15.675828526747798,90.89999999999998,4.95,3.67,1,20,33,5,0.819999992847443,1
2023121008,3027,Drew Lock,Passer,19.55967791145857,112.16999999999999,6.04,3.15,1,19,11,4,2.27999997138977,1
2023121009,106,Patrick Mahomes,Passer,19.895853839430966,84.32,6.43,3.33,1,10,37,6,1.91999995708466,1
2023121009,153,Patrick Mahomes,Passer,27.177847596894047,290.86,6.15,3.45,1,10,49,6,5.3899998664856,0
2023121009,1272,Patrick Mahomes,Passer,24.5525253283649,238.27,7.44,4.53,2,18,22,6,4.51999998092651,0
2023121009,1612,Josh Allen,Passer,9.79090394192487,143.60000000000002,6.15,3.17,2,15,32,5,3.35999989509583,1
2023121009,2056,Josh Allen,Passer,28.17228425243505,16.170000000000016,8.68,0.46,2,5,30,6,3.34999990463257,0
2023121009,4362,Patrick Mahomes,Passer,26.934487186504963,80.66999999999999,7.63,3.39,2,3,32,4,2.89000010490417,1
2023121010,1051,Justin Herbert,Passer,14.439293611531,324.5,6.04,1.61,2,5,18,6,9.06999969482422,1
2023121010,1911,Russell Wilson,Passer,9.563895649786234,216.20999999999998,6.0,0.69,1,10,30,6,1.99000000953674,1
2023121010,1991,Russell Wilson,Passer,21.52491579542183,50.53,7.72,1.67,2,1,50,6,3.94000005722046,0
2023121010,2797,Easton Stick,Passer,21.759967830858574,29.72999999999999,6.11,5.68,3,4,31,6,4.15000009536743,0
2023121010,3945,Russell Wilson,Passer,16.95717252374346,112.46000000000001,5.08,2.81,3,1,10,9,2.49000000953674,1
2023121010,4141,Easton Stick,Passer,33.6843287004506,92.25,7.57,0.78,3,17,44,6,4.76999998092651,0
2023121011,1035,Dak Prescott,Passer,17.42605233551191,114.13,3.92,4.64,1,20,42,6,4.09000015258789,0
2023121011,2721,Dak Prescott,Passer,24.605027941459447,66.85,7.28,1.19,2,9,38,6,1.70000004768372,0
2023121011,3342,Jalen Hurts,Passer,19.23197857735912,128.34,6.28,5.45,1,10,25,7,3.23000001907349,1
2023121011,3528,Jalen Hurts,Passer,14.019304547658571,232.95999999999998,8.33,1.01,4,8,30,6,6.42999982833862,1
2023121011,3595,Dak Prescott,Passer,11.329947043124253,50.23000000000002,6.95,3.3,2,7,32,6,5.55999994277954,1
2023121011,4006,Jalen Hurts,Passer,17.42313404643378,130.73999999999998,4.04,4.93,1,10,47,6,2.74000000953674,1
2023121100,2573,Will Levis,Passer,15.182058490204817,324.46,6.3,3.83,3,5,30,5,3.61999988555908,1
2023121100,2734,Tua Tagovailoa,Passer,15.134226111697947,160.70000000000002,5.68,1.53,2,4,15,6,1.48000001907349,0
2023121100,4299,Will Levis,Passer,22.52502830186901,64.17,7.01,3.58,2,2,26,5,4.94999980926514,1
2023121100,4334,Will Levis,Passer,8.203810090439688,151.08999999999997,3.63,1.53,1,3,3,7,4.19999980926514,1
2023121100,4506,Will Levis,Passer,24.82862863711969,36.17999999999998,8.45,2.58,1,10,36,6,3.98000001907349,1
2023121100,4722,Tua Tagovailoa,Passer,13.290842712183462,38.81999999999999,3.88,4.46,2,3,33,4,2.48000001907349,1
2023121100,4752,Tua Tagovailoa,Passer,7.577314827826533,250.54999999999998,6.59,1.74,1,10,37,4,3.33999991416931,0
2023121100,4775,Tua Tagovailoa,Passer,11.977178298747999,216.15,5.44,1.57,2,10,37,5,1.17999994754791,1
2023121101,229,Jordan Love,Passer,17.938166015510063,88.22999999999999,6.43,4.3,3,3,43,7,2.84999990463257,0
2023121101,1520,Tommy DeVito,Passer,17.22230240124705,288.42999999999995,5.6,4.44,1,10,40,7,1.62000000476837,1
2023121101,3420,Tommy DeVito,Passer,14.63347532201425,130.65,3.61,2.49,2,10,35,5,3.30999994277954,1
2023121400,871,Aidan O'Connell,Passer,21.98965665943878,135.65,3.67,6.95,1,15,36,7,2.47000002861023,1
2023121400,2806,Easton Stick,Passer,13.823982783554094,207.09,5.33,2.58,1,10,10,6,2.84999990463257,1
2023121400,3037,Aidan O'Connell,Passer,10.611526751603655,116.60000000000001,4.72,1.56,3,8,34,5,3.84999990463257,1
2023121600,130,Jake Browning,Passer,17.271276733351243,86.34,6.12,1.63,2,11,37,6,2.99000000953674,1
2023121600,202,Jake Browning,Passer,20.76494401629824,55.519999999999996,8.68,2.12,2,6,46,7,2.91000008583069,1
2023121600,1466,Nick Mullens,Passer,19.500474353204837,6.720000000000027,7.05,2.95,3,9,14,5,3.50999999046326,0
2023121600,1910,Jake Browning,Passer,28.45535801918506,63.35999999999996,8.49,2.5,2,10,30,3,2.6800000667572,0
2023121600,3508,Nick Mullens,Passer,18.876623109020322,12.230000000000018,5.7,3.99,1,10,44,6,5.6100001335144,1
2023121600,4168,Jake Browning,Passer,31.15787701368628,39.640000000000015,7.14,1.38,3,18,17,4,5.32000017166138,0
2023121600,4217,Nick Mullens,Passer,15.805774261326142,111.34000000000003,5.72,3.78,1,10,37,8,6.92000007629395,1
2023121601,155,Gardner Minshew,Passer,11.83942988492267,140.26,5.82,1.29,1,10,31,7,4.03000020980835,1
2023121601,454,Mitchell Trubisky,Passer,11.415112789631127,120.89000000000001,3.86,3.0,3,3,47,6,1.9099999666214,1
2023121601,1202,Gardner Minshew,Passer,7.341559779774331,258.84999999999997,6.35,0.35,2,16,16,7,0.910000026226044,1
2023121602,163,Jared Goff,Passer,14.26550034173355,335.68,3.58,4.57,3,6,50,5,3.24000000953674,0
2023121602,664,Jared Goff,Passer,15.630051183537436,92.73000000000002,4.66,1.79,2,9,48,5,3.0699999332428,1
2023121602,694,Jared Goff,Passer,21.711962140718658,21.860000000000014,6.82,1.87,3,10,49,5,4.96000003814697,0
2023121602,1114,Jared Goff,Passer,27.947581290694902,116.05000000000001,5.21,6.72,1,10,40,6,6.42000007629395,1
2023121602,2262,Russell Wilson,Passer,10.857218796726904,55.849999999999994,6.3,1.38,3,4,11,5,0.25,1
2023121602,2314,Russell Wilson,Passer,19.703464162425856,50.91999999999999,7.12,2.47,2,3,3,8,6.05000019073486,0
2023121602,3084,Jared Goff,Passer,21.29067871158644,78.22000000000001,9.0,1.2,2,3,32,7,2.29999995231628,1
2023121700,3261,Baker Mayfield,Passer,18.371088699366727,280.9,4.97,5.45,3,4,31,3,2.98000001907349,1
2023121700,3430,Jordan Love,Passer,28.500614028473137,91.05000000000001,3.12,6.02,1,10,22,8,4.34000015258789,1
2023121700,3598,Jordan Love,Passer,29.72455045917432,66.06,5.6,3.84,3,10,30,7,7.59999990463257,0
2023121701,509,Zach Wilson,Passer,12.785745969633526,73.71000000000001,4.27,3.43,3,6,29,4,3.41000008583069,1
2023121701,737,Tua Tagovailoa,Passer,12.010237299903778,127.11999999999999,3.91,3.06,2,7,26,6,1.85000002384186,1
2023121701,1624,Tua Tagovailoa,Passer,17.165072094226698,23.89,5.44,2.61,3,4,26,5,1.70000004768372,1
2023121701,2195,Trevor Siemian,Passer,28.13905826427032,24.099999999999966,6.48,5.28,3,19,16,5,5.44000005722046,0
2023121701,3563,Trevor Siemian,Passer,9.204281612380186,58.349999999999994,5.3,0.54,2,4,19,6,2.98000001907349,1
2023121702,1286,Tommy DeVito,Passer,24.799987903222856,10.420000000000016,8.0,3.49,2,11,36,7,3.5699999332428,0
2023121702,1638,Tommy DeVito,Passer,22.42408749536979,196.62,4.92,2.47,3,22,28,2,4.61999988555908,1
2023121702,2010,Derek Carr,Passer,20.346569735461554,189.13,4.91,3.75,1,10,32,6,7.01999998092651,0
2023121702,3288,Tommy DeVito,Passer,12.582670622725526,249.14999999999998,7.99,0.62,4,2,46,5,2.50999999046326,1
2023121704,123,Kyler Murray,Passer,13.155808603046793,60.70000000000002,5.74,1.06,2,5,30,7,7.92999982833862,1
2023121704,1010,Brock Purdy,Passer,28.270304207772504,36.31,6.38,6.19,1,10,25,6,4.48999977111816,0
2023121704,1055,Brock Purdy,Passer,10.324596844429328,257.43,5.41,3.54,3,12,23,7,6.15999984741211,1
2023121704,2537,Kyler Murray,Passer,12.975858353110981,277.81,5.78,1.0,1,10,22,6,7.55999994277954,1
2023121704,2858,Brock Purdy,Passer,20.481164517673303,55.91000000000001,6.44,3.35,2,10,40,6,4.82000017166138,1
2023121704,3877,Kyler Murray,Passer,19.18468399531251,116.25,5.65,2.31,1,10,47,4,2.80999994277954,1
2023121705,624,Sam Howell,Passer,22.007512353739568,245.04,3.44,4.18,1,20,37,6,1.5900000333786,1
2023121706,433,Dak Prescott,Passer,31.069671707309688,5.850000000000023,9.69,1.27,2,6,29,6,8.22000026702881,0
2023121706,749,Dak Prescott,Passer,28.77195335739303,73.42000000000002,5.44,4.64,1,10,34,6,7.36999988555908,0
2023121706,3629,Dak Prescott,Passer,12.99884610263543,124.54,4.87,3.76,1,10,22,6,0.980000019073486,1
2023121708,3459,Trevor Lawrence,Passer,23.346128158647637,78.34,6.77,3.73,2,10,25,7,0.340000003576279,0
2023121709,348,Bryce Young,Passer,11.995836777815878,282.03000000000003,6.18,1.71,2,10,42,7,0.0799999982118607,1
2023121709,3395,Bryce Young,Passer,23.585938607568703,11.740000000000009,7.54,4.08,3,3,37,5,3.78999996185303,1
2023121710,300,Justin Fields,Passer,11.19603501244972,129.14999999999998,4.65,1.53,3,13,13,4,2.84999990463257,1
2023121710,4262,Joe Flacco,Passer,19.738029283593633,284.59000000000003,6.7,0.88,1,10,43,4,4.76000022888184,1
2023121710,4399,Justin Fields,Passer,12.190824418389433,86.66000000000001,5.02,0.13,3,15,20,4,7.15000009536743,1
2023121710,4450,Joe Flacco,Passer,20.227726021478546,285.04,6.49,3.72,1,10,21,6,2.69000005722046,1
2023121710,4562,Joe Flacco,Passer,14.954828651642924,134.61,6.83,0.53,3,15,47,5,5.59999990463257,1
2023121710,4748,Justin Fields,Passer,22.59591334732898,114.9,4.11,2.98,2,10,25,4,6.23000001907349,1
2023121711,503,Bailey Zappe,Passer,11.380562376262429,122.61000000000001,8.17,1.13,1,10,28,7,4.28999996185303,1
2023121711,1643,Patrick Mahomes,Passer,30.083247829980056,64.91000000000003,9.35,4.42,3,8,27,5,6.82999992370605,1
2023121711,2875,Bailey Zappe,Passer,10.08967789376847,133.01000000000002,5.21,2.94,3,13,22,4,1.99000000953674,1
2023121711,3626,Patrick Mahomes,Passer,24.1274159412068,279.54,6.0,2.22,3,4,31,6,4.05000019073486,1
2023121711,3883,Bailey Zappe,Passer,9.430429470602066,97.95,4.62,2.49,3,4,7,5,3.59999990463257,0
2023121801,129,Jalen Hurts,Passer,20.08083663595718,264.89,5.63,4.31,3,9,39,4,3.97000002861023,1
2023121801,1095,Jalen Hurts,Passer,21.608519153333948,240.11,1.57,6.58,2,6,45,6,3.0,1
2023121801,1627,Drew Lock,Passer,17.5139315974455,3.420000000000016,5.49,4.89,2,7,11,7,1.69000005722046,0
2023121801,1814,Jalen Hurts,Passer,27.066983577783468,146.29999999999998,1.35,6.18,3,10,40,4,5.03999996185303,0
2023121801,3737,Drew Lock,Passer,14.719300255107244,188.85999999999999,3.32,4.49,1,10,8,6,3.04999995231628,0
2023121801,3997,Drew Lock,Passer,25.905952983822075,19.42999999999995,7.76,1.62,3,10,29,5,3.03999996185303,1
2023122100,910,Derek Carr,Passer,12.06035654530993,205.45,3.2,4.77,2,8,42,6,2.78999996185303,1
2023122100,1185,Derek Carr,Passer,27.64919709503334,66.18,2.65,7.52,1,10,25,7,6.98999977111816,1
2023122100,2496,Derek Carr,Passer,20.252491204787628,30.47,4.61,3.8,3,6,29,6,3.92000007629395,1
2023122100,2578,Derek Carr,Passer,20.269740994891873,44.35000000000002,8.02,5.04,3,6,46,6,4.17999982833862,0
2023122300,796,Mason Rudolph,Passer,6.57188709580437,294.29999999999995,7.56,1.39,1,6,6,8,6.84999990463257,1
2023122300,1158,Jake Browning,Passer,11.437241800364284,164.20000000000002,4.08,2.86,1,10,7,6,1.42999994754791,1
2023122300,2464,Jake Browning,Passer,23.20724024954281,74.24999999999999,6.16,4.27,3,2,33,6,3.25,1
2023122301,2640,Josh Allen,Passer,25.20835774103501,9.700000000000003,8.84,1.96,1,10,42,6,2.75999999046326,1
2023122301,2947,Easton Stick,Passer,21.99991363619412,60.24,6.79,3.99,2,10,50,6,4.48000001907349,1
2023122402,636,Gardner Minshew,Passer,14.336906918858048,327.90999999999997,5.38,3.69,3,5,30,6,4.5,1
2023122402,847,Taylor Heinicke,Passer,16.570301747403395,66.58000000000001,8.0,1.87,1,10,3,7,6.03000020980835,1
2023122402,1557,Taylor Heinicke,Passer,13.042706774285774,75.36999999999998,6.55,2.73,2,13,49,6,4.28000020980835,1
2023122402,3388,Gardner Minshew,Passer,6.224540143657198,233.54,7.68,0.87,4,1,46,7,0.629999995231628,1
2023122402,3934,Gardner Minshew,Passer,26.85297004057466,79.32999999999998,8.24,0.88,4,17,18,3,3.86999988555908,0
2023122402,4205,Gardner Minshew,Passer,29.47203589845805,181.59,4.96,4.89,1,10,47,6,2.44000005722046,1
2023122403,702,Bryce Young,Passer,21.239475040593636,88.79999999999998,6.52,6.13,3,10,34,5,3.42000007629395,0
2023122403,3428,Bryce Young,Passer,12.314678233717679,237.6,4.39,4.11,1,10,45,6,1.87999999523163,1
2023122404,68,Joe Flacco,Passer,32.73443752380664,62.06999999999999,8.99,3.42,1,10,41,6,7.21999979019165,1
2023122404,716,Case Keenum,Passer,11.95210860057756,20.060000000000002,5.18,3.53,3,9,35,7,4.53999996185303,0
2023122404,778,Joe Flacco,Passer,29.86868594364339,55.609999999999985,4.55,6.49,1,10,21,5,4.44000005722046,1
2023122404,3319,Joe Flacco,Passer,18.738303018149747,345.45000000000005,7.0,3.11,4,5,13,6,3.39000010490417,1
2023122404,4043,Davis Mills,Passer,15.469314787669164,67.39000000000001,5.65,4.14,3,10,47,7,1.99000000953674,0
2023122404,4394,Joe Flacco,Passer,22.093747984441205,62.35000000000002,7.11,4.29,4,7,26,6,5.01999998092651,1
2023122404,4559,Davis Mills,Passer,18.039567622312905,137.44,3.11,4.96,2,10,17,5,2.75999999046326,0
2023122404,4582,Davis Mills,Passer,21.74362665242392,113.66,3.39,3.39,3,10,17,4,3.75,1
2023122404,4687,Davis Mills,Passer,28.973318760542423,21.6,8.85,0.35,1,10,47,4,4.55999994277954,0
2023122404,4743,Davis Mills,Passer,7.772322690161546,11.680000000000007,1.12,5.49,3,10,47,6,3.79999995231628,0
2023122405,1339,Jared Goff,Passer,16.578642887763767,44.31,7.17,0.41,2,26,34,5,5.59999990463257,1
2023122405,2549,Jared Goff,Passer,30.6156904217429,22.920000000000016,7.21,3.48,1,10,25,7,7.01000022888184,1
2023122405,2604,Jared Goff,Passer,16.22836097700565,93.02000000000004,5.81,4.15,2,4,49,7,2.32999992370605,1
2023122405,3352,Jared Goff,Passer,17.53169700856138,1.4000000000000057,5.7,3.02,2,4,8,8,6.15999984741211,0
2023122405,3615,Jared Goff,Passer,11.801529561883074,100.98,7.87,0.94,3,7,38,7,3.95000004768372,1
2023122405,4357,Nick Mullens,Passer,26.38953201555496,1.799999999999983,7.64,3.38,3,27,16,5,3.08999991416931,1
2023122405,4435,Nick Mullens,Passer,31.491078101582996,286.72999999999996,7.39,2.81,1,10,30,5,5.65000009536743,0
2023122406,252,Sam Howell,Passer,22.41032128283751,176.76999999999998,6.57,5.38,1,10,25,7,4.19000005722046,0
2023122406,1653,Trevor Siemian,Passer,11.015280296025153,75.79999999999998,8.54,0.35,2,1,10,8,5.30999994277954,1
2023122406,2394,Sam Howell,Passer,14.224612472752993,309.46,7.74,0.26,2,10,25,6,4.98999977111816,0
2023122406,3609,Trevor Siemian,Passer,20.984804025770647,169.60999999999999,1.26,3.18,1,25,25,5,3.25,1
2023122406,3939,Jacoby Brissett,Passer,11.773380992731022,214.29000000000002,6.84,0.93,1,1,1,8,8.65999984741211,0
2023122406,4432,Trevor Siemian,Passer,9.875631625369593,172.31000000000003,5.48,2.27,1,10,25,6,4.26000022888184,1
2023122406,4480,Trevor Siemian,Passer,7.3386715419072965,25.019999999999982,4.57,1.48,3,4,31,6,4.46999979019165,1
2023122406,4527,Trevor Siemian,Passer,16.42828049431833,246.6,4.7,3.73,1,10,36,4,4.11999988555908,1
2023122406,4609,Trevor Siemian,Passer,27.581914364307632,39.130000000000024,7.24,2.1,2,20,37,5,3.5699999332428,0
2023122406,4632,Trevor Siemian,Passer,17.457963798793944,130.53000000000003,4.84,4.08,3,20,37,5,3.90000009536743,0
2023122406,4799,Trevor Siemian,Passer,8.723783582826897,270.63,3.93,3.2,1,10,33,5,4.25,1
2023122406,4824,Trevor Siemian,Passer,8.95944752761017,139.51000000000002,4.59,3.43,2,2,41,6,4.55000019073486,1
2023122406,4881,Trevor Siemian,Passer,9.558791764653101,299.32000000000005,5.3,2.46,1,10,47,6,4.26000022888184,1
2023122406,5017,Jacoby Brissett,Passer,14.396808674147195,127.52000000000001,1.94,2.33,1,10,25,1,3.44000005722046,1
2023122407,1225,Geno Smith,Passer,16.938193528236713,266.71,7.67,1.75,2,9,15,7,8.47999954223633,1
2023122408,669,Baker Mayfield,Passer,25.967227422272096,257.08,6.23,5.12,1,10,45,8,6.88000011444092,1
2023122408,1019,Trevor Lawrence,Passer,31.270705140754337,117.67000000000002,7.93,4.95,3,12,35,5,4.8899998664856,1
2023122408,1610,Baker Mayfield,Passer,10.623991716864241,132.25,5.96,1.21,1,10,35,6,2.86999988555908,1
2023122408,2289,Trevor Lawrence,Passer,24.543848516481685,244.39999999999998,8.22,2.82,1,10,25,6,7.03999996185303,1
2023122408,4039,C.J. Beathard,Passer,16.248830727163107,305.69,4.33,5.12,1,1,1,8,1.67999994754791,1
2023122409,880,Justin Fields,Passer,19.80983846476291,68.33,6.55,4.16,3,3,46,5,2.78999996185303,1
2023122409,1223,Justin Fields,Passer,16.657589861681668,290.25,5.91,5.06,1,10,46,5,1.25,1
2023122409,4229,Kyler Murray,Passer,11.233182986135317,54.31,5.27,2.71,2,10,47,4,0.479999989271164,1
2023122410,907,Tua Tagovailoa,Passer,23.576269849151295,94.63000000000002,8.19,1.51,2,10,25,5,2.67000007629395,1
2023122410,1452,Tua Tagovailoa,Passer,19.46864145234587,3.7099999999999937,7.67,1.64,2,4,41,6,1.97000002861023,1
2023122410,1757,Tua Tagovailoa,Passer,12.743155025345962,254.77,4.59,3.77,2,10,40,6,2.07999992370605,1
2023122410,2929,Dak Prescott,Passer,10.575793114466641,140.12,3.49,1.51,1,10,35,6,3.0699999332428,1
2023122411,999,Bailey Zappe,Passer,11.928528827982097,256.35,8.2,0.7,3,7,17,6,4.44999980926514,1
2023122411,1662,Bailey Zappe,Passer,9.963197277982607,146.35000000000002,6.02,2.9,1,10,26,6,3.58999991416931,1
2023122411,1804,Russell Wilson,Passer,8.583938489993978,116.63,3.27,2.1,1,10,37,6,3.64000010490417,1
2023122411,2422,Bailey Zappe,Passer,16.356848718503205,117.59,5.41,4.96,3,6,35,4,4.05000019073486,0
2023122411,3305,Russell Wilson,Passer,23.879313222955133,108.12,6.3,5.76,2,14,16,6,5.48000001907349,1
2023122411,3872,Bailey Zappe,Passer,10.460372842303467,109.65,6.78,0.62,1,10,25,5,3.63000011444092,0
2023122411,4183,Bailey Zappe,Passer,12.621335111627458,109.67999999999999,4.44,3.02,1,10,47,5,3.60999989509583,1
2023122500,602,Aidan O'Connell,Passer,12.152736317389596,2.25,2.44,1.85,1,10,45,4,2.78999996185303,0
2023122500,1047,Aidan O'Connell,Passer,22.229799819161666,122.35000000000001,6.84,4.34,1,10,25,7,7.01999998092651,0
2023122500,1109,Aidan O'Connell,Passer,21.415396330677606,157.52,7.43,1.84,3,10,25,7,4.80000019073486,0
2023122500,1181,Patrick Mahomes,Passer,21.06210340872915,2.0600000000000023,5.6,7.01,2,10,26,5,3.24000000953674,0
2023122501,941,Jalen Hurts,Passer,25.00656113902909,221.95,3.66,1.73,3,3,17,7,8.02000045776367,1
2023122501,1619,Tommy DeVito,Passer,15.301117606240398,294.73,5.34,3.68,1,10,37,6,2.19000005722046,0
2023122501,3176,Jalen Hurts,Passer,18.024830096286614,111.38,6.11,4.21,1,20,28,6,3.14000010490417,0
2023122501,4343,Tyrod Taylor,Passer,16.285481263997085,120.17000000000002,4.44,4.2,3,10,40,5,1.9099999666214,1
2023122502,91,Lamar Jackson,Passer,17.310280182596696,86.49999999999999,5.41,5.17,2,8,33,5,1.28999996185303,0
2023122502,1531,Brock Purdy,Passer,24.53648915391116,167.52,4.88,3.24,3,5,30,6,2.92000007629395,0
2023122502,3656,Brock Purdy,Passer,17.971992098818653,234.65,4.05,3.69,3,10,22,5,3.92000007629395,1
2023122800,858,Joe Flacco,Passer,19.16670289851649,28.970000000000013,6.57,3.5,4,4,6,6,3.44000005722046,0
2023122800,4097,Trevor Siemian,Passer,10.247077632183721,292.81,5.45,0.82,2,14,19,4,2.11999988555908,1
2023122800,4495,Trevor Siemian,Passer,14.372351930007833,268.86,3.91,5.23,3,2,43,5,2.19000005722046,1
2023122800,4520,Trevor Siemian,Passer,9.03307810217536,68.46,5.68,0.44,1,10,49,4,2.84999990463257,1
2023122800,4628,Trevor Siemian,Passer,10.381469067526037,100.41000000000003,5.04,1.77,4,1,32,4,1.00999999046326,1
2023123000,231,Jared Goff,Passer,8.047471652637244,14.519999999999996,7.02,0.8,1,10,23,7,5.65999984741211,0
2023123000,698,Dak Prescott,Passer,31.017603066645876,13.329999999999984,6.49,5.44,3,13,8,6,3.77999997138977,1
2023123000,3795,Dak Prescott,Passer,8.922135394623865,71.18,4.8,3.4,3,14,33,7,1.66999995708466,1
2023123101,214,Tua Tagovailoa,Passer,13.971717861451395,6.849999999999994,5.56,4.95,2,8,8,7,1.74000000953674,0
2023123102,456,Bailey Zappe,Passer,17.229431215220078,109.44999999999999,8.08,1.92,3,5,27,7,3.86999988555908,0
2023123102,1465,Bailey Zappe,Passer,17.26252009412299,20.790000000000006,6.4,1.92,3,11,34,7,1.51999998092651,0
2023123103,167,Taylor Heinicke,Passer,19.500548710228642,54.04000000000002,4.32,3.74,3,17,39,4,1.4099999666214,1
2023123103,2122,Justin Fields,Passer,18.984691201070405,93.19,5.99,1.24,1,3,3,9,1.01999998092651,0
2023123103,4118,Desmond Ridder,Passer,9.830005086468672,255.25,4.86,1.64,2,5,41,5,2.55999994277954,1
2023123104,184,C.J. Stroud,Passer,11.530277533520172,57.099999999999994,6.36,1.39,2,6,36,6,2.64000010490417,1
2023123104,2192,C.J. Stroud,Passer,20.588666785394338,133.75,3.65,1.6,2,6,9,7,3.20000004768372,0
2023123104,2715,Ryan Tannehill,Passer,11.741865269198072,311.91999999999996,4.39,5.01,4,3,3,6,0.990000009536743,0
2023123104,2925,C.J. Stroud,Passer,17.935445352708694,310.19,6.96,2.63,1,10,45,7,4.59000015258789,0
2023123105,235,Aidan O'Connell,Passer,11.030072529226631,52.84,5.78,2.15,1,10,25,5,4.09000015258789,1
2023123105,1182,Gardner Minshew,Passer,17.773376156487547,84.32999999999998,4.66,2.01,1,20,17,6,1.83000004291534,1
2023123105,3043,Aidan O'Connell,Passer,20.04360247061391,157.35000000000002,4.28,3.05,3,4,45,6,1.33000004291534,0
2023123105,3389,Aidan O'Connell,Passer,20.011246837716033,183.38000000000002,4.33,5.88,3,10,38,6,2.76999998092651,0
2023123105,3961,Aidan O'Connell,Passer,25.07675616980793,256.49,4.25,3.21,1,10,35,3,4.90999984741211,1
2023123106,1160,C.J. Beathard,Passer,14.445774468681144,151.48000000000002,4.14,5.74,3,10,35,5,2.26999998092651,1
2023123106,3151,Bryce Young,Passer,31.226988327406794,74.98999999999998,7.75,3.75,2,10,10,7,3.67000007629395,0
2023123107,141,Matthew Stafford,Passer,10.939218436433203,104.61999999999998,4.64,3.11,1,10,50,7,3.26999998092651,1
2023123107,1070,Tyrod Taylor,Passer,36.63862033428661,205.95999999999998,4.68,4.67,3,6,42,6,4.76999998092651,1
2023123107,2909,Matthew Stafford,Passer,14.546975630693824,45.870000000000005,8.03,0.78,2,6,29,6,1.77999997138977,1
2023123107,3935,Tyrod Taylor,Passer,31.383220038740454,17.540000000000006,5.86,5.13,3,11,27,6,5.36999988555908,0
2023123108,278,Kyler Murray,Passer,12.437684671995838,284.21,4.46,4.91,2,10,36,6,1.41999995708466,1
2023123108,944,Kyler Murray,Passer,18.645160229936344,91.19000000000003,4.93,2.23,1,10,46,6,2.14000010490417,1
2023123109,117,Derek Carr,Passer,19.220970318899102,43.8,6.24,3.67,1,10,42,7,6.98000001907349,0
2023123110,249,Brock Purdy,Passer,8.892468723588514,225.53000000000003,4.58,2.85,1,10,29,6,1.57000005245209,1
2023123110,387,Sam Howell,Passer,18.469028128193425,200.93999999999997,1.18,3.65,1,10,25,6,3.05999994277954,1
2023123110,2600,Sam Howell,Passer,25.096081367416712,277.18,2.38,6.59,3,8,11,6,5.86999988555908,0
2023123110,2870,Brock Purdy,Passer,16.031450339878802,74.56000000000002,5.95,3.59,2,9,17,6,0.810000002384186,0
2023123111,1934,Mason Rudolph,Passer,9.725224933131363,91.62,6.47,2.11,2,5,25,6,2.48000001907349,1
2023123111,3525,Geno Smith,Passer,19.472585858072367,180.07000000000002,3.33,3.71,1,10,26,6,2.82999992370605,1
2023123112,1291,Easton Stick,Passer,16.72670021253445,40.81999999999999,6.94,2.97,2,8,18,6,4.19999980926514,0
2023123112,1708,Easton Stick,Passer,28.795388519691834,63.60000000000002,4.42,6.01,3,11,34,5,4.40000009536743,1
2023123112,2706,Easton Stick,Passer,26.336455722059494,94.19999999999999,5.08,3.67,1,10,42,6,4.30999994277954,1
2023123113,909,Jake Browning,Passer,9.422340473576615,237.23,5.23,2.58,2,8,16,6,3.66000008583069,1
2023123114,1080,Jordan Love,Passer,17.82707210957536,74.02000000000001,7.64,3.23,4,1,24,9,6.59999990463257,0
2023123114,2567,Jordan Love,Passer,14.664368380533816,199.90000000000003,5.02,2.67,3,8,37,7,4.3600001335144,1
2023123114,3186,Jordan Love,Passer,15.908551159675104,305.21000000000004,7.45,1.37,1,10,44,7,0.899999976158142,0
2023123114,3756,Nick Mullens,Passer,25.60728216738355,66.19999999999999,8.02,2.8,4,4,10,5,3.1800000667572,0
2023123114,3924,Sean Clifford,Passer,24.84343374012537,2.9399999999999977,8.56,3.47,3,6,33,8,4.63000011444092,1
2024010600,3565,Tyler Huntley,Passer,11.470069746954465,143.66000000000003,4.16,2.03,1,10,49,5,1.16999995708466,1
2024010601,1950,Gardner Minshew,Passer,29.94426990260407,45.95000000000002,7.99,0.96,2,15,44,5,2.59999990463257,0
2024010601,3457,C.J. Stroud,Passer,31.60334792391465,272.16,4.76,2.53,2,14,46,5,3.27999997138977,1
2024010701,183,Jake Browning,Passer,10.468476488964383,39.27000000000001,7.91,0.37,2,4,33,7,10.2799997329712,0
2024010701,2023,Jake Browning,Passer,8.735090154085412,27.57,7.1,0.77,1,10,23,8,4.73000001907349,1
2024010701,2667,Jeff Driskel,Passer,24.80095562674955,100.74999999999999,3.15,6.24,2,10,25,5,4.23999977111816,1
2024010702,3408,Trevor Lawrence,Passer,8.223113765478379,251.48000000000002,6.47,0.49,2,5,23,6,1.60000002384186,1
2024010703,4109,Nick Mullens,Passer,24.154488195778434,36.150000000000006,6.91,3.12,2,5,15,7,2.96000003814697,0
2024010704,833,Bailey Zappe,Passer,24.759067026041187,9.310000000000002,8.32,1.4,2,4,31,5,3.17000007629395,0
2024010704,2385,Trevor Siemian,Passer,16.93622153846601,29.190000000000005,5.73,4.46,3,4,26,6,3.28999996185303,0
2024010704,3632,Bailey Zappe,Passer,12.343232963855135,49.78,4.68,3.43,2,9,42,4,1.10000002384186,0
2024010705,200,Baker Mayfield,Passer,13.237692397090964,149.8,1.44,1.98,2,9,47,4,2.15000009536743,0
2024010705,812,Baker Mayfield,Passer,10.964998860009059,121.89999999999999,5.26,3.24,2,15,31,5,3.35999989509583,1
2024010705,1385,Baker Mayfield,Passer,9.127814634401819,291.02,4.18,3.69,2,1,45,7,7.51999998092651,1
2024010705,3462,Baker Mayfield,Passer,14.940043507299436,74.57,6.26,2.5,3,5,36,7,2.0,1
2024010706,1406,Jordan Love,Passer,20.271489831780986,76.08,6.15,1.46,1,10,38,6,3.90000009536743,1
2024010707,1098,Dak Prescott,Passer,14.707528684316753,67.6,4.28,4.57,2,3,42,6,6.8600001335144,1
2024010707,2106,Dak Prescott,Passer,15.188709622611134,92.26999999999998,5.17,3.61,2,4,12,6,1.55999994277954,1
2024010708,2731,Jarrett Stidham,Passer,18.795084463763388,84.29,5.51,5.3,3,3,49,6,1.83000004291534,1
2024010708,3465,Aidan O'Connell,Passer,16.745990564908364,124.64999999999998,4.81,0.58,2,11,48,6,4.13000011444092,1
2024010709,242,Easton Stick,Passer,33.39139110609201,26.099999999999994,9.02,0.8,2,9,39,7,4.6100001335144,0
2024010709,3573,Easton Stick,Passer,20.129900645557093,21.439999999999998,6.0,2.63,1,10,24,5,2.01999998092651,1
2024010710,569,Carson Wentz,Passer,11.955291715386961,275.97,7.98,0.81,1,10,24,6,6.01999998092651,0
2024010710,725,Sam Darnold,Passer,18.952374521415518,121.51,3.74,5.53,1,20,15,6,2.28999996185303,1
2024010710,1426,Carson Wentz,Passer,10.692595568897199,253.13000000000002,5.8,0.88,1,10,28,7,0.0299999993294477,1
2024010711,1275,Tyrod Taylor,Passer,25.873084470159327,54.489999999999995,7.55,4.77,3,11,28,4,5.73000001907349,1
2024010711,2115,Tyrod Taylor,Passer,15.4696509333598,54.21,6.7,5.28,1,10,12,6,0.379999995231628,0
2024010711,2852,Marcus Mariota,Passer,22.045019845761086,261.59999999999997,7.07,1.72,2,10,39,7,3.57999992370605,0
2024010712,920,Kyler Murray,Passer,9.297956764795158,76.50999999999999,7.33,2.07,1,10,16,6,1.69000005722046,1
2024010712,3679,Geno Smith,Passer,6.921278783577502,202.39999999999998,3.75,1.54,1,10,49,5,2.76999998092651,1
2024010713,1037,Tua Tagovailoa,Passer,23.759840066801797,67.1,6.91,4.17,3,14,27,6,3.83999991416931,1
2024010713,3490,Tua Tagovailoa,Passer,13.809362765891835,59.25999999999999,7.71,0.49,2,10,25,6,1.54999995231628,1
