game_id,play_id,down,yards_to_go,yardline_side,yardline_number,possession_team,route_of_targeted_receiver
2023090700,3461,3,12,DET,23,DET,IN
2023090700,461,1,10,DET,34,DET,POST
2023090700,1940,2,10,DET,42,DET,OUT
2023090700,1711,1,10,DET,30,KC,CORNER
2023090700,1588,1,10,KC,43,KC,POST
2023090700,101,3,3,DET,32,DET,CORNER
2023090700,3566,1,10,KC,47,DET,HITCH
2023090700,902,1,10,DET,25,KC,HITCH
2023090700,1069,1,10,DET,25,DET,IN
2023090700,2261,3,10,DET,7,DET,CROSS
2023090700,2435,1,10,KC,25,KC,FLAT
2023090700,2906,1,10,DET,25,KC,CROSS
2023090700,713,2,8,KC,27,KC,OUT
2023090700,1741,1,4,DET,4,KC,HITCH
2023090700,3971,2,20,KC,35,KC,HITCH
2023090700,3032,1,10,DET,25,DET,OUT
2023090700,361,3,7,DET,12,DET,HITCH
2023090700,2638,1,10,DET,41,DET,CROSS
2023090700,736,3,8,KC,27,KC,CORNER
2023090700,1154,2,7,DET,39,DET,CROSS
2023090700,1812,1,10,DET,25,DET,IN
2023090700,3089,2,22,DET,13,DET,POST
2023090700,1618,2,10,KC,43,KC,IN
2023090700,2306,1,10,KC,42,KC,CROSS
2023090700,2141,3,10,KC,37,KC,CROSS
2023090700,3324,3,2,DET,21,KC,FLAT
2023090700,1001,3,1,DET,1,KC,HITCH
2023090700,4041,4,25,KC,30,KC,CORNER
2023090700,1837,2,5,DET,30,DET,CROSS
2023090700,3486,1,10,DET,41,DET,FLAT
2023090700,1679,3,17,KC,36,KC,GO
2023090700,1494,2,5,DET,46,DET,IN
2023090700,1300,2,20,KC,27,DET,FLAT
2023090700,2487,1,10,KC,35,KC,POST
2023090700,3994,3,20,KC,35,KC,CROSS
2023090700,877,2,5,DET,39,KC,HITCH
2023090700,436,2,9,DET,21,DET,SLANT
2023090700,1201,2,11,KC,41,DET,SLANT
2023090700,2825,1,10,KC,22,KC,FLAT
2023090700,2613,2,4,DET,23,DET,IN
2023090700,2510,2,10,KC,35,KC,HITCH
2023090700,194,3,2,KC,21,KC,ANGLE
2023090700,2364,3,6,KC,46,KC,CROSS
2023090700,1869,3,1,DET,34,DET,HITCH
2023090700,3674,1,10,KC,25,KC,HITCH
2023090700,3912,1,10,KC,45,KC,CROSS
2023090700,3233,1,10,DET,40,KC,FLAT
2023090700,2959,3,2,DET,17,KC,CROSS
2023090700,1563,1,10,KC,18,KC,HITCH
2023090700,3185,2,6,KC,36,KC,CROSS
2023090700,2936,2,2,DET,17,KC,SLANT
2023090700,2118,2,10,KC,37,KC,IN
2023090700,219,1,10,KC,31,KC,HITCH
2023090700,1422,3,5,KC,12,KC,CORNER
2023090700,2186,1,10,DET,7,DET,HITCH
2023090700,621,3,6,KC,9,DET,CROSS
2023090700,530,1,10,KC,24,DET,OUT
2023090700,3114,3,2,DET,33,DET,CROSS
2023091000,3260,1,20,ATL,25,ATL,FLAT
2023091000,3026,2,8,CAR,27,CAR,FLAT
2023091000,2342,1,10,CAR,36,CAR,ANGLE
2023091000,2580,2,11,CAR,45,CAR,FLAT
2023091000,661,2,16,CAR,8,CAR,IN
2023091000,3916,1,10,CAR,41,CAR,OUT
2023091000,1720,2,10,CAR,17,CAR,HITCH
2023091000,3078,1,10,CAR,36,CAR,GO
2023091000,2207,2,10,ATL,25,ATL,CROSS
2023091000,1429,2,4,ATL,4,CAR,FLAT
2023091000,3369,1,10,CAR,1,CAR,GO
2023091000,1972,1,10,CAR,38,CAR,FLAT
2023091000,4155,3,5,ATL,38,CAR,SLANT
2023091000,1046,3,10,ATL,15,ATL,SLANT
2023091000,1300,2,11,ATL,44,CAR,IN
2023091000,3486,2,9,ATL,45,ATL,OUT
2023091000,1599,2,23,ATL,22,ATL,HITCH
2023091000,1837,3,6,ATL,32,ATL,FLAT
2023091000,2101,3,10,ATL,33,CAR,HITCH
2023091000,3533,2,7,CAR,41,ATL,CORNER
2023091000,1743,3,10,CAR,17,CAR,IN
2023091000,3421,3,8,CAR,3,CAR,HITCH
2023091000,3886,2,10,CAR,30,CAR,OUT
2023091000,2793,2,8,CAR,47,ATL,FLAT
2023091000,927,1,10,ATL,15,ATL,HITCH
2023091000,2389,3,6,CAR,40,CAR,IN
2023091000,4107,1,10,ATL,43,CAR,FLAT
2023091000,842,2,10,CAR,25,CAR,IN
2023091000,1240,2,8,CAR,46,CAR,SLANT
2023091000,1193,3,2,CAR,33,CAR,IN
2023091000,1325,3,8,ATL,41,CAR,OUT
2023091000,2823,1,10,CAR,37,ATL,OUT
2023091000,1382,1,10,ATL,20,CAR,CROSS
2023091000,185,2,6,CAR,44,CAR,IN
2023091000,1697,1,10,CAR,17,CAR,GO
2023091000,877,3,10,CAR,25,CAR,FLAT
2023091000,1925,1,10,CAR,25,CAR,FLAT
2023091001,4018,3,6,HOU,38,BAL,GO
2023091001,166,2,6,BAL,12,BAL,FLAT
2023091001,1368,3,2,HOU,24,HOU,SLANT
2023091001,4662,4,3,HOU,31,HOU,ANGLE
2023091001,3879,2,9,HOU,21,HOU,OUT
2023091001,2523,2,7,HOU,7,BAL,ANGLE
2023091001,1470,1,10,HOU,47,HOU,FLAT
2023091001,407,2,2,HOU,28,BAL,SCREEN
2023091001,559,1,10,HOU,15,HOU,OUT
2023091001,4191,1,10,HOU,25,HOU,FLAT
2023091001,1797,3,9,BAL,44,BAL,OUT
2023091001,2151,2,10,BAL,27,HOU,HITCH
2023091001,3302,3,7,BAL,23,BAL,OUT
2023091001,532,3,6,HOU,16,BAL,CROSS
2023091001,4216,2,4,HOU,31,HOU,POST
2023091001,3514,2,19,BAL,19,HOU,OUT
2023091001,1438,3,5,HOU,42,HOU,HITCH
2023091001,1980,1,10,HOU,44,HOU,HITCH
2023091001,2033,2,10,BAL,37,HOU,SCREEN
2023091001,3086,3,2,HOU,33,HOU,SLANT
2023091001,1042,2,7,HOU,28,HOU,GO
2023091001,3902,3,9,HOU,21,HOU,IN
2023091001,1232,2,18,,50,BAL,HITCH
2023091001,4392,4,13,BAL,48,HOU,CROSS
2023091001,3257,1,10,BAL,20,BAL,CROSS
2023091001,4564,2,5,HOU,15,HOU,IN
2023091001,1574,2,5,BAL,35,HOU,IN
2023091001,893,3,5,HOU,32,BAL,GO
2023091001,4322,1,10,BAL,45,HOU,IN
2023091001,1948,3,7,HOU,34,HOU,HITCH
2023091001,4614,2,4,HOU,30,HOU,FLAT
2023091001,2351,1,10,BAL,29,BAL,OUT
2023091001,1065,3,7,HOU,28,HOU,FLAT
2023091001,2432,3,5,HOU,46,BAL,HITCH
2023091001,1517,3,4,BAL,47,HOU,FLAT
2023091001,3216,3,16,BAL,48,HOU,IN
2023091001,4589,1,10,HOU,24,HOU,HITCH
2023091001,3383,2,6,BAL,28,HOU,FLAT
2023091001,4239,3,4,HOU,31,HOU,HITCH
2023091001,1549,1,10,BAL,40,HOU,HITCH
2023091001,284,3,6,HOU,42,HOU,SCREEN
2023091001,2759,3,16,HOU,27,HOU,HITCH
2023091001,3111,1,10,HOU,47,HOU,OUT
2023091001,2469,1,10,HOU,27,BAL,IN
2023091001,4639,3,3,HOU,31,HOU,SLANT
2023091002,2847,2,13,CIN,47,CIN,ANGLE
2023091002,599,2,4,CIN,43,CLE,POST
2023091002,1260,3,11,CLE,43,CLE,POST
2023091002,2942,3,4,CLE,33,CIN,GO
2023091002,3787,1,10,CIN,25,CIN,HITCH
2023091002,4124,3,7,CLE,22,CLE,FLAT
2023091002,319,2,17,CLE,22,CLE,OUT
2023091002,3337,3,8,CIN,39,CIN,HITCH
2023091002,1832,3,9,CLE,46,CLE,HITCH
2023091002,2127,1,10,CIN,37,CLE,OUT
2023091002,2039,1,10,CIN,48,CLE,GO
2023091002,1540,2,2,CLE,39,CLE,IN
2023091002,2517,2,6,,50,CIN,GO
2023091002,767,3,7,CIN,16,CIN,SLANT
2023091002,3812,2,4,CIN,31,CIN,GO
2023091002,2095,3,10,CIN,48,CLE,OUT
2023091002,3835,3,4,CIN,31,CIN,FLAT
2023091002,2872,3,3,CLE,43,CIN,FLAT
2023091002,3253,2,8,CIN,27,CIN,GO
2023091002,3594,2,10,CIN,25,CIN,OUT
2023091002,3505,3,5,CIN,27,CLE,FLAT
2023091002,1412,3,3,CLE,38,CIN,GO
2023091002,3138,2,9,CIN,20,CLE,CROSS
2023091002,1974,3,8,CIN,23,CIN,OUT
2023091002,1071,2,10,CIN,17,CIN,SLANT
2023091002,3716,2,3,CIN,3,CLE,FLAT
2023091002,2441,3,11,CLE,24,CLE,HITCH
2023091002,2179,2,4,CIN,19,CLE,HITCH
2023091002,2211,1,10,CIN,13,CLE,GO
2023091002,3170,3,9,CIN,20,CLE,OUT
2023091002,3409,1,10,CLE,36,CLE,FLAT
2023091002,3617,3,10,CIN,25,CIN,FLAT
2023091002,975,3,10,CIN,24,CLE,SLANT
2023091002,873,1,10,CIN,44,CLE,CROSS
2023091002,3314,2,8,CIN,39,CIN,GO
2023091002,1048,1,10,CIN,17,CIN,FLAT
2023091002,444,3,1,CIN,23,CIN,FLAT
2023091002,3571,1,10,CIN,25,CIN,HITCH
2023091002,819,1,10,CLE,43,CLE,OUT
2023091002,1209,1,17,CLE,37,CLE,OUT
2023091002,2620,3,10,CLE,32,CIN,FLAT
2023091002,1464,1,10,CLE,20,CLE,FLAT
2023091002,2693,1,10,CLE,25,CLE,CORNER
2023091002,4036,3,8,CIN,40,CIN,OUT
2023091002,110,3,9,CIN,36,CIN,OUT
2023091002,1944,2,12,CIN,19,CIN,OUT
2023091003,3750,2,7,IND,32,JAX,HITCH
2023091003,4494,2,1,JAX,1,IND,FLAT
2023091003,1706,2,12,IND,18,JAX,GO
2023091003,761,2,9,JAX,35,IND,SLANT
2023091003,166,2,10,JAX,37,JAX,HITCH
2023091003,1841,1,10,JAX,41,IND,ANGLE
2023091003,3820,3,12,IND,25,JAX,FLAT
2023091003,143,1,10,JAX,37,JAX,HITCH
2023091003,2902,3,5,JAX,47,JAX,FLAT
2023091003,4416,3,10,JAX,13,IND,CROSS
2023091003,4363,1,10,JAX,13,IND,OUT
2023091003,81,2,8,IND,27,IND,OUT
2023091003,4153,2,7,IND,28,IND,POST
2023091003,529,3,7,IND,9,JAX,HITCH
2023091003,263,2,8,IND,8,IND,HITCH
2023091003,662,2,10,IND,37,IND,FLAT
2023091003,1929,1,10,JAX,44,JAX,HITCH
2023091003,4047,2,7,IND,41,JAX,CROSS
2023091003,191,3,4,JAX,43,JAX,HITCH
2023091003,1782,1,10,IND,24,IND,IN
2023091003,3645,3,8,,50,IND,SLANT
2023091003,687,3,2,IND,45,IND,CROSS
2023091003,1171,1,10,IND,42,JAX,FLAT
2023091003,3409,3,13,IND,24,IND,POST
2023091003,2286,1,10,IND,37,IND,POST
2023091003,3797,2,12,IND,25,JAX,OUT
2023091003,2979,2,9,,50,IND,ANGLE
2023091003,3845,4,2,IND,15,JAX,OUT
2023091003,2204,2,11,JAX,15,JAX,HITCH
2023091003,1954,1,10,IND,44,JAX,OUT
2023091003,1649,2,8,IND,45,JAX,HITCH
2023091003,4201,2,10,IND,42,IND,FLAT
2023091003,4551,4,1,JAX,1,IND,CROSS
2023091003,4283,3,1,JAX,37,IND,POST
2023091003,4308,1,10,JAX,28,IND,HITCH
2023091003,1805,2,10,IND,24,IND,GO
2023091003,3202,1,10,JAX,25,JAX,ANGLE
2023091003,3335,1,20,IND,17,IND,IN
2023091003,3002,3,9,,50,IND,OUT
2023091003,2638,1,10,IND,34,JAX,OUT
2023091003,2369,2,7,JAX,29,IND,SLANT
2023091003,4333,2,2,JAX,20,IND,FLAT
2023091003,410,1,10,IND,49,JAX,GO
2023091003,2519,1,10,JAX,25,JAX,HITCH
2023091003,1503,3,11,JAX,49,IND,FLAT
2023091003,4258,2,5,JAX,41,IND,HITCH
2023091003,2227,3,11,JAX,15,JAX,OUT
2023091003,3998,2,10,IND,25,IND,CORNER
2023091003,2798,3,11,IND,24,IND,FLAT
2023091003,933,2,2,JAX,33,JAX,CROSS
2023091003,358,2,10,JAX,39,JAX,OUT
2023091003,2062,1,10,IND,8,IND,ANGLE
2023091003,3975,1,10,IND,25,IND,OUT
2023091003,2571,1,10,JAX,40,JAX,SLANT
2023091003,2608,2,10,JAX,40,JAX,GO
2023091003,2087,2,4,IND,14,IND,CROSS
2023091004,695,3,6,TB,39,TB,GO
2023091004,2102,1,10,MIN,39,TB,OUT
2023091004,1190,1,10,MIN,17,MIN,POST
2023091004,821,1,10,MIN,18,TB,POST
2023091004,2936,2,8,MIN,27,MIN,OUT
2023091004,2257,2,10,MIN,25,MIN,HITCH
2023091004,1300,2,13,TB,41,MIN,FLAT
2023091004,2724,2,10,MIN,21,TB,HITCH
2023091004,315,2,7,MIN,16,MIN,SLANT
2023091004,3365,2,4,TB,4,MIN,CROSS
2023091004,1746,3,7,TB,7,MIN,OUT
2023091004,365,2,9,MIN,25,MIN,GO
2023091004,2827,2,7,MIN,7,TB,CROSS
2023091004,2850,3,7,MIN,7,TB,CROSS
2023091004,1641,3,1,TB,41,MIN,CROSS
2023091004,2749,3,8,MIN,19,TB,HITCH
2023091004,413,2,10,TB,45,MIN,SLANT
2023091004,3177,2,15,TB,25,MIN,SLANT
2023091004,1839,2,5,TB,30,TB,IN
2023091004,124,3,7,MIN,28,MIN,CROSS
2023091004,1933,2,9,MIN,15,MIN,CROSS
2023091004,2177,2,10,MIN,28,TB,POST
2023091004,592,2,6,TB,39,TB,POST
2023091004,936,1,10,MIN,17,MIN,SCREEN
2023091004,766,2,7,MIN,29,MIN,FLAT
2023091004,2154,1,10,MIN,28,TB,GO
2023091004,1676,1,10,TB,19,MIN,FLAT
2023091004,3030,1,10,TB,48,MIN,OUT
2023091004,1958,3,7,MIN,17,MIN,HITCH
2023091004,4015,2,14,MIN,21,MIN,HITCH
2023091004,3584,1,10,MIN,20,MIN,CROSS
2023091004,2344,1,10,TB,22,MIN,HITCH
2023091004,2961,3,3,MIN,32,MIN,SLANT
2023091004,1594,1,10,,50,MIN,SCREEN
2023091004,2234,1,10,MIN,25,MIN,CORNER
2023091004,219,3,10,TB,33,TB,SCREEN
2023091004,3874,1,10,MIN,46,TB,OUT
2023091004,3641,3,7,MIN,23,MIN,HITCH
2023091004,4122,1,10,,50,TB,SCREEN
2023091004,2607,2,7,MIN,46,TB,CROSS
2023091004,1540,1,10,MIN,31,MIN,IN
2023091004,2505,3,6,TB,29,TB,SLANT
2023091004,3429,1,10,TB,25,TB,ANGLE
2023091004,438,1,10,TB,34,MIN,ANGLE
2023091004,3849,2,5,TB,38,TB,POST
2023091004,2369,2,1,TB,13,MIN,POST
2023091004,3690,1,10,TB,23,TB,HITCH
2023091004,3244,1,9,TB,9,MIN,FLAT
2023091004,1701,1,6,TB,6,MIN,CROSS
2023091004,983,3,2,MIN,25,MIN,FLAT
2023091004,1326,3,11,TB,39,MIN,GO
2023091004,4249,3,10,MIN,39,TB,OUT
2023091004,3105,3,13,TB,33,MIN,OUT
2023091004,196,2,10,TB,33,TB,CORNER
2023091004,3922,3,4,MIN,40,TB,FLAT
2023091004,542,2,6,TB,29,TB,OUT
2023091004,4040,3,7,MIN,28,MIN,OUT
2023091004,2077,3,2,TB,47,TB,POST
2023091004,390,1,10,TB,45,MIN,FLAT
2023091004,3616,2,13,MIN,17,MIN,HITCH
2023091004,2287,3,4,MIN,31,MIN,OUT
2023091004,2312,1,10,MIN,36,MIN,POST
2023091004,2701,1,10,MIN,21,TB,SLANT
2023091004,340,1,10,MIN,24,MIN,FLAT
2023091005,3984,3,2,TEN,35,TEN,FLAT
2023091005,331,1,10,,50,NO,FLAT
2023091005,3042,2,8,TEN,13,TEN,OUT
2023091005,3067,3,5,TEN,16,TEN,GO
2023091005,3413,1,10,NO,47,TEN,GO
2023091005,3578,2,10,NO,28,TEN,FLAT
2023091005,1289,3,10,NO,31,NO,CROSS
2023091005,228,3,18,NO,32,TEN,FLAT
2023091005,4036,2,10,NO,44,TEN,OUT
2023091005,3208,3,7,TEN,19,NO,GO
2023091005,2834,2,9,NO,19,NO,OUT
2023091005,3774,3,11,NO,27,NO,OUT
2023091005,3698,2,8,NO,15,NO,ANGLE
2023091005,1394,3,6,TEN,27,TEN,HITCH
2023091005,2283,3,8,TEN,31,NO,POST
2023091005,2166,1,10,TEN,48,NO,IN
2023091005,1217,2,9,NO,14,NO,ANGLE
2023091005,3383,1,10,TEN,41,TEN,OUT
2023091005,3603,3,9,NO,27,TEN,OUT
2023091005,793,1,10,NO,15,TEN,GO
2023091005,383,3,5,TEN,45,NO,HITCH
2023091005,3850,2,11,NO,41,NO,FLAT
2023091005,3875,3,9,NO,43,NO,POST
2023091005,2251,2,17,TEN,40,NO,SLANT
2023091005,1065,1,10,TEN,23,TEN,SLANT
2023091005,2518,3,3,NO,13,NO,CROSS
2023091005,1721,1,10,TEN,25,TEN,IN
2023091005,2440,1,10,NO,47,TEN,CORNER
2023091005,1016,3,12,NO,26,NO,CORNER
2023091005,4124,2,12,NO,17,TEN,OUT
2023091005,3436,2,10,NO,47,TEN,SLANT
2023091005,3128,2,6,TEN,29,NO,OUT
2023091005,4270,2,14,NO,25,NO,CROSS
2023091005,2964,3,7,NO,44,NO,OUT
2023091005,4147,3,12,NO,17,TEN,HITCH
2023091005,3358,3,10,TEN,25,TEN,IN
2023091005,721,1,15,TEN,43,TEN,SLANT
2023091005,159,1,15,NO,29,TEN,HITCH
2023091005,301,1,10,NO,25,NO,GO
2023091005,2670,1,10,TEN,25,TEN,IN
2023091005,2720,2,6,TEN,43,TEN,IN
2023091005,2366,1,10,TEN,25,TEN,HITCH
2023091005,1766,3,5,TEN,30,TEN,CROSS
2023091005,849,3,7,NO,12,TEN,IN
2023091005,3483,2,6,NO,33,TEN,OUT
2023091005,768,1,10,NO,30,TEN,OUT
2023091005,991,2,16,NO,22,NO,HITCH
2023091006,3881,1,10,SF,48,PIT,POST
2023091006,3447,3,4,SF,8,PIT,FLAT
2023091006,3804,1,10,PIT,38,PIT,FLAT
2023091006,775,1,10,PIT,32,PIT,CROSS
2023091006,4079,3,8,PIT,22,SF,SLANT
2023091006,2380,3,3,SF,16,PIT,SLANT
2023091006,4315,2,17,PIT,33,PIT,OUT
2023091006,3596,3,4,SF,25,SF,OUT
2023091006,899,1,10,SF,32,SF,HITCH
2023091006,4420,3,10,SF,30,PIT,HITCH
2023091006,2324,1,10,SF,23,PIT,OUT
2023091006,144,1,10,SF,46,SF,HITCH
2023091006,3472,4,4,SF,8,PIT,POST
2023091006,213,4,1,PIT,45,SF,CROSS
2023091006,960,1,10,SF,44,SF,IN
2023091006,2156,1,10,PIT,5,PIT,OUT
2023091006,1717,3,6,PIT,40,PIT,HITCH
2023091006,2274,1,10,SF,47,PIT,OUT
2023091006,4186,2,10,PIT,25,PIT,HITCH
2023091006,1421,2,14,SF,46,SF,SCREEN
2023091006,1207,1,10,PIT,25,PIT,FLAT
2023091006,1999,1,10,PIT,37,SF,SLANT
2023091006,598,3,14,PIT,30,SF,OUT
2023091006,3829,2,12,PIT,36,PIT,CROSS
2023091006,1974,2,8,PIT,47,SF,HITCH
2023091006,2736,1,10,PIT,25,PIT,HITCH
2023091006,1828,3,6,SF,28,SF,OUT
2023091006,3722,1,10,PIT,4,PIT,HITCH
2023091006,2299,2,1,SF,38,PIT,HITCH
2023091006,1446,3,7,PIT,47,SF,IN
2023091006,4211,3,2,PIT,33,PIT,SLANT
2023091006,550,1,20,PIT,36,SF,SLANT
2023091006,2188,2,1,PIT,14,PIT,POST
2023091006,3680,3,2,PIT,45,SF,OUT
2023091006,282,1,8,PIT,8,SF,IN
2023091006,4270,2,6,PIT,31,PIT,OUT
2023091006,2415,4,3,SF,16,PIT,GO
2023091006,1143,2,12,PIT,19,SF,GO
2023091006,4163,1,10,PIT,25,PIT,FLAT
2023091006,431,3,5,PIT,32,PIT,CORNER
2023091006,3754,2,1,PIT,13,PIT,HITCH
2023091006,822,3,8,PIT,34,PIT,POST
2023091006,1027,2,9,PIT,44,SF,SLANT
2023091006,2657,1,10,SF,25,SF,CROSS
2023091006,3295,1,10,SF,24,PIT,OUT
2023091006,2470,2,10,SF,11,PIT,OUT
2023091006,3234,1,10,SF,39,PIT,OUT
2023091006,2861,1,10,SF,17,SF,POST
2023091006,1096,1,15,PIT,39,SF,IN
2023091006,2930,3,8,SF,35,SF,CROSS
2023091006,492,2,11,PIT,49,SF,POST
2023091006,3078,1,10,PIT,6,PIT,OUT
2023091006,55,1,10,PIT,25,PIT,HITCH
2023091006,575,2,14,PIT,30,SF,IN
2023091006,3137,3,4,PIT,12,PIT,CROSS
2023091006,3779,1,10,PIT,25,PIT,HITCH
2023091006,3422,2,10,SF,14,PIT,FLAT
2023091006,2529,1,3,SF,3,PIT,OUT
2023091006,4395,2,20,SF,40,PIT,HITCH
2023091006,4340,3,11,PIT,39,PIT,HITCH
2023091007,2359,1,10,ARI,25,ARI,HITCH
2023091007,1988,1,10,WAS,12,WAS,IN
2023091007,2447,1,10,WAS,43,ARI,HITCH
2023091007,2160,1,10,WAS,37,WAS,OUT
2023091007,1764,2,6,ARI,16,ARI,HITCH
2023091007,332,3,5,ARI,22,ARI,IN
2023091007,1371,3,2,WAS,44,WAS,CROSS
2023091007,2183,2,10,WAS,37,WAS,OUT
2023091007,1424,2,9,ARI,36,WAS,CROSS
2023091007,1794,1,10,ARI,26,ARI,CROSS
2023091007,357,1,10,ARI,28,ARI,CROSS
2023091007,124,1,10,WAS,36,WAS,IN
2023091007,2672,1,10,WAS,25,WAS,HITCH
2023091007,2238,2,10,ARI,44,WAS,CORNER
2023091007,2013,1,10,WAS,26,WAS,HITCH
2023091007,147,2,10,WAS,36,WAS,HITCH
2023091007,935,3,9,WAS,11,ARI,IN
2023091007,1848,2,13,ARI,36,ARI,OUT
2023091007,580,3,1,WAS,33,WAS,FLAT
2023091007,77,2,7,WAS,28,WAS,HITCH
2023091007,3542,2,11,ARI,24,ARI,FLAT
2023091007,3890,3,7,ARI,37,ARI,HITCH
2023091007,4271,4,10,ARI,37,ARI,IN
2023091007,4101,1,10,ARI,25,ARI,IN
2023091007,2472,2,5,WAS,38,ARI,GO
2023091007,1620,1,10,ARI,49,WAS,HITCH
2023091007,2719,1,10,WAS,36,WAS,HITCH
2023091007,842,2,11,WAS,43,ARI,WHEEL
2023091007,1167,1,10,WAS,37,ARI,HITCH
2023091007,197,2,9,WAS,49,WAS,HITCH
2023091007,3145,3,20,WAS,15,WAS,HITCH
2023091007,2495,3,5,WAS,38,ARI,SLANT
2023091007,2135,1,10,WAS,19,WAS,OUT
2023091007,4182,1,10,ARI,37,ARI,FLAT
2023091007,1399,1,10,ARI,37,WAS,FLAT
2023091007,2421,2,4,ARI,42,ARI,HITCH
2023091007,2036,2,10,WAS,26,WAS,SLANT
2023091007,1214,3,9,WAS,36,ARI,SLANT
2023091007,2208,1,10,ARI,44,WAS,IN
2023091007,699,2,4,ARI,7,WAS,ANGLE
2023091007,1679,2,10,ARI,37,WAS,CROSS
2023091007,4234,3,16,ARI,31,ARI,FLAT
2023091007,220,3,9,WAS,49,WAS,FLAT
2023091008,1292,1,10,GB,24,GB,SCREEN
2023091008,1356,3,2,GB,32,GB,OUT
2023091008,125,1,10,CHI,31,CHI,SCREEN
2023091008,1818,1,10,CHI,19,CHI,FLAT
2023091008,1551,1,10,GB,31,GB,FLAT
2023091008,735,2,12,GB,33,CHI,FLAT
2023091008,3178,3,8,GB,41,GB,OUT
2023091008,3495,2,1,CHI,39,CHI,OUT
2023091008,4083,1,10,GB,12,CHI,FLAT
2023091008,4452,2,10,CHI,25,CHI,CROSS
2023091008,3254,1,4,CHI,4,GB,GO
2023091008,1130,1,10,GB,22,CHI,SLANT
2023091008,2921,2,6,CHI,39,CHI,OUT
2023091008,1105,1,10,GB,33,CHI,OUT
2023091008,2697,1,10,CHI,43,GB,FLAT
2023091008,4051,4,5,GB,18,CHI,FLAT
2023091008,2865,1,16,CHI,29,CHI,FLAT
2023091008,3010,2,9,GB,20,CHI,GO
2023091008,1200,3,11,GB,11,CHI,HITCH
2023091008,3975,1,10,GB,23,CHI,FLAT
2023091008,1626,1,10,CHI,49,GB,POST
2023091008,1929,1,10,GB,44,GB,FLAT
2023091008,4539,3,5,CHI,43,CHI,CROSS
2023091008,3923,1,10,GB,37,CHI,SCREEN
2023091008,2749,3,8,CHI,41,GB,HITCH
2023091008,4514,2,10,CHI,38,CHI,ANGLE
2023091008,3851,1,10,CHI,46,CHI,FLAT
2023091008,273,3,13,CHI,43,GB,SLANT
2023091008,3377,3,11,CHI,24,CHI,IN
2023091008,1981,3,10,GB,44,GB,CROSS
2023091008,3998,2,10,GB,23,CHI,HITCH
2023091008,396,2,2,CHI,12,GB,CROSS
2023091008,496,3,8,CHI,8,GB,IN
2023091008,3354,2,11,CHI,24,CHI,CROSS
2023091008,3826,1,10,CHI,31,CHI,OUT
2023091008,619,2,12,GB,45,CHI,FLAT
2023091008,572,1,10,CHI,34,CHI,CORNER
2023091008,1952,2,10,GB,44,GB,CORNER
2023091008,2390,3,18,CHI,17,CHI,FLAT
2023091008,2520,4,3,CHI,35,GB,ANGLE
2023091008,1473,2,20,CHI,10,CHI,IN
2023091008,4021,3,10,GB,23,CHI,SLANT
2023091008,3745,2,16,GB,18,GB,CROSS
2023091008,2007,1,10,CHI,26,GB,SLANT
2023091008,1155,1,8,GB,8,CHI,FLAT
2023091008,1576,2,10,GB,31,GB,HITCH
2023091008,2475,2,12,CHI,44,GB,IN
2023091008,1601,3,6,GB,35,GB,IN
2023091008,3208,1,10,CHI,41,GB,CROSS
2023091008,4491,1,10,CHI,38,CHI,FLAT
2023091008,840,1,10,GB,25,GB,IN
2023091008,888,3,15,GB,20,GB,HITCH
2023091009,1097,3,5,DEN,5,LV,HITCH
2023091009,2826,2,6,DEN,6,LV,HITCH
2023091009,3009,2,7,,50,DEN,FLAT
2023091009,681,3,10,LV,38,DEN,OUT
2023091009,953,1,10,LV,39,LV,CORNER
2023091009,3195,3,1,LV,23,DEN,FLAT
2023091009,2499,3,12,DEN,46,LV,IN
2023091009,2546,2,9,DEN,33,LV,HITCH
2023091009,987,1,10,DEN,40,LV,GO
2023091009,103,2,9,DEN,43,LV,SLANT
2023091009,3108,2,5,LV,37,DEN,HITCH
2023091009,3418,1,10,LV,43,LV,POST
2023091009,3587,2,11,DEN,24,DEN,HITCH
2023091009,2849,3,6,DEN,6,LV,FLAT
2023091009,2102,2,4,DEN,32,DEN,GO
2023091009,2609,1,20,DEN,31,LV,CROSS
2023091009,1561,1,10,LV,17,LV,SLANT
2023091009,3501,2,6,DEN,6,LV,SLANT
2023091009,1621,3,6,LV,21,LV,SLANT
2023091009,3242,1,8,LV,8,DEN,CROSS
2023091009,3610,3,11,DEN,24,DEN,CROSS
2023091009,861,1,10,LV,25,LV,FLAT
2023091009,1946,2,5,LV,5,DEN,CROSS
2023091009,2932,3,3,DEN,27,DEN,FLAT
2023091009,2907,2,6,DEN,24,DEN,OUT
2023091009,570,2,15,DEN,47,DEN,OUT
2023091009,3386,2,10,LV,25,LV,HITCH
2023091009,2430,1,10,DEN,44,LV,HITCH
2023091009,1827,2,9,LV,40,DEN,OUT
2023091009,3454,1,10,DEN,26,LV,GO
2023091009,3754,3,8,LV,44,LV,CROSS
2023091009,1772,2,4,DEN,49,DEN,FLAT
2023091009,797,2,5,LV,5,DEN,IN
2023091009,2634,2,14,DEN,25,LV,FLAT
2023091009,3361,1,10,LV,25,LV,OUT
2023091009,1680,1,10,DEN,25,DEN,OUT
2023091009,750,3,3,LV,18,DEN,IN
2023091009,306,3,3,DEN,3,LV,GO
2023091009,1017,1,10,DEN,27,LV,OUT
2023091009,1710,2,1,DEN,34,DEN,HITCH
2023091009,1507,2,6,LV,9,LV,HITCH
2023091009,1886,1,10,LV,20,DEN,POST
2023091009,1735,1,10,DEN,43,DEN,ANGLE
2023091009,3170,2,3,LV,25,DEN,FLAT
2023091009,3140,1,10,LV,32,DEN,FLAT
2023091009,442,2,4,DEN,20,DEN,CORNER
2023091009,1802,1,10,LV,41,DEN,FLAT
2023091009,1212,2,7,DEN,39,DEN,FLAT
2023091009,417,1,10,DEN,14,DEN,FLAT
2023091009,511,1,10,LV,48,DEN,FLAT
2023091010,1714,1,10,MIA,20,MIA,CROSS
2023091010,3274,1,10,LAC,25,LAC,OUT
2023091010,121,1,10,MIA,46,MIA,SLANT
2023091010,3803,2,15,LAC,35,MIA,OUT
2023091010,4321,2,10,MIA,25,MIA,FLAT
2023091010,1835,2,7,LAC,42,MIA,FLAT
2023091010,1858,3,7,LAC,42,MIA,CORNER
2023091010,2284,2,10,MIA,34,LAC,OUT
2023091010,2930,2,13,MIA,32,MIA,POST
2023091010,607,1,10,MIA,25,MIA,CROSS
2023091010,2982,2,9,LAC,37,MIA,SLANT
2023091010,4473,2,6,LAC,24,MIA,POST
2023091010,4076,2,12,LAC,45,LAC,WHEEL
2023091010,2206,1,10,LAC,49,LAC,FLAT
2023091010,261,2,4,LAC,12,LAC,CORNER
2023091010,1119,2,10,LAC,20,MIA,CROSS
2023091010,3494,1,7,MIA,7,LAC,FLAT
2023091010,2027,1,1,LAC,1,MIA,CROSS
2023091010,4207,2,9,MIA,11,LAC,OUT
2023091010,1337,2,6,LAC,29,LAC,ANGLE
2023091010,3676,1,10,MIA,36,MIA,GO
2023091010,4426,3,10,MIA,25,MIA,GO
2023091010,3029,2,12,LAC,26,MIA,SLANT
2023091010,4099,3,12,LAC,45,LAC,GO
2023091010,1607,1,10,LAC,32,LAC,SLANT
2023091010,328,2,6,LAC,21,LAC,GO
2023091010,1249,3,5,LAC,5,MIA,OUT
2023091010,1513,1,10,MIA,25,MIA,POST
2023091010,3309,2,10,LAC,25,LAC,FLAT
2023091010,4558,3,4,LAC,4,MIA,GO
2023091010,2103,1,10,LAC,25,LAC,HITCH
2023091010,2151,3,6,LAC,29,LAC,HITCH
2023091010,1888,4,7,LAC,42,MIA,OUT
2023091010,997,3,7,LAC,28,LAC,OUT
2023091010,3701,1,10,LAC,45,MIA,HITCH
2023091010,2002,2,6,LAC,9,MIA,CROSS
2023091010,3198,1,10,LAC,35,MIA,GO
2023091010,1940,2,10,LAC,32,MIA,POST
2023091010,4699,3,29,LAC,16,LAC,IN
2023091010,4615,1,10,LAC,25,LAC,OUT
2023091010,2236,2,9,,50,LAC,IN
2023091010,3826,3,15,LAC,35,MIA,SLANT
2023091010,1072,1,10,LAC,48,MIA,CROSS
2023091010,1558,3,2,MIA,33,MIA,POST
2023091010,3640,3,15,MIA,20,MIA,CROSS
2023091010,4528,2,9,LAC,9,MIA,FLAT
2023091010,2261,1,10,MIA,34,LAC,GO
2023091010,4498,1,9,LAC,9,MIA,IN
2023091010,1040,1,10,MIA,23,MIA,POST
2023091010,1810,1,15,,50,MIA,IN
2023091010,630,2,10,MIA,25,MIA,POST
2023091010,706,2,3,LAC,34,MIA,OUT
2023091010,2372,1,10,MIA,25,MIA,CROSS
2023091010,3064,3,12,LAC,26,MIA,GO
2023091010,1761,2,9,MIA,39,MIA,HITCH
2023091010,2176,1,10,LAC,38,LAC,OUT
2023091010,1438,3,1,MIA,1,LAC,SLANT
2023091010,767,3,8,LAC,39,MIA,CROSS
2023091010,3128,2,9,LAC,5,LAC,SCREEN
2023091010,3890,1,10,LAC,25,LAC,OUT
2023091011,2580,2,8,NE,40,PHI,CROSS
2023091011,766,2,5,NE,21,PHI,OUT
2023091011,2388,3,4,NE,31,NE,GO
2023091011,3006,2,17,PHI,35,NE,GO
2023091011,1443,3,5,NE,48,NE,OUT
2023091011,3285,2,10,NE,46,PHI,HITCH
2023091011,3797,1,10,PHI,40,PHI,IN
2023091011,2508,2,5,PHI,49,PHI,OUT
2023091011,2555,1,10,NE,42,PHI,OUT
2023091011,3108,1,10,PHI,20,PHI,OUT
2023091011,2125,1,10,NE,48,NE,IN
2023091011,1418,2,11,NE,42,NE,HITCH
2023091011,1839,2,9,PHI,9,NE,GO
2023091011,4096,1,10,PHI,11,NE,GO
2023091011,3140,2,7,PHI,23,PHI,SCREEN
2023091011,209,1,10,NE,34,PHI,FLAT
2023091011,2221,2,3,PHI,19,NE,POST
2023091011,637,3,5,PHI,42,NE,HITCH
2023091011,3217,2,1,PHI,41,PHI,HITCH
2023091011,515,2,8,NE,26,NE,IN
2023091011,4317,4,17,PHI,48,NE,CORNER
2023091011,1101,3,10,PHI,16,PHI,CROSS
2023091011,1759,1,10,PHI,43,NE,CORNER
2023091011,1034,1,10,PHI,16,PHI,FLAT
2023091011,3772,2,10,PHI,17,PHI,OUT
2023091011,3683,1,10,PHI,17,PHI,IN
2023091011,2196,1,10,PHI,26,NE,OUT
2023091011,3541,3,10,PHI,38,NE,FLAT
2023091011,1661,3,6,NE,33,NE,OUT
2023091011,1734,3,10,NE,42,NE,CROSS
2023091011,140,1,10,NE,48,PHI,ANGLE
2023091011,1792,1,10,PHI,20,NE,OUT
2023091011,4666,4,11,PHI,20,NE,OUT
2023091011,4457,1,10,NE,44,NE,HITCH
2023091011,4557,2,3,PHI,36,NE,FLAT
2023091011,3187,1,10,PHI,32,PHI,OUT
2023091011,849,1,5,NE,5,PHI,OUT
2023091011,4071,1,10,PHI,22,NE,ANGLE
2023091011,4046,2,5,PHI,38,NE,IN
2023091011,3262,1,10,NE,46,PHI,GO
2023091011,3976,1,10,NE,25,NE,POST
2023091011,4485,2,1,PHI,47,NE,OUT
2023091011,1686,1,10,NE,42,NE,GO
2023091011,4270,3,12,PHI,43,NE,IN
2023091011,3491,1,10,PHI,38,NE,POST
2023091011,2809,1,10,NE,36,NE,HITCH
2023091011,2834,2,4,NE,42,NE,POST
2023091011,952,2,9,NE,45,NE,OUT
2023091011,614,2,5,PHI,42,NE,IN
2023091011,3915,3,11,NE,41,PHI,SLANT
2023091011,55,1,10,PHI,25,PHI,ANGLE
2023091011,1224,3,7,PHI,44,NE,HITCH
2023091011,980,3,9,NE,45,NE,CROSS
2023091011,3425,1,10,NE,25,NE,FLAT
2023091011,2449,1,10,PHI,29,PHI,POST
2023091011,1989,3,14,PHI,21,PHI,CROSS
2023091011,1964,2,21,PHI,14,PHI,HITCH
2023091011,3455,1,10,NE,35,NE,ANGLE
2023091011,3355,3,7,NE,30,PHI,OUT
2023091011,2857,3,4,NE,42,NE,HITCH
2023091011,2363,2,9,NE,26,NE,OUT
2023091011,2643,1,20,NE,41,PHI,GO
2023091011,2093,2,12,NE,35,NE,POST
2023091011,4427,4,2,NE,44,PHI,SLANT
2023091012,3729,1,10,SEA,35,SEA,HITCH
2023091012,2335,3,8,LA,48,LA,CORNER
2023091012,3068,2,9,LA,33,LA,IN
2023091012,3093,1,10,LA,48,LA,IN
2023091012,783,2,17,SEA,17,LA,HITCH
2023091012,925,2,9,SEA,26,SEA,FLAT
2023091012,652,2,14,SEA,29,LA,HITCH
2023091012,1165,2,10,LA,21,SEA,CROSS
2023091012,3197,2,11,SEA,13,LA,FLAT
2023091012,439,3,4,LA,31,LA,IN
2023091012,2602,2,10,LA,34,LA,SLANT
2023091012,3618,1,10,SEA,40,LA,OUT
2023091012,1979,2,10,LA,29,LA,IN
2023091012,1831,1,10,LA,39,SEA,HITCH
2023091012,1392,3,28,LA,12,LA,SLANT
2023091012,677,3,4,SEA,19,LA,HITCH
2023091012,176,3,2,SEA,47,SEA,SLANT
2023091012,2002,3,10,LA,29,LA,SLANT
2023091012,2240,1,10,LA,35,LA,POST
2023091012,605,3,10,SEA,35,LA,IN
2023091012,102,3,1,SEA,34,SEA,OUT
2023091012,3382,1,10,SEA,25,SEA,SCREEN
2023091012,1455,1,10,SEA,49,SEA,HITCH
2023091012,1956,1,10,LA,29,LA,IN
2023091012,3541,3,8,LA,27,LA,CORNER
2023091012,327,3,16,LA,18,SEA,GO
2023091012,2215,3,4,LA,30,LA,SLANT
2023091012,3516,2,14,LA,21,LA,OUT
2023091012,582,2,10,SEA,35,LA,IN
2023091012,1666,1,10,LA,38,LA,CROSS
2023091012,2263,2,10,LA,35,LA,HITCH
2023091012,950,1,10,SEA,36,SEA,HITCH
2023091012,2725,3,6,SEA,20,LA,WHEEL
2023091012,2499,3,5,SEA,35,SEA,OUT
2023091012,1713,2,7,SEA,38,LA,IN
2023091012,3663,3,5,SEA,35,LA,GO
2023091012,2034,1,10,LA,40,LA,IN
2023091012,2310,2,16,LA,40,LA,IN
2023091012,2656,2,8,LA,46,LA,GO
2023091012,2956,1,10,LA,21,LA,FLAT
2023091012,3140,2,5,SEA,26,LA,CROSS
2023091012,1212,2,9,LA,10,SEA,GO
2023091012,2543,1,10,LA,20,LA,CROSS
2023091012,3412,2,8,SEA,27,SEA,SLANT
2023091012,1641,2,10,LA,25,LA,HITCH
2023091012,2476,2,5,SEA,35,SEA,CROSS
2023091012,2791,1,10,SEA,25,SEA,FLAT
2023091012,55,1,10,SEA,25,SEA,HITCH
2023091012,1090,1,10,LA,32,SEA,FLAT
2023091012,3298,3,1,SEA,1,LA,CROSS
2023091013,2292,2,6,NYG,19,DAL,GO
2023091013,3024,3,8,,50,NYG,SLANT
2023091013,1142,4,3,NYG,38,DAL,SLANT
2023091013,2802,3,10,DAL,44,DAL,IN
2023091013,3686,2,5,NYG,31,NYG,OUT
2023091013,1117,3,8,NYG,43,DAL,FLAT
2023091013,2144,1,10,DAL,25,DAL,SLANT
2023091013,1588,1,10,NYG,30,NYG,SLANT
2023091013,3101,1,10,,50,DAL,OUT
2023091013,1737,4,5,DAL,48,NYG,SLANT
2023091013,616,1,6,NYG,6,DAL,CORNER
2023091013,3538,2,9,NYG,20,NYG,FLAT
2023091013,422,2,10,NYG,25,NYG,HITCH
2023091013,3047,4,8,,50,NYG,HITCH
2023091013,2872,1,10,NYG,38,NYG,SCREEN
2023091013,3870,4,14,NYG,38,NYG,GO
2023091013,1943,1,10,DAL,26,DAL,GO
2023091013,1813,3,5,DAL,21,NYG,FLAT
2023091013,1635,3,1,NYG,39,NYG,OUT
2023091013,3974,4,4,NYG,32,DAL,CROSS
2023091013,2515,4,3,NYG,32,NYG,OUT
2023091013,2738,2,5,DAL,49,DAL,CROSS
2023091013,3210,3,7,NYG,16,DAL,SLANT
2023091013,539,3,4,DAL,32,DAL,GO
2023091013,3257,2,7,NYG,7,DAL,FLAT
2023091013,3001,2,8,,50,NYG,CROSS
2023091013,1687,2,12,NYG,45,NYG,IN
2023091013,1337,1,10,NYG,38,DAL,HITCH
2023091013,2213,3,2,DAL,43,DAL,SLANT
2023091013,1870,2,15,DAL,19,NYG,OUT
2023091013,3357,1,10,NYG,25,NYG,SLANT
2023091013,1072,1,10,NYG,45,DAL,CORNER
2023091013,1015,2,12,DAL,18,DAL,OUT
2023091013,2897,2,9,NYG,39,NYG,OUT
2023091013,3845,3,19,NYG,33,NYG,SLANT
2023091013,1233,3,8,NYG,20,DAL,OUT
2023091013,3711,3,3,NYG,33,NYG,SCREEN
2023091013,801,3,19,NYG,16,NYG,FLAT
2023091013,2572,2,14,NYG,33,NYG,CROSS
2023091013,485,1,10,DAL,26,DAL,OUT
2023091013,2932,3,9,NYG,39,NYG,SLANT
2023091013,639,2,6,NYG,6,DAL,FLAT
2023091100,993,3,8,BUF,31,BUF,GO
2023091100,482,1,10,BUF,38,BUF,CROSS
2023091100,2383,2,7,NYJ,46,BUF,OUT
2023091100,3618,1,10,BUF,38,BUF,HITCH
2023091100,1664,1,10,NYJ,31,BUF,SLANT
2023091100,2536,3,12,NYJ,33,NYJ,ANGLE
2023091100,1216,1,10,BUF,38,BUF,ANGLE
2023091100,1356,2,11,NYJ,37,BUF,IN
2023091100,1973,3,10,NYJ,25,NYJ,CROSS
2023091100,2941,3,9,BUF,26,BUF,FLAT
2023091100,3684,1,20,BUF,43,BUF,HITCH
2023091100,2428,2,13,NYJ,41,BUF,POST
2023091100,331,3,13,NYJ,40,NYJ,OUT
2023091100,58,1,10,BUF,25,BUF,SLANT
2023091100,1186,2,15,BUF,20,BUF,HITCH
2023091100,3716,2,5,NYJ,42,BUF,SLANT
2023091100,2655,3,6,BUF,19,BUF,OUT
2023091100,559,2,4,NYJ,45,BUF,POST
2023091100,1775,2,13,NYJ,23,BUF,WHEEL
2023091100,2844,1,10,BUF,15,BUF,FLAT
2023091100,1589,1,10,,50,BUF,SCREEN
2023091100,2358,1,10,NYJ,49,BUF,SCREEN
2023091100,2281,2,11,BUF,24,BUF,HITCH
2023091100,804,3,11,NYJ,21,NYJ,POST
2023091100,534,1,10,BUF,49,BUF,FLAT
2023091100,3942,1,15,BUF,20,BUF,CORNER
2023091100,152,3,5,BUF,42,BUF,SLANT
2023091100,962,2,12,BUF,27,BUF,ANGLE
2023091100,779,2,15,NYJ,17,NYJ,OUT
2023091100,1239,2,10,BUF,38,BUF,HITCH
2023091100,3593,2,3,BUF,32,BUF,HITCH
2023091100,1551,1,10,NYJ,38,NYJ,POST
2023091100,3987,3,12,BUF,23,BUF,HITCH
2023091100,629,3,15,NYJ,35,BUF,HITCH
2023091100,3015,3,2,BUF,43,BUF,CORNER
2023091100,3214,2,3,BUF,3,NYJ,GO
2023091100,1499,1,10,NYJ,26,NYJ,SCREEN
2023091100,2916,2,12,BUF,23,BUF,FLAT
2023091100,1701,2,4,NYJ,25,BUF,HITCH
2023091100,3098,3,5,NYJ,48,NYJ,CROSS
2023091100,2306,1,10,BUF,39,BUF,FLAT
2023091100,2513,2,12,NYJ,33,NYJ,HITCH
2023091100,299,2,20,NYJ,33,NYJ,HITCH
2023091100,3167,3,5,BUF,23,NYJ,CORNER
2023091100,2488,1,10,NYJ,35,NYJ,SCREEN
2023091400,1962,2,6,PHI,49,PHI,FLAT
2023091400,3072,1,10,MIN,37,PHI,HITCH
2023091400,1702,1,10,PHI,49,MIN,OUT
2023091400,2645,2,11,PHI,24,PHI,FLAT
2023091400,2500,2,10,MIN,38,MIN,IN
2023091400,3413,2,4,,50,MIN,IN
2023091400,2587,1,10,PHI,25,PHI,HITCH
2023091400,318,1,10,MIN,40,MIN,SCREEN
2023091400,1767,1,10,PHI,31,MIN,GO
2023091400,56,1,10,PHI,25,PHI,IN
2023091400,779,2,10,MIN,39,PHI,HITCH
2023091400,3438,1,10,PHI,28,MIN,CROSS
2023091400,293,1,10,MIN,25,MIN,CROSS
2023091400,1025,3,9,PHI,41,MIN,IN
2023091400,1588,1,10,MIN,25,MIN,FLAT
2023091400,461,2,10,PHI,10,PHI,HITCH
2023091400,3333,2,3,MIN,21,MIN,IN
2023091400,4132,1,5,PHI,5,MIN,CROSS
2023091400,2475,1,10,MIN,38,MIN,FLAT
2023091400,2793,3,4,MIN,36,MIN,CROSS
2023091400,151,2,11,PHI,36,PHI,GO
2023091400,2247,2,15,MIN,20,MIN,FLAT
2023091400,4084,1,5,PHI,25,MIN,POST
2023091400,3117,3,9,MIN,36,PHI,HITCH
2023091400,3950,3,15,MIN,30,MIN,CROSS
2023091400,4107,2,5,PHI,25,MIN,CORNER
2023091400,3668,3,5,PHI,41,PHI,OUT
2023091400,4000,1,10,PHI,46,MIN,ANGLE
2023091400,1725,2,10,PHI,49,MIN,FLAT
2023091400,1072,2,5,PHI,12,MIN,CROSS
2023091400,2768,2,5,MIN,35,MIN,OUT
2023091400,2364,3,4,PHI,37,PHI,GO
2023091400,3975,4,3,MIN,42,MIN,SLANT
2023091400,3486,3,6,PHI,24,MIN,OUT
2023091400,2976,1,10,MIN,49,PHI,FLAT
2023091400,1677,3,1,MIN,47,MIN,HITCH
2023091400,1000,2,12,PHI,44,MIN,FLAT
2023091400,431,1,10,PHI,10,PHI,GO
2023091400,3356,3,3,MIN,21,MIN,CROSS
2023091400,3927,2,15,MIN,30,MIN,FLAT
2023091400,2523,3,10,MIN,38,MIN,POST
2023091400,953,3,3,PHI,48,MIN,SLANT
2023091400,928,2,12,MIN,43,MIN,HITCH
2023091400,3516,1,10,PHI,10,MIN,CROSS
2023091400,1105,1,5,PHI,5,MIN,CROSS
2023091400,366,3,9,MIN,41,MIN,POST
2023091400,3813,1,10,MIN,25,MIN,HITCH
2023091400,1645,2,6,MIN,42,MIN,HITCH
2023091400,2885,1,10,PHI,20,PHI,HITCH
2023091400,685,3,16,PHI,44,PHI,IN
2023091400,1213,1,10,PHI,35,PHI,FLAT
2023091400,2450,2,10,MIN,25,MIN,OUT
2023091400,3836,2,10,MIN,25,MIN,IN
2023091400,2694,3,11,PHI,24,PHI,FLAT
2023091400,1420,2,10,MIN,28,PHI,IN
2023091700,597,1,10,GB,29,ATL,SLANT
2023091700,1728,1,10,ATL,25,ATL,SCREEN
2023091700,2941,1,10,ATL,10,GB,FLAT
2023091700,111,2,7,ATL,28,GB,CROSS
2023091700,4189,3,10,GB,25,GB,CORNER
2023091700,1457,1,10,GB,41,GB,OUT
2023091700,1984,1,3,GB,3,ATL,IN
2023091700,2307,2,8,GB,47,GB,OUT
2023091700,3843,2,10,GB,49,ATL,OUT
2023091700,2337,1,10,ATL,38,GB,CROSS
2023091700,2170,2,15,ATL,20,ATL,OUT
2023091700,1856,1,10,GB,35,ATL,CROSS
2023091700,989,2,10,ATL,43,GB,OUT
2023091700,3873,3,3,GB,42,ATL,SLANT
2023091700,3506,1,10,ATL,47,ATL,WHEEL
2023091700,3585,3,7,GB,21,ATL,IN
2023091700,1427,4,4,GB,41,ATL,HITCH
2023091700,545,2,10,GB,41,ATL,FLAT
2023091700,453,3,7,ATL,30,ATL,HITCH
2023091700,4212,4,10,GB,25,GB,IN
2023091700,855,1,10,GB,16,GB,IN
2023091700,1809,1,10,GB,48,ATL,SLANT
2023091700,3163,3,3,ATL,43,ATL,GO
2023091700,2911,1,10,ATL,20,GB,OUT
2023091700,2395,1,10,ATL,32,GB,IN
2023091700,1593,2,3,ATL,23,GB,FLAT
2023091700,1358,1,10,GB,47,ATL,CROSS
2023091700,1546,2,5,ATL,38,GB,IN
2023091700,1076,2,10,ATL,19,GB,SLANT
2023091700,4143,1,10,GB,25,GB,HITCH
2023091700,3781,1,10,ATL,27,ATL,CORNER
2023091700,2859,1,10,ATL,35,GB,OUT
2023091700,2258,2,6,GB,39,GB,OUT
2023091700,522,1,10,GB,41,ATL,GO
2023091700,3328,1,10,GB,25,GB,CROSS
2023091700,1311,3,15,ATL,12,ATL,POST
2023091700,2193,3,15,ATL,20,ATL,IN
2023091700,924,3,1,GB,40,GB,FLAT
2023091700,430,2,7,ATL,30,ATL,FLAT
2023091700,3373,3,8,GB,27,GB,HITCH
2023091700,3232,3,8,GB,10,ATL,OUT
2023091700,2147,1,15,ATL,20,ATL,CROSS
2023091700,1959,1,10,GB,13,ATL,SLANT
2023091701,1961,2,10,LV,11,BUF,CROSS
2023091701,2591,3,2,LV,33,LV,CROSS
2023091701,2435,3,3,LV,3,BUF,FLAT
2023091701,1039,2,2,LV,2,BUF,CORNER
2023091701,2953,1,5,LV,30,LV,SLANT
2023091701,757,2,7,BUF,19,BUF,FLAT
2023091701,2168,1,10,BUF,49,BUF,FLAT
2023091701,512,3,3,LV,8,BUF,CROSS
2023091701,102,3,2,LV,33,LV,GO
2023091701,2566,2,7,LV,28,LV,OUT
2023091701,2465,4,2,LV,2,BUF,HITCH
2023091701,782,3,6,BUF,20,BUF,SLANT
2023091701,2267,3,2,LV,31,BUF,OUT
2023091701,339,2,10,LV,16,LV,ANGLE
2023091701,857,1,10,BUF,37,BUF,HITCH
2023091701,1194,1,10,LV,42,LV,ANGLE
2023091701,1395,1,10,BUF,47,BUF,FLAT
2023091701,1908,1,10,LV,26,BUF,HITCH
2023091701,2752,2,5,LV,27,BUF,HITCH
2023091701,637,1,10,LV,31,LV,HITCH
2023091701,807,1,10,BUF,27,BUF,FLAT
2023091701,1317,3,12,BUF,29,LV,GO
2023091701,3144,2,8,BUF,23,BUF,FLAT
2023091701,2777,1,10,LV,13,BUF,SCREEN
2023091701,1752,3,8,BUF,45,BUF,CORNER
2023091701,2675,2,10,LV,48,BUF,FLAT
2023091701,3521,1,10,LV,39,LV,POST
2023091701,2018,1,10,LV,25,LV,ANGLE
2023091701,415,1,10,LV,28,BUF,HITCH
2023091701,1573,1,10,LV,2,LV,OUT
2023091701,1243,2,10,BUF,48,LV,HITCH
2023091701,1447,2,1,LV,34,BUF,OUT
2023091701,1105,1,10,LV,25,LV,GO
2023091701,2055,1,10,LV,36,LV,FLAT
2023091701,1697,1,10,BUF,43,BUF,IN
2023091701,2337,3,4,LV,15,BUF,OUT
2023091701,2616,1,10,LV,48,LV,ANGLE
2023091701,1811,2,1,LV,29,BUF,FLAT
2023091701,3025,3,3,LV,42,LV,GO
2023091701,936,2,8,LV,42,BUF,HITCH
2023091701,487,2,14,LV,19,BUF,SLANT
2023091701,1727,2,10,BUF,43,BUF,ANGLE
2023091701,1938,1,10,LV,11,BUF,POST
2023091701,832,2,7,BUF,30,BUF,SLANT
2023091701,1169,3,11,LV,24,LV,CORNER
2023091701,2705,3,2,LV,40,BUF,FLAT
2023091701,662,2,5,LV,36,LV,GO
2023091701,3000,2,9,LV,36,LV,ANGLE
2023091702,134,2,7,BAL,39,BAL,OUT
2023091702,1556,2,8,BAL,42,CIN,HITCH
2023091702,1681,1,10,BAL,14,CIN,FLAT
2023091702,3483,3,11,CIN,24,CIN,HITCH
2023091702,2429,3,2,BAL,23,CIN,FLAT
2023091702,3901,1,10,BAL,36,CIN,POST
2023091702,2792,3,4,BAL,49,CIN,IN
2023091702,584,1,10,BAL,33,BAL,SLANT
2023091702,504,2,14,CIN,21,CIN,SLANT
2023091702,1177,1,10,BAL,25,BAL,IN
2023091702,2298,1,10,CIN,37,CIN,FLAT
2023091702,2599,3,3,CIN,3,BAL,OUT
2023091702,2718,3,3,CIN,32,CIN,OUT
2023091702,638,2,1,CIN,43,BAL,HITCH
2023091702,1878,2,7,BAL,41,BAL,IN
2023091702,2842,1,10,BAL,19,CIN,GO
2023091702,189,1,10,CIN,47,BAL,SCREEN
2023091702,2663,1,10,CIN,25,CIN,FLAT
2023091702,55,1,10,BAL,25,BAL,HITCH
2023091702,842,3,9,,50,CIN,FLAT
2023091702,2399,2,4,BAL,25,CIN,FLAT
2023091702,4016,2,4,BAL,4,CIN,OUT
2023091702,1327,1,10,CIN,34,BAL,HITCH
2023091702,711,3,10,CIN,41,BAL,GO
2023091702,1590,3,2,BAL,36,CIN,HITCH
2023091702,3771,3,10,CIN,33,CIN,SLANT
2023091702,1957,1,10,CIN,35,BAL,POST
2023091702,3876,4,4,BAL,45,CIN,SLANT
2023091702,3246,1,10,CIN,33,BAL,GO
2023091702,3661,1,10,CIN,20,CIN,FLAT
2023091702,2817,1,10,BAL,37,CIN,POST
2023091702,1903,1,10,CIN,49,BAL,ANGLE
2023091702,663,1,10,CIN,41,BAL,GO
2023091702,2981,3,3,BAL,3,CIN,OUT
2023091702,2374,1,15,BAL,36,CIN,SLANT
2023091702,2136,2,29,CIN,32,BAL,FLAT
2023091702,336,3,4,CIN,10,BAL,SLANT
2023091702,1228,2,10,BAL,36,BAL,CROSS
2023091702,3189,2,23,BAL,43,BAL,POST
2023091702,2900,3,3,BAL,12,CIN,OUT
2023091702,529,3,8,CIN,27,CIN,GO
2023091702,2515,1,10,BAL,38,BAL,GO
2023091702,2094,1,29,CIN,32,BAL,POST
2023091702,686,2,10,CIN,41,BAL,HITCH
2023091702,2483,2,8,BAL,17,CIN,POST
2023091702,1706,2,8,BAL,12,CIN,FLAT
2023091702,1736,3,5,BAL,9,CIN,GO
2023091702,3367,3,5,CIN,17,BAL,GO
2023091702,3700,2,10,CIN,20,CIN,HITCH
2023091702,3796,1,10,CIN,49,CIN,OUT
2023091702,3269,2,10,CIN,33,BAL,CROSS
2023091702,1928,2,2,CIN,41,BAL,HITCH
2023091702,164,3,2,BAL,44,BAL,HITCH
2023091703,4077,1,10,,50,DET,IN
2023091703,180,2,10,DET,48,SEA,ANGLE
2023091703,1131,2,6,SEA,33,DET,FLAT
2023091703,2754,1,10,DET,23,SEA,CROSS
2023091703,4448,2,7,DET,11,SEA,OUT
2023091703,4326,2,10,SEA,42,SEA,OUT
2023091703,665,1,10,SEA,22,DET,GO
2023091703,2062,1,10,DET,46,DET,GO
2023091703,2268,1,10,DET,25,DET,POST
2023091703,1206,1,10,SEA,31,SEA,OUT
2023091703,1986,2,6,DET,48,SEA,SLANT
2023091703,210,1,10,DET,37,SEA,HITCH
2023091703,3017,2,8,DET,39,DET,OUT
2023091703,2182,1,10,DET,23,SEA,WHEEL
2023091703,582,2,4,,50,DET,HITCH
2023091703,2397,2,19,SEA,27,DET,IN
2023091703,4124,1,10,SEA,27,DET,ANGLE
2023091703,2872,3,7,DET,7,SEA,OUT
2023091703,530,2,2,DET,33,DET,CROSS
2023091703,2960,2,5,DET,30,DET,HITCH
2023091703,3215,1,10,DET,28,SEA,CROSS
2023091703,1496,1,10,SEA,36,DET,CORNER
2023091703,4401,2,7,DET,35,SEA,CROSS
2023091703,3544,3,3,DET,32,DET,CROSS
2023091703,3589,2,15,DET,35,DET,ANGLE
2023091703,4179,3,6,SEA,23,DET,ANGLE
2023091703,1961,1,10,SEA,48,SEA,OUT
2023091703,3361,3,10,DET,17,SEA,OUT
2023091703,3069,4,2,DET,45,DET,CROSS
2023091703,1771,2,5,DET,11,DET,SLANT
2023091703,4351,3,6,SEA,46,SEA,IN
2023091703,3135,1,15,,50,SEA,FLAT
2023091703,3827,1,10,SEA,29,DET,HITCH
2023091703,1890,2,5,SEA,41,SEA,HITCH
2023091703,1183,4,4,SEA,31,DET,SLANT
2023091703,1611,3,1,SEA,34,SEA,HITCH
2023091703,2498,2,7,SEA,7,DET,FLAT
2023091703,980,2,9,DET,32,DET,FLAT
2023091703,1586,2,10,SEA,25,SEA,SLANT
2023091703,736,1,10,SEA,23,SEA,CROSS
2023091703,306,3,8,DET,17,SEA,POST
2023091703,1393,2,5,DET,40,DET,HITCH
2023091703,1663,2,9,DET,49,SEA,FLAT
2023091703,1865,1,10,SEA,36,SEA,OUT
2023091703,4478,3,2,DET,6,SEA,OUT
2023091703,629,2,9,SEA,42,DET,GO
2023091703,1238,1,10,SEA,42,SEA,GO
2023091703,2638,3,2,SEA,40,SEA,FLAT
2023091703,3733,3,12,DET,48,DET,SLANT
2023091703,1008,3,7,DET,34,DET,ANGLE
2023091703,913,2,5,DET,17,DET,CROSS
2023091703,3690,1,10,,50,DET,GO
2023091703,3874,2,4,SEA,4,DET,IN
2023091703,4149,2,6,SEA,23,DET,SLANT
2023091703,3185,2,6,DET,41,SEA,CROSS
2023091703,104,2,9,SEA,40,SEA,OUT
2023091703,4278,1,10,SEA,25,SEA,HITCH
2023091703,1062,2,13,DET,38,DET,HITCH
2023091703,3506,2,10,DET,25,DET,ANGLE
2023091703,281,2,14,DET,23,SEA,HITCH
2023091704,4016,1,10,IND,39,HOU,IN
2023091704,2182,3,7,HOU,15,IND,OUT
2023091704,822,3,6,IND,8,HOU,HITCH
2023091704,4086,3,13,IND,28,HOU,GO
2023091704,2036,1,10,HOU,42,IND,FLAT
2023091704,2880,3,10,HOU,33,IND,CROSS
2023091704,2396,2,19,HOU,16,HOU,HITCH
2023091704,4041,1,10,IND,25,HOU,HITCH
2023091704,60,1,10,IND,25,IND,CROSS
2023091704,2817,1,10,HOU,33,IND,GO
2023091704,2157,2,10,HOU,18,IND,ANGLE
2023091704,3164,1,10,IND,26,HOU,OUT
2023091704,3104,1,10,HOU,49,HOU,OUT
2023091704,3200,1,10,IND,13,HOU,ANGLE
2023091704,591,1,10,IND,34,HOU,OUT
2023091704,2490,3,5,HOU,47,HOU,HITCH
2023091704,137,3,3,IND,44,IND,CROSS
2023091704,2857,2,10,HOU,33,IND,OUT
2023091704,2742,2,6,IND,34,IND,CROSS
2023091704,2004,3,3,,50,IND,CROSS
2023091704,3010,2,1,HOU,34,HOU,FLAT
2023091704,206,3,5,HOU,40,IND,HITCH
2023091704,3571,2,7,HOU,36,HOU,GO
2023091704,2109,1,10,HOU,29,IND,HITCH
2023091704,2214,1,4,HOU,4,IND,FLAT
2023091704,2767,1,10,HOU,46,IND,HITCH
2023091704,4375,3,3,HOU,35,HOU,HITCH
2023091704,3079,3,7,HOU,41,HOU,SLANT
2023091704,565,3,4,HOU,38,HOU,POST
2023091704,1807,3,5,IND,11,HOU,GO
2023091704,1332,3,8,HOU,40,HOU,HITCH
2023091704,1381,1,10,IND,24,IND,HITCH
2023091704,3455,2,10,IND,25,IND,OUT
2023091704,1127,2,10,IND,32,IND,IN
2023091704,1609,1,10,HOU,49,HOU,OUT
2023091704,368,2,13,HOU,15,HOU,HITCH
2023091704,683,2,6,IND,19,HOU,SLANT
2023091704,926,3,7,IND,28,IND,HITCH
2023091704,3644,1,10,IND,23,HOU,OUT
2023091704,3619,2,10,IND,39,HOU,POST
2023091704,4457,3,10,HOU,46,HOU,POST
2023091704,1309,2,8,HOU,40,HOU,CROSS
2023091704,2792,2,3,HOU,39,IND,HITCH
2023091704,3134,2,10,HOU,49,HOU,POST
2023091704,3920,4,3,HOU,19,HOU,HITCH
2023091704,3895,3,11,HOU,11,HOU,HITCH
2023091704,3791,3,4,IND,44,IND,ANGLE
2023091704,1584,1,10,HOU,25,HOU,IN
2023091704,2084,3,3,HOU,35,IND,HITCH
2023091704,3991,3,10,HOU,29,HOU,SLANT
2023091704,1481,2,9,IND,39,IND,CORNER
2023091704,1738,3,8,IND,35,HOU,CORNER
2023091704,2421,3,13,HOU,22,HOU,IN
2023091704,4327,1,10,HOU,28,HOU,HITCH
2023091704,4277,1,10,HOU,9,HOU,OUT
2023091704,4350,2,10,HOU,28,HOU,SLANT
2023091704,706,3,6,IND,19,HOU,ANGLE
2023091704,4302,2,1,HOU,18,HOU,FLAT
2023091705,4064,1,10,KC,25,JAX,CROSS
2023091705,3928,1,10,JAX,36,JAX,SLANT
2023091705,1933,3,14,KC,46,KC,FLAT
2023091705,2780,1,17,KC,16,KC,OUT
2023091705,2045,1,9,JAX,9,KC,GO
2023091705,3670,2,7,JAX,25,KC,HITCH
2023091705,531,1,10,KC,14,KC,CORNER
2023091705,3477,1,10,KC,25,KC,GO
2023091705,292,3,1,KC,19,KC,
2023091705,586,3,3,KC,21,KC,OUT
2023091705,2450,2,9,JAX,15,KC,HITCH
2023091705,3296,2,5,KC,11,JAX,CROSS
2023091705,1174,3,7,KC,14,JAX,CROSS
2023091705,2380,2,10,,50,KC,IN
2023091705,4350,3,6,KC,34,KC,IN
2023091705,2020,2,3,JAX,25,KC,IN
2023091705,3789,3,20,JAX,20,KC,OUT
2023091705,1958,4,2,JAX,42,KC,FLAT
2023091705,1240,1,10,KC,25,KC,GO
2023091705,4032,3,6,KC,31,JAX,FLAT
2023091705,2873,3,18,KC,15,KC,FLAT
2023091705,2132,1,10,JAX,25,JAX,HITCH
2023091705,103,3,4,JAX,31,JAX,HITCH
2023091705,1027,3,2,JAX,33,JAX,FLAT
2023091705,3601,3,7,JAX,36,KC,FLAT
2023091705,785,3,20,JAX,48,KC,FLAT
2023091705,906,2,9,JAX,14,JAX,IN
2023091705,2953,2,9,JAX,36,JAX,GO
2023091705,2403,3,10,,50,KC,CROSS
2023091705,2157,1,10,JAX,36,JAX,GO
2023091705,3097,2,21,KC,12,KC,IN
2023091705,1657,2,5,JAX,31,JAX,OUT
2023091705,267,2,6,KC,14,KC,HITCH
2023091705,3867,1,10,JAX,25,JAX,GO
2023091705,3890,2,10,JAX,25,JAX,HITCH
2023091705,1332,3,7,KC,39,KC,HITCH
2023091705,3695,1,10,JAX,10,KC,OUT
2023091705,2230,2,6,KC,34,JAX,ANGLE
2023091705,1995,1,10,JAX,32,KC,SCREEN
2023091705,701,1,10,JAX,38,KC,POST
2023091705,561,2,10,KC,14,KC,HITCH
2023091705,2722,2,6,KC,13,KC,FLAT
2023091705,480,3,5,JAX,36,JAX,SLANT
2023091705,2636,3,10,JAX,38,JAX,HITCH
2023091705,1908,2,22,KC,38,KC,HITCH
2023091705,1285,1,10,KC,36,KC,HITCH
2023091705,2480,3,3,JAX,9,KC,HITCH
2023091705,1680,3,5,JAX,31,JAX,HITCH
2023091705,641,1,10,JAX,49,KC,CROSS
2023091705,3578,2,7,JAX,36,KC,OUT
2023091705,391,2,10,JAX,31,JAX,OUT
2023091705,175,2,6,KC,42,JAX,SLANT
2023091705,859,2,8,JAX,4,JAX,HITCH
2023091705,997,2,10,JAX,25,JAX,OUT
2023091705,1530,2,14,KC,39,KC,POST
2023091705,4117,2,10,KC,14,JAX,CROSS
2023091705,2200,1,10,KC,38,JAX,FLAT
2023091705,2611,2,17,JAX,31,JAX,HITCH
2023091706,3422,2,18,CHI,38,CHI,HITCH
2023091706,1750,1,10,TB,38,TB,OUT
2023091706,1537,2,15,TB,46,CHI,OUT
2023091706,1852,3,3,CHI,43,TB,GO
2023091706,3447,3,10,CHI,46,CHI,IN
2023091706,1562,3,4,TB,35,CHI,HITCH
2023091706,1882,1,10,CHI,23,TB,GO
2023091706,2542,2,3,CHI,21,TB,CROSS
2023091706,676,2,10,TB,39,TB,IN
2023091706,3512,1,10,TB,20,CHI,POST
2023091706,1703,1,10,TB,25,TB,HITCH
2023091706,397,1,10,CHI,25,CHI,POST
2023091706,844,3,6,CHI,22,TB,HITCH
2023091706,3981,3,19,CHI,16,CHI,IN
2023091706,3475,1,10,TB,32,CHI,CROSS
2023091706,726,2,8,CHI,35,TB,HITCH
2023091706,3241,2,17,TB,28,TB,FLAT
2023091706,2321,2,8,TB,13,TB,HITCH
2023091706,2669,2,13,CHI,22,CHI,HITCH
2023091706,3266,3,9,TB,36,TB,IN
2023091706,77,2,8,TB,27,TB,IN
2023091706,2962,1,10,TB,20,TB,CROSS
2023091706,3129,3,10,CHI,16,CHI,HITCH
2023091706,1797,1,10,,50,TB,OUT
2023091706,1173,1,10,CHI,25,CHI,HITCH
2023091706,2583,3,14,CHI,32,TB,GO
2023091706,472,3,5,TB,37,CHI,OUT
2023091706,237,3,11,CHI,47,TB,HITCH
2023091706,1361,3,8,TB,21,TB,IN
2023091706,100,3,8,TB,27,TB,HITCH
2023091706,3929,1,10,CHI,25,CHI,FLAT
2023091706,2893,3,10,CHI,46,CHI,OUT
2023091706,3311,1,10,CHI,10,CHI,OUT
2023091706,3751,3,17,TB,47,TB,HITCH
2023091706,3033,3,10,TB,20,TB,HITCH
2023091706,1514,1,15,TB,46,CHI,CORNER
2023091706,329,3,12,CHI,15,TB,HITCH
2023091706,1028,1,10,TB,23,TB,HITCH
2023091706,2719,1,10,CHI,36,CHI,OUT
2023091706,1087,2,6,CHI,6,TB,FLAT
2023091706,2517,1,10,CHI,28,TB,HITCH
2023091706,427,1,10,TB,42,CHI,OUT
2023091706,1829,2,3,CHI,43,TB,OUT
2023091706,1433,2,8,CHI,22,CHI,HITCH
2023091706,2395,3,1,CHI,42,TB,CROSS
2023091706,2465,3,6,CHI,37,TB,HITCH
2023091707,1259,3,4,TEN,8,LAC,CORNER
2023091707,1808,1,10,LAC,36,TEN,IN
2023091707,1739,1,10,TEN,48,TEN,HITCH
2023091707,172,1,10,TEN,25,TEN,OUT
2023091707,3600,3,4,LAC,4,TEN,POST
2023091707,2592,1,10,TEN,47,TEN,SLANT
2023091707,2066,1,10,TEN,40,TEN,CROSS
2023091707,3185,2,8,TEN,16,TEN,HITCH
2023091707,2523,1,10,TEN,25,TEN,FLAT
2023091707,418,2,9,TEN,47,LAC,OUT
2023091707,948,3,7,,50,LAC,SLANT
2023091707,55,1,10,LAC,25,LAC,FLAT
2023091707,577,1,7,TEN,7,LAC,CROSS
2023091707,3399,3,7,TEN,47,LAC,POST
2023091707,824,1,10,LAC,36,LAC,OUT
2023091707,1576,2,7,LAC,43,LAC,GO
2023091707,925,2,7,,50,LAC,CORNER
2023091707,90,2,10,LAC,25,LAC,HITCH
2023091707,3376,2,7,TEN,47,LAC,HITCH
2023091707,1646,3,7,TEN,12,LAC,GO
2023091707,2617,2,7,,50,TEN,HITCH
2023091707,750,2,10,TEN,25,TEN,SLANT
2023091707,500,2,2,TEN,27,LAC,SCREEN
2023091707,2498,2,6,TEN,17,TEN,OUT
2023091707,547,4,2,TEN,27,LAC,HITCH
2023091707,2334,1,10,LAC,25,LAC,HITCH
2023091707,1891,3,4,LAC,16,TEN,CROSS
2023091707,3520,3,4,LAC,27,TEN,CROSS
2023091707,470,1,10,TEN,35,LAC,OUT
2023091707,1347,4,4,TEN,8,LAC,HITCH
2023091707,1022,2,9,TEN,16,TEN,FLAT
2023091707,3324,3,8,LAC,37,LAC,FLAT
2023091707,2216,2,6,LAC,24,TEN,HITCH
2023091707,3830,2,10,TEN,25,LAC,HITCH
2023091707,3782,1,5,TEN,39,LAC,SLANT
2023091707,2878,2,6,TEN,12,LAC,GO
2023091707,3707,2,1,LAC,49,LAC,HITCH
2023091707,3010,3,10,TEN,25,TEN,FLAT
2023091707,1093,1,10,TEN,47,LAC,FLAT
2023091707,4001,1,10,LAC,25,LAC,GO
2023091707,3880,2,6,TEN,10,LAC,SLANT
2023091707,2817,1,10,TEN,45,LAC,POST
2023091707,3807,1,10,TEN,25,LAC,GO
2023091707,2745,2,10,LAC,20,LAC,IN
2023091707,1413,1,10,TEN,25,TEN,GO
2023091707,3855,1,10,TEN,14,LAC,SLANT
2023091707,2041,3,4,TEN,31,TEN,SLANT
2023091707,2678,1,10,LAC,20,LAC,OUT
2023091707,1234,2,9,TEN,13,LAC,IN
2023091707,2792,2,10,LAC,31,LAC,GO
2023091707,3091,2,10,LAC,34,LAC,OUT
2023091708,2522,1,10,NYG,25,NYG,SLANT
2023091708,1325,2,12,ARI,39,ARI,SLANT
2023091708,4145,1,10,NYG,46,NYG,HITCH
2023091708,4048,3,16,ARI,19,ARI,CROSS
2023091708,2766,1,6,ARI,6,NYG,GO
2023091708,2456,2,3,NYG,3,ARI,FLAT
2023091708,678,2,8,NYG,27,NYG,HITCH
2023091708,916,3,5,NYG,37,ARI,HITCH
2023091708,2300,1,10,ARI,47,ARI,SCREEN
2023091708,570,2,6,NYG,14,ARI,SLANT
2023091708,1110,1,10,NYG,25,NYG,SLANT
2023091708,2043,1,10,NYG,44,NYG,POST
2023091708,2698,2,3,ARI,14,NYG,HITCH
2023091708,3231,1,10,ARI,40,NYG,GO
2023091708,494,3,7,NYG,39,ARI,OUT
2023091708,4093,1,10,NYG,28,NYG,FLAT
2023091708,3310,1,10,ARI,29,NYG,CROSS
2023091708,3780,1,10,ARI,18,NYG,CROSS
2023091708,1168,3,10,NYG,25,NYG,ANGLE
2023091708,3886,2,11,ARI,11,NYG,POST
2023091708,402,1,10,ARI,42,ARI,HITCH
2023091708,3665,3,14,ARI,21,ARI,FLAT
2023091708,2572,1,10,NYG,39,NYG,HITCH
2023091708,2999,3,11,ARI,41,ARI,IN
2023091708,3755,1,10,ARI,49,NYG,CORNER
2023091708,2933,2,11,ARI,41,ARI,FLAT
2023091708,3169,1,10,NYG,20,NYG,OUT
2023091708,2139,1,10,NYG,25,NYG,POST
2023091708,1628,3,10,NYG,39,NYG,IN
2023091708,319,3,2,ARI,47,NYG,HITCH
2023091708,1759,1,10,NYG,34,ARI,HITCH
2023091708,1864,2,17,NYG,30,ARI,HITCH
2023091708,2164,1,10,ARI,17,NYG,CROSS
2023091708,2886,1,10,ARI,25,ARI,POST
2023091708,1582,1,10,NYG,39,NYG,GO
2023091708,1993,2,1,NYG,34,NYG,FLAT
2023091708,189,3,6,NYG,37,ARI,HITCH
2023091708,449,1,10,NYG,42,ARI,IN
2023091708,289,2,8,NYG,47,NYG,FLAT
2023091708,3805,2,11,ARI,19,NYG,SLANT
2023091708,3512,3,9,ARI,9,NYG,FLAT
2023091708,1675,2,9,ARI,48,NYG,OUT
2023091708,3206,1,10,NYG,35,NYG,CORNER
2023091708,119,2,5,ARI,47,ARI,SLANT
2023091708,94,1,10,ARI,42,ARI,OUT
2023091708,1727,2,8,ARI,36,NYG,ANGLE
2023091708,1968,1,10,NYG,25,NYG,SLANT
2023091708,2018,3,1,NYG,34,NYG,SLANT
2023091708,846,2,9,ARI,44,ARI,OUT
2023091708,3384,3,7,ARI,12,NYG,IN
2023091708,264,1,15,NYG,40,NYG,SLANT
2023091708,4341,1,10,ARI,20,ARI,OUT
2023091708,166,2,6,NYG,37,ARI,GO
2023091708,3128,3,11,NYG,44,ARI,GO
2023091708,792,1,10,ARI,20,ARI,CROSS
2023091708,3082,2,11,NYG,44,ARI,SLANT
2023091708,1436,3,9,NYG,23,ARI,FLAT
2023091709,2189,1,10,LA,43,LA,FLAT
2023091709,1524,1,10,LA,46,LA,CORNER
2023091709,1028,3,4,LA,46,LA,CROSS
2023091709,718,2,7,SF,28,SF,IN
2023091709,4397,3,2,SF,37,LA,IN
2023091709,3182,1,10,LA,25,LA,SLANT
2023091709,1581,2,10,SF,36,LA,HITCH
2023091709,1462,2,10,LA,25,LA,HITCH
2023091709,4317,3,1,LA,49,LA,HITCH
2023091709,2534,2,8,,50,LA,HITCH
2023091709,3503,3,21,SF,30,LA,HITCH
2023091709,841,3,6,LA,9,SF,OUT
2023091709,77,2,3,SF,32,SF,OUT
2023091709,171,2,9,,50,SF,OUT
2023091709,3390,2,4,SF,30,LA,FLAT
2023091709,975,1,10,LA,40,LA,IN
2023091709,1058,1,10,SF,34,LA,OUT
2023091709,3640,3,2,SF,33,SF,SLANT
2023091709,2391,3,7,SF,21,SF,POST
2023091709,2085,1,10,LA,21,LA,HITCH
2023091709,2708,1,10,SF,46,SF,CROSS
2023091709,2854,1,10,LA,25,LA,OUT
2023091709,2440,1,10,LA,28,LA,CROSS
2023091709,1885,1,10,LA,20,SF,GO
2023091709,4212,2,10,LA,30,LA,OUT
2023091709,3207,1,10,LA,37,LA,HITCH
2023091709,1808,1,10,SF,48,SF,SCREEN
2023091709,1403,2,5,LA,17,LA,SLANT
2023091709,2617,1,20,SF,35,LA,ANGLE
2023091709,2676,1,10,SF,28,SF,IN
2023091709,386,2,7,LA,28,LA,HITCH
2023091709,4189,1,10,LA,30,LA,HITCH
2023091709,2244,3,5,LA,48,LA,OUT
2023091709,4342,1,10,SF,45,LA,POST
2023091709,583,1,20,SF,37,LA,ANGLE
2023091709,3018,1,10,SF,45,SF,CROSS
2023091709,3326,2,10,SF,46,LA,CROSS
2023091709,1228,1,10,SF,25,SF,SLANT
2023091709,4372,2,10,SF,45,LA,ANGLE
2023091709,3812,3,3,LA,8,SF,OUT
2023091709,3303,1,10,SF,46,LA,OUT
2023091709,998,2,10,LA,40,LA,OUT
2023091709,3232,2,2,LA,45,LA,OUT
2023091709,2477,2,5,LA,33,LA,OUT
2023091709,3736,3,5,LA,25,LA,SLANT
2023091709,2785,3,7,LA,39,SF,GO
2023091709,3278,4,2,LA,45,LA,SLANT
2023091709,493,1,10,SF,38,LA,SCREEN
2023091709,2642,2,16,SF,31,LA,HITCH
2023091709,438,1,10,LA,36,LA,OUT
2023091709,102,1,10,SF,38,SF,HITCH
2023091709,3255,3,2,LA,45,LA,IN
2023091709,3889,1,10,LA,30,LA,POST
2023091709,1302,2,9,LA,45,SF,GO
2023091709,1860,1,10,LA,40,SF,POST
2023091709,468,1,10,LA,47,LA,IN
2023091709,2877,2,10,LA,25,LA,OUT
2023091709,3480,2,21,SF,30,LA,OUT
2023091709,3944,3,10,LA,30,LA,HITCH
2023091709,2993,2,7,SF,29,SF,IN
2023091709,243,3,7,LA,35,SF,IN
2023091709,1083,1,10,SF,24,LA,CROSS
2023091709,2159,2,10,LA,32,LA,OUT
2023091709,4269,1,10,LA,40,LA,HITCH
2023091709,4294,2,1,LA,49,LA,IN
2023091710,921,3,2,DAL,44,DAL,OUT
2023091710,1538,2,3,NYJ,47,DAL,FLAT
2023091710,1678,2,7,NYJ,11,DAL,FLAT
2023091710,1137,3,7,NYJ,20,DAL,SLANT
2023091710,3659,1,10,NYJ,25,NYJ,GO
2023091710,1949,1,10,NYJ,36,NYJ,HITCH
2023091710,1460,1,10,DAL,25,DAL,FLAT
2023091710,3707,3,4,NYJ,31,NYJ,GO
2023091710,973,2,6,NYJ,40,DAL,OUT
2023091710,1899,1,10,NYJ,25,NYJ,HITCH
2023091710,4044,3,10,NYJ,42,NYJ,SCREEN
2023091710,3860,2,15,NYJ,48,NYJ,GO
2023091710,467,1,10,DAL,31,DAL,HITCH
2023091710,2686,1,10,NYJ,25,NYJ,GO
2023091710,3223,1,15,NYJ,30,DAL,GO
2023091710,1250,3,4,NYJ,31,NYJ,CROSS
2023091710,3029,2,7,DAL,24,DAL,FLAT
2023091710,1020,1,10,NYJ,33,DAL,FLAT
2023091710,2849,3,9,NYJ,36,DAL,FLAT
2023091710,321,3,4,NYJ,4,DAL,FLAT
2023091710,521,3,5,DAL,36,DAL,FLAT
2023091710,2822,2,10,NYJ,37,DAL,FLAT
2023091710,2958,3,17,NYJ,18,NYJ,FLAT
2023091710,2266,1,10,NYJ,25,NYJ,ANGLE
2023091710,1394,1,10,NYJ,32,NYJ,POST
2023091710,3299,3,11,NYJ,11,DAL,FLAT
2023091710,3815,1,15,NYJ,36,NYJ,HITCH
2023091710,1510,1,10,DAL,46,DAL,SCREEN
2023091710,3682,2,10,NYJ,25,NYJ,HITCH
2023091710,230,2,8,NYJ,22,DAL,ANGLE
2023091710,3372,1,10,NYJ,25,NYJ,GO
2023091710,1820,1,1,NYJ,1,DAL,CROSS
2023091710,3973,1,10,NYJ,31,NYJ,HITCH
2023091710,3145,3,5,NYJ,44,DAL,FLAT
2023091710,402,2,14,NYJ,21,NYJ,IN
2023091710,4103,1,10,DAL,47,NYJ,OUT
2023091710,172,1,10,NYJ,49,DAL,GO
2023091710,3425,2,10,NYJ,40,NYJ,HITCH
2023091710,1485,2,9,DAL,26,DAL,GO
2023091710,1924,2,2,NYJ,33,NYJ,ANGLE
2023091710,2452,3,14,NYJ,39,DAL,OUT
2023091710,1322,2,8,DAL,25,DAL,POST
2023091710,4021,2,10,NYJ,42,NYJ,HITCH
2023091710,100,1,10,DAL,37,DAL,FLAT
2023091710,2627,3,3,NYJ,3,DAL,CORNER
2023091710,1561,3,3,NYJ,47,DAL,CROSS
2023091710,4152,2,5,NYJ,42,DAL,CROSS
2023091710,805,1,12,DAL,3,DAL,SLANT
2023091710,1067,3,7,NYJ,30,DAL,HITCH
2023091710,1345,3,8,DAL,25,DAL,GO
2023091710,689,2,1,NYJ,32,NYJ,CROSS
2023091711,855,1,10,DEN,40,DEN,POST
2023091711,2456,2,10,WAS,43,WAS,HITCH
2023091711,3511,2,9,DEN,31,DEN,ANGLE
2023091711,675,2,10,DEN,40,WAS,POST
2023091711,4524,3,3,DEN,20,DEN,HITCH
2023091711,2693,3,10,DEN,36,DEN,GO
2023091711,4592,2,10,DEN,34,DEN,OUT
2023091711,1082,3,4,DEN,16,DEN,GO
2023091711,1031,1,10,DEN,10,DEN,CORNER
2023091711,3794,1,10,DEN,23,WAS,SLANT
2023091711,1680,1,10,DEN,24,WAS,CROSS
2023091711,3873,1,10,DEN,25,DEN,ANGLE
2023091711,720,2,18,DEN,30,WAS,OUT
2023091711,3943,2,10,DEN,35,DEN,POST
2023091711,271,1,10,DEN,39,DEN,OUT
2023091711,1807,4,4,DEN,4,WAS,IN
2023091711,2150,3,13,WAS,34,WAS,GO
2023091711,182,1,10,DEN,30,WAS,FLAT
2023091711,4501,2,3,DEN,20,DEN,OUT
2023091711,2647,1,10,DEN,36,DEN,CORNER
2023091711,750,3,13,DEN,25,WAS,OUT
2023091711,1960,3,9,DEN,26,DEN,HITCH
2023091711,2539,1,10,DEN,30,WAS,POST
2023091711,3920,1,10,DEN,35,DEN,OUT
2023091711,2939,1,10,DEN,49,DEN,FLAT
2023091711,3023,1,10,WAS,30,DEN,FLAT
2023091711,4471,1,15,DEN,8,DEN,OUT
2023091711,3211,1,20,WAS,15,WAS,HITCH
2023091711,504,1,10,WAS,25,WAS,HITCH
2023091711,4071,1,10,WAS,12,DEN,CROSS
2023091711,4096,2,6,WAS,8,DEN,FLAT
2023091711,1363,3,9,WAS,26,WAS,OUT
2023091711,2118,2,16,WAS,31,WAS,FLAT
2023091711,1784,3,4,DEN,4,WAS,OUT
2023091711,3073,1,10,WAS,18,DEN,CROSS
2023091711,1232,2,6,WAS,16,DEN,CROSS
2023091711,622,1,5,DEN,45,WAS,OUT
2023091711,2060,1,10,WAS,37,WAS,CROSS
2023091711,4219,2,4,WAS,4,DEN,ANGLE
2023091711,551,1,10,WAS,39,WAS,GO
2023091711,1577,1,20,WAS,41,WAS,IN
2023091711,4035,2,10,WAS,29,DEN,FLAT
2023091711,3369,1,10,DEN,14,WAS,IN
2023091711,2863,2,8,DEN,29,WAS,OUT
2023091711,2998,3,2,WAS,43,DEN,CROSS
2023091711,102,3,9,WAS,26,WAS,OUT
2023091711,3747,1,10,DEN,34,WAS,CROSS
2023091711,2035,2,10,WAS,23,WAS,HITCH
2023091711,4627,1,10,,50,DEN,GO
2023091712,1493,2,7,MIA,19,MIA,POST
2023091712,922,3,7,MIA,30,MIA,HITCH
2023091712,811,3,8,MIA,39,NE,SLANT
2023091712,2480,1,10,NE,49,NE,SCREEN
2023091712,788,2,8,MIA,39,NE,GO
2023091712,3951,3,7,NE,49,NE,POST
2023091712,2732,2,11,MIA,38,MIA,GO
2023091712,3331,1,10,MIA,42,NE,HITCH
2023091712,2828,2,15,NE,35,MIA,OUT
2023091712,3976,1,10,MIA,37,NE,OUT
2023091712,643,2,8,NE,27,NE,OUT
2023091712,2003,1,10,MIA,40,MIA,POST
2023091712,56,1,10,NE,25,NE,HITCH
2023091712,3479,2,4,MIA,6,NE,GO
2023091712,3163,1,10,MIA,3,MIA,SLANT
2023091712,4353,2,7,NE,48,NE,SLANT
2023091712,4453,4,4,MIA,33,NE,OUT
2023091712,2685,3,3,MIA,33,MIA,HITCH
2023091712,1639,1,10,NE,45,NE,OUT
2023091712,318,3,3,MIA,22,MIA,FLAT
2023091712,2078,1,10,NE,20,MIA,GO
2023091712,2579,1,10,MIA,8,MIA,GO
2023091712,1848,3,9,MIA,31,NE,IN
2023091712,420,1,10,NE,44,MIA,FLAT
2023091712,1921,1,10,MIA,25,MIA,FLAT
2023091712,1946,2,5,MIA,30,MIA,FLAT
2023091712,2184,1,2,NE,2,MIA,OUT
2023091712,445,2,4,NE,38,MIA,HITCH
2023091712,4405,2,18,MIA,47,NE,HITCH
2023091712,4328,1,10,NE,45,NE,IN
2023091712,3606,1,10,MIA,45,MIA,GO
2023091712,343,1,10,MIA,32,MIA,HITCH
2023091712,991,1,10,NE,49,MIA,IN
2023091712,4055,2,5,MIA,13,NE,GO
2023091712,894,2,7,MIA,30,MIA,GO
2023091712,2935,2,1,MIA,40,NE,HITCH
2023091712,1712,1,10,MIA,44,NE,HITCH
2023091712,3844,1,10,NE,33,NE,HITCH
2023091712,3011,2,10,MIA,33,NE,OUT
2023091712,3215,3,7,MIA,6,MIA,POST
2023091712,3306,2,7,NE,45,NE,HITCH
2023091712,1579,1,10,NE,34,NE,HITCH
2023091712,81,2,5,NE,30,NE,SCREEN
2023091712,3576,2,3,MIA,37,MIA,GO
2023091712,2028,1,10,NE,38,MIA,OUT
2023091712,719,1,10,NE,43,NE,OUT
2023091712,2611,2,1,MIA,17,MIA,SLANT
2023091712,2053,2,4,NE,32,MIA,SLANT
2023091712,3928,2,7,NE,49,NE,POST
2023091712,1245,2,7,NE,28,NE,HITCH
2023091712,2853,3,11,NE,31,MIA,CROSS
2023091712,3903,1,10,NE,46,NE,ANGLE
2023091712,4428,3,18,MIA,47,NE,IN
2023091712,683,3,3,NE,32,NE,HITCH
2023091712,1304,1,10,NE,35,NE,GO
2023091800,881,1,10,CAR,14,NO,FLAT
2023091800,2151,3,2,NO,49,NO,HITCH
2023091800,1646,1,10,NO,31,NO,FLAT
2023091800,1972,1,10,NO,37,CAR,CROSS
2023091800,429,3,15,NO,44,CAR,HITCH
2023091800,2968,1,10,CAR,30,NO,FLAT
2023091800,1363,3,9,CAR,23,NO,GO
2023091800,837,2,3,CAR,18,NO,OUT
2023091800,101,3,2,NO,33,NO,HITCH
2023091800,1027,1,20,CAR,15,CAR,IN
2023091800,1730,3,2,,50,NO,HITCH
2023091800,4197,2,8,CAR,40,CAR,ANGLE
2023091800,3705,1,10,NO,20,CAR,HITCH
2023091800,3852,2,11,NO,20,NO,GO
2023091800,1854,3,3,CAR,32,CAR,IN
2023091800,4114,2,4,CAR,31,CAR,OUT
2023091800,2839,1,10,NO,25,NO,HITCH
2023091800,2500,3,3,CAR,49,CAR,GO
2023091800,720,2,3,CAR,42,NO,OUT
2023091800,1454,2,5,CAR,5,NO,IN
2023091800,2943,3,7,NO,28,NO,GO
2023091800,1705,2,9,NO,43,NO,HITCH
2023091800,4339,1,10,NO,25,CAR,CORNER
2023091800,1072,2,13,CAR,22,CAR,FLAT
2023091800,1340,2,9,CAR,23,NO,IN
2023091800,3225,3,16,CAR,19,CAR,ANGLE
2023091800,1102,3,6,CAR,29,CAR,OUT
2023091800,523,1,10,NO,25,NO,CROSS
2023091800,1920,2,10,NO,21,NO,HITCH
2023091800,4304,2,1,NO,31,CAR,FLAT
2023091800,2455,1,10,CAR,42,CAR,OUT
2023091800,1945,3,4,NO,27,NO,CROSS
2023091800,4274,1,10,NO,40,CAR,FLAT
2023091800,4222,3,2,CAR,46,CAR,GO
2023091800,3042,1,10,CAR,16,NO,OUT
2023091800,743,3,3,CAR,42,NO,CROSS
2023091800,148,2,6,NO,43,NO,OUT
2023091800,4057,1,10,CAR,25,CAR,HITCH
2023091800,1477,3,5,CAR,5,NO,FLAT
2023091800,3202,2,16,CAR,19,CAR,IN
2023091800,2196,2,17,NO,47,NO,OUT
2023091800,2700,2,9,NO,40,CAR,POST
2023091800,3587,2,8,CAR,36,CAR,FLAT
2023091800,3634,1,10,NO,41,CAR,CROSS
2023091800,4167,1,10,CAR,38,CAR,FLAT
2023091800,4369,1,3,NO,3,CAR,FLAT
2023091800,4142,3,4,CAR,31,CAR,OUT
2023091800,790,2,10,CAR,39,NO,FLAT
2023091800,1773,1,10,CAR,10,CAR,IN
2023091800,2430,1,10,CAR,31,CAR,FLAT
2023091800,2098,1,10,NO,41,NO,HITCH
2023091800,1236,2,1,CAR,36,NO,SLANT
2023091800,646,1,10,NO,36,NO,HITCH
2023091801,3000,2,21,PIT,37,PIT,HITCH
2023091801,2789,1,10,CLE,25,CLE,HITCH
2023091801,1351,3,3,PIT,32,PIT,FLAT
2023091801,3179,3,3,CLE,44,CLE,OUT
2023091801,3265,3,25,CLE,34,CLE,ANGLE
2023091801,2597,3,10,PIT,25,PIT,POST
2023091801,2308,2,10,CLE,44,CLE,FLAT
2023091801,592,3,16,PIT,25,CLE,HITCH
2023091801,3204,1,10,CLE,49,CLE,GO
2023091801,2955,2,10,PIT,25,PIT,OUT
2023091801,144,2,7,CLE,28,CLE,ANGLE
2023091801,1216,2,3,PIT,3,CLE,IN
2023091801,1945,1,10,CLE,25,CLE,IN
2023091801,3640,2,10,CLE,23,CLE,IN
2023091801,1304,1,10,PIT,25,PIT,HITCH
2023091801,1990,3,11,CLE,24,CLE,HITCH
2023091801,56,1,10,CLE,25,CLE,OUT
2023091801,1071,1,15,PIT,37,PIT,CROSS
2023091801,1863,1,10,PIT,29,PIT,POST
2023091801,1539,3,12,CLE,7,CLE,FLAT
2023091801,4431,1,10,CLE,36,CLE,HITCH
2023091801,3509,2,8,CLE,3,CLE,FLAT
2023091801,1478,1,10,CLE,9,CLE,CROSS
2023091801,2091,3,8,PIT,49,PIT,HITCH
2023091801,807,3,4,CLE,11,CLE,GO
2023091801,230,2,4,CLE,45,CLE,HITCH
2023091801,2723,3,2,CLE,31,PIT,SLANT
2023091801,4371,1,15,CLE,20,CLE,SCREEN
2023091801,3154,2,10,CLE,37,CLE,SLANT
2023091801,3826,3,26,CLE,41,CLE,SLANT
2023091801,2698,2,10,CLE,39,PIT,HITCH
2023091801,3131,1,10,CLE,37,CLE,OUT
2023091801,3554,3,6,CLE,5,CLE,GO
2023091801,1743,3,7,CLE,28,CLE,GO
2023091801,1163,2,7,PIT,20,CLE,SLANT
2023091801,4401,2,7,CLE,28,CLE,HITCH
2023091801,384,3,8,PIT,25,CLE,OUT
2023091801,1838,3,10,PIT,18,PIT,ANGLE
2023091801,2116,1,10,CLE,41,PIT,FLAT
2023091801,2253,1,20,CLE,15,CLE,FLAT
2023091801,4004,3,13,CLE,3,CLE,HITCH
2023091801,4169,1,10,CLE,36,CLE,IN
2023091801,1407,2,12,CLE,40,PIT,CROSS
2023091801,176,3,1,CLE,34,CLE,OUT
2023091801,2139,2,10,CLE,41,PIT,SLANT
2023091801,1640,3,5,CLE,34,PIT,IN
2023091801,1615,2,5,CLE,34,PIT,FLAT
2023091801,911,3,1,PIT,43,CLE,FLAT
2023092100,2633,2,16,NYG,41,SF,IN
2023092100,3339,3,17,NYG,25,SF,FLAT
2023092100,572,1,10,NYG,48,NYG,OUT
2023092100,1336,3,5,NYG,9,SF,OUT
2023092100,3788,1,10,NYG,25,NYG,HITCH
2023092100,1961,1,10,SF,45,NYG,OUT
2023092100,3052,3,9,NYG,20,NYG,GO
2023092100,3445,1,22,NYG,13,NYG,SLANT
2023092100,498,1,10,NYG,38,NYG,FLAT
2023092100,851,3,9,SF,43,SF,IN
2023092100,1856,1,10,NYG,25,NYG,OUT
2023092100,3544,1,10,SF,30,SF,SLANT
2023092100,3957,3,17,NYG,48,NYG,SLANT
2023092100,1632,2,9,NYG,33,SF,SLANT
2023092100,213,3,8,NYG,45,SF,POST
2023092100,971,3,16,NYG,4,NYG,HITCH
2023092100,3677,3,2,NYG,32,SF,OUT
2023092100,2016,3,3,SF,38,NYG,GO
2023092100,1881,2,8,NYG,27,NYG,SLANT
2023092100,2397,3,8,SF,6,SF,OUT
2023092100,1906,3,2,NYG,33,NYG,OUT
2023092100,3879,1,10,NYG,43,NYG,HITCH
2023092100,2588,1,10,SF,25,SF,IN
2023092100,3724,2,7,NYG,27,SF,GO
2023092100,3495,3,11,NYG,24,NYG,CROSS
2023092100,1506,1,10,SF,27,SF,CROSS
2023092100,1744,3,12,NYG,20,SF,OUT
2023092100,3907,1,10,SF,45,NYG,FLAT
2023092100,1087,2,15,SF,23,SF,IN
2023092100,771,2,8,SF,27,SF,OUT
2023092100,473,3,4,NYG,31,NYG,SLANT
2023092100,423,1,10,NYG,25,NYG,GO
2023092100,101,3,6,SF,29,SF,SLANT
2023092100,126,1,10,SF,43,SF,CROSS
2023092100,4138,3,6,NYG,9,NYG,CROSS
2023092100,672,3,8,SF,28,NYG,OUT
2023092100,3208,2,9,SF,48,SF,OUT
2023092100,3095,1,10,SF,31,SF,OUT
2023092100,78,2,6,SF,29,SF,SLANT
2023092100,2718,2,6,NYG,20,SF,FLAT
2023092100,1441,2,10,NYG,25,NYG,ANGLE
2023092100,353,3,10,NYG,11,SF,OUT
2023092100,1209,2,11,NYG,29,SF,FLAT
2023092100,2993,2,13,NYG,16,NYG,OUT
2023092100,2200,2,8,NYG,27,NYG,SCREEN
2023092100,1931,1,10,NYG,38,NYG,GO
2023092100,3579,1,10,SF,49,SF,OUT
2023092100,3470,2,13,NYG,22,NYG,IN
2023092100,627,1,10,SF,30,NYG,FLAT
2023092100,330,2,10,NYG,11,SF,SLANT
2023092100,307,1,10,NYG,11,SF,SCREEN
2023092100,1536,2,10,SF,27,SF,ANGLE
2023092100,3823,2,10,NYG,25,NYG,HITCH
2023092100,1986,2,3,SF,38,NYG,SLANT
2023092100,2463,1,10,SF,37,NYG,HITCH
2023092400,362,2,5,IND,41,BAL,OUT
2023092400,2814,2,6,BAL,36,BAL,HITCH
2023092400,293,1,10,BAL,41,BAL,HITCH
2023092400,1878,1,10,BAL,43,IND,HITCH
2023092400,3578,3,5,IND,40,IND,HITCH
2023092400,2688,2,10,IND,29,IND,GO
2023092400,2910,1,10,IND,30,BAL,FLAT
2023092400,1236,1,10,BAL,39,IND,OUT
2023092400,4066,1,10,IND,38,IND,OUT
2023092400,626,2,8,IND,38,IND,IN
2023092400,3386,2,8,IND,38,BAL,HITCH
2023092400,1189,2,8,BAL,48,IND,HITCH
2023092400,3477,1,10,IND,25,IND,OUT
2023092400,4951,3,3,IND,47,BAL,HITCH
2023092400,2312,2,9,IND,46,IND,HITCH
2023092400,4926,2,10,BAL,46,BAL,HITCH
2023092400,527,1,10,IND,25,IND,OUT
2023092400,834,1,10,IND,35,IND,OUT
2023092400,857,2,10,IND,35,IND,FLAT
2023092400,4215,3,6,BAL,34,IND,GO
2023092400,4834,2,9,IND,46,IND,OUT
2023092400,109,2,8,BAL,49,IND,CROSS
2023092400,4615,3,6,IND,29,IND,GO
2023092400,4091,1,10,,50,IND,OUT
2023092400,2711,3,10,IND,29,IND,CROSS
2023092400,724,2,1,BAL,34,BAL,GO
2023092400,4773,2,10,IND,11,IND,GO
2023092400,2105,2,7,BAL,28,BAL,HITCH
2023092400,2639,3,3,IND,19,IND,HITCH
2023092400,4322,3,2,BAL,33,BAL,FLAT
2023092400,4419,2,20,BAL,39,BAL,POST
2023092400,2386,3,3,BAL,36,IND,GO
2023092400,2452,1,10,BAL,25,BAL,HITCH
2023092400,4974,4,3,IND,47,BAL,CROSS
2023092400,4274,1,10,BAL,25,BAL,GO
2023092400,4352,1,10,BAL,37,BAL,OUT
2023092400,4448,3,20,BAL,39,BAL,HITCH
2023092400,4126,1,10,BAL,38,IND,SLANT
2023092400,1338,3,3,BAL,17,IND,WHEEL
2023092400,2505,3,6,BAL,29,BAL,IN
2023092400,221,1,10,BAL,31,BAL,HITCH
2023092400,1308,2,5,BAL,19,IND,CROSS
2023092400,3110,2,9,,50,IND,HITCH
2023092400,4903,1,10,BAL,46,BAL,ANGLE
2023092400,1134,1,10,IND,27,IND,IN
2023092400,2962,2,12,IND,21,BAL,HITCH
2023092400,268,3,6,BAL,35,BAL,OUT
2023092400,1460,2,8,BAL,17,IND,SLANT
2023092400,2614,2,7,IND,15,IND,FLAT
2023092400,1925,2,15,BAL,48,IND,OUT
2023092400,3409,3,8,IND,38,BAL,SLANT
2023092400,4297,2,10,BAL,25,BAL,HITCH
2023092400,882,3,7,IND,38,IND,IN
2023092400,4590,2,12,IND,23,IND,FLAT
2023092400,3317,1,10,BAL,37,BAL,HITCH
2023092400,4708,3,6,IND,44,BAL,SLANT
2023092400,1552,3,7,BAL,7,IND,CROSS
2023092400,419,2,8,IND,33,BAL,CORNER
2023092400,601,1,10,IND,36,IND,CROSS
2023092400,3798,1,10,IND,2,IND,HITCH
2023092401,1840,3,8,TEN,38,CLE,FLAT
2023092401,2083,3,5,CLE,44,TEN,FLAT
2023092401,2943,2,18,CLE,11,CLE,ANGLE
2023092401,1241,2,10,TEN,30,CLE,IN
2023092401,3045,1,10,CLE,45,CLE,FLAT
2023092401,1016,1,10,CLE,25,CLE,SCREEN
2023092401,3100,3,3,TEN,48,CLE,GO
2023092401,2829,1,10,TEN,25,TEN,CROSS
2023092401,2414,3,13,TEN,35,TEN,POST
2023092401,2493,2,1,CLE,24,CLE,GO
2023092401,189,3,6,CLE,42,CLE,OUT
2023092401,572,3,3,CLE,26,CLE,ANGLE
2023092401,3075,2,5,,50,CLE,FLAT
2023092401,112,3,4,CLE,28,CLE,HITCH
2023092401,2687,3,5,TEN,29,CLE,IN
2023092401,2005,3,10,TEN,25,TEN,GO
2023092401,1746,2,9,CLE,35,CLE,GO
2023092401,1915,1,10,TEN,25,TEN,GO
2023092401,1382,2,10,TEN,20,TEN,GO
2023092401,408,1,10,TEN,25,TEN,CROSS
2023092401,3015,2,12,CLE,31,CLE,HITCH
2023092401,518,1,10,CLE,19,CLE,HITCH
2023092401,3452,3,8,TEN,47,CLE,SLANT
2023092401,626,1,10,TEN,39,TEN,IN
2023092401,3521,2,15,TEN,43,CLE,GO
2023092401,2662,2,14,TEN,38,CLE,HITCH
2023092401,768,2,9,CLE,13,CLE,HITCH
2023092401,1288,1,10,TEN,19,CLE,GO
2023092401,2308,3,2,TEN,33,TEN,OUT
2023092401,1781,1,10,TEN,40,CLE,GO
2023092401,2053,2,10,CLE,49,TEN,OUT
2023092401,3710,3,4,TEN,44,TEN,GO
2023092401,2874,3,8,TEN,27,TEN,OUT
2023092401,793,1,10,CLE,26,CLE,FLAT
2023092401,818,2,8,CLE,28,CLE,HITCH
2023092401,2138,1,10,CLE,11,TEN,POST
2023092401,1938,2,10,TEN,25,TEN,IN
2023092401,2113,4,5,CLE,44,TEN,GO
2023092401,3612,2,5,TEN,30,TEN,SLANT
2023092401,1429,2,5,TEN,42,TEN,OUT
2023092401,2168,2,10,CLE,11,TEN,FLAT
2023092401,1063,1,10,CLE,36,CLE,HITCH
2023092402,2951,3,7,DET,28,DET,OUT
2023092402,3908,2,17,DET,33,ATL,GO
2023092402,1009,3,14,DET,30,ATL,SLANT
2023092402,2376,2,5,DET,49,ATL,FLAT
2023092402,4300,1,10,ATL,8,ATL,OUT
2023092402,347,3,7,ATL,15,ATL,GO
2023092402,121,3,3,ATL,28,ATL,FLAT
2023092402,470,1,10,DET,34,DET,CROSS
2023092402,1713,3,6,ATL,6,DET,HITCH
2023092402,2091,1,10,ATL,37,ATL,CROSS
2023092402,2036,1,10,ATL,20,ATL,FLAT
2023092402,4030,3,9,DET,9,ATL,CROSS
2023092402,1418,3,3,DET,34,DET,IN
2023092402,3360,4,4,DET,37,ATL,HITCH
2023092402,912,2,12,ATL,46,ATL,POST
2023092402,3188,2,10,DET,18,DET,HITCH
2023092402,1987,3,10,DET,37,DET,CROSS
2023092402,2423,2,13,DET,36,ATL,OUT
2023092402,4005,2,12,DET,12,ATL,OUT
2023092402,215,3,10,DET,14,DET,CROSS
2023092402,612,2,9,ATL,44,DET,SLANT
2023092402,2066,2,3,ATL,27,ATL,ANGLE
2023092402,1515,2,2,ATL,32,DET,OUT
2023092402,3793,2,9,DET,46,ATL,CROSS
2023092402,4336,1,10,ATL,26,ATL,GO
2023092402,1316,3,9,ATL,26,ATL,GO
2023092402,2209,2,3,DET,32,DET,OUT
2023092402,3509,2,8,ATL,8,DET,OUT
2023092402,3714,2,5,ATL,42,ATL,ANGLE
2023092402,306,2,7,ATL,15,ATL,POST
2023092402,845,2,8,ATL,38,ATL,SLANT
2023092402,2819,3,7,ATL,29,ATL,IN
2023092402,3657,3,14,ATL,14,ATL,POST
2023092402,540,1,25,DET,30,DET,HITCH
2023092402,1271,1,10,ATL,25,ATL,OUT
2023092402,2634,2,20,DET,45,DET,OUT
2023092402,3841,2,10,DET,36,ATL,FLAT
2023092402,3336,3,4,DET,37,ATL,HITCH
2023092402,2926,2,13,DET,22,DET,CROSS
2023092402,2545,3,3,DET,44,DET,FLAT
2023092402,1909,1,10,DET,17,DET,CORNER
2023092402,1964,2,10,DET,37,DET,CROSS
2023092402,3058,3,17,ATL,28,ATL,GO
2023092402,2793,2,7,ATL,29,ATL,SLANT
2023092402,1443,1,10,DET,48,DET,CROSS
2023092402,2901,1,20,DET,15,DET,IN
2023092402,1123,3,8,DET,27,DET,GO
2023092402,3958,1,7,DET,7,ATL,GO
2023092402,1200,1,10,ATL,45,DET,POST
2023092402,937,1,10,DET,38,ATL,OUT
2023092402,3818,1,10,DET,36,ATL,CROSS
2023092402,2184,1,10,DET,25,DET,CROSS
2023092402,3686,1,10,ATL,37,ATL,CROSS
2023092402,565,2,10,DET,45,DET,IN
2023092402,3383,1,10,DET,38,DET,CROSS
2023092402,3211,3,10,DET,18,DET,POST
2023092402,1468,2,7,ATL,49,DET,SLANT
2023092402,728,3,14,ATL,26,DET,HITCH
2023092402,1078,1,10,DET,25,DET,POST
2023092402,3933,3,6,DET,22,ATL,SLANT
2023092403,2781,3,6,GB,9,GB,OUT
2023092403,918,1,10,NO,21,NO,OUT
2023092403,3198,2,6,GB,38,GB,CORNER
2023092403,2993,3,5,NO,16,GB,FLAT
2023092403,393,2,9,GB,39,NO,FLAT
2023092403,1989,3,7,GB,7,NO,OUT
2023092403,1409,1,10,NO,45,GB,POST
2023092403,4128,2,3,NO,8,GB,GO
2023092403,1704,1,10,NO,30,NO,POST
2023092403,3714,2,2,NO,2,GB,FLAT
2023092403,3114,3,9,NO,14,NO,SLANT
2023092403,978,2,16,NO,15,NO,FLAT
2023092403,863,2,10,NO,10,NO,FLAT
2023092403,3983,2,1,GB,29,GB,CORNER
2023092403,3958,1,10,GB,20,GB,HITCH
2023092403,3620,1,10,NO,13,GB,GO
2023092403,4208,1,10,NO,25,NO,HITCH
2023092403,1237,3,15,GB,36,GB,GO
2023092403,4340,2,8,GB,30,NO,IN
2023092403,2611,1,10,GB,41,NO,HITCH
2023092403,474,3,6,GB,23,NO,OUT
2023092403,4078,2,10,NO,45,GB,GO
2023092403,3275,2,7,NO,20,GB,GO
2023092403,4363,3,8,GB,30,NO,FLAT
2023092403,2905,1,10,GB,49,GB,GO
2023092403,250,3,7,NO,49,GB,SLANT
2023092403,2220,3,14,GB,21,GB,GO
2023092403,2485,3,9,GB,11,GB,SLANT
2023092403,2269,2,6,NO,42,NO,HITCH
2023092403,3691,1,2,NO,2,GB,OUT
2023092403,1749,1,10,NO,40,NO,FLAT
2023092403,620,1,10,GB,25,GB,CROSS
2023092403,4103,1,10,NO,15,GB,SLANT
2023092403,3643,2,10,NO,13,GB,IN
2023092403,2437,1,15,GB,5,GB,OUT
2023092403,4263,1,10,GB,42,NO,OUT
2023092403,4286,2,10,GB,42,NO,CROSS
2023092403,2462,2,9,GB,11,GB,SLANT
2023092403,673,2,10,GB,38,GB,GO
2023092403,3228,1,10,NO,40,GB,IN
2023092403,2171,2,16,GB,19,GB,HITCH
2023092403,1129,3,4,GB,32,GB,SLANT
2023092403,3383,1,10,NO,19,NO,SLANT
2023092403,2855,3,4,GB,27,GB,FLAT
2023092403,1546,3,10,NO,40,GB,OUT
2023092403,1362,2,2,GB,26,GB,CROSS
2023092403,3873,2,11,NO,16,NO,SLANT
2023092403,3666,3,10,NO,13,GB,IN
2023092403,2880,1,10,GB,39,GB,FLAT
2023092403,1214,2,15,GB,36,GB,HITCH
2023092403,1867,3,1,GB,36,NO,FLAT
2023092403,2528,1,10,NO,44,NO,OUT
2023092403,549,3,5,GB,8,NO,IN
2023092403,1490,2,5,NO,35,GB,OUT
2023092403,3466,2,22,NO,21,NO,POST
2023092403,77,2,10,NO,25,NO,SLANT
2023092403,1598,2,8,NO,27,GB,GO
2023092403,1919,1,10,GB,34,NO,GO
2023092403,893,3,3,NO,17,NO,HITCH
2023092403,3824,1,10,NO,17,NO,HITCH
2023092403,4233,2,5,NO,30,NO,GO
2023092403,3491,3,4,NO,39,NO,GO
2023092403,3310,3,7,NO,20,GB,GO
2023092403,3038,4,2,NO,13,GB,GO
2023092403,4151,3,3,NO,8,GB,GO
2023092403,526,2,5,GB,8,NO,CORNER
2023092403,203,1,25,GB,33,GB,FLAT
2023092403,4055,1,10,NO,45,GB,GO
2023092403,1835,2,9,GB,44,NO,SLANT
2023092404,62,1,10,HOU,13,HOU,OUT
2023092404,3829,1,10,JAX,42,JAX,ANGLE
2023092404,3566,2,1,JAX,47,JAX,HITCH
2023092404,1947,2,10,HOU,45,JAX,GO
2023092404,2744,3,8,HOU,27,HOU,POST
2023092404,1870,1,10,JAX,42,JAX,HITCH
2023092404,810,2,5,,50,HOU,FLAT
2023092404,2110,1,10,HOU,44,HOU,CORNER
2023092404,1505,3,6,,50,JAX,HITCH
2023092404,1677,1,15,HOU,10,HOU,IN
2023092404,2265,2,10,JAX,39,HOU,CROSS
2023092404,3740,3,3,HOU,32,HOU,CORNER
2023092404,2178,2,10,HOU,44,HOU,IN
2023092404,733,2,5,HOU,25,HOU,ANGLE
2023092404,3804,1,10,JAX,25,JAX,OUT
2023092404,2063,3,6,HOU,38,HOU,HITCH
2023092404,1478,2,6,,50,JAX,HITCH
2023092404,1970,3,10,HOU,45,JAX,IN
2023092404,4255,3,4,JAX,19,JAX,ANGLE
2023092404,1096,2,8,HOU,37,JAX,SLANT
2023092404,1367,3,2,JAX,4,HOU,CORNER
2023092404,758,1,10,HOU,34,HOU,CROSS
2023092404,1924,1,10,HOU,45,JAX,ANGLE
2023092404,1725,3,10,HOU,15,HOU,IN
2023092404,2918,2,12,HOU,24,JAX,OUT
2023092404,185,2,4,HOU,42,JAX,HITCH
2023092404,3882,3,2,,50,JAX,OUT
2023092404,397,2,7,JAX,48,HOU,GO
2023092404,299,1,10,HOU,38,HOU,ANGLE
2023092404,3232,2,12,HOU,49,HOU,ANGLE
2023092404,3257,3,1,JAX,40,HOU,CROSS
2023092404,3996,4,28,JAX,44,JAX,HITCH
2023092404,3591,1,10,HOU,32,JAX,POST
2023092404,3122,1,10,JAX,35,JAX,FLAT
2023092404,1200,1,10,JAX,41,HOU,OUT
2023092404,2866,1,10,,50,JAX,CROSS
2023092404,3639,3,4,HOU,26,JAX,CORNER
2023092404,2033,2,3,HOU,41,HOU,FLAT
2023092404,3072,1,10,JAX,25,JAX,FLAT
2023092404,2203,3,1,JAX,47,HOU,SLANT
2023092404,2235,1,10,JAX,39,HOU,OUT
2023092404,1269,3,5,JAX,19,HOU,SLANT
2023092404,3343,2,1,JAX,13,HOU,CORNER
2023092404,3183,3,7,JAX,38,JAX,IN
2023092404,561,2,12,JAX,23,JAX,OUT
2023092404,255,3,9,HOU,30,JAX,OUT
2023092404,3516,1,10,JAX,25,JAX,HITCH
2023092404,3541,1,10,JAX,38,JAX,HITCH
2023092404,2519,2,8,HOU,21,JAX,ANGLE
2023092404,2816,2,7,JAX,35,JAX,FLAT
2023092404,2841,3,1,JAX,41,JAX,SLANT
2023092404,4223,2,7,JAX,16,JAX,HITCH
2023092404,1845,2,6,JAX,35,JAX,FLAT
2023092404,3159,2,7,JAX,38,JAX,OUT
2023092404,1027,2,9,JAX,44,JAX,HITCH
2023092404,3614,2,10,HOU,32,JAX,HITCH
2023092405,2928,1,10,DEN,25,DEN,OUT
2023092405,3582,3,7,DEN,28,DEN,OUT
2023092405,3804,2,9,DEN,26,DEN,CROSS
2023092405,2742,3,3,MIA,33,MIA,HITCH
2023092405,1798,2,2,MIA,37,MIA,POST
2023092405,1692,3,17,MIA,40,DEN,CROSS
2023092405,297,1,10,MIA,34,MIA,SLANT
2023092405,717,2,6,MIA,12,DEN,IN
2023092405,3916,3,10,MIA,32,MIA,GO
2023092405,554,1,10,DEN,40,DEN,SLANT
2023092405,3259,2,15,DEN,41,MIA,POST
2023092405,1036,3,4,DEN,34,MIA,OUT
2023092405,838,2,16,MIA,19,MIA,POST
2023092405,2844,3,1,DEN,1,MIA,FLAT
2023092405,77,2,4,MIA,31,MIA,CROSS
2023092405,648,2,7,MIA,26,DEN,OUT
2023092405,752,3,6,MIA,12,DEN,POST
2023092405,3003,3,6,DEN,40,DEN,CROSS
2023092405,4180,1,10,DEN,38,DEN,GO
2023092405,2337,2,4,MIA,4,DEN,POST
2023092405,4121,2,7,DEN,28,DEN,OUT
2023092405,1741,1,10,MIA,14,MIA,POST
2023092405,2226,1,10,MIA,36,DEN,GO
2023092405,3028,1,10,DEN,48,DEN,POST
2023092405,1773,1,10,MIA,29,MIA,FLAT
2023092405,2250,2,10,MIA,36,DEN,CROSS
2023092405,2672,3,3,MIA,17,MIA,CROSS
2023092405,1321,1,10,MIA,48,DEN,POST
2023092405,1103,1,17,DEN,30,MIA,CROSS
2023092405,529,1,10,DEN,25,DEN,HITCH
2023092405,2719,2,3,MIA,33,MIA,OUT
2023092405,2201,1,10,MIA,47,DEN,CROSS
2023092405,3073,3,6,MIA,48,DEN,CROSS
2023092405,3559,2,7,DEN,28,DEN,SLANT
2023092405,1241,1,10,DEN,25,DEN,FLAT
2023092405,416,2,7,DEN,19,MIA,CROSS
2023092405,3143,2,3,MIA,30,MIA,FLAT
2023092405,2098,1,10,DEN,25,DEN,ANGLE
2023092405,3234,1,22,DEN,48,MIA,IN
2023092405,1640,1,15,MIA,38,DEN,OUT
2023092405,210,3,5,DEN,30,DEN,GO
2023092405,2953,1,10,DEN,36,DEN,HITCH
2023092405,1828,1,10,DEN,48,MIA,POST
2023092405,102,1,10,MIA,46,MIA,POST
2023092405,2123,2,2,DEN,33,DEN,IN
2023092405,2312,1,11,MIA,11,DEN,FLAT
2023092405,2789,1,5,DEN,5,MIA,OUT
2023092405,344,1,10,DEN,35,MIA,FLAT
2023092405,2505,1,10,DEN,25,DEN,SLANT
2023092405,1997,2,10,DEN,25,DEN,CROSS
2023092406,1740,2,15,LAC,15,MIN,CROSS
2023092406,438,2,10,LAC,33,LAC,SCREEN
2023092406,1240,1,10,LAC,46,MIN,POST
2023092406,1052,3,7,LAC,34,LAC,OUT
2023092406,1663,1,20,LAC,35,MIN,OUT
2023092406,3667,3,5,MIN,36,MIN,OUT
2023092406,463,3,5,LAC,38,LAC,OUT
2023092406,2356,1,10,MIN,42,MIN,FLAT
2023092406,650,1,3,MIN,3,LAC,FLAT
2023092406,2099,1,10,MIN,35,LAC,GO
2023092406,3832,1,10,LAC,25,LAC,OUT
2023092406,361,1,10,LAC,21,LAC,HITCH
2023092406,4690,1,10,LAC,20,MIN,SLANT
2023092406,2741,2,9,MIN,35,LAC,HITCH
2023092406,4134,2,9,MIN,26,MIN,GO
2023092406,4724,2,15,LAC,25,MIN,OUT
2023092406,3898,2,5,MIN,49,LAC,SCREEN
2023092406,2074,2,1,MIN,40,LAC,OUT
2023092406,1417,1,10,LAC,25,LAC,HITCH
2023092406,2512,3,2,MIN,48,MIN,CORNER
2023092406,2904,1,15,MIN,49,MIN,HITCH
2023092406,2691,1,10,LAC,39,LAC,HITCH
2023092406,3692,1,10,MIN,42,MIN,OUT
2023092406,3167,2,15,MIN,41,MIN,HITCH
2023092406,4193,1,10,LAC,43,MIN,OUT
2023092406,4029,1,10,MIN,30,LAC,GO
2023092406,3307,4,6,LAC,36,MIN,CROSS
2023092406,4157,3,9,MIN,26,MIN,CROSS
2023092406,2019,1,10,LAC,38,LAC,IN
2023092406,3273,3,6,LAC,36,MIN,CORNER
2023092406,535,2,7,MIN,40,LAC,CROSS
2023092406,714,1,10,MIN,25,MIN,OUT
2023092406,115,2,18,LAC,17,LAC,HITCH
2023092406,4524,3,11,LAC,14,LAC,SLANT
2023092406,817,1,10,MIN,48,MIN,ANGLE
2023092406,1115,2,9,LAC,44,LAC,SLANT
2023092406,2489,2,2,MIN,48,MIN,IN
2023092406,4448,1,10,LAC,2,LAC,SLANT
2023092406,2301,1,10,MIN,25,MIN,FLAT
2023092406,4004,3,17,,50,LAC,IN
2023092406,1467,1,10,LAC,39,LAC,SLANT
2023092406,2830,2,9,MIN,44,MIN,OUT
2023092406,3225,1,10,LAC,40,MIN,OUT
2023092406,1537,2,3,LAC,38,MIN,ANGLE
2023092406,4761,3,10,LAC,20,MIN,FLAT
2023092406,295,2,8,LAC,26,MIN,FLAT
2023092406,2331,2,2,MIN,33,MIN,HITCH
2023092406,4611,1,10,LAC,24,MIN,OUT
2023092406,2607,2,12,LAC,4,LAC,GO
2023092406,1027,2,10,LAC,31,LAC,SCREEN
2023092406,620,3,7,MIN,28,LAC,CORNER
2023092406,2230,4,1,MIN,1,LAC,HITCH
2023092406,415,1,10,LAC,33,LAC,OUT
2023092406,3250,2,6,LAC,36,MIN,CROSS
2023092406,4414,4,2,LAC,2,MIN,OUT
2023092406,3617,1,20,MIN,21,MIN,HITCH
2023092406,949,2,10,LAC,20,LAC,SLANT
2023092406,1004,1,10,LAC,31,LAC,GO
2023092406,4791,4,5,LAC,15,MIN,IN
2023092406,1977,2,3,LAC,32,LAC,FLAT
2023092406,3757,2,14,MIN,48,MIN,IN
2023092406,3112,1,10,MIN,25,MIN,POST
2023092406,2764,3,9,MIN,35,LAC,HITCH
2023092406,1323,2,4,LAC,4,MIN,CROSS
2023092406,3048,1,10,MIN,49,LAC,GO
2023092406,1183,1,10,MIN,25,MIN,ANGLE
2023092406,3873,1,10,LAC,46,LAC,FLAT
2023092406,1693,1,10,LAC,10,MIN,CORNER
2023092406,1863,2,5,LAC,5,MIN,CROSS
2023092406,4223,1,10,LAC,32,MIN,ANGLE
2023092406,3364,1,10,LAC,25,LAC,SLANT
2023092406,2855,3,5,MIN,48,MIN,HITCH
2023092406,3642,2,9,MIN,32,MIN,OUT
2023092406,1215,2,2,MIN,33,MIN,CROSS
2023092406,3018,2,4,LAC,26,LAC,IN
2023092406,2162,2,3,MIN,3,LAC,FLAT
2023092406,320,3,8,LAC,26,MIN,HITCH
2023092406,597,2,7,MIN,28,LAC,SLANT
2023092406,4823,1,6,LAC,6,MIN,HITCH
2023092407,849,2,5,NYJ,42,NE,OUT
2023092407,3766,2,8,NE,48,NE,CROSS
2023092407,2687,2,13,NYJ,46,NYJ,HITCH
2023092407,1215,1,10,NE,42,NE,GO
2023092407,3712,2,7,NE,28,NE,HITCH
2023092407,391,3,7,NYJ,28,NYJ,OUT
2023092407,742,3,7,NYJ,9,NYJ,ANGLE
2023092407,2220,2,9,NYJ,36,NE,FLAT
2023092407,1405,2,6,NE,12,NE,IN
2023092407,3022,2,10,NYJ,31,NYJ,HITCH
2023092407,1836,1,10,NE,39,NE,HITCH
2023092407,2345,2,8,NYJ,29,NYJ,CROSS
2023092407,1500,3,5,NE,25,NE,CORNER
2023092407,4157,4,10,NYJ,45,NYJ,FLAT
2023092407,4111,2,10,NYJ,45,NYJ,CORNER
2023092407,620,3,3,NYJ,45,NE,FLAT
2023092407,1732,3,6,NE,38,NYJ,OUT
2023092407,1430,3,3,NE,15,NE,HITCH
2023092407,243,2,11,NYJ,37,NE,OUT
2023092407,2250,3,6,NYJ,33,NE,GO
2023092407,3471,1,10,NE,22,NYJ,HITCH
2023092407,2834,3,15,NE,15,NE,OUT
2023092407,268,3,3,NYJ,29,NE,CORNER
2023092407,356,2,7,NYJ,28,NYJ,OUT
2023092407,573,1,10,NE,48,NE,HITCH
2023092407,2710,3,13,NYJ,46,NYJ,FLAT
2023092407,1308,2,12,NYJ,29,NYJ,OUT
2023092407,3312,3,5,NYJ,18,NYJ,IN
2023092407,3289,2,5,NYJ,18,NYJ,OUT
2023092407,1190,3,5,NE,27,NE,OUT
2023092407,2129,1,10,NE,36,NE,ANGLE
2023092407,3257,1,10,NYJ,13,NYJ,SCREEN
2023092407,872,3,5,NYJ,42,NE,HITCH
2023092407,1881,3,8,NE,41,NE,OUT
2023092407,3446,1,10,NE,43,NYJ,GO
2023092407,2972,1,10,NYJ,31,NYJ,FLAT
2023092407,2811,2,15,NE,15,NE,OUT
2023092407,3857,2,10,NYJ,10,NYJ,FLAT
2023092407,3496,2,4,NE,16,NYJ,FLAT
2023092407,4027,3,3,NE,23,NE,GO
2023092407,3337,1,10,NYJ,36,NYJ,ANGLE
2023092407,4288,1,10,NYJ,17,NYJ,POST
2023092407,3568,2,9,NE,9,NYJ,SLANT
2023092407,1933,2,2,NYJ,42,NE,GO
2023092407,3791,3,6,,50,NE,GO
2023092407,4134,3,10,NYJ,45,NYJ,CROSS
2023092407,191,3,6,NE,46,NE,OUT
2023092407,2527,2,20,NE,10,NE,FLAT
2023092408,1674,1,10,WAS,25,WAS,HITCH
2023092408,3600,1,10,BUF,41,WAS,CORNER
2023092408,1065,2,6,BUF,6,WAS,IN
2023092408,2100,1,10,WAS,26,WAS,CROSS
2023092408,1338,2,8,BUF,36,BUF,GO
2023092408,1121,4,2,BUF,2,WAS,CROSS
2023092408,2268,2,8,BUF,15,WAS,GO
2023092408,1803,1,10,WAS,22,BUF,IN
2023092408,2376,1,10,,50,BUF,HITCH
2023092408,840,1,10,WAS,35,BUF,CORNER
2023092408,171,3,8,BUF,40,BUF,HITCH
2023092408,668,3,8,BUF,30,BUF,POST
2023092408,2918,1,10,WAS,21,BUF,OUT
2023092408,2147,3,5,WAS,31,WAS,FLAT
2023092408,3543,1,10,WAS,37,WAS,HITCH
2023092408,1525,1,25,WAS,45,BUF,SLANT
2023092408,2893,1,10,WAS,31,BUF,ANGLE
2023092408,3575,2,3,WAS,44,WAS,SLANT
2023092408,372,2,3,WAS,34,WAS,HITCH
2023092408,1826,2,10,WAS,22,BUF,CORNER
2023092408,546,1,10,BUF,16,BUF,HITCH
2023092408,2709,2,7,BUF,34,BUF,GO
2023092408,3762,3,19,BUF,33,WAS,FLAT
2023092408,911,1,10,WAS,25,WAS,GO
2023092408,759,2,9,WAS,21,WAS,HITCH
2023092408,2965,3,2,WAS,13,BUF,FLAT
2023092408,1197,3,4,BUF,8,BUF,OUT
2023092408,3073,1,10,WAS,25,WAS,HITCH
2023092408,232,1,10,WAS,19,BUF,POST
2023092408,1368,3,8,BUF,36,BUF,OUT
2023092408,2629,3,22,WAS,26,WAS,FLAT
2023092408,419,2,5,WAS,44,WAS,GO
2023092408,514,3,19,BUF,34,WAS,HITCH
2023092408,1042,1,6,BUF,6,WAS,POST
2023092408,146,2,12,BUF,36,BUF,HITCH
2023092408,2043,2,6,WAS,21,WAS,POST
2023092408,598,3,2,BUF,24,BUF,OUT
2023092408,1849,3,10,WAS,22,BUF,GO
2023092408,1574,2,21,WAS,41,BUF,SLANT
2023092408,449,1,10,BUF,46,WAS,CORNER
2023092408,1442,2,9,WAS,44,BUF,SLANT
2023092408,2449,2,20,BUF,40,BUF,ANGLE
2023092408,3518,1,10,WAS,25,WAS,OUT
2023092408,2177,1,10,WAS,41,WAS,HITCH
2023092408,990,1,10,BUF,33,WAS,HITCH
2023092408,3187,1,10,WAS,25,WAS,SLANT
2023092408,196,1,10,WAS,30,BUF,CROSS
2023092408,2295,1,10,BUF,1,BUF,POST
2023092408,1724,3,1,WAS,34,WAS,FLAT
2023092408,1699,2,6,WAS,29,WAS,HITCH
2023092409,3023,2,11,SEA,37,CAR,SLANT
2023092409,173,2,6,CAR,25,CAR,SLANT
2023092409,3241,2,10,CAR,16,SEA,CROSS
2023092409,3745,1,10,SEA,31,SEA,ANGLE
2023092409,100,3,8,SEA,27,SEA,ANGLE
2023092409,1659,2,14,CAR,49,CAR,OUT
2023092409,3503,3,3,CAR,46,CAR,CROSS
2023092409,2040,1,10,SEA,49,SEA,FLAT
2023092409,3611,2,20,SEA,41,CAR,GO
2023092409,3639,3,5,SEA,26,CAR,CROSS
2023092409,3576,1,20,SEA,41,CAR,FLAT
2023092409,1875,1,15,SEA,33,CAR,HITCH
2023092409,4673,1,10,CAR,25,CAR,OUT
2023092409,2302,1,10,CAR,37,CAR,OUT
2023092409,2070,2,10,SEA,49,SEA,OUT
2023092409,2361,2,9,SEA,48,CAR,OUT
2023092409,4360,1,10,CAR,32,CAR,HITCH
2023092409,3046,3,11,SEA,37,CAR,CROSS
2023092409,4009,1,10,CAR,37,CAR,HITCH
2023092409,1479,1,10,CAR,25,CAR,CORNER
2023092409,3770,1,10,SEA,48,SEA,HITCH
2023092409,3984,3,10,CAR,25,CAR,HITCH
2023092409,697,1,10,CAR,28,SEA,GO
2023092409,4104,2,10,SEA,45,CAR,FLAT
2023092409,2384,3,9,SEA,48,CAR,OUT
2023092409,1824,3,16,SEA,19,SEA,SLANT
2023092409,4081,1,10,SEA,45,CAR,GO
2023092409,2015,2,7,SEA,30,SEA,CORNER
2023092409,1530,3,2,CAR,33,CAR,OUT
2023092409,4938,1,10,SEA,25,CAR,OUT
2023092409,4309,3,2,SEA,27,SEA,FLAT
2023092409,752,3,7,CAR,25,SEA,HITCH
2023092409,4776,2,6,CAR,42,CAR,IN
2023092409,570,1,10,SEA,42,SEA,HITCH
2023092409,967,1,10,SEA,35,SEA,CROSS
2023092409,2519,2,9,CAR,32,CAR,OUT
2023092409,4726,3,4,CAR,31,CAR,OUT
2023092409,1713,3,10,SEA,47,CAR,CORNER
2023092409,4703,2,4,CAR,31,CAR,OUT
2023092409,930,1,10,SEA,19,SEA,SCREEN
2023092409,1922,3,8,SEA,26,CAR,GO
2023092409,595,1,10,CAR,38,SEA,CROSS
2023092409,2270,1,10,CAR,25,CAR,HITCH
2023092409,2739,1,10,CAR,46,SEA,FLAT
2023092409,1100,1,20,CAR,25,SEA,IN
2023092409,2117,1,10,CAR,41,SEA,OUT
2023092409,2684,3,3,SEA,36,SEA,FLAT
2023092409,2659,2,9,SEA,30,SEA,HITCH
2023092409,4611,2,5,CAR,5,SEA,SLANT
2023092409,4826,2,4,SEA,44,CAR,IN
2023092409,818,1,10,CAR,25,CAR,HITCH
2023092409,196,3,6,CAR,25,CAR,HITCH
2023092409,865,2,10,CAR,40,CAR,HITCH
2023092409,4801,1,10,,50,CAR,OUT
2023092409,259,2,8,SEA,35,CAR,FLAT
2023092409,1555,1,10,CAR,38,CAR,SLANT
2023092409,1770,1,10,SEA,25,SEA,POST
2023092409,3090,1,10,SEA,45,SEA,WHEEL
2023092409,4034,2,3,CAR,44,CAR,FLAT
2023092409,1390,2,9,CAR,15,SEA,GO
2023092409,4406,3,10,CAR,32,CAR,FLAT
2023092409,4968,1,10,SEA,15,CAR,GO
2023092409,4383,2,10,CAR,32,CAR,IN
2023092409,3478,2,10,CAR,39,CAR,CROSS
2023092409,2714,1,10,SEA,43,SEA,CROSS
2023092409,4751,1,10,CAR,38,CAR,SLANT
2023092409,289,3,4,SEA,31,CAR,OUT
2023092409,1502,2,10,CAR,25,CAR,SLANT
2023092409,4182,3,14,SEA,49,CAR,HITCH
2023092409,1413,3,9,CAR,15,SEA,OUT
2023092410,2550,1,10,DAL,25,DAL,FLAT
2023092410,2104,2,3,DAL,32,DAL,FLAT
2023092410,1382,2,4,ARI,43,DAL,FLAT
2023092410,840,1,10,ARI,37,DAL,HITCH
2023092410,661,1,10,DAL,25,DAL,FLAT
2023092410,2619,1,10,DAL,43,DAL,SCREEN
2023092410,3367,3,8,ARI,7,ARI,GO
2023092410,4358,3,6,ARI,6,DAL,SLANT
2023092410,1603,1,14,ARI,15,DAL,GO
2023092410,152,3,3,DAL,22,ARI,OUT
2023092410,2644,2,6,DAL,47,DAL,FLAT
2023092410,1488,2,11,ARI,39,DAL,OUT
2023092410,1736,1,20,ARI,15,ARI,SLANT
2023092410,3098,2,5,DAL,48,DAL,HITCH
2023092410,3775,3,8,ARI,8,DAL,GO
2023092410,1969,2,15,DAL,32,ARI,SCREEN
2023092410,3247,3,13,ARI,14,DAL,HITCH
2023092410,2320,1,10,ARI,29,ARI,HITCH
2023092410,2257,3,20,DAL,30,DAL,OUT
2023092410,2727,2,12,ARI,24,DAL,OUT
2023092410,1912,1,10,DAL,27,ARI,CROSS
2023092410,374,1,10,ARI,18,ARI,CROSS
2023092410,3937,3,2,DAL,2,ARI,CROSS
2023092410,4048,1,10,ARI,45,DAL,OUT
2023092410,686,2,7,DAL,28,DAL,HITCH
2023092410,765,1,10,DAL,39,DAL,OUT
2023092410,2079,1,10,DAL,25,DAL,SLANT
2023092410,533,3,2,DAL,15,ARI,FLAT
2023092410,4187,2,1,ARI,18,DAL,CORNER
2023092410,2402,1,5,ARI,48,ARI,GO
2023092410,3526,2,9,DAL,37,DAL,HITCH
2023092410,3671,3,4,ARI,32,DAL,IN
2023092410,3696,1,10,ARI,20,DAL,SLANT
2023092410,3860,1,10,ARI,24,ARI,CROSS
2023092410,4071,2,10,ARI,45,DAL,SLANT
2023092410,2672,3,7,DAL,46,DAL,GO
2023092410,55,1,10,ARI,25,ARI,FLAT
2023092410,810,2,17,DAL,44,DAL,HITCH
2023092410,1178,1,10,ARI,47,ARI,FLAT
2023092410,1352,1,10,ARI,49,DAL,SCREEN
2023092410,4023,2,1,DAL,34,DAL,SLANT
2023092410,3039,1,10,DAL,16,DAL,GO
2023092410,1405,3,4,ARI,43,DAL,OUT
2023092410,1999,3,7,DAL,24,ARI,FLAT
2023092410,995,3,4,ARI,31,ARI,OUT
2023092411,3797,2,4,KC,9,CHI,CORNER
2023092411,1030,1,10,CHI,15,KC,HITCH
2023092411,1351,2,6,KC,16,KC,CROSS
2023092411,77,2,8,KC,27,KC,HITCH
2023092411,2863,3,5,CHI,41,CHI,GO
2023092411,2494,3,6,KC,40,KC,CORNER
2023092411,3587,3,5,CHI,29,KC,CROSS
2023092411,2244,1,10,CHI,26,KC,SLANT
2023092411,1319,1,10,KC,12,KC,CROSS
2023092411,1554,1,3,CHI,3,KC,FLAT
2023092411,2689,3,3,CHI,3,KC,IN
2023092411,2013,1,10,CHI,25,CHI,FLAT
2023092411,1730,2,14,CHI,30,KC,FLAT
2023092411,2267,2,10,CHI,26,KC,SLANT
2023092411,3643,2,4,CHI,31,CHI,OUT
2023092411,1922,1,10,CHI,14,KC,SLANT
2023092411,1860,2,10,CHI,25,CHI,POST
2023092411,2563,3,3,CHI,16,KC,OUT
2023092411,780,1,10,KC,20,KC,FLAT
2023092411,1837,1,10,CHI,25,CHI,GO
2023092411,2469,2,11,KC,35,KC,OUT
2023092411,195,3,5,KC,42,KC,IN
2023092411,2886,4,5,CHI,41,CHI,WHEEL
2023092411,2208,1,15,KC,45,KC,IN
2023092411,3515,3,12,CHI,49,KC,POST
2023092411,369,1,10,KC,41,KC,GO
2023092411,3350,3,5,KC,30,KC,OUT
2023092411,2666,2,3,CHI,3,KC,CROSS
2023092411,1474,1,10,CHI,16,KC,CORNER
2023092411,901,3,2,KC,39,KC,HITCH
2023092411,1002,3,7,CHI,25,KC,FLAT
2023092411,2395,3,7,CHI,28,CHI,FLAT
2023092411,1577,2,3,CHI,3,KC,FLAT
2023092411,1760,3,7,CHI,23,KC,OUT
2023092411,3820,3,4,KC,9,CHI,SLANT
2023092411,522,1,6,CHI,6,KC,IN
2023092411,1897,1,10,CHI,26,KC,HITCH
2023092411,2043,2,4,CHI,31,CHI,GO
2023092411,3742,2,5,KC,44,CHI,GO
2023092411,856,2,8,KC,33,KC,HITCH
2023092411,631,2,3,CHI,32,CHI,CORNER
2023092411,1376,1,10,CHI,47,KC,SLANT
2023092411,401,1,10,CHI,35,KC,POST
2023092411,3717,1,10,KC,49,CHI,OUT
2023092411,2966,3,4,CHI,35,KC,IN
2023092412,2210,3,10,LV,25,LV,FLAT
2023092412,3790,2,4,PIT,46,LV,OUT
2023092412,703,3,7,PIT,28,PIT,POST
2023092412,3464,1,10,PIT,18,LV,SLANT
2023092412,2576,2,10,PIT,48,LV,HITCH
2023092412,792,2,18,LV,17,LV,POST
2023092412,1200,1,10,PIT,43,LV,GO
2023092412,2737,1,10,LV,13,PIT,CORNER
2023092412,2187,2,10,LV,25,LV,POST
2023092412,3255,1,10,LV,20,LV,POST
2023092412,148,1,10,LV,12,LV,HITCH
2023092412,410,1,10,LV,40,LV,OUT
2023092412,3099,3,18,PIT,35,LV,OUT
2023092412,2371,1,10,LV,42,PIT,FLAT
2023092412,3815,1,10,PIT,34,LV,OUT
2023092412,3129,4,5,PIT,22,LV,CROSS
2023092412,1658,2,10,PIT,36,PIT,GO
2023092412,3572,3,1,PIT,1,LV,SCREEN
2023092412,1512,2,11,LV,24,LV,GO
2023092412,2901,1,10,PIT,37,LV,FLAT
2023092412,1052,2,8,LV,16,LV,HITCH
2023092412,866,1,10,PIT,25,PIT,WHEEL
2023092412,2254,1,10,PIT,9,PIT,HITCH
2023092412,592,4,1,PIT,32,LV,POST
2023092412,1737,1,10,LV,37,PIT,HITCH
2023092412,2008,1,10,LV,42,LV,ANGLE
2023092412,356,1,10,LV,26,LV,IN
2023092412,2818,2,2,LV,33,LV,CROSS
2023092412,2866,2,10,PIT,49,LV,SLANT
2023092412,1234,2,10,PIT,43,LV,IN
2023092412,2301,1,10,PIT,21,PIT,CROSS
2023092412,3317,2,4,PIT,48,LV,HITCH
2023092412,2603,1,10,PIT,19,PIT,IN
2023092412,965,2,10,PIT,40,PIT,FLAT
2023092412,195,3,3,LV,19,LV,HITCH
2023092412,307,3,6,PIT,27,PIT,OUT
2023092412,918,3,8,PIT,27,PIT,IN
2023092412,3653,1,10,PIT,25,PIT,OUT
2023092412,658,1,10,PIT,25,PIT,HITCH
2023092412,2682,1,10,LV,44,PIT,HITCH
2023092412,3292,1,10,LV,46,LV,SCREEN
2023092412,4098,3,2,PIT,33,PIT,OUT
2023092412,2528,3,1,LV,34,LV,SLANT
2023092412,1559,3,16,LV,19,LV,ANGLE
2023092412,3965,2,4,PIT,8,LV,FLAT
2023092412,1261,1,10,PIT,31,PIT,OUT
2023092412,2553,1,10,PIT,48,LV,FLAT
2023092412,817,3,5,LV,30,LV,WHEEL
2023092412,1097,3,1,LV,23,LV,HITCH
2023092412,2164,1,10,LV,25,LV,GO
2023092412,1604,1,10,PIT,23,PIT,HITCH
2023092412,3765,1,10,LV,48,LV,OUT
2023092412,1175,3,1,LV,38,LV,POST
2023092412,1424,3,6,LV,25,PIT,GO
2023092412,545,2,14,PIT,45,LV,IN
2023092412,1979,2,6,LV,29,LV,HITCH
2023092412,3698,3,8,PIT,27,PIT,POST
2023092412,2346,3,5,PIT,26,PIT,CROSS
2023092412,3940,1,10,PIT,14,LV,OUT
2023092500,1511,3,5,PHI,21,PHI,IN
2023092500,3406,3,1,PHI,8,TB,OUT
2023092500,3576,2,9,PHI,26,PHI,SLANT
2023092500,3436,1,1,PHI,1,TB,OUT
2023092500,1943,1,10,TB,22,PHI,ANGLE
2023092500,2896,1,10,TB,41,PHI,CROSS
2023092500,3696,2,13,PHI,45,PHI,GO
2023092500,1384,3,9,PHI,15,TB,CORNER
2023092500,288,1,10,TB,39,PHI,IN
2023092500,3793,3,4,TB,24,PHI,SCREEN
2023092500,1654,3,10,TB,34,PHI,IN
2023092500,258,2,2,PHI,33,PHI,CROSS
2023092500,3481,3,1,PHI,1,TB,GO
2023092500,3719,3,13,PHI,45,PHI,HITCH
2023092500,450,1,10,TB,31,TB,HITCH
2023092500,730,2,15,TB,18,PHI,IN
2023092500,1180,1,10,TB,47,TB,FLAT
2023092500,3891,4,2,TB,11,PHI,SLANT
2023092500,3272,1,10,TB,25,TB,CORNER
2023092500,2285,2,10,PHI,25,PHI,OUT
2023092500,2407,1,10,PHI,49,PHI,FLAT
2023092500,2530,2,1,TB,1,PHI,SLANT
2023092500,180,3,8,TB,41,TB,HITCH
2023092500,2844,1,10,PHI,24,PHI,CROSS
2023092500,1463,1,10,PHI,16,PHI,ANGLE
2023092500,2077,2,4,TB,30,PHI,SCREEN
2023092500,2007,2,21,TB,32,TB,OUT
2023092500,3307,1,10,TB,49,TB,POST
2023092500,3359,1,10,PHI,17,TB,HITCH
2023092500,100,3,3,TB,32,TB,OUT
2023092500,418,1,10,TB,15,TB,POST
2023092500,1155,3,3,TB,39,TB,SLANT
2023092500,3119,2,5,TB,21,PHI,IN
2023092500,1235,3,3,PHI,46,TB,POST
2023092500,2381,2,8,PHI,38,PHI,HITCH
2023092500,2658,2,7,TB,28,TB,HITCH
2023092500,135,1,10,TB,39,TB,CROSS
2023092500,3164,1,6,TB,6,PHI,OUT
2023092500,1558,2,2,PHI,42,PHI,FLAT
2023092500,3064,2,10,PHI,48,PHI,HITCH
2023092500,1081,1,10,TB,16,TB,FLAT
2023092500,1488,2,5,PHI,21,PHI,CROSS
2023092500,651,1,10,TB,13,PHI,HITCH
2023092500,2728,3,7,TB,39,TB,POST
2023092500,2705,2,7,TB,39,TB,OUT
2023092500,943,1,10,PHI,26,PHI,OUT
2023092500,3094,1,10,TB,26,PHI,OUT
2023092500,373,3,1,TB,14,PHI,CORNER
2023092500,1605,2,9,TB,33,PHI,CROSS
2023092500,861,3,13,TB,22,TB,HITCH
2023092501,4241,2,18,CIN,40,LA,GO
2023092501,967,1,10,LA,38,CIN,FLAT
2023092501,2529,2,6,CIN,17,LA,ANGLE
2023092501,3175,1,10,LA,25,LA,FLAT
2023092501,282,1,10,LA,46,LA,POST
2023092501,109,3,1,CIN,34,CIN,HITCH
2023092501,1421,3,10,CIN,25,CIN,OUT
2023092501,2745,3,10,LA,44,CIN,SLANT
2023092501,1730,3,10,CIN,24,CIN,GO
2023092501,1684,1,10,CIN,24,CIN,IN
2023092501,773,1,10,CIN,21,CIN,OUT
2023092501,3871,2,10,LA,25,LA,CROSS
2023092501,1210,1,10,LA,36,LA,IN
2023092501,1398,2,10,CIN,25,CIN,IN
2023092501,3086,2,8,LA,30,CIN,IN
2023092501,459,3,11,CIN,11,LA,ANGLE
2023092501,1707,2,10,CIN,24,CIN,OUT
2023092501,3522,3,8,LA,47,CIN,FLAT
2023092501,3759,2,12,LA,42,CIN,FLAT
2023092501,845,1,10,CIN,33,CIN,SCREEN
2023092501,870,2,5,CIN,38,CIN,HITCH
2023092501,2147,1,10,CIN,40,CIN,OUT
2023092501,3026,1,10,CIN,25,CIN,CORNER
2023092501,1659,1,10,CIN,11,CIN,HITCH
2023092501,79,2,10,CIN,25,CIN,FLAT
2023092501,238,3,4,LA,38,CIN,SLANT
2023092501,1176,1,10,LA,25,LA,CROSS
2023092501,2202,1,10,LA,25,CIN,OUT
2023092501,2669,2,8,CIN,40,CIN,OUT
2023092501,336,2,4,CIN,36,LA,IN
2023092501,699,2,9,LA,27,LA,CROSS
2023092501,1110,3,11,LA,31,CIN,FLAT
2023092501,547,2,8,CIN,27,CIN,OUT
2023092501,2962,1,10,CIN,22,CIN,IN
2023092501,1056,2,10,LA,30,CIN,CROSS
2023092501,3417,2,9,CIN,41,CIN,FLAT
2023092501,1451,1,10,CIN,36,CIN,HITCH
2023092501,1916,2,18,LA,49,CIN,GO
2023092501,3596,1,10,LA,20,LA,GO
2023092501,3109,3,8,LA,30,CIN,ANGLE
2023092501,3569,1,10,LA,37,CIN,POST
2023092501,1310,3,3,CIN,5,LA,IN
2023092501,3848,1,10,LA,25,LA,CORNER
2023092501,4117,1,10,CIN,46,LA,FLAT
2023092501,625,3,11,CIN,24,CIN,HITCH
2023092501,2792,2,10,LA,31,CIN,IN
2023092501,156,2,6,,50,CIN,CROSS
2023092501,2817,1,10,LA,18,CIN,SCREEN
2023092501,4092,1,10,LA,39,LA,OUT
2023092501,1265,1,10,CIN,12,LA,FLAT
2023092501,1235,1,10,CIN,49,LA,CROSS
2023092501,2910,1,10,LA,24,LA,POST
2023092501,2335,1,10,LA,25,LA,GO
2023092501,2177,2,1,CIN,49,CIN,POST
2023092501,181,1,10,LA,44,CIN,HITCH
2023092501,1601,3,9,LA,37,LA,CROSS
2023092501,2042,1,10,LA,21,LA,SLANT
2023092501,1773,1,10,LA,30,LA,POST
2023092501,895,1,10,CIN,48,CIN,OUT
2023092501,3440,3,9,CIN,41,CIN,SLANT
2023092501,1939,3,18,LA,49,CIN,HITCH
2023092501,1494,3,18,CIN,28,CIN,SLANT
2023092501,724,3,1,LA,35,LA,FLAT
2023092501,4153,2,3,CIN,39,LA,CORNER
2023092501,4318,3,1,CIN,1,LA,FLAT
2023092501,4176,3,3,CIN,39,LA,CROSS
2023092800,2275,3,1,GB,23,GB,HITCH
2023092800,322,1,10,DET,36,DET,ANGLE
2023092800,2228,1,10,GB,14,GB,FLAT
2023092800,1748,2,6,DET,28,DET,HITCH
2023092800,188,3,19,DET,25,GB,HITCH
2023092800,2425,1,10,DET,18,GB,SCREEN
2023092800,2652,2,7,DET,30,DET,FLAT
2023092800,3791,2,5,DET,14,GB,IN
2023092800,1015,2,4,GB,4,DET,OUT
2023092800,3102,1,9,DET,9,GB,GO
2023092800,4178,4,3,GB,24,DET,HITCH
2023092800,2035,1,10,GB,25,GB,HITCH
2023092800,103,3,12,DET,23,DET,CROSS
2023092800,2889,3,2,DET,19,DET,FLAT
2023092800,2300,1,10,GB,28,GB,POST
2023092800,1818,2,10,DET,40,DET,CROSS
2023092800,1156,1,10,GB,10,GB,IN
2023092800,1841,3,10,DET,40,DET,SLANT
2023092800,3691,2,10,GB,31,GB,HITCH
2023092800,1072,3,14,GB,14,DET,IN
2023092800,369,3,5,DET,41,DET,CROSS
2023092800,1573,2,9,GB,9,GB,OUT
2023092800,648,3,3,GB,48,DET,IN
2023092800,1493,3,23,DET,27,DET,SLANT
2023092800,1310,3,7,GB,28,GB,OUT
2023092800,1669,3,21,GB,8,GB,HITCH
2023092800,78,2,10,DET,25,DET,CROSS
2023092800,1446,2,18,DET,32,DET,IN
2023092800,485,2,16,GB,14,GB,SLANT
2023092800,916,1,10,DET,25,DET,GO
2023092800,873,3,3,GB,28,GB,IN
2023092800,1548,1,10,GB,8,GB,SCREEN
2023092800,2083,3,4,GB,31,GB,OUT
2023092800,2677,3,12,DET,25,DET,CROSS
2023092800,596,1,10,DET,45,DET,OUT
2023092800,2511,4,9,DET,17,GB,POST
2023092800,1866,1,10,GB,46,DET,HITCH
2023092800,3763,1,10,DET,19,GB,OUT
2023092800,2561,2,1,DET,1,GB,FLAT
2023092800,3325,1,10,GB,39,DET,CORNER
2023092800,394,1,10,GB,24,DET,GO
2023092800,3032,2,7,GB,37,GB,HITCH
2023092800,1359,1,10,DET,30,DET,OUT
2023092800,2771,3,21,GB,19,GB,OUT
2023092800,3618,1,10,GB,17,GB,HITCH
2023092800,3057,1,10,GB,47,GB,GO
2023092800,3643,2,4,GB,23,GB,IN
2023092800,3987,2,19,DET,44,GB,OUT
2023092800,2748,2,21,GB,19,GB,POST
2023092800,3234,1,10,DET,35,DET,FLAT
2023092800,508,3,16,GB,14,GB,FLAT
2023100100,2814,2,7,JAX,13,JAX,FLAT
2023100100,1313,1,10,ATL,24,ATL,OUT
2023100100,846,2,12,ATL,41,JAX,IN
2023100100,1718,3,4,ATL,18,ATL,FLAT
2023100100,1870,2,4,JAX,26,JAX,CROSS
2023100100,1748,1,10,ATL,23,ATL,POST
2023100100,1111,1,10,JAX,19,JAX,HITCH
2023100100,2939,3,7,JAX,26,JAX,OUT
2023100100,2892,1,20,JAX,13,JAX,SLANT
2023100100,522,2,12,ATL,30,JAX,GO
2023100100,3314,1,10,JAX,46,ATL,POST
2023100100,2676,2,14,ATL,48,ATL,HITCH
2023100100,1771,2,10,ATL,23,ATL,HITCH
2023100100,2304,2,7,JAX,40,JAX,HITCH
2023100100,3776,1,10,ATL,25,ATL,FLAT
2023100100,1283,3,8,ATL,15,ATL,FLAT
2023100100,995,3,6,ATL,29,ATL,HITCH
2023100100,2989,1,10,JAX,37,JAX,CROSS
2023100100,972,2,6,ATL,29,ATL,IN
2023100100,1360,1,10,ATL,35,ATL,HITCH
2023100100,1923,1,10,JAX,42,JAX,OUT
2023100100,334,1,10,JAX,28,JAX,FLAT
2023100100,1893,3,4,JAX,26,JAX,CORNER
2023100100,1042,2,9,ATL,45,ATL,CORNER
2023100100,2735,3,19,ATL,43,ATL,FLAT
2023100100,1495,1,10,ATL,25,ATL,IN
2023100100,465,4,1,ATL,38,JAX,HITCH
2023100100,2220,1,10,JAX,25,JAX,OUT
2023100100,1686,2,11,ATL,11,ATL,OUT
2023100100,146,2,8,JAX,40,JAX,HITCH
2023100100,3392,3,15,JAX,18,ATL,GO
2023100100,3806,1,10,ATL,39,ATL,HITCH
2023100100,2161,3,9,JAX,15,ATL,GO
2023100100,1429,1,10,JAX,45,ATL,IN
2023100100,3200,1,10,ATL,25,ATL,POST
2023100100,3134,3,5,ATL,25,JAX,SLANT
2023100100,762,1,10,JAX,31,JAX,CORNER
2023100100,3469,2,7,JAX,9,JAX,OUT
2023100100,3109,2,7,ATL,27,JAX,SCREEN
2023100100,171,3,5,JAX,43,JAX,OUT
2023100100,1560,2,8,ATL,14,JAX,IN
2023100100,2245,2,2,JAX,33,JAX,ANGLE
2023100100,891,3,9,ATL,38,JAX,GO
2023100100,2091,3,7,JAX,25,ATL,HITCH
2023100100,3245,3,6,ATL,29,ATL,HITCH
2023100100,275,3,9,ATL,8,ATL,FLAT
2023100100,2616,1,10,ATL,39,ATL,POST
2023100100,3417,4,3,JAX,6,ATL,CORNER
2023100101,2590,3,6,BUF,11,MIA,CORNER
2023100101,3066,1,10,MIA,25,MIA,POST
2023100101,2892,2,10,MIA,25,MIA,POST
2023100101,403,1,10,BUF,34,MIA,CROSS
2023100101,614,3,2,BUF,28,BUF,FLAT
2023100101,1198,1,10,BUF,21,BUF,POST
2023100101,3135,3,6,MIA,48,MIA,OUT
2023100101,3990,4,18,BUF,37,MIA,OUT
2023100101,2682,2,5,BUF,30,BUF,OUT
2023100101,197,2,8,,50,BUF,CORNER
2023100101,238,1,10,MIA,18,BUF,GO
2023100101,1066,3,8,BUF,25,MIA,POST
2023100101,2190,2,14,MIA,21,MIA,SLANT
2023100101,128,2,8,BUF,38,BUF,HITCH
2023100101,1009,1,10,BUF,27,MIA,OUT
2023100101,2100,3,14,MIA,35,BUF,GO
2023100101,671,1,10,BUF,49,BUF,HITCH
2023100101,2493,2,6,BUF,32,MIA,OUT
2023100101,1676,2,13,BUF,46,BUF,HITCH
2023100101,589,2,7,BUF,23,BUF,OUT
2023100101,1990,2,1,MIA,34,MIA,HITCH
2023100101,327,2,2,MIA,31,MIA,GO
2023100101,1878,2,6,BUF,45,BUF,CORNER
2023100101,1507,2,15,MIA,17,MIA,FLAT
2023100101,81,2,2,BUF,33,BUF,FLAT
2023100101,3730,1,10,MIA,48,MIA,GO
2023100101,3919,3,27,BUF,46,MIA,FLAT
2023100101,2996,1,10,MIA,13,BUF,CORNER
2023100101,3441,1,13,BUF,13,MIA,HITCH
2023100101,974,2,9,BUF,49,MIA,WHEEL
2023100101,1304,1,6,MIA,6,BUF,GO
2023100101,2352,2,10,MIA,25,MIA,FLAT
2023100101,639,1,10,BUF,37,BUF,FLAT
2023100101,3653,1,10,MIA,20,MIA,IN
2023100101,2941,2,14,MIA,29,BUF,CROSS
2023100101,3216,1,10,MIA,45,BUF,CORNER
2023100101,374,2,8,BUF,45,MIA,SLANT
2023100101,2707,1,10,BUF,36,BUF,FLAT
2023100101,1960,1,10,MIA,25,MIA,SCREEN
2023100101,1795,3,2,MIA,14,MIA,ANGLE
2023100101,302,1,10,MIA,23,MIA,FLAT
2023100101,892,1,10,MIA,30,MIA,HITCH
2023100101,3567,2,12,BUF,15,BUF,OUT
2023100101,2966,3,5,MIA,20,BUF,OUT
2023100101,1617,1,10,BUF,27,BUF,FLAT
2023100102,992,3,2,MIN,44,MIN,OUT
2023100102,3054,2,8,CAR,40,CAR,HITCH
2023100102,3413,2,9,CAR,27,CAR,FLAT
2023100102,945,1,10,MIN,36,MIN,FLAT
2023100102,1700,3,21,CAR,20,CAR,IN
2023100102,2374,2,11,CAR,24,CAR,IN
2023100102,3460,1,10,CAR,36,CAR,HITCH
2023100102,3175,1,10,MIN,37,CAR,FLAT
2023100102,1092,1,10,CAR,35,MIN,IN
2023100102,1830,2,11,MIN,29,MIN,CROSS
2023100102,722,2,6,MIN,6,CAR,GO
2023100102,1390,2,7,CAR,46,CAR,HITCH
2023100102,1336,3,4,CAR,36,CAR,HITCH
2023100102,313,3,5,CAR,5,MIN,FLAT
2023100102,2980,1,10,CAR,23,CAR,OUT
2023100102,2105,2,9,CAR,26,CAR,FLAT
2023100102,2857,1,10,CAR,39,MIN,OUT
2023100102,2260,3,8,MIN,23,MIN,IN
2023100102,1855,1,10,MIN,45,MIN,OUT
2023100102,2887,2,1,CAR,30,MIN,GO
2023100102,430,3,6,MIN,27,MIN,ANGLE
2023100102,3330,3,2,MIN,28,MIN,GO
2023100102,1015,4,2,MIN,44,MIN,HITCH
2023100102,3485,2,4,CAR,42,CAR,POST
2023100102,2320,1,10,CAR,13,CAR,FLAT
2023100102,1166,3,1,CAR,4,MIN,CROSS
2023100102,1062,2,2,CAR,43,MIN,FLAT
2023100102,3540,2,6,MIN,36,CAR,IN
2023100102,2474,3,11,CAR,49,CAR,HITCH
2023100102,2437,2,11,CAR,49,CAR,FLAT
2023100102,628,1,10,MIN,41,CAR,POST
2023100102,1944,1,10,CAR,44,CAR,POST
2023100102,1237,1,10,CAR,30,CAR,CROSS
2023100103,1810,2,9,CHI,36,CHI,SCREEN
2023100103,2871,3,5,CHI,35,CHI,IN
2023100103,3105,3,11,CHI,25,DEN,CROSS
2023100103,685,2,7,DEN,43,CHI,CROSS
2023100103,2371,2,7,DEN,26,CHI,FLAT
2023100103,3467,2,5,CHI,30,CHI,OUT
2023100103,1404,1,10,DEN,40,CHI,CROSS
2023100103,3816,3,10,CHI,33,DEN,SLANT
2023100103,3180,3,9,CHI,13,DEN,POST
2023100103,338,1,10,CHI,32,DEN,FLAT
2023100103,4056,3,13,CHI,47,CHI,HITCH
2023100103,148,3,15,CHI,36,CHI,IN
2023100103,2219,2,18,CHI,42,CHI,HITCH
2023100103,3733,1,10,DEN,19,DEN,GO
2023100103,81,2,1,CHI,34,CHI,HITCH
2023100103,3244,1,10,CHI,25,CHI,OUT
2023100103,2636,1,15,CHI,20,DEN,SCREEN
2023100103,1231,2,24,DEN,25,DEN,HITCH
2023100103,56,1,10,CHI,25,CHI,FLAT
2023100103,4023,2,21,CHI,39,CHI,FLAT
2023100103,3035,3,5,CHI,49,DEN,CORNER
2023100103,2396,3,7,DEN,26,CHI,CROSS
2023100103,2977,2,10,DEN,46,DEN,SLANT
2023100103,540,2,7,CHI,28,CHI,HITCH
2023100103,2709,1,4,CHI,4,DEN,IN
2023100103,868,1,10,DEN,4,DEN,ANGLE
2023100103,2244,3,10,,50,CHI,SLANT
2023100103,1751,1,15,CHI,11,CHI,GO
2023100103,1330,1,10,CHI,39,CHI,CROSS
2023100103,297,2,11,DEN,47,DEN,FLAT
2023100103,1075,2,7,DEN,22,CHI,GO
2023100103,2587,1,10,CHI,26,DEN,FLAT
2023100103,2174,3,2,CHI,42,CHI,IN
2023100103,3409,1,10,CHI,25,CHI,SCREEN
2023100103,735,1,10,DEN,29,CHI,GO
2023100103,1023,1,15,DEN,49,CHI,CROSS
2023100103,225,2,6,DEN,20,DEN,CROSS
2023100103,1256,3,16,DEN,33,DEN,FLAT
2023100103,3875,1,10,CHI,25,CHI,SCREEN
2023100103,2465,3,2,DEN,2,CHI,ANGLE
2023100103,250,1,10,DEN,30,DEN,SLANT
2023100103,1607,1,10,DEN,36,DEN,FLAT
2023100103,1885,3,14,CHI,43,CHI,FLAT
2023100103,1560,1,10,DEN,25,DEN,SLANT
2023100103,609,3,5,CHI,49,CHI,OUT
2023100103,3958,3,10,CHI,36,CHI,HITCH
2023100103,3923,2,10,CHI,36,CHI,IN
2023100103,2000,1,10,DEN,25,DEN,OUT
2023100104,1490,2,6,CLE,43,CLE,HITCH
2023100104,2527,2,21,CLE,27,CLE,IN
2023100104,1137,1,10,CLE,28,CLE,SCREEN
2023100104,1034,1,10,BAL,26,BAL,HITCH
2023100104,1316,1,10,BAL,33,BAL,HITCH
2023100104,3732,1,10,CLE,36,CLE,CROSS
2023100104,2457,1,10,CLE,25,CLE,ANGLE
2023100104,3844,3,10,CLE,46,CLE,CROSS
2023100104,2293,2,6,CLE,7,BAL,OUT
2023100104,406,1,10,BAL,20,BAL,FLAT
2023100104,2133,3,6,BAL,42,BAL,WHEEL
2023100104,316,1,10,CLE,45,CLE,FLAT
2023100104,3289,3,5,CLE,9,CLE,ANGLE
2023100104,228,1,10,CLE,25,CLE,HITCH
2023100104,2335,3,6,CLE,7,BAL,CORNER
2023100104,2914,1,15,CLE,19,CLE,GO
2023100104,767,2,8,CLE,37,CLE,HITCH
2023100104,3160,3,11,BAL,35,BAL,OUT
2023100104,3757,2,1,CLE,45,CLE,FLAT
2023100104,3782,1,10,CLE,46,CLE,HITCH
2023100104,4305,3,2,CLE,37,CLE,SLANT
2023100104,903,3,31,BAL,40,CLE,ANGLE
2023100104,1513,3,6,CLE,43,CLE,HITCH
2023100104,3915,3,9,CLE,37,BAL,FLAT
2023100104,590,2,3,CLE,45,CLE,POST
2023100104,2937,2,15,CLE,19,CLE,HITCH
2023100104,2229,2,29,BAL,46,BAL,POST
2023100104,1237,3,12,CLE,26,CLE,FLAT
2023100104,2672,2,8,CLE,44,BAL,OUT
2023100104,341,2,8,CLE,47,CLE,POST
2023100104,291,3,5,CLE,30,CLE,IN
2023100104,3048,3,21,CLE,24,CLE,CROSS
2023100104,2853,1,10,CLE,8,CLE,OUT
2023100104,1893,1,10,CLE,25,CLE,FLAT
2023100104,517,3,13,BAL,17,BAL,FLAT
2023100104,1560,2,10,CLE,49,CLE,FLAT
2023100104,1397,1,10,CLE,43,BAL,CROSS
2023100104,4352,1,10,BAL,18,CLE,GO
2023100104,1693,1,10,BAL,17,BAL,OUT
2023100104,613,3,3,CLE,45,CLE,SLANT
2023100104,3242,1,12,CLE,2,CLE,FLAT
2023100104,3984,3,5,CLE,18,BAL,CROSS
2023100105,805,3,3,PIT,27,HOU,OUT
2023100105,1172,2,6,PIT,20,HOU,CROSS
2023100105,1293,2,16,PIT,15,PIT,OUT
2023100105,3433,2,2,PIT,36,PIT,GO
2023100105,3246,3,11,PIT,36,HOU,HITCH
2023100105,3752,2,15,HOU,40,HOU,CROSS
2023100105,1711,2,12,HOU,18,HOU,POST
2023100105,3047,3,18,,50,PIT,HITCH
2023100105,830,1,10,PIT,22,HOU,HITCH
2023100105,2692,1,8,HOU,8,PIT,GO
2023100105,2526,2,6,HOU,29,HOU,SLANT
2023100105,524,2,7,PIT,22,PIT,OUT
2023100105,3456,3,2,PIT,36,PIT,SLANT
2023100105,62,1,10,HOU,31,HOU,POST
2023100105,875,3,6,PIT,18,HOU,GO
2023100105,3596,2,14,HOU,21,HOU,OUT
2023100105,3970,3,4,PIT,46,PIT,FLAT
2023100105,1318,3,8,PIT,23,PIT,IN
2023100105,1195,3,6,PIT,20,HOU,SLANT
2023100105,1829,1,10,PIT,15,PIT,OUT
2023100105,1003,3,10,PIT,25,PIT,ANGLE
2023100105,3777,3,7,HOU,48,HOU,CORNER
2023100105,3024,2,18,,50,PIT,OUT
2023100105,1922,1,10,PIT,35,PIT,FLAT
2023100105,1486,4,1,PIT,28,HOU,FLAT
2023100105,1861,2,5,PIT,20,PIT,HITCH
2023100105,2102,1,10,HOU,22,HOU,HITCH
2023100105,1615,3,8,PIT,42,PIT,FLAT
2023100105,1360,1,10,HOU,33,HOU,GO
2023100105,2810,1,10,HOU,25,HOU,SLANT
2023100105,3337,2,6,PIT,6,HOU,CORNER
2023100105,946,1,10,PIT,25,PIT,OUT
2023100105,2664,3,4,HOU,40,PIT,ANGLE
2023100105,3916,1,10,PIT,40,PIT,OUT
2023100105,3403,1,10,PIT,28,PIT,OUT
2023100105,1780,3,5,HOU,45,HOU,OUT
2023100105,2318,3,7,PIT,43,PIT,OUT
2023100105,1103,2,7,HOU,35,HOU,GO
2023100105,655,2,18,PIT,32,PIT,POST
2023100105,2610,1,10,HOU,46,PIT,FLAT
2023100105,1439,2,8,PIT,35,HOU,HITCH
2023100105,2966,2,9,PIT,48,PIT,FLAT
2023100105,2744,3,5,HOU,5,PIT,HITCH
2023100105,3157,2,11,HOU,41,HOU,POST
2023100105,2044,3,14,PIT,31,PIT,HITCH
2023100105,436,2,2,PIT,2,HOU,SLANT
2023100106,4237,1,10,LA,39,LA,OUT
2023100106,158,1,10,IND,29,LA,OUT
2023100106,3212,2,20,IND,28,IND,GO
2023100106,3746,4,4,LA,21,IND,CROSS
2023100106,3110,3,10,IND,35,LA,HITCH
2023100106,3189,1,20,IND,28,IND,FLAT
2023100106,369,3,6,IND,29,IND,CROSS
2023100106,1596,2,19,IND,27,IND,POST
2023100106,2247,3,5,LA,35,LA,IN
2023100106,835,1,10,IND,48,IND,SLANT
2023100106,4391,1,10,LA,25,LA,IN
2023100106,3248,1,10,LA,19,IND,GO
2023100106,2639,2,10,LA,25,LA,CROSS
2023100106,4002,3,5,LA,30,LA,SLANT
2023100106,102,2,11,,50,LA,HITCH
2023100106,3654,2,9,LA,49,IND,GO
2023100106,4438,2,8,LA,47,LA,ANGLE
2023100106,55,1,10,LA,25,LA,POST
2023100106,3423,3,9,LA,26,LA,FLAT
2023100106,3927,2,5,LA,30,LA,OUT
2023100106,3723,3,4,LA,21,IND,OUT
2023100106,4092,1,10,IND,35,IND,GO
2023100106,2008,1,10,IND,25,IND,GO
2023100106,3897,1,10,LA,25,LA,OUT
2023100106,1724,3,5,LA,24,IND,HITCH
2023100106,2337,2,11,LA,43,LA,OUT
2023100106,4187,1,10,LA,28,LA,HITCH
2023100106,2147,3,11,IND,29,IND,CROSS
2023100106,4565,3,4,IND,22,LA,POST
2023100106,3823,3,5,LA,5,IND,FLAT
2023100106,4212,2,5,LA,33,LA,SLANT
2023100106,4138,3,10,IND,35,IND,GO
2023100106,2827,4,7,LA,31,IND,OUT
2023100106,3607,2,9,IND,29,IND,OUT
2023100106,233,3,4,IND,10,LA,SLANT
2023100106,2543,1,10,LA,35,IND,IN
2023100106,1186,3,9,IND,26,IND,OUT
2023100106,3398,2,19,LA,16,LA,FLAT
2023100106,952,1,10,IND,48,LA,GO
2023100106,2926,2,6,,50,LA,GO
2023100106,2695,2,7,LA,39,IND,OUT
2023100106,4470,1,10,IND,40,LA,ANGLE
2023100107,1195,1,10,TB,13,TB,ANGLE
2023100107,584,2,22,TB,41,TB,HITCH
2023100107,3178,2,7,TB,28,TB,CROSS
2023100107,116,1,10,NO,37,NO,OUT
2023100107,1936,1,10,TB,31,TB,HITCH
2023100107,192,3,1,TB,41,NO,OUT
2023100107,3522,1,10,NO,44,NO,GO
2023100107,1289,2,5,TB,41,TB,OUT
2023100107,2612,3,16,,50,NO,POST
2023100107,1968,2,6,TB,35,TB,OUT
2023100107,1451,2,13,NO,29,TB,FLAT
2023100107,1319,1,10,TB,46,TB,OUT
2023100107,4000,3,7,NO,47,TB,IN
2023100107,2214,2,1,NO,1,TB,GO
2023100107,831,3,7,TB,40,TB,IN
2023100107,1220,2,7,TB,16,TB,OUT
2023100107,3413,1,10,NO,25,NO,FLAT
2023100107,63,1,10,NO,25,NO,FLAT
2023100107,3497,3,11,NO,24,NO,CROSS
2023100107,3919,1,10,TB,38,TB,GO
2023100107,3088,3,9,TB,18,NO,HITCH
2023100107,4158,1,10,NO,25,NO,POST
2023100107,2020,1,10,TB,45,TB,HITCH
2023100107,4373,1,10,NO,25,NO,GO
2023100107,721,3,9,NO,17,NO,FLAT
2023100107,3550,2,10,NO,44,NO,HITCH
2023100107,336,3,12,TB,26,NO,OUT
2023100107,1775,3,7,NO,28,NO,OUT
2023100107,2127,2,2,NO,21,TB,GO
2023100107,4093,3,5,NO,5,TB,HITCH
2023100107,4204,3,10,NO,25,NO,POST
2023100107,996,1,20,NO,22,NO,SCREEN
2023100107,874,1,10,NO,19,NO,SCREEN
2023100107,4181,2,10,NO,25,NO,OUT
2023100107,3575,1,10,TB,44,NO,FLAT
2023100107,1374,2,7,NO,33,TB,CORNER
2023100107,4063,2,5,NO,5,TB,GO
2023100107,3725,1,10,TB,26,NO,SCREEN
2023100107,3773,3,10,TB,26,NO,OUT
2023100107,3843,1,10,TB,25,TB,CROSS
2023100107,3008,3,5,TB,27,NO,FLAT
2023100107,3666,1,10,TB,33,NO,ANGLE
2023100107,1120,2,10,NO,46,NO,FLAT
2023100107,3894,3,5,TB,30,TB,SLANT
2023100107,3605,2,6,TB,40,NO,FLAT
2023100107,609,3,16,TB,47,TB,FLAT
2023100107,653,1,10,NO,16,NO,POST
2023100107,1045,2,7,NO,35,NO,SCREEN
2023100107,1564,3,8,NO,13,TB,FLAT
2023100107,2915,2,7,NO,47,NO,OUT
2023100107,1634,3,4,NO,4,TB,HITCH
2023100107,2587,2,16,,50,NO,GO
2023100107,2097,1,10,NO,29,TB,OUT
2023100107,808,2,7,TB,40,TB,OUT
2023100107,455,2,6,TB,47,TB,OUT
2023100107,408,1,10,TB,25,TB,CORNER
2023100107,1075,1,10,NO,46,NO,FLAT
2023100108,3297,3,2,WAS,33,WAS,FLAT
2023100108,2777,1,10,WAS,36,WAS,FLAT
2023100108,4382,2,10,PHI,29,WAS,HITCH
2023100108,4218,1,10,WAS,36,WAS,HITCH
2023100108,3442,2,1,PHI,26,WAS,GO
2023100108,1559,1,10,WAS,38,WAS,HITCH
2023100108,4407,3,2,PHI,21,WAS,OUT
2023100108,4293,3,17,WAS,40,WAS,HITCH
2023100108,1997,1,10,WAS,26,PHI,FLAT
2023100108,2612,1,10,PHI,41,PHI,GO
2023100108,486,2,1,PHI,34,PHI,IN
2023100108,1925,3,8,PHI,27,PHI,SLANT
2023100108,3996,3,8,PHI,45,PHI,HITCH
2023100108,461,1,10,PHI,25,PHI,ANGLE
2023100108,179,1,10,PHI,24,WAS,GO
2023100108,1972,1,10,PHI,37,PHI,POST
2023100108,3787,2,7,WAS,10,WAS,GO
2023100108,4666,1,10,PHI,41,PHI,HITCH
2023100108,154,2,4,PHI,39,WAS,SLANT
2023100108,2213,2,10,PHI,35,PHI,GO
2023100108,4696,2,3,PHI,48,PHI,GO
2023100108,4570,2,10,WAS,25,WAS,CROSS
2023100108,4467,2,10,PHI,10,WAS,HITCH
2023100108,4131,2,4,WAS,28,PHI,GO
2023100108,4793,2,11,WAS,49,PHI,FLAT
2023100108,4318,4,2,PHI,45,WAS,OUT
2023100108,3973,2,8,PHI,45,PHI,CROSS
2023100108,896,2,9,WAS,36,WAS,CROSS
2023100108,3417,1,10,PHI,35,WAS,CROSS
2023100108,582,3,8,PHI,46,PHI,SLANT
2023100108,926,3,4,WAS,41,WAS,HITCH
2023100108,4879,3,17,WAS,45,PHI,SLANT
2023100108,4079,1,10,WAS,44,PHI,HITCH
2023100108,2456,3,4,WAS,36,WAS,IN
2023100108,4437,1,10,PHI,10,WAS,SLANT
2023100108,724,3,6,WAS,17,PHI,IN
2023100108,2805,2,4,WAS,42,WAS,POST
2023100108,3103,1,10,WAS,15,PHI,OUT
2023100108,1659,2,8,PHI,19,WAS,FLAT
2023100108,3704,3,13,PHI,46,PHI,GO
2023100108,1451,3,13,PHI,40,PHI,CORNER
2023100108,102,1,10,WAS,41,WAS,GO
2023100108,3500,3,6,PHI,31,WAS,IN
2023100108,1584,2,4,WAS,44,WAS,POST
2023100108,1607,3,4,WAS,44,WAS,CORNER
2023100108,1180,1,10,PHI,40,PHI,HITCH
2023100108,4595,3,5,WAS,30,WAS,CORNER
2023100108,293,2,7,PHI,10,WAS,POST
2023100108,2431,2,8,WAS,32,WAS,HITCH
2023100108,990,1,5,PHI,30,WAS,POST
2023100108,1902,2,8,PHI,27,PHI,HITCH
2023100108,1155,2,10,PHI,25,PHI,SLANT
2023100108,3272,2,5,WAS,30,WAS,HITCH
2023100108,3681,2,13,PHI,46,PHI,HITCH
2023100108,77,2,9,WAS,26,WAS,SLANT
2023100108,557,2,16,PHI,38,PHI,HITCH
2023100108,1500,1,10,WAS,26,WAS,OUT
2023100108,2685,1,10,WAS,25,WAS,FLAT
2023100108,3078,1,10,WAS,26,PHI,CROSS
2023100108,1800,3,12,PHI,12,WAS,OUT
2023100108,2587,2,4,PHI,37,PHI,FLAT
2023100108,3354,2,8,WAS,42,WAS,IN
2023100108,2940,1,10,PHI,47,PHI,CROSS
2023100109,2908,2,3,CIN,32,CIN,SLANT
2023100109,3417,3,7,TEN,44,TEN,FLAT
2023100109,1900,2,3,CIN,32,CIN,SLANT
2023100109,1559,1,10,CIN,13,TEN,CROSS
2023100109,787,1,10,CIN,34,CIN,HITCH
2023100109,3469,2,9,CIN,46,TEN,POST
2023100109,2526,2,22,TEN,17,TEN,FLAT
2023100109,2211,2,9,CIN,9,TEN,SLANT
2023100109,201,1,10,TEN,20,CIN,FLAT
2023100109,1947,2,9,CIN,41,CIN,FLAT
2023100109,146,1,10,TEN,46,CIN,IN
2023100109,461,2,2,CIN,45,TEN,POST
2023100109,730,2,3,CIN,32,CIN,SCREEN
2023100109,1274,3,14,TEN,37,TEN,CROSS
2023100109,2439,3,5,TEN,23,TEN,HITCH
2023100109,484,3,2,CIN,45,TEN,CROSS
2023100109,2933,1,10,CIN,41,CIN,OUT
2023100109,2248,3,2,CIN,2,TEN,SLANT
2023100109,3363,1,10,TEN,41,TEN,CROSS
2023100109,3543,3,3,CIN,16,CIN,SLANT
2023100109,2188,1,9,CIN,9,TEN,OUT
2023100109,2822,3,14,CIN,27,TEN,SLANT
2023100109,3161,3,8,TEN,47,TEN,GO
2023100109,1504,3,7,TEN,25,TEN,GO
2023100109,822,2,10,CIN,34,CIN,HITCH
2023100109,3742,3,15,TEN,39,CIN,CROSS
2023100109,253,2,6,TEN,6,CIN,SLANT
2023100109,2883,1,10,CIN,25,CIN,SLANT
2023100109,1789,1,10,TEN,49,TEN,POST
2023100109,2717,3,5,CIN,35,TEN,CROSS
2023100109,3518,2,12,CIN,7,CIN,IN
2023100109,620,2,9,CIN,30,TEN,OUT
2023100109,3568,1,10,CIN,29,CIN,SCREEN
2023100109,2607,2,10,TEN,38,TEN,POST
2023100109,2958,1,10,TEN,47,CIN,SLANT
2023100109,3321,3,4,CIN,19,CIN,GO
2023100109,1673,3,10,CIN,25,CIN,SCREEN
2023100109,2042,1,10,TEN,36,TEN,GO
2023100109,1979,3,3,CIN,47,CIN,GO
2023100109,1724,1,10,TEN,27,TEN,OUT
2023100109,507,4,2,CIN,45,TEN,HITCH
2023100109,1534,1,10,CIN,37,TEN,GO
2023100109,3621,3,5,CIN,34,CIN,SLANT
2023100109,3287,2,13,CIN,10,CIN,FLAT
2023100110,556,3,9,LAC,41,LAC,OUT
2023100110,3667,1,10,LAC,31,LV,SLANT
2023100110,2550,3,19,LV,39,LV,ANGLE
2023100110,526,2,15,LAC,35,LAC,CROSS
2023100110,1184,2,7,LV,17,LAC,FLAT
2023100110,1008,3,1,LAC,34,LAC,CROSS
2023100110,3002,3,10,,50,LAC,POST
2023100110,2458,3,12,LAC,3,LAC,GO
2023100110,4136,1,3,LAC,3,LV,OUT
2023100110,4243,3,10,LAC,11,LAC,GO
2023100110,4111,4,10,LAC,22,LV,HITCH
2023100110,3067,2,8,LV,26,LV,OUT
2023100110,107,1,10,LV,35,LAC,GO
2023100110,1325,1,10,LV,37,LV,CROSS
2023100110,1209,1,7,LV,7,LAC,GO
2023100110,2045,3,4,LAC,34,LAC,IN
2023100110,3642,2,10,LAC,41,LV,ANGLE
2023100110,1082,1,10,LV,48,LAC,FLAT
2023100110,3122,1,10,LV,46,LV,POST
2023100110,3720,1,10,LAC,18,LV,OUT
2023100110,2575,1,10,LAC,40,LV,OUT
2023100110,4017,1,10,LAC,34,LV,CROSS
2023100110,1252,3,15,LV,15,LAC,GO
2023100110,3936,2,7,LAC,28,LAC,SLANT
2023100110,3582,2,6,LV,49,LV,HITCH
2023100110,1945,3,12,LV,23,LV,POST
2023100110,653,1,10,LV,48,LV,POST
2023100110,3150,2,10,LV,46,LV,ANGLE
2023100110,4042,1,10,LAC,22,LV,HITCH
2023100110,1129,3,4,LV,42,LAC,GO
2023100110,2087,1,10,LV,24,LV,HITCH
2023100110,2317,2,13,LV,22,LV,FLAT
2023100110,599,1,10,LV,36,LV,ANGLE
2023100110,3607,1,10,LAC,41,LV,FLAT
2023100110,2642,4,2,LAC,32,LV,SLANT
2023100110,2747,2,8,LAC,8,LV,SCREEN
2023100110,2173,3,1,LV,33,LV,OUT
2023100110,2435,2,12,LAC,3,LAC,GO
2023100110,2148,2,12,LV,22,LV,HITCH
2023100110,963,2,8,LAC,27,LAC,HITCH
2023100110,1623,2,7,LV,28,LV,FLAT
2023100110,1752,1,10,LV,27,LAC,HITCH
2023100110,1922,2,12,LV,23,LV,FLAT
2023100110,3690,2,10,LAC,31,LV,OUT
2023100110,3911,1,10,LAC,25,LAC,HITCH
2023100110,2979,2,10,,50,LAC,GO
2023100110,3750,2,3,LAC,11,LV,OUT
2023100110,3369,3,34,LAC,42,LV,OUT
2023100110,4088,3,10,LAC,22,LV,HITCH
2023100110,3803,2,3,LAC,3,LV,HITCH
2023100111,205,1,4,NE,4,DAL,GO
2023100111,3055,2,10,NE,43,NE,GO
2023100111,2791,1,10,DAL,47,DAL,HITCH
2023100111,365,2,13,NE,36,NE,ANGLE
2023100111,1681,1,10,NE,25,NE,ANGLE
2023100111,582,2,8,DAL,27,DAL,HITCH
2023100111,55,1,10,DAL,25,DAL,OUT
2023100111,3706,2,10,NE,45,NE,GO
2023100111,3378,3,4,NE,21,NE,SLANT
2023100111,2903,3,3,NE,22,DAL,SLANT
2023100111,881,1,10,NE,38,NE,CROSS
2023100111,1086,2,10,DAL,41,DAL,FLAT
2023100111,1865,2,10,DAL,48,NE,HITCH
2023100111,110,1,10,NE,40,DAL,HITCH
2023100111,3540,3,5,NE,9,DAL,OUT
2023100111,3859,1,20,DAL,32,DAL,SLANT
2023100111,2436,2,10,DAL,48,DAL,HITCH
2023100111,1955,2,8,NE,27,NE,CROSS
2023100111,2025,1,10,DAL,29,DAL,OUT
2023100111,2252,3,4,NE,31,NE,CORNER
2023100111,318,1,10,NE,25,NE,IN
2023100111,2483,1,10,NE,37,DAL,FLAT
2023100111,629,1,10,,50,DAL,OUT
2023100111,2535,3,6,NE,33,DAL,HITCH
2023100111,3089,3,10,NE,43,NE,CORNER
2023100111,2592,2,5,NE,9,DAL,OUT
2023100111,1613,3,7,NE,8,DAL,FLAT
2023100111,3906,3,5,DAL,47,DAL,HITCH
2023100111,1007,3,15,NE,45,NE,HITCH
2023100111,2361,4,2,DAL,40,NE,OUT
2023100111,3331,1,10,NE,15,NE,FLAT
2023100111,3683,1,10,NE,45,NE,HITCH
2023100111,2680,1,10,NE,25,NE,FLAT
2023100111,1811,3,5,NE,40,NE,SLANT
2023100111,3207,2,13,DAL,11,DAL,HITCH
2023100111,676,1,10,NE,38,DAL,HITCH
2023100111,1543,3,5,NE,23,DAL,SLANT
2023100111,157,2,6,NE,18,DAL,GO
2023100111,228,2,4,NE,4,DAL,HITCH
2023100111,2050,1,10,DAL,41,DAL,HITCH
2023100111,723,3,1,NE,29,DAL,ANGLE
2023100111,948,2,10,,50,NE,HITCH
2023100111,2986,2,12,NE,29,NE,IN
2023100111,390,3,6,NE,43,NE,CROSS
2023100111,80,2,4,DAL,31,DAL,HITCH
2023100111,1737,2,16,NE,19,NE,GO
2023100111,1341,3,6,NE,29,NE,CROSS
2023100111,3658,1,10,NE,25,NE,IN
2023100111,770,2,5,NE,20,DAL,GO
2023100111,180,3,6,NE,18,DAL,FLAT
2023100111,1447,1,10,DAL,44,DAL,HITCH
2023100111,1982,3,8,NE,27,NE,ANGLE
2023100111,2512,2,6,NE,33,DAL,HITCH
2023100111,1422,2,9,DAL,23,DAL,GO
2023100111,2727,3,6,NE,29,NE,CROSS
2023100111,2395,1,10,DAL,48,DAL,OUT
2023100111,1294,1,10,NE,25,NE,FLAT
2023100112,2878,2,6,ARI,9,SF,OUT
2023100112,307,1,10,ARI,42,SF,IN
2023100112,3091,1,10,ARI,36,ARI,CROSS
2023100112,2709,1,10,SF,25,SF,POST
2023100112,3950,2,2,SF,11,ARI,SCREEN
2023100112,667,2,12,ARI,32,ARI,HITCH
2023100112,2591,2,7,SF,19,ARI,OUT
2023100112,471,1,10,ARI,16,ARI,SCREEN
2023100112,3741,1,10,ARI,25,ARI,HITCH
2023100112,3914,1,10,SF,19,ARI,OUT
2023100112,3522,3,7,ARI,15,SF,HITCH
2023100112,1498,1,10,SF,25,SF,SLANT
2023100112,4010,4,6,SF,15,ARI,GO
2023100112,1734,3,2,ARI,21,ARI,IN
2023100112,1432,3,5,SF,20,ARI,GO
2023100112,55,1,10,ARI,25,ARI,HITCH
2023100112,357,1,10,ARI,14,SF,OUT
2023100112,1595,2,6,ARI,6,SF,FLAT
2023100112,2237,1,10,ARI,43,SF,ANGLE
2023100112,3766,1,10,ARI,36,ARI,OUT
2023100112,1351,3,7,SF,34,ARI,SLANT
2023100112,2207,1,10,SF,32,SF,OUT
2023100112,3980,3,6,SF,15,ARI,POST
2023100112,3439,3,4,ARI,38,SF,GO
2023100112,332,1,10,ARI,26,SF,ANGLE
2023100112,895,4,4,ARI,39,SF,OUT
2023100112,3816,1,10,,50,ARI,OUT
2023100112,1915,1,10,,50,ARI,FLAT
2023100112,1838,1,10,ARI,37,ARI,IN
2023100112,3119,1,10,,50,ARI,CROSS
2023100112,2828,1,10,ARI,13,SF,FLAT
2023100112,2539,1,10,ARI,37,ARI,CROSS
2023100112,804,1,10,SF,42,SF,ANGLE
2023100112,2160,1,10,SF,13,SF,HITCH
2023100112,2383,2,8,ARI,3,ARI,OUT
2023100112,3889,1,10,SF,30,ARI,OUT
2023100112,3864,3,5,SF,45,ARI,POST
2023100112,2006,1,10,SF,16,ARI,CORNER
2023100112,3791,2,3,ARI,43,ARI,ANGLE
2023100112,3839,2,10,,50,ARI,CROSS
2023100112,1376,1,10,SF,25,ARI,HITCH
2023100112,2304,3,24,ARI,46,SF,OUT
2023100112,3012,1,18,ARI,17,ARI,IN
2023100112,1523,1,10,SF,36,SF,POST
2023100112,1253,1,10,SF,37,ARI,POST
2023100112,1183,2,20,ARI,42,ARI,IN
2023100112,1890,3,3,ARI,44,ARI,HITCH
2023100112,1977,3,9,SF,49,ARI,GO
2023100112,610,3,8,ARI,23,ARI,CROSS
2023100112,692,3,8,ARI,36,ARI,FLAT
2023100112,1548,1,10,ARI,22,SF,OUT
2023100112,940,1,10,ARI,30,SF,FLAT
2023100112,1940,2,9,SF,49,ARI,GO
2023100112,2803,2,12,ARI,26,SF,FLAT
2023100112,102,3,2,ARI,33,ARI,HITCH
2023100112,2648,1,8,SF,8,ARI,CROSS
2023100112,3060,3,6,ARI,29,ARI,OUT
2023100113,3112,2,9,KC,24,KC,HITCH
2023100113,323,3,5,NYJ,30,NYJ,HITCH
2023100113,298,2,10,NYJ,25,NYJ,HITCH
2023100113,3082,1,10,KC,23,KC,FLAT
2023100113,2689,3,8,NYJ,49,NYJ,OUT
2023100113,135,1,10,NYJ,38,KC,HITCH
2023100113,1751,1,10,NYJ,45,KC,HITCH
2023100113,2580,3,16,KC,19,KC,POST
2023100113,1261,1,10,KC,20,NYJ,CROSS
2023100113,2239,1,10,NYJ,49,NYJ,POST
2023100113,3522,3,6,NYJ,29,NYJ,HITCH
2023100113,2077,1,10,KC,43,NYJ,OUT
2023100113,1316,3,3,KC,13,NYJ,CROSS
2023100113,209,3,3,NYJ,18,KC,OUT
2023100113,2357,1,10,,50,NYJ,HITCH
2023100113,2957,2,11,KC,43,NYJ,OUT
2023100113,1682,1,10,KC,25,KC,FLAT
2023100113,2332,1,10,NYJ,25,NYJ,GO
2023100113,3023,1,10,KC,12,KC,IN
2023100113,905,2,11,NYJ,24,NYJ,ANGLE
2023100113,3167,1,10,KC,35,KC,HITCH
2023100113,1521,3,5,KC,24,NYJ,OUT
2023100113,1236,1,10,NYJ,41,NYJ,GO
2023100113,819,3,2,NYJ,34,KC,CORNER
2023100113,2025,1,10,NYJ,39,NYJ,OUT
2023100113,975,2,20,NYJ,28,NYJ,FLAT
2023100113,1020,3,16,NYJ,32,NYJ,CROSS
2023100113,377,1,10,KC,31,KC,CROSS
2023100113,3547,1,10,NYJ,37,NYJ,CROSS
2023100113,2451,2,13,KC,15,NYJ,OUT
2023100113,2476,3,8,KC,10,NYJ,GO
2023100113,930,3,7,NYJ,28,NYJ,OUT
2023100113,110,2,8,KC,46,KC,OUT
2023100113,1078,1,10,KC,4,KC,HITCH
2023100113,1476,1,10,KC,29,NYJ,GO
2023100113,1843,2,3,NYJ,19,KC,HITCH
2023100113,1389,1,10,KC,25,KC,CORNER
2023100113,3402,3,9,NYJ,13,KC,CROSS
2023100113,1618,2,1,KC,1,NYJ,FLAT
2023100113,580,1,10,NYJ,32,NYJ,OUT
2023100113,3497,2,10,NYJ,25,NYJ,OUT
2023100113,2183,1,10,KC,42,KC,CROSS
2023100113,1796,3,6,NYJ,41,KC,WHEEL
2023100113,3298,2,3,NYJ,43,KC,HITCH
2023100113,627,3,1,NYJ,41,NYJ,CROSS
2023100113,2000,3,6,NYJ,29,NYJ,ANGLE
2023100113,3137,3,4,KC,29,KC,OUT
2023100113,2980,3,11,KC,43,NYJ,CROSS
2023100113,1211,2,8,NYJ,27,NYJ,CROSS
2023100113,3911,2,9,NYJ,34,KC,HITCH
2023100113,2102,2,7,KC,40,NYJ,ANGLE
2023100113,724,1,10,KC,25,KC,ANGLE
2023100200,1693,3,15,SEA,45,NYG,HITCH
2023100200,1439,2,7,NYG,5,NYG,HITCH
2023100200,3123,2,5,SEA,5,NYG,HITCH
2023100200,1818,1,10,SEA,36,SEA,HITCH
2023100200,101,1,10,NYG,37,NYG,FLAT
2023100200,2029,1,10,NYG,25,NYG,FLAT
2023100200,2615,4,1,NYG,15,SEA,FLAT
2023100200,1609,3,2,SEA,48,NYG,FLAT
2023100200,2568,2,10,NYG,24,SEA,HITCH
2023100200,3236,1,10,NYG,37,NYG,ANGLE
2023100200,3331,4,5,NYG,42,NYG,OUT
2023100200,3536,2,7,SEA,33,SEA,CORNER
2023100200,2436,2,10,SEA,28,SEA,HITCH
2023100200,1901,3,10,SEA,48,SEA,FLAT
2023100200,1527,3,4,NYG,22,NYG,FLAT
2023100200,2946,2,9,SEA,40,NYG,OUT
2023100200,1878,2,10,SEA,48,SEA,OUT
2023100200,578,1,10,SEA,20,SEA,CROSS
2023100200,148,1,10,NYG,48,NYG,FLAT
2023100200,779,2,18,SEA,24,SEA,HITCH
2023100200,195,3,6,SEA,48,NYG,OUT
2023100200,709,1,24,SEA,18,SEA,HITCH
2023100200,1769,1,10,SEA,25,SEA,OUT
2023100200,1236,1,10,SEA,22,SEA,IN
2023100200,3211,2,10,NYG,25,NYG,SLANT
2023100200,2461,3,1,SEA,37,SEA,CROSS
2023100200,376,2,12,SEA,25,SEA,CROSS
2023100200,3020,2,9,SEA,24,NYG,HITCH
2023100200,3423,2,28,NYG,30,NYG,HITCH
2023100200,1668,2,18,SEA,48,NYG,HITCH
2023100200,3499,1,10,SEA,30,SEA,OUT
2023100200,1584,2,9,NYG,45,NYG,SLANT
2023100200,1848,1,10,SEA,48,SEA,OUT
2023100200,4017,2,16,NYG,30,NYG,OUT
2023100200,3950,1,10,NYG,25,NYG,HITCH
2023100200,537,3,11,NYG,48,NYG,HITCH
2023100200,2649,1,10,NYG,16,NYG,HITCH
2023100200,1113,3,4,NYG,16,NYG,FLAT
2023100200,3568,3,7,SEA,33,SEA,HITCH
2023100200,809,3,8,SEA,34,SEA,HITCH
2023100200,976,2,6,NYG,6,SEA,GO
2023100200,492,1,10,NYG,49,NYG,FLAT
2023100200,3685,1,10,NYG,33,NYG,HITCH
2023100200,2054,2,11,NYG,24,NYG,OUT
2023100500,3302,2,10,CHI,39,WAS,GO
2023100500,3532,3,2,CHI,33,CHI,OUT
2023100500,1064,2,8,WAS,27,WAS,HITCH
2023100500,3918,3,2,CHI,44,CHI,HITCH
2023100500,3224,1,10,,50,WAS,IN
2023100500,4220,2,2,WAS,33,WAS,HITCH
2023100500,406,1,10,CHI,40,CHI,CORNER
2023100500,1119,1,10,WAS,36,WAS,OUT
2023100500,1963,2,10,WAS,25,WAS,FLAT
2023100500,3605,2,10,WAS,20,WAS,CROSS
2023100500,4293,3,6,WAS,47,WAS,HITCH
2023100500,180,3,14,WAS,20,CHI,GO
2023100500,2755,1,10,CHI,35,WAS,SLANT
2023100500,2964,2,10,CHI,37,CHI,HITCH
2023100500,3325,3,10,CHI,39,WAS,HITCH
2023100500,4268,2,10,WAS,43,WAS,CROSS
2023100500,3398,2,3,CHI,3,WAS,SCREEN
2023100500,4047,4,18,WAS,17,WAS,HITCH
2023100500,3421,3,3,CHI,3,WAS,OUT
2023100500,3163,2,5,WAS,30,WAS,HITCH
2023100500,1656,3,4,WAS,18,CHI,GO
2023100500,2425,3,5,CHI,45,CHI,FLAT
2023100500,3827,3,15,CHI,28,WAS,FLAT
2023100500,2255,1,2,CHI,2,WAS,CORNER
2023100500,4002,2,21,WAS,14,WAS,HITCH
2023100500,381,2,3,CHI,33,CHI,HITCH
2023100500,3350,1,10,CHI,28,WAS,GO
2023100500,2693,1,10,WAS,17,WAS,FLAT
2023100500,1171,1,10,WAS,47,WAS,OUT
2023100500,3075,3,4,WAS,25,CHI,GO
2023100500,1631,2,10,WAS,24,CHI,HITCH
2023100500,1201,2,7,,50,WAS,HITCH
2023100500,2400,2,10,CHI,40,CHI,HITCH
2023100500,2156,2,3,CHI,44,WAS,OUT
2023100500,964,3,6,WAS,11,CHI,GO
2023100500,1226,1,10,CHI,39,WAS,GO
2023100500,1993,3,8,WAS,27,WAS,FLAT
2023100500,2730,2,3,WAS,24,WAS,GO
2023100500,1421,2,3,CHI,32,CHI,HITCH
2023100500,3199,1,10,WAS,40,WAS,HITCH
2023100500,592,3,9,WAS,12,CHI,OUT
2023100500,3375,1,3,CHI,3,WAS,OUT
2023100500,1872,1,4,WAS,4,CHI,CROSS
2023100500,2501,1,10,WAS,30,WAS,HITCH
2023100500,3793,2,10,CHI,23,WAS,FLAT
2023100500,3697,1,10,WAS,45,WAS,GO
2023100500,818,1,10,CHI,31,CHI,HITCH
2023100500,3672,3,13,WAS,32,WAS,HITCH
2023100500,3770,1,10,CHI,23,WAS,CORNER
2023100500,3745,2,10,WAS,45,WAS,CROSS
2023100500,56,1,10,CHI,25,CHI,CORNER
2023100500,2531,2,3,WAS,37,WAS,HITCH
2023100500,101,3,9,CHI,26,CHI,GO
2023100500,2186,1,10,CHI,39,WAS,FLAT
2023100500,476,1,10,,50,CHI,FLAT
2023100500,4195,1,10,WAS,25,WAS,HITCH
2023100500,1722,1,10,WAS,25,WAS,IN
2023100500,3575,1,10,WAS,20,WAS,FLAT
2023100500,2131,1,10,WAS,49,WAS,ANGLE
2023100500,1089,3,2,WAS,33,WAS,OUT
2023100500,266,2,5,WAS,30,WAS,FLAT
2023100500,2800,2,19,CHI,30,WAS,OUT
2023100500,3247,2,10,,50,WAS,IN
2023100500,4318,1,10,CHI,43,WAS,HITCH
2023100500,1535,1,10,WAS,35,CHI,CROSS
2023100800,1053,1,10,BUF,36,BUF,FLAT
2023100800,2132,2,3,JAX,42,JAX,ANGLE
2023100800,3066,2,7,JAX,39,JAX,HITCH
2023100800,2389,2,10,BUF,39,BUF,SLANT
2023100800,245,3,2,BUF,28,BUF,FLAT
2023100800,3708,1,10,BUF,32,JAX,OUT
2023100800,1796,3,6,BUF,18,BUF,OUT
2023100800,1676,2,10,JAX,21,JAX,SLANT
2023100800,2835,3,10,JAX,42,BUF,CROSS
2023100800,1479,1,10,BUF,7,BUF,OUT
2023100800,2342,1,10,BUF,25,BUF,GO
2023100800,860,1,10,BUF,31,JAX,CORNER
2023100800,4030,3,2,BUF,47,BUF,SLANT
2023100800,1744,1,10,BUF,14,BUF,GO
2023100800,4055,1,10,JAX,45,BUF,CROSS
2023100800,4478,1,10,BUF,25,BUF,GO
2023100800,1393,2,9,JAX,42,JAX,IN
2023100800,3975,1,20,BUF,29,BUF,FLAT
2023100800,4000,2,9,BUF,40,BUF,OUT
2023100800,317,1,10,JAX,38,JAX,CROSS
2023100800,3004,3,7,JAX,26,JAX,HITCH
2023100800,2812,2,10,JAX,42,BUF,HITCH
2023100800,2782,1,10,JAX,42,BUF,FLAT
2023100800,3504,1,10,JAX,7,JAX,HITCH
2023100800,3443,2,15,BUF,41,BUF,POST
2023100800,3359,1,10,BUF,32,BUF,HITCH
2023100800,1516,1,10,BUF,22,BUF,HITCH
2023100800,4174,1,9,JAX,9,BUF,OUT
2023100800,1418,3,9,JAX,42,JAX,OUT
2023100800,1699,3,10,JAX,21,JAX,FLAT
2023100800,3234,2,9,BUF,37,JAX,OUT
2023100800,2102,1,10,JAX,35,JAX,HITCH
2023100800,220,2,5,BUF,25,BUF,OUT
2023100800,3604,3,5,JAX,32,JAX,FLAT
2023100800,1933,1,10,JAX,31,BUF,SLANT
2023100800,1120,3,3,BUF,43,BUF,POST
2023100800,835,2,10,BUF,45,JAX,HITCH
2023100800,1006,2,10,BUF,25,BUF,SLANT
2023100800,3917,1,20,BUF,15,BUF,GO
2023100800,783,3,5,JAX,35,JAX,CORNER
2023100800,4503,1,10,JAX,32,BUF,GO
2023100800,62,1,10,JAX,15,JAX,FLAT
2023100800,657,2,11,BUF,24,BUF,SCREEN
2023100800,4350,3,4,JAX,31,JAX,GO
2023100800,1186,1,15,JAX,17,JAX,HITCH
2023100800,4113,2,12,JAX,29,BUF,OUT
2023100800,1563,3,7,BUF,25,BUF,FLAT
2023100800,3098,3,1,JAX,45,JAX,HITCH
2023100800,1238,3,4,JAX,28,JAX,HITCH
2023100800,4235,2,19,JAX,19,BUF,CORNER
2023100800,2199,1,10,BUF,20,JAX,ANGLE
2023100800,2077,1,10,JAX,25,JAX,ANGLE
2023100800,1821,1,10,BUF,37,BUF,ANGLE
2023100800,2020,1,10,JAX,15,BUF,GO
2023100800,2981,2,7,JAX,26,JAX,HITCH
2023100800,1990,3,4,JAX,25,BUF,OUT
2023100800,883,2,10,BUF,31,JAX,FLAT
2023100800,3466,3,15,BUF,41,BUF,POST
2023100800,3123,1,10,BUF,48,JAX,OUT
2023100800,2157,1,10,BUF,36,JAX,GO
2023100800,682,3,6,BUF,29,BUF,FLAT
2023100800,4731,1,10,BUF,6,BUF,POST
2023100800,2934,3,11,JAX,7,JAX,HITCH
2023100801,1119,2,4,ATL,31,ATL,FLAT
2023100801,1245,2,9,ATL,47,HOU,HITCH
2023100801,3692,3,5,HOU,24,ATL,IN
2023100801,224,1,10,ATL,28,HOU,OUT
2023100801,1268,3,9,ATL,47,HOU,IN
2023100801,3889,2,9,HOU,39,HOU,IN
2023100801,3358,3,3,HOU,27,ATL,FLAT
2023100801,4145,1,10,ATL,25,ATL,FLAT
2023100801,590,2,16,HOU,34,HOU,HITCH
2023100801,2675,3,4,ATL,24,HOU,IN
2023100801,2418,3,7,HOU,42,HOU,IN
2023100801,3739,2,11,HOU,14,ATL,FLAT
2023100801,1876,3,7,HOU,34,ATL,HITCH
2023100801,2081,2,10,HOU,42,HOU,POST
2023100801,1614,3,9,HOU,21,HOU,FLAT
2023100801,1521,3,16,HOU,45,ATL,SLANT
2023100801,1680,2,8,ATL,34,ATL,ANGLE
2023100801,2346,1,10,HOU,25,HOU,CROSS
2023100801,2104,3,10,HOU,42,HOU,POST
2023100801,868,1,10,HOU,26,HOU,POST
2023100801,1999,2,2,HOU,32,HOU,OUT
2023100801,1311,1,10,ATL,11,ATL,WHEEL
2023100801,2793,2,10,ATL,43,ATL,OUT
2023100801,1782,3,8,ATL,45,ATL,CORNER
2023100801,1148,3,3,ATL,32,ATL,POST
2023100801,391,2,7,ATL,41,ATL,WHEEL
2023100801,1831,1,5,HOU,32,ATL,GO
2023100801,460,2,9,HOU,23,ATL,CORNER
2023100801,1467,2,11,HOU,40,ATL,ANGLE
2023100801,3107,2,7,ATL,29,ATL,IN
2023100801,1005,3,15,ATL,30,HOU,IN
2023100801,4277,2,6,HOU,49,ATL,POST
2023100801,2132,1,10,ATL,29,HOU,CROSS
2023100801,2393,2,11,HOU,38,HOU,CROSS
2023100801,915,2,8,,50,HOU,POST
2023100801,3481,1,10,HOU,25,HOU,CROSS
2023100801,3586,1,10,ATL,27,ATL,GO
2023100801,1365,2,10,ATL,39,ATL,HITCH
2023100801,982,2,15,ATL,30,HOU,GO
2023100801,199,2,5,ATL,42,HOU,SLANT
2023100801,2493,3,8,ATL,44,HOU,OUT
2023100801,674,1,10,ATL,22,ATL,CROSS
2023100801,3190,3,6,ATL,46,ATL,OUT
2023100801,3667,2,8,HOU,27,ATL,FLAT
2023100801,2171,2,3,ATL,22,HOU,SLANT
2023100801,2942,2,10,HOU,23,ATL,CROSS
2023100801,779,3,5,ATL,46,ATL,IN
2023100801,3774,3,11,HOU,14,ATL,GO
2023100801,4222,2,5,ATL,41,ATL,HITCH
2023100801,2741,1,10,ATL,25,ATL,CROSS
2023100801,4088,3,9,ATL,18,HOU,GO
2023100801,341,1,10,ATL,25,ATL,SCREEN
2023100801,4012,2,7,ATL,31,HOU,CROSS
2023100801,4252,1,10,ATL,47,ATL,OUT
2023100801,4175,2,4,ATL,31,ATL,HITCH
2023100801,1191,1,10,HOU,30,HOU,CROSS
2023100801,2917,1,20,HOU,33,ATL,HITCH
2023100801,2058,1,10,HOU,42,HOU,OUT
2023100801,128,3,6,ATL,15,ATL,OUT
2023100801,1591,2,9,HOU,21,HOU,IN
2023100801,615,3,10,HOU,40,HOU,SCREEN
2023100801,1967,1,10,HOU,24,HOU,HITCH
2023100802,393,1,10,DET,42,DET,POST
2023100802,3891,1,10,DET,14,CAR,FLAT
2023100802,1793,1,10,CAR,23,CAR,OUT
2023100802,1956,1,10,DET,24,CAR,HITCH
2023100802,901,1,10,DET,46,CAR,OUT
2023100802,2557,1,10,CAR,10,CAR,IN
2023100802,3816,2,7,DET,33,CAR,OUT
2023100802,1729,2,1,CAR,1,DET,SLANT
2023100802,3270,2,5,CAR,30,CAR,HITCH
2023100802,3001,1,10,DET,49,DET,CROSS
2023100802,3103,2,18,CAR,26,DET,SLANT
2023100802,1148,1,8,DET,8,CAR,POST
2023100802,700,3,4,CAR,4,DET,FLAT
2023100802,1441,4,4,CAR,37,DET,FLAT
2023100802,2074,2,10,DET,15,CAR,POST
2023100802,361,1,10,DET,19,DET,IN
2023100802,2921,2,25,CAR,1,CAR,HITCH
2023100802,3380,2,4,DET,43,CAR,OUT
2023100802,2308,1,10,DET,39,DET,HITCH
2023100802,56,1,10,CAR,25,CAR,HITCH
2023100802,829,3,4,CAR,31,CAR,OUT
2023100802,3866,2,10,DET,25,CAR,SLANT
2023100802,1418,3,4,CAR,37,DET,CORNER
2023100802,1264,1,10,DET,19,DET,CROSS
2023100802,1334,2,10,DET,30,DET,GO
2023100802,2743,1,10,DET,28,DET,FLAT
2023100802,535,3,8,CAR,19,CAR,CROSS
2023100802,789,2,9,CAR,26,CAR,OUT
2023100802,2644,1,20,CAR,23,CAR,FLAT
2023100802,2355,1,10,CAR,46,DET,ANGLE
2023100802,1052,2,10,DET,29,CAR,FLAT
2023100802,4044,3,9,DET,9,CAR,OUT
2023100802,152,3,12,CAR,37,CAR,GO
2023100802,3033,1,10,CAR,30,DET,SCREEN
2023100802,854,1,10,CAR,39,CAR,HITCH
2023100802,1884,1,10,CAR,32,CAR,HITCH
2023100802,3530,2,10,DET,25,DET,GO
2023100802,2283,3,8,DET,27,DET,SLANT
2023100802,3444,1,10,DET,18,CAR,POST
2023100802,1931,1,10,CAR,46,CAR,POST
2023100802,1193,3,1,DET,1,CAR,SLANT
2023100802,3769,1,10,CAR,36,CAR,GO
2023100802,4069,4,1,DET,1,CAR,FLAT
2023100802,1820,1,10,CAR,31,DET,GO
2023100802,3841,1,10,DET,25,CAR,OUT
2023100802,2051,1,10,DET,15,CAR,CROSS
2023100802,1311,1,10,DET,30,DET,GO
2023100802,1370,1,10,CAR,43,DET,IN
2023100802,1393,2,10,CAR,43,DET,IN
2023100802,653,1,10,CAR,10,DET,FLAT
2023100802,3322,2,6,CAR,45,CAR,IN
2023100803,1395,2,8,TEN,44,TEN,CROSS
2023100803,2036,1,10,TEN,45,TEN,POST
2023100803,2923,3,9,TEN,19,IND,HITCH
2023100803,925,3,8,TEN,27,TEN,OUT
2023100803,1418,3,8,TEN,44,TEN,FLAT
2023100803,2898,2,20,TEN,30,IND,CROSS
2023100803,3276,2,9,IND,7,IND,HITCH
2023100803,3098,1,10,TEN,48,TEN,OUT
2023100803,3855,3,10,TEN,40,TEN,GO
2023100803,180,3,10,IND,45,IND,FLAT
2023100803,134,1,10,IND,45,IND,GO
2023100803,3494,3,6,TEN,45,IND,IN
2023100803,3029,1,10,TEN,25,TEN,SLANT
2023100803,109,1,10,IND,30,IND,SCREEN
2023100803,2144,2,7,IND,28,IND,OUT
2023100803,2011,2,6,TEN,29,TEN,HITCH
2023100803,730,2,7,IND,28,IND,SLANT
2023100803,2504,1,10,IND,49,TEN,HITCH
2023100803,3145,1,10,IND,14,TEN,FLAT
2023100803,1528,3,3,IND,35,TEN,ANGLE
2023100803,558,3,6,IND,24,TEN,ANGLE
2023100803,2551,2,9,IND,28,TEN,CROSS
2023100803,974,1,10,IND,35,IND,OUT
2023100803,3700,1,10,TEN,25,TEN,OUT
2023100803,489,3,2,IND,34,TEN,CROSS
2023100803,1884,4,1,TEN,5,IND,FLAT
2023100803,442,1,10,IND,42,TEN,CROSS
2023100803,314,3,1,TEN,25,TEN,OUT
2023100803,3301,3,5,IND,11,IND,FLAT
2023100803,2735,1,10,IND,25,IND,CORNER
2023100803,631,3,6,IND,9,TEN,GO
2023100803,84,2,4,IND,26,IND,OUT
2023100803,339,1,10,TEN,46,TEN,GO
2023100803,3192,3,6,IND,10,TEN,ANGLE
2023100803,1750,1,10,TEN,30,IND,CROSS
2023100803,2644,2,18,IND,22,TEN,GO
2023100803,3776,4,2,TEN,33,TEN,HITCH
2023100803,157,2,10,IND,45,IND,GO
2023100803,1135,3,16,IND,46,IND,GO
2023100803,1476,1,17,IND,49,TEN,FLAT
2023100803,1725,3,5,IND,45,IND,CROSS
2023100803,2421,2,5,TEN,30,TEN,HITCH
2023100803,1655,3,4,IND,31,IND,HITCH
2023100803,1702,2,5,IND,45,IND,OUT
2023100803,1028,3,6,IND,39,IND,IN
2023100803,3723,2,10,TEN,25,TEN,CROSS
2023100803,606,2,10,IND,13,TEN,ANGLE
2023100803,255,1,10,TEN,16,TEN,HITCH
2023100804,2560,2,4,MIA,27,MIA,CROSS
2023100804,3603,2,1,NYG,26,NYG,HITCH
2023100804,3128,3,7,MIA,31,MIA,IN
2023100804,1857,1,10,MIA,41,MIA,IN
2023100804,1209,2,10,NYG,25,NYG,GO
2023100804,272,1,10,NYG,39,MIA,GO
2023100804,1939,1,10,NYG,33,MIA,SLANT
2023100804,2986,1,10,NYG,25,NYG,FLAT
2023100804,1513,1,10,MIA,26,NYG,GO
2023100804,2430,3,6,MIA,44,NYG,OUT
2023100804,3677,2,14,NYG,28,NYG,CROSS
2023100804,3727,2,3,,50,NYG,IN
2023100804,2142,2,10,MIA,25,MIA,OUT
2023100804,4007,3,6,MIA,21,MIA,FLAT
2023100804,3467,2,5,MIA,30,MIA,CROSS
2023100804,513,2,12,NYG,23,NYG,SLANT
2023100804,2119,1,10,MIA,25,MIA,CROSS
2023100804,1914,2,9,NYG,45,MIA,IN
2023100804,3578,1,18,NYG,9,NYG,OUT
2023100804,1393,1,10,MIA,40,NYG,CROSS
2023100804,1828,1,10,MIA,28,MIA,HITCH
2023100804,3825,2,12,MIA,46,NYG,IN
2023100804,851,3,3,NYG,48,MIA,CROSS
2023100804,79,2,4,NYG,31,NYG,SLANT
2023100804,3850,1,10,MIA,26,NYG,HITCH
2023100804,366,1,2,NYG,2,MIA,CROSS
2023100804,3309,2,6,MIA,36,NYG,SLANT
2023100804,3337,1,10,MIA,29,NYG,POST
2023100804,1488,3,9,MIA,39,NYG,SLANT
2023100804,2296,1,10,NYG,37,NYG,ANGLE
2023100804,389,2,2,NYG,2,MIA,OUT
2023100804,695,1,10,MIA,34,NYG,HITCH
2023100804,3205,2,17,NYG,42,NYG,OUT
2023100804,3702,1,10,NYG,43,NYG,HITCH
2023100804,2689,3,13,MIA,26,NYG,SLANT
2023100804,148,3,7,NYG,49,NYG,CROSS
2023100804,2167,3,4,MIA,31,MIA,GO
2023100804,1100,2,10,MIA,6,MIA,SLANT
2023100804,2271,2,4,NYG,31,NYG,FLAT
2023100804,2585,3,4,MIA,27,MIA,CROSS
2023100804,1755,3,4,NYG,4,MIA,HITCH
2023100804,1232,3,10,NYG,25,NYG,SLANT
2023100804,3492,3,1,MIA,34,MIA,CROSS
2023100804,1725,2,4,NYG,4,MIA,OUT
2023100804,946,2,14,NYG,34,NYG,HITCH
2023100805,84,2,7,NO,25,NO,OUT
2023100805,2379,1,10,NE,25,NE,FLAT
2023100805,3222,1,10,NE,10,NE,CROSS
2023100805,2226,2,18,NO,49,NE,ANGLE
2023100805,525,3,9,NE,39,NO,HITCH
2023100805,1266,1,10,NE,17,NE,HITCH
2023100805,4226,1,10,NE,12,NE,POST
2023100805,1845,2,6,NO,33,NO,HITCH
2023100805,2735,2,7,NO,16,NO,HITCH
2023100805,1311,3,6,NE,21,NE,GO
2023100805,3774,3,1,NE,33,NE,IN
2023100805,109,3,4,NO,28,NO,OUT
2023100805,3510,3,4,NE,31,NE,GO
2023100805,2836,2,15,NE,30,NE,CROSS
2023100805,3338,2,10,NE,19,NO,FLAT
2023100805,1721,3,8,NE,39,NE,GO
2023100805,4019,3,10,NE,25,NE,FLAT
2023100805,2095,1,10,NE,32,NE,IN
2023100805,2864,3,12,NE,33,NE,HITCH
2023100805,3691,1,10,NE,24,NE,OUT
2023100805,3271,2,5,NE,26,NO,FLAT
2023100805,3863,3,7,NE,30,NO,GO
2023100805,2452,1,10,NE,29,NO,FLAT
2023100805,4313,4,5,NE,17,NE,OUT
2023100805,1099,2,6,NE,33,NO,CROSS
2023100805,1584,1,10,NE,35,NE,FLAT
2023100805,3974,1,15,NE,20,NE,POST
2023100805,4271,3,5,NE,17,NE,OUT
2023100805,748,3,7,NE,24,NE,CORNER
2023100805,3646,3,9,NO,19,NO,FLAT
2023100805,2586,1,10,NE,25,NE,CROSS
2023100805,1948,1,15,NE,48,NO,OUT
2023100805,471,2,6,NE,36,NO,FLAT
2023100805,3749,2,10,NE,24,NE,HITCH
2023100805,1052,3,11,NO,37,NO,IN
2023100805,2633,2,9,NO,46,NE,HITCH
2023100805,400,3,2,NE,14,NE,CROSS
2023100805,1476,2,5,NE,5,NO,HITCH
2023100805,3057,3,7,NO,20,NO,POST
2023100805,997,2,12,NO,36,NO,FLAT
2023100805,600,2,6,NE,24,NE,ANGLE
2023100805,1353,1,10,NO,41,NO,FLAT
2023100805,377,2,2,NE,14,NE,CROSS
2023100805,2053,1,10,NE,18,NE,OUT
2023100805,247,2,10,NE,45,NO,GO
2023100805,180,1,10,NE,45,NO,CORNER
2023100805,901,3,11,NO,38,NE,FLAT
2023100805,3179,3,8,NO,47,NO,CROSS
2023100806,3732,1,10,PIT,31,PIT,SLANT
2023100806,1743,1,10,BAL,25,BAL,CROSS
2023100806,1255,1,10,PIT,43,PIT,GO
2023100806,713,1,10,BAL,32,BAL,HITCH
2023100806,814,1,10,PIT,46,BAL,IN
2023100806,1166,2,10,PIT,10,PIT,GO
2023100806,3254,3,8,PIT,46,PIT,FLAT
2023100806,655,3,6,PIT,29,PIT,HITCH
2023100806,1464,1,10,BAL,20,BAL,OUT
2023100806,3445,1,10,BAL,25,BAL,POST
2023100806,425,2,8,BAL,43,BAL,IN
2023100806,54,1,10,BAL,25,BAL,CROSS
2023100806,2431,3,6,PIT,30,PIT,FLAT
2023100806,1582,2,10,PIT,49,PIT,IN
2023100806,1977,3,10,PIT,31,BAL,SLANT
2023100806,3672,2,9,PIT,21,PIT,HITCH
2023100806,273,3,6,PIT,8,PIT,OUT
2023100806,2551,1,10,BAL,18,BAL,GO
2023100806,3899,1,10,BAL,25,BAL,OUT
2023100806,1059,3,4,PIT,4,BAL,SLANT
2023100806,156,2,10,PIT,41,BAL,POST
2023100806,1300,3,7,PIT,46,PIT,HITCH
2023100806,2503,3,10,PIT,40,PIT,FLAT
2023100806,2112,2,5,PIT,30,PIT,OUT
2023100806,4174,3,7,BAL,28,BAL,POST
2023100806,1924,1,10,PIT,31,BAL,CROSS
2023100806,3780,3,4,PIT,37,PIT,GO
2023100806,1892,3,18,BAL,40,BAL,GO
2023100806,2831,1,10,PIT,26,PIT,CORNER
2023100806,2238,1,10,BAL,46,BAL,GO
2023100806,1348,2,10,BAL,42,PIT,OUT
2023100806,2718,2,6,PIT,43,BAL,GO
2023100806,3844,2,9,BAL,41,PIT,GO
2023100806,960,2,8,PIT,16,BAL,SLANT
2023100806,1768,1,10,BAL,35,BAL,HITCH
2023100806,179,3,10,PIT,41,BAL,POST
2023100806,1036,2,4,PIT,4,BAL,OUT
2023100806,4088,1,10,BAL,25,BAL,FLAT
2023100806,2208,2,7,BAL,26,BAL,OUT
2023100806,3379,3,7,BAL,7,PIT,POST
2023100806,1813,3,11,BAL,34,BAL,CROSS
2023100806,2324,1,10,PIT,13,PIT,OUT
2023100806,4149,2,20,BAL,15,BAL,HITCH
2023100806,3468,2,10,BAL,25,BAL,IN
2023100806,3755,2,10,PIT,31,PIT,FLAT
2023100806,1203,1,10,PIT,31,PIT,OUT
2023100806,3707,3,9,PIT,21,PIT,HITCH
2023100806,2009,4,2,PIT,23,BAL,FLAT
2023100806,1143,1,10,PIT,10,PIT,HITCH
2023100806,930,1,10,PIT,18,BAL,SCREEN
2023100806,2887,2,9,,50,PIT,GO
2023100806,745,2,5,BAL,37,BAL,FLAT
2023100806,1629,1,10,BAL,24,PIT,OUT
2023100806,3198,1,10,PIT,44,PIT,FLAT
2023100806,3356,2,7,BAL,7,PIT,GO
2023100806,133,1,10,PIT,41,BAL,IN
2023100806,450,1,10,PIT,45,BAL,HITCH
2023100807,4056,2,10,ARI,7,ARI,CORNER
2023100807,1665,1,10,ARI,37,CIN,ANGLE
2023100807,3437,2,13,ARI,26,CIN,SLANT
2023100807,234,2,7,ARI,44,CIN,IN
2023100807,4152,3,10,ARI,37,ARI,HITCH
2023100807,162,1,10,CIN,36,CIN,HITCH
2023100807,1640,2,3,ARI,43,CIN,OUT
2023100807,1933,2,10,ARI,1,ARI,HITCH
2023100807,4264,3,7,ARI,34,CIN,SCREEN
2023100807,2588,2,9,CIN,38,ARI,CROSS
2023100807,674,1,7,ARI,7,CIN,OUT
2023100807,644,1,10,ARI,18,CIN,CROSS
2023100807,2044,3,4,ARI,31,ARI,SLANT
2023100807,1690,2,7,ARI,34,CIN,FLAT
2023100807,3008,3,7,CIN,22,ARI,FLAT
2023100807,4129,2,10,ARI,37,ARI,HITCH
2023100807,2165,2,10,CIN,39,CIN,SLANT
2023100807,594,2,8,ARI,46,CIN,HITCH
2023100807,3845,2,16,ARI,19,ARI,SCREEN
2023100807,1715,3,8,ARI,35,CIN,IN
2023100807,3900,4,2,ARI,33,ARI,OUT
2023100807,4081,1,10,ARI,25,ARI,ANGLE
2023100807,956,2,8,CIN,37,ARI,HITCH
2023100807,810,1,10,ARI,25,ARI,FLAT
2023100807,2847,1,10,ARI,48,CIN,CROSS
2023100807,3959,2,12,,50,CIN,FLAT
2023100807,1382,2,7,CIN,28,CIN,IN
2023100807,2723,1,10,CIN,25,CIN,FLAT
2023100807,187,2,1,CIN,45,CIN,OUT
2023100807,2748,2,8,CIN,27,CIN,IN
2023100807,2442,2,5,ARI,30,ARI,HITCH
2023100807,3875,3,10,ARI,25,ARI,CROSS
2023100807,491,2,8,ARI,27,ARI,GO
2023100807,2100,1,10,CIN,26,CIN,OUT
2023100807,4175,4,10,ARI,37,ARI,POST
2023100807,1296,2,4,CIN,4,ARI,SLANT
2023100807,97,3,13,ARI,22,ARI,HITCH
2023100807,1026,3,9,CIN,25,ARI,GO
2023100807,1561,1,10,CIN,29,CIN,HITCH
2023100807,904,3,5,ARI,43,ARI,CROSS
2023100807,2905,3,7,ARI,45,CIN,GO
2023100807,2356,1,10,CIN,37,CIN,POST
2023100807,2125,1,10,CIN,39,CIN,OUT
2023100807,4033,1,10,ARI,7,ARI,SLANT
2023100807,2882,2,7,ARI,45,CIN,SLANT
2023100807,3412,1,20,ARI,33,CIN,HITCH
2023100807,286,2,11,ARI,32,CIN,SLANT
2023100807,380,2,5,ARI,5,CIN,FLAT
2023100807,2536,3,4,ARI,42,ARI,HITCH
2023100807,405,3,2,ARI,2,CIN,HITCH
2023100807,709,2,7,ARI,7,CIN,OUT
2023100807,3272,2,10,,50,CIN,OUT
2023100807,1459,1,10,ARI,30,ARI,CROSS
2023100807,1197,1,10,CIN,49,ARI,CROSS
2023100807,2309,1,10,CIN,25,CIN,HITCH
2023100807,1249,1,10,CIN,14,ARI,HITCH
2023100807,3344,2,5,ARI,31,CIN,OUT
2023100808,2942,2,10,LA,45,PHI,IN
2023100808,157,2,7,LA,36,PHI,HITCH
2023100808,328,3,6,LA,6,PHI,POST
2023100808,620,3,1,PHI,22,LA,IN
2023100808,2079,2,26,LA,9,LA,HITCH
2023100808,2442,1,10,LA,20,PHI,GO
2023100808,4133,1,10,LA,25,LA,HITCH
2023100808,1304,2,8,PHI,41,PHI,HITCH
2023100808,2499,2,3,LA,27,LA,IN
2023100808,1354,2,18,PHI,45,PHI,ANGLE
2023100808,3242,1,10,LA,37,LA,POST
2023100808,415,2,10,LA,25,LA,SLANT
2023100808,182,1,10,LA,29,PHI,CROSS
2023100808,80,2,5,PHI,30,PHI,CROSS
2023100808,465,1,10,LA,48,LA,IN
2023100808,392,1,10,LA,25,LA,FLAT
2023100808,2333,3,2,PHI,13,PHI,FLAT
2023100808,3368,2,6,PHI,24,PHI,POST
2023100808,3712,1,10,LA,43,LA,CORNER
2023100808,3687,2,10,LA,25,LA,IN
2023100808,4063,2,10,LA,8,LA,OUT
2023100808,3290,3,5,LA,42,LA,CORNER
2023100808,1741,3,10,PHI,22,LA,GO
2023100808,2417,2,9,LA,30,PHI,OUT
2023100808,2370,1,10,PHI,20,PHI,GO
2023100808,2542,1,10,PHI,43,LA,IN
2023100808,2303,2,10,PHI,5,PHI,FLAT
2023100808,984,3,10,,50,PHI,CROSS
2023100808,4108,4,5,LA,13,LA,IN
2023100808,893,2,9,PHI,41,PHI,IN
2023100808,643,4,1,PHI,22,LA,SLANT
2023100808,2805,2,7,PHI,27,PHI,HITCH
2023100808,826,3,5,PHI,30,PHI,SLANT
2023100808,938,1,10,,50,PHI,CORNER
2023100808,3107,3,7,LA,8,PHI,POST
2023100808,3265,2,10,LA,37,LA,IN
2023100808,715,3,3,PHI,3,LA,OUT
2023100808,2919,1,10,LA,45,PHI,SCREEN
2023100808,440,3,4,LA,31,LA,SLANT
2023100808,490,1,10,PHI,41,LA,IN
2023100808,4040,1,10,LA,8,LA,GO
2023100808,3015,2,7,LA,18,PHI,FLAT
2023100808,3652,1,10,LA,25,LA,IN
2023100808,801,2,12,PHI,23,PHI,OUT
2023100808,1652,1,10,LA,39,LA,CORNER
2023100808,546,3,8,PHI,39,LA,SLANT
2023100808,1148,3,7,LA,27,LA,IN
2023100808,1867,3,1,PHI,34,PHI,POST
2023100808,1252,3,6,PHI,32,PHI,FLAT
2023100808,1229,2,6,PHI,32,PHI,FLAT
2023100808,2138,1,10,LA,35,LA,CROSS
2023100808,3425,2,11,LA,41,PHI,HITCH
2023100808,1125,2,7,LA,27,LA,OUT
2023100808,3173,1,10,LA,25,LA,HITCH
2023100808,1401,1,10,LA,34,PHI,FLAT
2023100809,3324,1,10,NYJ,28,NYJ,POST
2023100809,3904,2,1,DEN,12,DEN,IN
2023100809,1895,2,10,NYJ,44,NYJ,HITCH
2023100809,2119,2,8,DEN,27,DEN,WHEEL
2023100809,3627,2,3,NYJ,3,DEN,FLAT
2023100809,1554,1,5,DEN,49,DEN,OUT
2023100809,4095,1,10,DEN,25,DEN,IN
2023100809,709,3,6,NYJ,41,NYJ,FLAT
2023100809,660,2,3,NYJ,44,NYJ,FLAT
2023100809,2529,3,5,DEN,19,NYJ,FLAT
2023100809,1398,3,8,DEN,8,NYJ,CORNER
2023100809,168,1,10,DEN,20,NYJ,SLANT
2023100809,3580,2,7,NYJ,35,DEN,OUT
2023100809,3764,3,4,NYJ,31,NYJ,GO
2023100809,1629,1,10,NYJ,24,DEN,FLAT
2023100809,262,3,12,DEN,12,NYJ,OUT
2023100809,4120,1,10,DEN,37,DEN,POST
2023100809,2840,1,10,NYJ,49,NYJ,ANGLE
2023100809,3840,3,5,DEN,27,NYJ,GO
2023100809,3874,1,10,DEN,3,DEN,SCREEN
2023100809,1920,1,10,DEN,46,NYJ,ANGLE
2023100809,353,2,9,DEN,26,DEN,FLAT
2023100809,97,3,18,NYJ,17,NYJ,FLAT
2023100809,1842,2,3,NYJ,32,NYJ,OUT
2023100809,328,1,10,DEN,25,DEN,SCREEN
2023100809,994,1,10,NYJ,32,DEN,GO
2023100809,1817,1,10,NYJ,25,NYJ,HITCH
2023100809,3216,2,16,DEN,19,DEN,HITCH
2023100809,884,2,22,NYJ,21,NYJ,HITCH
2023100809,1584,1,10,NYJ,45,DEN,FLAT
2023100809,3929,1,10,DEN,25,DEN,ANGLE
2023100809,1681,1,10,NYJ,10,DEN,FLAT
2023100809,4157,2,10,DEN,37,DEN,ANGLE
2023100809,3517,3,11,DEN,24,DEN,OUT
2023100809,3981,3,14,DEN,21,DEN,GO
2023100809,2460,3,4,DEN,43,NYJ,IN
2023100809,2036,1,10,DEN,13,NYJ,OUT
2023100809,1999,2,2,DEN,25,NYJ,OUT
2023100809,3128,3,7,DEN,8,NYJ,HITCH
2023100809,2344,3,14,DEN,21,DEN,GO
2023100810,3171,1,10,KC,44,MIN,OUT
2023100810,575,4,5,KC,43,MIN,OUT
2023100810,2049,1,10,MIN,36,KC,FLAT
2023100810,3783,1,10,MIN,35,MIN,IN
2023100810,2351,2,7,MIN,47,KC,IN
2023100810,2995,3,8,MIN,15,KC,SCREEN
2023100810,678,3,7,KC,22,MIN,OUT
2023100810,1637,1,10,KC,33,MIN,IN
2023100810,1817,2,5,KC,5,MIN,CROSS
2023100810,4075,3,6,KC,41,KC,FLAT
2023100810,55,1,10,MIN,25,MIN,FLAT
2023100810,2294,3,18,KC,17,KC,CROSS
2023100810,2707,2,7,KC,29,KC,HITCH
2023100810,3378,3,6,KC,19,MIN,SLANT
2023100810,411,3,3,MIN,32,MIN,SLANT
2023100810,165,1,10,MIN,32,KC,HITCH
2023100810,1192,2,8,KC,36,MIN,FLAT
2023100810,467,2,6,MIN,42,MIN,SLANT
2023100810,1076,1,10,MIN,25,MIN,IN
2023100810,2499,3,8,MIN,8,KC,SLANT
2023100810,3042,2,4,MIN,4,KC,HITCH
2023100810,2608,3,7,MIN,28,MIN,GO
2023100810,791,3,2,KC,33,KC,HITCH
2023100810,1962,1,10,KC,41,KC,FLAT
2023100810,2423,1,10,MIN,20,KC,OUT
2023100810,1368,3,4,KC,11,MIN,CROSS
2023100810,3758,3,8,MIN,22,MIN,HITCH
2023100810,215,1,10,MIN,21,KC,GO
2023100810,1584,3,15,MIN,39,MIN,SLANT
2023100810,3330,1,10,KC,23,MIN,GO
2023100810,4156,2,10,MIN,19,MIN,IN
2023100810,1915,2,1,KC,34,KC,FLAT
2023100810,1434,1,10,KC,25,KC,CROSS
2023100810,4181,3,1,MIN,28,MIN,CORNER
2023100810,238,2,10,MIN,21,KC,CROSS
2023100810,3830,2,5,KC,49,MIN,HITCH
2023100810,190,2,7,MIN,29,KC,OUT
2023100810,539,3,5,KC,43,MIN,IN
2023100810,3353,2,10,KC,23,MIN,HITCH
2023100810,2453,1,8,MIN,8,KC,GO
2023100810,1479,3,6,KC,29,KC,GO
2023100810,1753,3,9,KC,21,MIN,IN
2023100810,2376,1,10,MIN,34,KC,HITCH
2023100810,3146,1,10,MIN,37,MIN,CORNER
2023100810,985,2,9,MIN,24,KC,OUT
2023100810,3855,1,10,KC,22,MIN,SCREEN
2023100810,846,2,17,KC,35,KC,GO
2023100810,4133,1,10,MIN,19,MIN,HITCH
2023100810,3707,1,15,MIN,15,MIN,POST
2023100810,3733,2,15,MIN,15,MIN,SLANT
2023100810,1890,1,10,KC,25,KC,SLANT
2023100810,2940,1,25,MIN,32,KC,HITCH
2023100810,1343,2,20,KC,27,MIN,IN
2023100810,3283,2,10,KC,33,MIN,IN
2023100810,4252,2,10,MIN,31,MIN,CROSS
2023100810,2476,2,8,MIN,8,KC,SLANT
2023100810,4204,4,1,MIN,28,MIN,OUT
2023100810,3524,2,6,KC,32,KC,OUT
2023100810,2563,1,10,MIN,25,MIN,POST
2023100810,2151,3,15,MIN,29,KC,SCREEN
2023100810,2822,2,9,KC,44,KC,OUT
2023100810,3401,4,6,KC,19,MIN,HITCH
2023100810,2730,3,7,KC,29,KC,OUT
2023100810,3121,2,9,MIN,26,MIN,HITCH
2023100811,2698,3,2,DAL,10,SF,POST
2023100811,2942,3,2,DAL,42,SF,CORNER
2023100811,2155,3,2,SF,26,SF,IN
2023100811,1621,3,4,SF,26,DAL,CORNER
2023100811,570,2,11,DAL,20,DAL,IN
2023100811,1530,3,7,DAL,48,DAL,OUT
2023100811,2399,2,11,SF,38,DAL,ANGLE
2023100811,2352,2,5,DAL,34,DAL,HITCH
2023100811,2041,3,5,DAL,39,DAL,CROSS
2023100811,3628,1,10,DAL,16,DAL,FLAT
2023100811,3190,1,10,DAL,25,DAL,IN
2023100811,2651,1,10,DAL,18,SF,SLANT
2023100811,533,1,10,DAL,21,DAL,FLAT
2023100811,2769,1,10,DAL,21,DAL,SLANT
2023100811,2626,3,13,SF,40,SF,POST
2023100811,1880,1,10,DAL,10,SF,IN
2023100811,1439,2,5,DAL,38,DAL,OUT
2023100811,211,1,5,DAL,28,SF,OUT
2023100811,839,3,1,DAL,40,SF,CROSS
2023100811,1168,1,10,DAL,2,DAL,GO
2023100811,921,2,15,DAL,36,SF,IN
2023100811,3213,2,10,DAL,25,DAL,SLANT
2023100811,263,1,10,DAL,19,SF,POST
2023100811,1191,2,10,DAL,2,DAL,HITCH
2023100811,135,1,10,DAL,44,SF,OUT
2023100811,3576,2,10,DAL,1,DAL,HITCH
2023100811,360,2,9,DAL,26,DAL,CORNER
2023100811,2894,1,10,,50,SF,OUT
2023100811,3122,2,1,DAL,1,SF,FLAT
2023100811,1469,1,10,DAL,45,DAL,ANGLE
2023100811,1685,1,10,SF,25,SF,IN
2023100811,2917,2,10,,50,SF,ANGLE
2023100811,2018,2,5,DAL,39,DAL,FLAT
2023100811,1993,1,10,DAL,34,DAL,FLAT
2023100811,2816,1,10,DAL,37,DAL,GO
2023100811,1596,2,10,SF,32,DAL,HITCH
2023100811,383,3,9,DAL,26,DAL,GO
2023100811,2513,1,15,SF,20,SF,POST
2023100811,1561,1,10,SF,32,DAL,ANGLE
2023100811,1267,1,10,DAL,38,SF,FLAT
2023100811,898,1,15,DAL,36,SF,POST
2023100811,3351,1,10,SF,42,DAL,SLANT
2023100811,88,1,10,SF,43,SF,SLANT
2023100900,349,2,12,LV,31,LV,CROSS
2023100900,2040,2,13,LV,37,LV,CROSS
2023100900,1425,1,10,GB,25,GB,IN
2023100900,2681,2,10,GB,37,LV,SLANT
2023100900,2399,1,10,GB,17,GB,CORNER
2023100900,1487,2,8,GB,8,LV,FLAT
2023100900,2305,1,10,LV,28,LV,CROSS
2023100900,3076,2,17,LV,47,GB,HITCH
2023100900,1207,3,5,GB,35,LV,HITCH
2023100900,2656,1,10,GB,37,LV,CROSS
2023100900,3685,2,2,LV,40,GB,FLAT
2023100900,933,2,13,GB,19,GB,ANGLE
2023100900,403,2,10,LV,43,LV,FLAT
2023100900,803,2,5,GB,40,LV,GO
2023100900,3630,1,10,LV,48,GB,FLAT
2023100900,295,1,10,LV,13,LV,CROSS
2023100900,1600,2,11,GB,24,GB,FLAT
2023100900,3753,2,10,LV,35,GB,HITCH
2023100900,3330,3,10,GB,17,GB,GO
2023100900,3103,1,10,LV,42,LV,OUT
2023100900,710,1,10,LV,25,LV,CROSS
2023100900,886,1,10,GB,10,GB,FLAT
2023100900,551,1,10,LV,39,GB,CROSS
2023100900,1366,2,6,GB,9,LV,SLANT
2023100900,3730,1,10,LV,35,GB,OUT
2023100900,3031,3,4,LV,46,GB,OUT
2023100900,1968,1,10,LV,25,LV,FLAT
2023100900,1630,3,11,GB,24,GB,FLAT
2023100900,3776,3,10,LV,35,GB,GO
2023100900,1765,1,10,LV,42,LV,IN
2023100900,2892,2,7,GB,28,GB,GO
2023100900,3400,2,8,LV,35,LV,ANGLE
2023100900,181,1,10,GB,46,GB,OUT
2023100900,3498,2,11,GB,43,LV,ANGLE
2023100900,2328,2,10,LV,28,LV,FLAT
2023100900,2753,3,3,GB,9,LV,HITCH
2023100900,2962,2,4,GB,44,GB,SCREEN
2023100900,2915,3,7,GB,28,GB,OUT
2023100900,1740,3,10,LV,24,LV,IN
2023100900,1797,1,10,GB,42,LV,SLANT
2023100900,1993,2,3,LV,32,LV,HITCH
2023100900,1710,2,10,LV,24,LV,OUT
2023100900,3605,2,3,GB,49,GB,FLAT
2023100900,228,3,3,LV,47,GB,GO
2023101200,1941,2,10,DEN,39,DEN,HITCH
2023101200,1444,1,10,DEN,28,KC,CROSS
2023101200,2994,1,10,DEN,27,DEN,CROSS
2023101200,362,1,10,DEN,36,KC,HITCH
2023101200,3324,1,10,DEN,39,DEN,CORNER
2023101200,1277,2,8,DEN,7,DEN,CROSS
2023101200,659,2,13,DEN,20,KC,ANGLE
2023101200,2306,1,10,DEN,31,KC,WHEEL
2023101200,1365,1,10,KC,38,KC,HITCH
2023101200,2251,1,10,KC,47,KC,HITCH
2023101200,332,1,10,DEN,48,KC,HITCH
2023101200,218,3,7,KC,42,DEN,SCREEN
2023101200,2654,1,10,KC,36,KC,FLAT
2023101200,2276,1,10,DEN,41,KC,OUT
2023101200,1771,1,10,KC,48,KC,HITCH
2023101200,3860,2,10,DEN,25,DEN,FLAT
2023101200,1397,1,10,DEN,49,KC,HITCH
2023101200,100,1,10,DEN,37,DEN,SLANT
2023101200,1918,1,10,DEN,39,DEN,SLANT
2023101200,2169,2,4,KC,31,KC,FLAT
2023101200,3584,1,10,KC,25,KC,HITCH
2023101200,437,2,10,DEN,24,KC,IN
2023101200,3636,3,2,KC,33,KC,HITCH
2023101200,3837,1,10,DEN,25,DEN,POST
2023101200,1190,3,2,DEN,6,KC,FLAT
2023101200,2334,2,10,DEN,31,KC,SLANT
2023101200,562,1,10,DEN,43,DEN,HITCH
2023101200,3425,2,10,KC,27,DEN,FLAT
2023101200,414,1,10,DEN,24,KC,OUT
2023101200,3683,2,6,DEN,35,KC,OUT
2023101200,3050,3,10,DEN,27,DEN,GO
2023101200,990,1,10,DEN,47,KC,OUT
2023101200,1514,3,3,DEN,3,KC,FLAT
2023101200,3195,2,11,KC,23,KC,GO
2023101200,3484,1,10,KC,11,DEN,GO
2023101200,2760,2,8,DEN,48,KC,FLAT
2023101200,1071,3,8,DEN,45,KC,HITCH
2023101200,1096,1,10,DEN,30,KC,FLAT
2023101200,589,1,10,KC,43,KC,CROSS
2023101200,2020,1,10,KC,39,KC,FLAT
2023101200,1165,2,11,DEN,15,KC,HITCH
2023101200,1794,2,10,KC,48,KC,SCREEN
2023101200,2602,1,10,KC,41,DEN,ANGLE
2023101500,3095,2,10,TEN,36,BAL,OUT
2023101500,2462,2,9,BAL,9,TEN,GO
2023101500,931,2,8,TEN,27,TEN,FLAT
2023101500,1949,3,3,TEN,46,BAL,GO
2023101500,2770,2,9,BAL,26,BAL,HITCH
2023101500,3120,3,6,TEN,32,BAL,ANGLE
2023101500,400,2,9,TEN,41,TEN,CROSS
2023101500,3340,1,10,TEN,25,TEN,CROSS
2023101500,3942,2,18,TEN,35,TEN,OUT
2023101500,1561,2,7,TEN,10,BAL,CROSS
2023101500,2984,1,10,BAL,44,BAL,FLAT
2023101500,1702,2,9,TEN,46,TEN,GO
2023101500,3014,2,9,BAL,45,BAL,HITCH
2023101500,1477,1,10,TEN,30,BAL,HITCH
2023101500,1266,3,3,TEN,32,TEN,CROSS
2023101500,651,2,7,BAL,17,BAL,OUT
2023101500,170,1,10,TEN,32,BAL,CROSS
2023101500,3604,2,7,TEN,40,BAL,IN
2023101500,1500,2,10,TEN,30,BAL,HITCH
2023101500,3557,2,11,BAL,19,BAL,GO
2023101500,2935,3,1,BAL,48,TEN,CORNER
2023101500,3873,1,10,TEN,32,TEN,OUT
2023101500,676,3,5,BAL,19,BAL,SLANT
2023101500,1924,2,10,BAL,47,BAL,IN
2023101500,1864,2,7,BAL,40,BAL,OUT
2023101500,1320,1,10,BAL,20,BAL,HITCH
2023101500,1655,1,10,TEN,25,TEN,HITCH
2023101500,4145,2,20,BAL,20,TEN,GO
2023101500,1536,1,10,TEN,13,BAL,FLAT
2023101500,140,1,10,TEN,46,BAL,HITCH
2023101500,823,3,4,TEN,10,BAL,CORNER
2023101500,701,1,10,TEN,49,BAL,CROSS
2023101500,2098,2,8,TEN,27,TEN,HITCH
2023101500,2584,2,9,BAL,26,BAL,HITCH
2023101500,3072,1,10,TEN,36,BAL,CORNER
2023101500,425,1,10,BAL,49,TEN,HITCH
2023101501,1161,2,9,ATL,26,ATL,SLANT
2023101501,1741,3,7,WAS,48,ATL,WHEEL
2023101501,1844,3,24,WAS,40,ATL,SLANT
2023101501,2461,2,8,ATL,27,ATL,FLAT
2023101501,1507,1,10,ATL,25,WAS,CROSS
2023101501,3923,3,8,ATL,42,WAS,SLANT
2023101501,504,1,10,WAS,44,ATL,FLAT
2023101501,1645,3,5,ATL,30,ATL,SLANT
2023101501,4030,1,10,ATL,30,ATL,OUT
2023101501,102,3,9,WAS,26,WAS,OUT
2023101501,3083,2,2,WAS,2,ATL,FLAT
2023101501,305,3,16,ATL,29,WAS,HITCH
2023101501,753,2,6,WAS,25,WAS,SLANT
2023101501,3286,1,10,ATL,11,ATL,GO
2023101501,55,1,10,WAS,25,WAS,CROSS
2023101501,1331,1,10,WAS,48,WAS,CROSS
2023101501,1233,1,10,ATL,45,ATL,POST
2023101501,859,3,14,WAS,34,WAS,CORNER
2023101501,1208,2,6,ATL,39,ATL,HITCH
2023101501,4151,3,1,WAS,34,ATL,SLANT
2023101501,644,2,4,WAS,9,ATL,GO
2023101501,4087,1,10,WAS,43,ATL,CROSS
2023101501,1388,3,1,ATL,43,WAS,HITCH
2023101501,2847,1,10,WAS,34,ATL,CROSS
2023101501,432,3,8,ATL,27,ATL,CROSS
2023101501,177,1,10,ATL,46,WAS,GO
2023101501,3973,1,10,ATL,7,ATL,HITCH
2023101501,2092,3,11,WAS,49,ATL,SLANT
2023101501,152,2,8,WAS,44,WAS,HITCH
2023101501,3012,4,4,WAS,15,ATL,SLANT
2023101501,3243,3,7,WAS,46,WAS,CROSS
2023101501,3373,1,10,WAS,46,ATL,HITCH
2023101501,2069,2,11,WAS,49,ATL,CORNER
2023101501,2321,3,7,ATL,45,ATL,OUT
2023101501,3849,4,8,ATL,44,ATL,POST
2023101501,1620,2,9,ATL,26,ATL,HITCH
2023101501,1301,4,3,WAS,48,ATL,OUT
2023101501,2039,1,15,ATL,47,ATL,OUT
2023101501,973,3,8,ATL,25,ATL,SCREEN
2023101501,397,2,8,ATL,27,ATL,CROSS
2023101501,3169,1,10,WAS,25,WAS,CROSS
2023101501,3647,3,7,WAS,7,ATL,GO
2023101501,4005,1,10,ATL,19,ATL,OUT
2023101501,4060,2,1,ATL,39,ATL,CORNER
2023101501,590,3,8,WAS,26,ATL,HITCH
2023101501,3806,2,8,ATL,44,ATL,GO
2023101501,908,1,10,ATL,23,ATL,OUT
2023101501,836,2,14,WAS,34,WAS,IN
2023101501,222,3,9,ATL,45,WAS,CROSS
2023101501,3442,2,9,WAS,31,ATL,SLANT
2023101501,1075,1,1,ATL,1,WAS,FLAT
2023101501,127,1,10,WAS,42,WAS,HITCH
2023101501,479,2,10,ATL,36,ATL,GO
2023101501,2252,2,10,ATL,25,ATL,SLANT
2023101501,2792,2,6,ATL,36,ATL,HITCH
2023101501,1532,1,7,ATL,7,WAS,SLANT
2023101501,2822,1,10,ATL,49,ATL,CROSS
2023101501,1278,3,3,WAS,48,ATL,WHEEL
2023101502,1228,2,16,CHI,23,CHI,HITCH
2023101502,329,3,4,CHI,42,MIN,IN
2023101502,398,2,10,CHI,38,MIN,FLAT
2023101502,3191,3,12,CHI,45,CHI,SLANT
2023101502,3534,1,10,MIN,20,CHI,OUT
2023101502,423,3,7,CHI,35,MIN,HITCH
2023101502,3671,2,20,MIN,15,MIN,HITCH
2023101502,3320,3,8,MIN,34,MIN,HITCH
2023101502,1843,2,4,MIN,29,MIN,HITCH
2023101502,2532,3,14,MIN,1,MIN,CROSS
2023101502,2602,1,10,CHI,41,CHI,FLAT
2023101502,3915,3,3,MIN,42,CHI,HITCH
2023101502,1672,2,2,MIN,33,MIN,ANGLE
2023101502,1059,1,10,CHI,35,MIN,FLAT
2023101502,1536,2,9,MIN,40,CHI,FLAT
2023101502,670,3,5,CHI,40,CHI,OUT
2023101502,3407,2,6,CHI,27,CHI,HITCH
2023101502,1034,3,5,CHI,47,MIN,CROSS
2023101502,3816,1,10,CHI,36,CHI,GO
2023101502,1446,3,19,MIN,30,MIN,FLAT
2023101502,1966,3,3,CHI,34,MIN,SLANT
2023101502,2913,4,3,MIN,45,CHI,GO
2023101502,548,3,2,CHI,33,CHI,FLAT
2023101502,1909,1,10,CHI,41,MIN,FLAT
2023101502,835,2,4,MIN,4,CHI,CROSS
2023101502,965,2,8,MIN,27,MIN,IN
2023101502,1489,1,10,CHI,20,CHI,CROSS
2023101502,2064,2,3,CHI,10,MIN,CORNER
2023101502,1306,1,10,MIN,27,MIN,GO
2023101502,2253,3,5,MIN,30,MIN,OUT
2023101502,573,1,10,CHI,35,CHI,FLAT
2023101502,1879,1,10,MIN,38,MIN,CORNER
2023101502,260,1,5,MIN,37,MIN,IN
2023101502,2039,1,10,CHI,17,MIN,HITCH
2023101502,1408,2,19,MIN,30,MIN,POST
2023101502,3437,1,10,CHI,45,CHI,GO
2023101502,2485,2,12,MIN,3,MIN,ANGLE
2023101502,3706,3,20,MIN,15,MIN,ANGLE
2023101502,2224,2,5,MIN,30,MIN,FLAT
2023101502,2990,1,10,CHI,40,MIN,FLAT
2023101502,3509,3,1,MIN,22,CHI,FLAT
2023101502,3940,1,10,MIN,35,CHI,GO
2023101503,3356,2,7,CIN,17,CIN,HITCH
2023101503,3658,3,19,CIN,19,SEA,SLANT
2023101503,1269,1,10,SEA,36,SEA,FLAT
2023101503,666,2,5,SEA,25,CIN,HITCH
2023101503,504,2,7,CIN,49,CIN,HITCH
2023101503,178,2,13,CIN,41,SEA,OUT
2023101503,1885,3,10,CIN,25,CIN,FLAT
2023101503,3094,3,10,SEA,34,CIN,IN
2023101503,2969,2,9,SEA,17,SEA,IN
2023101503,2066,2,5,CIN,40,CIN,GO
2023101503,2130,2,5,SEA,36,SEA,HITCH
2023101503,2347,2,18,CIN,18,SEA,WHEEL
2023101503,3493,2,6,SEA,40,SEA,GO
2023101503,3703,1,10,CIN,14,CIN,HITCH
2023101503,611,2,1,SEA,33,CIN,FLAT
2023101503,1091,1,3,SEA,3,CIN,HITCH
2023101503,3871,1,10,CIN,47,SEA,POST
2023101503,1533,3,4,CIN,30,CIN,HITCH
2023101503,810,1,10,SEA,25,SEA,GO
2023101503,3426,3,12,CIN,28,CIN,FLAT
2023101503,126,1,10,SEA,47,SEA,OUT
2023101503,1219,2,13,SEA,20,SEA,HITCH
2023101503,1429,1,10,CIN,13,CIN,HITCH
2023101503,746,1,8,SEA,8,CIN,SLANT
2023101503,1578,1,10,SEA,21,SEA,CROSS
2023101503,3755,3,6,CIN,18,CIN,GO
2023101503,3941,3,8,CIN,9,SEA,SLANT
2023101503,55,1,10,SEA,25,SEA,HITCH
2023101503,855,3,3,SEA,32,SEA,CROSS
2023101503,2411,2,2,CIN,11,CIN,CROSS
2023101503,3590,3,7,CIN,16,SEA,SLANT
2023101503,997,1,10,SEA,38,CIN,POST
2023101503,2547,1,10,CIN,43,SEA,FLAT
2023101503,2829,1,10,CIN,35,CIN,HITCH
2023101503,529,3,2,SEA,46,CIN,FLAT
2023101503,3021,2,9,SEA,36,SEA,GO
2023101503,935,2,6,CIN,31,CIN,GO
2023101503,2266,3,8,CIN,27,SEA,SLANT
2023101503,1862,2,10,CIN,25,CIN,SLANT
2023101503,1305,2,21,SEA,25,SEA,GO
2023101503,3048,1,10,SEA,34,CIN,HITCH
2023101503,233,1,10,CIN,20,SEA,HITCH
2023101503,2374,1,10,CIN,3,CIN,FLAT
2023101503,3822,1,10,SEA,40,SEA,HITCH
2023101503,581,1,10,SEA,42,CIN,CROSS
2023101503,452,3,6,CIN,35,CIN,SCREEN
2023101503,3230,1,15,SEA,35,SEA,HITCH
2023101503,208,3,4,CIN,32,SEA,HITCH
2023101503,1721,1,10,CIN,36,SEA,GO
2023101503,3194,1,10,SEA,40,SEA,CROSS
2023101503,1483,1,10,CIN,24,CIN,HITCH
2023101503,2624,2,10,CIN,31,SEA,CORNER
2023101503,1637,1,10,SEA,46,SEA,SCREEN
2023101503,1839,1,10,CIN,25,CIN,POST
2023101503,691,1,10,SEA,20,CIN,HITCH
2023101503,1044,2,10,SEA,15,CIN,OUT
2023101503,2434,3,2,CIN,11,CIN,HITCH
2023101503,3896,1,10,CIN,11,SEA,OUT
2023101503,1244,3,7,SEA,26,SEA,FLAT
2023101503,2714,3,5,CIN,5,SEA,HITCH
2023101503,1696,3,4,CIN,48,SEA,HITCH
2023101503,3071,2,10,SEA,34,CIN,CROSS
2023101503,3381,1,10,CIN,30,CIN,HITCH
2023101504,3506,3,10,SF,18,SF,OUT
2023101504,655,2,18,SF,40,CLE,CORNER
2023101504,917,3,13,SF,34,SF,POST
2023101504,3911,4,4,SF,40,CLE,HITCH
2023101504,2450,3,6,CLE,32,CLE,GO
2023101504,310,1,10,CLE,36,CLE,FLAT
2023101504,1173,3,12,CLE,42,CLE,CROSS
2023101504,1919,2,8,CLE,49,SF,POST
2023101504,1998,2,15,CLE,37,SF,GO
2023101504,4208,1,10,CLE,26,CLE,IN
2023101504,3454,1,10,SF,18,SF,CROSS
2023101504,2658,1,10,SF,34,SF,IN
2023101504,3619,2,16,CLE,22,CLE,GO
2023101504,4545,2,10,SF,25,SF,GO
2023101504,1789,1,10,SF,32,SF,HITCH
2023101504,4627,1,10,CLE,43,SF,OUT
2023101504,3861,2,11,SF,47,CLE,OUT
2023101504,3958,2,10,SF,34,CLE,SLANT
2023101504,3080,3,3,SF,27,CLE,HITCH
2023101504,3372,3,5,CLE,39,CLE,HITCH
2023101504,3327,1,10,CLE,34,CLE,CORNER
2023101504,2507,2,6,SF,38,CLE,FLAT
2023101504,4650,2,10,CLE,43,SF,SLANT
2023101504,1123,2,14,CLE,40,CLE,FLAT
2023101504,1482,3,7,CLE,11,SF,ANGLE
2023101504,4129,2,21,SF,14,SF,OUT
2023101504,1585,2,10,CLE,17,CLE,GO
2023101504,2895,2,20,SF,10,SF,HITCH
2023101504,2405,1,10,CLE,28,CLE,CORNER
2023101504,1256,1,10,SF,32,SF,CROSS
2023101504,4675,3,2,CLE,35,SF,OUT
2023101504,2703,3,10,SF,34,SF,IN
2023101504,4522,1,10,SF,25,SF,IN
2023101504,678,3,18,SF,40,CLE,SLANT
2023101504,386,2,4,SF,43,CLE,HITCH
2023101504,3712,1,10,CLE,25,CLE,FLAT
2023101504,3988,1,10,SF,21,CLE,HITCH
2023101504,3794,1,5,CLE,41,CLE,CROSS
2023101504,1391,1,10,CLE,24,SF,HITCH
2023101504,3886,3,11,SF,47,CLE,OUT
2023101504,2802,2,22,,50,CLE,HITCH
2023101504,4231,2,10,CLE,26,CLE,IN
2023101504,472,2,23,CLE,39,SF,SLANT
2023101504,4602,1,10,SF,32,SF,OUT
2023101504,2081,1,10,CLE,9,CLE,FLAT
2023101505,3518,1,10,NO,14,NO,GO
2023101505,3792,2,12,HOU,48,HOU,SLANT
2023101505,684,2,1,NO,1,HOU,OUT
2023101505,3290,3,8,HOU,11,NO,POST
2023101505,4120,3,8,HOU,33,NO,OUT
2023101505,3062,1,10,NO,31,NO,OUT
2023101505,3890,2,6,NO,19,NO,HITCH
2023101505,4198,3,10,HOU,24,NO,GO
2023101505,2110,1,10,NO,25,NO,HITCH
2023101505,2338,3,9,HOU,30,HOU,HITCH
2023101505,1738,1,10,NO,46,NO,FLAT
2023101505,2213,2,20,NO,29,NO,OUT
2023101505,3419,1,10,HOU,40,HOU,GO
2023101505,1770,2,5,HOU,49,NO,OUT
2023101505,810,2,10,NO,35,NO,IN
2023101505,1389,1,10,HOU,35,HOU,CROSS
2023101505,1865,3,3,HOU,36,NO,HITCH
2023101505,1931,2,20,HOU,35,NO,HITCH
2023101505,2726,1,10,NO,45,NO,SLANT
2023101505,1688,2,4,NO,31,NO,FLAT
2023101505,892,1,10,HOU,37,NO,GO
2023101505,452,3,14,HOU,42,NO,HITCH
2023101505,240,3,5,HOU,48,HOU,GO
2023101505,3019,3,12,HOU,23,HOU,IN
2023101505,1217,3,3,NO,5,HOU,CROSS
2023101505,637,2,10,NO,38,HOU,CROSS
2023101505,1960,3,9,HOU,24,NO,GO
2023101505,360,1,10,NO,45,NO,ANGLE
2023101505,170,2,10,HOU,32,HOU,SLANT
2023101505,1597,3,6,NO,6,HOU,CROSS
2023101505,1840,2,10,HOU,43,NO,CROSS
2023101505,3865,1,10,NO,15,NO,FLAT
2023101505,4072,1,10,HOU,35,NO,FLAT
2023101505,527,2,8,HOU,44,HOU,IN
2023101505,787,1,10,NO,35,NO,CORNER
2023101505,281,1,10,NO,20,NO,ANGLE
2023101505,147,1,10,HOU,32,HOU,OUT
2023101505,2487,1,10,,50,HOU,IN
2023101505,335,2,13,NO,32,NO,FLAT
2023101505,1663,1,10,NO,25,NO,SLANT
2023101505,4007,1,10,HOU,48,NO,OUT
2023101505,937,3,7,HOU,34,NO,POST
2023101505,3667,4,4,HOU,15,NO,FLAT
2023101505,3198,2,12,HOU,38,NO,CROSS
2023101505,429,2,14,HOU,42,NO,POST
2023101505,118,3,6,HOU,13,HOU,IN
2023101505,1713,3,2,NO,33,NO,SLANT
2023101505,614,1,10,NO,38,HOU,ANGLE
2023101505,1145,3,4,NO,36,HOU,CORNER
2023101505,1053,1,10,HOU,36,HOU,SLANT
2023101505,2568,1,1,NO,1,HOU,SLANT
2023101505,3915,1,10,NO,27,NO,FLAT
2023101505,838,1,10,HOU,49,NO,IN
2023101505,2701,2,7,NO,28,NO,GO
2023101505,2414,2,10,NO,7,NO,ANGLE
2023101505,4221,4,10,HOU,24,NO,GO
2023101505,1192,2,7,NO,9,HOU,OUT
2023101505,2859,1,20,HOU,24,NO,IN
2023101505,2800,2,4,HOU,38,NO,GO
2023101505,3129,2,5,HOU,45,NO,HITCH
2023101505,1290,1,10,NO,19,NO,CROSS
2023101505,2994,2,22,HOU,13,HOU,FLAT
2023101506,4358,1,10,IND,47,IND,IN
2023101506,2954,2,9,IND,23,JAX,SLANT
2023101506,1912,1,10,IND,29,JAX,GO
2023101506,2463,1,10,IND,37,IND,POST
2023101506,2581,3,11,IND,40,JAX,OUT
2023101506,4333,3,2,IND,33,IND,HITCH
2023101506,1267,3,11,JAX,35,JAX,CROSS
2023101506,3628,2,10,JAX,20,IND,HITCH
2023101506,1618,3,5,IND,30,IND,CROSS
2023101506,3966,2,10,IND,37,JAX,FLAT
2023101506,4285,1,10,IND,25,IND,HITCH
2023101506,3181,1,10,IND,42,IND,GO
2023101506,3275,1,7,JAX,7,IND,ANGLE
2023101506,1671,2,10,JAX,30,IND,IN
2023101506,2408,2,14,IND,20,IND,SLANT
2023101506,259,4,1,JAX,43,IND,FLAT
2023101506,1153,1,10,JAX,17,JAX,WHEEL
2023101506,3547,1,5,JAX,35,IND,GO
2023101506,1648,1,10,JAX,30,IND,GO
2023101506,3133,3,7,IND,28,IND,HITCH
2023101506,3853,1,6,JAX,6,IND,CROSS
2023101506,2293,2,10,JAX,25,JAX,HITCH
2023101506,4434,4,10,IND,47,IND,IN
2023101506,3454,2,10,JAX,25,JAX,HITCH
2023101506,3367,4,2,JAX,2,IND,OUT
2023101506,1183,2,10,JAX,17,JAX,GO
2023101506,1502,2,10,JAX,34,JAX,ANGLE
2023101506,3431,1,10,JAX,25,JAX,GO
2023101506,2068,2,7,IND,42,IND,ANGLE
2023101506,64,1,10,IND,25,IND,OUT
2023101506,2043,1,10,IND,39,IND,CROSS
2023101506,284,1,10,JAX,40,IND,ANGLE
2023101506,1365,1,18,IND,8,IND,FLAT
2023101506,309,2,3,JAX,33,IND,FLAT
2023101506,571,2,2,JAX,44,JAX,HITCH
2023101506,3828,1,10,JAX,27,IND,POST
2023101506,2093,1,10,JAX,42,IND,FLAT
2023101506,2433,3,2,IND,32,IND,CROSS
2023101506,3675,4,5,JAX,15,IND,CORNER
2023101506,1038,2,7,IND,28,IND,GO
2023101506,2784,2,14,JAX,27,JAX,FLAT
2023101506,3605,1,10,JAX,20,IND,ANGLE
2023101506,1723,2,7,JAX,38,JAX,OUT
2023101506,3484,3,4,JAX,31,JAX,HITCH
2023101506,1390,2,16,IND,10,IND,ANGLE
2023101506,1875,3,6,IND,36,JAX,OUT
2023101506,3156,4,7,IND,28,IND,IN
2023101506,645,1,10,IND,48,JAX,OUT
2023101506,2558,2,11,IND,40,JAX,GO
2023101506,4381,2,10,IND,47,IND,HITCH
2023101506,3803,1,10,IND,28,IND,GO
2023101506,4117,4,17,IND,18,IND,GO
2023101506,3570,2,5,JAX,35,IND,POST
2023101506,93,2,6,IND,29,IND,CROSS
2023101506,143,2,2,IND,43,IND,FLAT
2023101506,212,2,10,IND,48,IND,OUT
2023101506,409,3,5,JAX,10,IND,HITCH
2023101506,2979,1,9,IND,9,JAX,CROSS
2023101506,1843,2,11,IND,41,JAX,HITCH
2023101506,4310,2,2,IND,33,IND,IN
2023101506,386,2,5,JAX,10,IND,FLAT
2023101506,3110,2,7,IND,28,IND,HITCH
2023101506,4404,3,10,IND,47,IND,ANGLE
2023101506,2316,3,10,JAX,25,JAX,GO
2023101507,3708,3,10,CAR,40,CAR,HITCH
2023101507,1758,3,8,MIA,47,MIA,FLAT
2023101507,946,1,10,CAR,48,MIA,GO
2023101507,2535,1,10,CAR,26,MIA,SLANT
2023101507,2334,2,10,CAR,41,CAR,HITCH
2023101507,3731,4,10,CAR,40,CAR,CROSS
2023101507,3637,1,10,CAR,24,CAR,HITCH
2023101507,2505,2,5,MIA,27,MIA,IN
2023101507,1959,3,10,CAR,35,CAR,HITCH
2023101507,2242,1,10,CAR,30,CAR,IN
2023101507,1735,2,8,MIA,47,MIA,HITCH
2023101507,593,1,10,CAR,26,CAR,FLAT
2023101507,3581,2,5,CAR,13,CAR,IN
2023101507,901,1,10,MIA,25,MIA,POST
2023101507,1984,1,10,MIA,49,CAR,POST
2023101507,1688,3,10,MIA,28,MIA,POST
2023101507,844,2,8,MIA,8,CAR,POST
2023101507,821,1,8,MIA,8,CAR,POST
2023101507,1236,1,10,CAR,37,CAR,HITCH
2023101507,2009,1,10,MIA,33,CAR,HITCH
2023101507,3662,1,10,CAR,40,CAR,CORNER
2023101507,1306,3,8,CAR,49,CAR,GO
2023101507,1830,3,6,CAR,41,MIA,GO
2023101507,994,3,3,CAR,41,MIA,HITCH
2023101507,2878,4,2,MIA,24,CAR,CORNER
2023101507,1805,2,8,CAR,43,MIA,FLAT
2023101507,635,1,10,CAR,47,CAR,OUT
2023101507,321,3,6,MIA,33,CAR,OUT
2023101507,2176,2,10,MIA,25,MIA,HITCH
2023101507,2712,3,2,CAR,33,CAR,CROSS
2023101507,3809,3,10,CAR,39,MIA,FLAT
2023101507,2560,2,1,CAR,17,MIA,FLAT
2023101507,3302,1,10,CAR,25,CAR,HITCH
2023101507,3107,2,11,CAR,23,MIA,IN
2023101507,4111,3,4,CAR,31,CAR,HITCH
2023101507,2855,3,2,MIA,24,CAR,OUT
2023101507,1471,2,4,CAR,4,MIA,CROSS
2023101507,2737,1,10,MIA,43,CAR,IN
2023101507,3685,2,10,CAR,40,CAR,OUT
2023101507,1078,2,7,CAR,17,MIA,IN
2023101507,2992,2,8,CAR,43,MIA,IN
2023101507,2930,2,3,MIA,31,MIA,OUT
2023101507,472,1,10,MIA,25,MIA,HITCH
2023101507,240,1,10,CAR,36,CAR,CROSS
2023101507,4064,1,10,CAR,25,CAR,FLAT
2023101507,1211,2,6,CAR,29,CAR,HITCH
2023101507,189,3,10,MIA,26,MIA,FLAT
2023101507,1283,2,8,CAR,49,CAR,POST
2023101507,1597,3,7,CAR,28,CAR,CROSS
2023101507,3015,3,8,CAR,43,MIA,OUT
2023101507,3516,3,12,MIA,46,MIA,CORNER
2023101508,1056,1,10,DET,5,DET,HITCH
2023101508,571,2,4,TB,14,TB,HITCH
2023101508,3625,2,5,TB,7,TB,OUT
2023101508,1873,2,10,DET,20,DET,OUT
2023101508,2254,1,10,DET,35,TB,HITCH
2023101508,3857,2,10,DET,29,TB,POST
2023101508,3754,1,10,TB,32,TB,CROSS
2023101508,3205,2,10,TB,25,TB,HITCH
2023101508,3437,1,10,DET,43,DET,ANGLE
2023101508,3650,1,10,TB,18,TB,GO
2023101508,1921,1,10,DET,40,DET,CROSS
2023101508,2671,3,10,TB,45,DET,CORNER
2023101508,2540,2,9,DET,45,DET,HITCH
2023101508,596,1,10,TB,22,TB,CROSS
2023101508,3039,2,1,TB,25,DET,OUT
2023101508,3729,4,4,TB,24,TB,SLANT
2023101508,1224,3,7,TB,45,TB,CROSS
2023101508,1843,1,10,DET,20,DET,IN
2023101508,3600,1,10,TB,2,TB,ANGLE
2023101508,3484,3,5,DET,48,DET,CROSS
2023101508,3180,1,10,TB,25,TB,SCREEN
2023101508,1014,3,12,TB,32,TB,HITCH
2023101508,731,2,6,DET,29,DET,FLAT
2023101508,3365,3,3,DET,23,DET,OUT
2023101508,1896,3,10,DET,20,DET,HITCH
2023101508,1199,2,7,TB,45,TB,FLAT
2023101508,1380,3,3,DET,15,TB,IN
2023101508,2648,2,10,TB,45,DET,IN
2023101508,2989,1,5,DET,43,DET,IN
2023101508,320,3,7,DET,49,DET,IN
2023101508,3335,2,9,DET,17,DET,OUT
2023101508,3903,4,10,DET,29,TB,GO
2023101508,2466,2,9,DET,28,DET,HITCH
2023101508,2598,3,11,DET,43,DET,CROSS
2023101508,147,3,9,TB,44,TB,WHEEL
2023101508,3880,3,10,DET,29,TB,POST
2023101508,2178,3,13,TB,34,DET,IN
2023101508,1505,2,9,DET,45,DET,POST
2023101508,2360,3,11,DET,18,TB,OUT
2023101508,1357,2,3,DET,15,TB,FLAT
2023101508,3412,2,2,DET,35,DET,HITCH
2023101508,756,3,6,DET,29,DET,IN
2023101508,3230,3,2,TB,33,TB,CORNER
2023101508,124,2,9,TB,44,TB,IN
2023101508,77,2,8,TB,27,TB,CROSS
2023101508,3809,2,10,DET,42,TB,IN
2023101508,3064,1,10,TB,20,DET,CORNER
2023101508,2623,1,10,TB,45,DET,GO
2023101508,925,3,6,TB,24,TB,POST
2023101508,781,1,10,DET,41,DET,HITCH
2023101508,3673,2,10,TB,18,TB,SLANT
2023101508,828,3,1,,50,DET,GO
2023101508,243,2,4,DET,27,DET,OUT
2023101508,1750,1,10,TB,38,TB,POST
2023101508,397,1,10,TB,12,DET,CROSS
2023101508,2491,3,4,DET,33,DET,IN
2023101508,2222,1,10,TB,42,TB,HITCH
2023101508,2086,1,10,TB,42,DET,FLAT
2023101508,3014,1,10,TB,34,DET,HITCH
2023101508,1652,3,13,TB,27,DET,SLANT
2023101508,2036,2,10,DET,24,DET,HITCH
2023101508,1108,3,7,DET,8,DET,IN
2023101508,3834,1,10,DET,29,TB,GO
2023101508,1725,1,10,TB,23,TB,SLANT
2023101509,1146,2,10,NE,12,LV,POST
2023101509,3222,2,9,NE,39,NE,SLANT
2023101509,2808,3,8,NE,27,NE,OUT
2023101509,3674,1,10,LV,25,LV,OUT
2023101509,3197,1,10,NE,38,NE,FLAT
2023101509,2201,2,2,NE,48,NE,OUT
2023101509,2860,1,10,LV,35,LV,POST
2023101509,3589,3,7,LV,7,NE,FLAT
2023101509,1099,3,5,NE,18,LV,HITCH
2023101509,2980,3,5,NE,21,LV,CROSS
2023101509,1826,1,10,LV,47,LV,HITCH
2023101509,3920,2,11,NE,8,NE,GO
2023101509,604,2,15,NE,20,NE,FLAT
2023101509,1005,3,6,LV,45,LV,GO
2023101509,2672,2,20,NE,21,LV,HITCH
2023101509,951,1,10,LV,41,LV,ANGLE
2023101509,3449,2,6,LV,17,NE,HITCH
2023101509,831,2,9,NE,18,LV,SLANT
2023101509,2328,1,10,LV,14,NE,CROSS
2023101509,2463,1,10,LV,25,LV,OUT
2023101509,1214,1,10,NE,19,NE,SLANT
2023101509,1325,2,6,NE,35,NE,HITCH
2023101509,3374,2,15,LV,42,NE,CROSS
2023101509,729,1,10,NE,46,LV,OUT
2023101509,2591,3,8,NE,19,LV,SLANT
2023101509,2783,2,14,NE,21,NE,OUT
2023101509,3118,1,10,NE,25,NE,OUT
2023101509,1695,3,3,,50,NE,CROSS
2023101509,2005,2,20,NE,35,LV,OUT
2023101509,1261,3,3,NE,26,NE,FLAT
2023101509,3399,3,9,LV,36,NE,HITCH
2023101509,704,2,9,LV,41,LV,OUT
2023101509,2248,2,4,LV,31,NE,OUT
2023101509,3862,1,10,NE,9,NE,ANGLE
2023101509,2028,3,20,NE,35,LV,IN
2023101509,1408,3,5,LV,24,NE,IN
2023101509,380,3,11,NE,23,LV,CROSS
2023101509,2512,3,4,LV,31,LV,POST
2023101509,1670,2,10,NE,43,NE,SCREEN
2023101509,174,3,7,LV,49,LV,CROSS
2023101509,1300,1,10,NE,31,NE,SCREEN
2023101509,1909,2,8,NE,39,LV,SLANT
2023101509,104,3,2,LV,33,LV,HITCH
2023101509,1474,1,10,LV,25,LV,ANGLE
2023101509,1074,2,12,NE,25,LV,OUT
2023101509,3424,1,10,LV,21,NE,SCREEN
2023101509,3557,2,13,LV,13,NE,ANGLE
2023101509,2697,3,11,NE,12,LV,OUT
2023101509,77,2,6,LV,29,LV,FLAT
2023101510,174,2,10,LA,39,ARI,FLAT
2023101510,966,1,10,ARI,41,ARI,CROSS
2023101510,3744,4,10,ARI,25,ARI,IN
2023101510,4087,4,1,ARI,29,ARI,HITCH
2023101510,2985,1,10,LA,12,ARI,CROSS
2023101510,4208,3,4,LA,37,ARI,POST
2023101510,3721,3,10,ARI,25,ARI,SLANT
2023101510,3213,1,10,ARI,41,LA,HITCH
2023101510,1218,1,10,LA,25,LA,FLAT
2023101510,1126,2,10,LA,17,ARI,GO
2023101510,3663,1,10,ARI,25,ARI,GO
2023101510,2530,3,7,ARI,28,ARI,OUT
2023101510,4016,1,10,ARI,20,ARI,CROSS
2023101510,280,2,5,LA,30,LA,OUT
2023101510,3470,3,10,ARI,25,ARI,IN
2023101510,1533,2,11,LA,40,LA,IN
2023101510,2644,1,10,LA,28,LA,OUT
2023101510,3445,2,20,ARI,15,ARI,IN
2023101510,3101,2,17,LA,18,LA,HITCH
2023101510,3056,3,3,LA,19,LA,HITCH
2023101510,2032,2,10,ARI,26,LA,HITCH
2023101510,77,2,10,ARI,25,ARI,CROSS
2023101510,2855,1,10,ARI,38,ARI,HITCH
2023101510,4112,1,10,ARI,38,ARI,IN
2023101510,2940,1,10,LA,34,ARI,IN
2023101510,499,2,5,ARI,35,ARI,FLAT
2023101510,2590,1,10,LA,14,LA,HITCH
2023101510,2764,3,5,ARI,6,LA,OUT
2023101510,593,1,10,LA,48,ARI,HITCH
2023101510,827,2,10,ARI,11,LA,IN
2023101510,804,1,10,ARI,11,LA,POST
2023101510,1984,1,10,LA,25,LA,GO
2023101510,733,2,4,LA,47,LA,OUT
2023101510,4135,2,10,ARI,38,ARI,IN
2023101510,1149,3,10,LA,17,ARI,HITCH
2023101510,4041,2,1,ARI,29,ARI,OUT
2023101510,708,1,10,LA,41,LA,OUT
2023101510,3126,3,9,LA,26,LA,OUT
2023101510,333,2,10,LA,45,LA,SLANT
2023101510,1103,1,10,LA,17,ARI,GO
2023101510,2381,3,9,ARI,13,LA,OUT
2023101510,3803,2,22,ARI,39,ARI,IN
2023101510,916,1,10,ARI,25,ARI,CROSS
2023101510,1741,2,8,ARI,47,ARI,FLAT
2023101510,1025,3,11,ARI,40,ARI,IN
2023101510,4160,1,10,LA,43,ARI,ANGLE
2023101510,1379,1,10,LA,45,ARI,FLAT
2023101510,4064,3,1,ARI,29,ARI,CROSS
2023101510,199,3,8,LA,37,ARI,GO
2023101511,2887,2,23,PHI,49,NYJ,HITCH
2023101511,3940,1,10,NYJ,38,NYJ,SCREEN
2023101511,230,1,10,PHI,9,PHI,SCREEN
2023101511,366,3,7,PHI,24,PHI,IN
2023101511,1391,1,10,NYJ,48,PHI,ANGLE
2023101511,3339,1,10,PHI,25,PHI,POST
2023101511,336,2,10,PHI,21,PHI,FLAT
2023101511,4340,2,10,PHI,25,PHI,CROSS
2023101511,3009,2,12,PHI,5,PHI,IN
2023101511,4033,1,10,PHI,20,PHI,FLAT
2023101511,4132,3,7,PHI,34,PHI,OUT
2023101511,2149,1,10,NYJ,49,NYJ,SLANT
2023101511,2635,3,23,PHI,43,PHI,OUT
2023101511,1637,2,10,PHI,36,PHI,FLAT
2023101511,1589,4,5,PHI,40,NYJ,SCREEN
2023101511,1689,2,9,PHI,48,PHI,POST
2023101511,1741,2,9,NYJ,9,PHI,ANGLE
2023101511,2591,1,15,NYJ,49,PHI,IN
2023101511,873,2,4,NYJ,31,NYJ,SLANT
2023101511,3785,1,10,NYJ,19,PHI,HITCH
2023101511,955,1,10,NYJ,48,NYJ,SLANT
2023101511,4388,4,8,PHI,27,PHI,POST
2023101511,708,2,10,NYJ,10,PHI,POST
2023101511,2108,1,10,NYJ,47,PHI,ANGLE
2023101511,1366,3,5,PHI,44,PHI,IN
2023101511,181,3,5,NYJ,37,NYJ,OUT
2023101511,1313,1,10,PHI,39,PHI,CROSS
2023101511,2356,2,20,PHI,22,NYJ,FLAT
2023101511,1288,1,10,PHI,25,PHI,IN
2023101511,3273,3,17,PHI,20,NYJ,GO
2023101511,134,1,10,NYJ,32,NYJ,HITCH
2023101511,1890,1,10,PHI,43,NYJ,ANGLE
2023101511,1833,2,10,NYJ,25,NYJ,IN
2023101511,533,2,9,NYJ,45,PHI,ANGLE
2023101511,2514,2,1,PHI,47,PHI,HITCH
2023101511,1810,1,10,NYJ,25,NYJ,CROSS
2023101511,2716,1,10,NYJ,7,NYJ,GO
2023101511,4085,1,10,PHI,31,PHI,OUT
2023101511,396,1,10,PHI,32,PHI,SLANT
2023101511,2238,1,10,PHI,27,NYJ,HITCH
2023101511,1153,1,10,PHI,22,NYJ,OUT
2023101511,3559,3,15,NYJ,33,NYJ,ANGLE
2023101511,2910,3,23,PHI,49,NYJ,ANGLE
2023101511,2333,1,20,PHI,22,NYJ,FLAT
2023101511,3660,3,6,PHI,22,PHI,GO
2023101511,2780,2,1,NYJ,49,NYJ,ANGLE
2023101511,55,1,10,NYJ,25,NYJ,OUT
2023101511,283,3,8,PHI,11,PHI,OUT
2023101511,3228,1,10,PHI,13,NYJ,HITCH
2023101511,1920,1,10,PHI,18,NYJ,GO
2023101511,4317,1,10,PHI,25,PHI,CROSS
2023101511,4363,3,10,PHI,25,PHI,CROSS
2023101511,3915,2,7,NYJ,30,NYJ,OUT
2023101511,3510,2,16,NYJ,32,NYJ,IN
2023101511,3114,2,7,PHI,33,NYJ,OUT
2023101511,558,3,2,NYJ,38,PHI,FLAT
2023101511,4227,3,9,PHI,46,PHI,HITCH
2023101511,1943,2,10,PHI,18,NYJ,HITCH
2023101511,1614,1,10,PHI,36,PHI,GO
2023101511,3137,3,7,PHI,33,NYJ,SLANT
2023101511,1343,2,5,PHI,44,PHI,IN
2023101512,2765,1,10,BUF,33,BUF,CROSS
2023101512,1541,3,7,NYG,34,BUF,CORNER
2023101512,2553,3,8,NYG,46,NYG,HITCH
2023101512,3937,3,8,NYG,38,NYG,GO
2023101512,2108,1,10,NYG,46,BUF,POST
2023101512,1405,3,11,NYG,14,NYG,FLAT
2023101512,4167,3,2,BUF,49,NYG,FLAT
2023101512,3691,3,2,NYG,24,BUF,ANGLE
2023101512,96,2,7,BUF,28,BUF,HITCH
2023101512,359,2,8,BUF,37,BUF,HITCH
2023101512,1585,1,10,NYG,42,NYG,OUT
2023101512,973,3,10,NYG,37,BUF,FLAT
2023101512,124,3,7,BUF,28,BUF,CROSS
2023101512,596,3,4,BUF,20,NYG,OUT
2023101512,4112,1,10,NYG,43,NYG,FLAT
2023101512,2193,3,3,NYG,48,NYG,GO
2023101512,4227,2,4,BUF,40,NYG,HITCH
2023101512,948,2,10,NYG,37,BUF,FLAT
2023101512,1155,2,9,BUF,32,BUF,CROSS
2023101512,3890,1,10,NYG,36,NYG,CROSS
2023101512,2834,3,2,NYG,49,BUF,FLAT
2023101512,2982,2,5,NYG,8,BUF,FLAT
2023101512,3572,2,5,BUF,44,BUF,IN
2023101512,4252,3,1,BUF,37,NYG,HITCH
2023101512,1787,2,17,BUF,26,NYG,OUT
2023101512,3865,3,6,NYG,29,NYG,HITCH
2023101512,59,1,10,BUF,25,BUF,OUT
2023101512,4307,2,10,BUF,32,NYG,OUT
2023101512,1518,2,7,NYG,34,BUF,POST
2023101512,178,1,10,NYG,24,NYG,FLAT
2023101512,3967,4,8,NYG,38,NYG,GO
2023101512,3464,1,10,BUF,25,BUF,OUT
2023101512,3738,2,6,NYG,15,BUF,HITCH
2023101512,4068,3,9,NYG,36,BUF,CORNER
2023101512,4337,3,4,BUF,26,NYG,SCREEN
2023101512,310,2,8,BUF,17,BUF,POST
2023101512,2074,1,10,BUF,35,BUF,HITCH
2023101512,845,1,10,BUF,25,BUF,CROSS
2023101512,520,3,7,NYG,47,NYG,GO
2023101512,2161,2,9,NYG,42,NYG,HITCH
2023101512,423,2,10,BUF,46,BUF,FLAT
2023101512,2913,3,6,NYG,32,BUF,HITCH
2023101512,2429,1,10,NYG,17,NYG,OUT
2023101512,3666,2,6,NYG,28,BUF,FLAT
2023101512,1696,3,9,BUF,29,NYG,HITCH
2023101512,2296,1,10,BUF,10,NYG,OUT
2023101512,4197,1,10,BUF,46,NYG,FLAT
2023101512,4490,1,1,BUF,1,NYG,GO
2023101512,1622,2,2,,50,NYG,HITCH
2023101512,3806,1,10,NYG,25,NYG,OUT
2023101600,4105,2,9,LAC,32,DAL,ANGLE
2023101600,4008,1,10,DAL,45,DAL,HITCH
2023101600,389,1,10,DAL,36,DAL,POST
2023101600,2674,4,1,DAL,7,LAC,CROSS
2023101600,3755,2,3,DAL,3,LAC,IN
2023101600,1917,1,10,,50,LAC,GO
2023101600,1552,1,10,DAL,39,DAL,HITCH
2023101600,4456,3,10,LAC,25,LAC,HITCH
2023101600,4053,3,6,DAL,49,DAL,CROSS
2023101600,513,2,5,LAC,22,DAL,POST
2023101600,1296,3,10,DAL,12,DAL,HITCH
2023101600,740,1,10,DAL,22,DAL,SLANT
2023101600,1750,3,3,LAC,15,DAL,OUT
2023101600,3778,3,3,DAL,3,LAC,FLAT
2023101600,1974,2,20,LAC,40,LAC,FLAT
2023101600,697,3,2,LAC,33,LAC,IN
2023101600,2579,2,8,DAL,35,LAC,SLANT
2023101600,1633,1,10,LAC,35,DAL,POST
2023101600,2076,2,10,DAL,29,DAL,CORNER
2023101600,3541,2,24,LAC,16,LAC,IN
2023101600,156,1,10,DAL,42,LAC,CORNER
2023101600,3298,2,12,LAC,18,DAL,IN
2023101600,414,1,10,LAC,41,DAL,SLANT
2023101600,4182,3,9,LAC,32,DAL,HITCH
2023101600,1165,2,8,DAL,42,LAC,HITCH
2023101600,2835,2,8,DAL,47,LAC,OUT
2023101600,2053,1,10,DAL,29,DAL,SLANT
2023101600,848,3,6,LAC,47,DAL,CROSS
2023101600,3357,2,2,LAC,2,DAL,CROSS
2023101600,2532,2,9,,50,LAC,IN
2023101600,1188,3,8,DAL,42,LAC,OUT
2023101600,3898,1,15,DAL,20,DAL,HITCH
2023101600,927,2,7,LAC,5,LAC,HITCH
2023101600,364,1,10,DAL,25,DAL,HITCH
2023101600,307,3,1,DAL,1,LAC,FLAT
2023101600,1825,2,10,LAC,13,LAC,CROSS
2023101600,2507,1,15,LAC,44,LAC,HITCH
2023101600,1260,2,9,DAL,13,DAL,ANGLE
2023101600,2220,1,10,LAC,17,DAL,ANGLE
2023101600,3038,3,6,DAL,6,LAC,CORNER
2023101600,1850,1,10,LAC,39,LAC,CROSS
2023101600,3168,3,11,DAL,24,DAL,ANGLE
2023101600,3599,3,10,LAC,30,LAC,IN
2023101600,3803,4,1,DAL,1,LAC,FLAT
2023101600,2111,1,10,LAC,48,DAL,HITCH
2023101600,2865,3,6,DAL,45,LAC,CROSS
2023101600,1887,2,10,LAC,39,LAC,OUT
2023101600,1678,3,8,LAC,33,DAL,HITCH
2023101600,2627,2,10,DAL,16,LAC,FLAT
2023101600,2940,2,9,DAL,21,LAC,OUT
2023101600,952,1,10,LAC,16,LAC,FLAT
2023101600,2370,2,15,LAC,20,LAC,IN
2023101600,3421,1,10,LAC,25,LAC,GO
2023101600,4288,3,10,LAC,21,DAL,WHEEL
2023101600,2179,1,20,LAC,47,DAL,HITCH
2023101600,1515,1,10,DAL,22,DAL,IN
2023101900,2785,2,10,JAX,25,JAX,SLANT
2023101900,1173,1,10,NO,25,NO,HITCH
2023101900,867,3,5,JAX,5,NO,GO
2023101900,610,1,10,JAX,41,JAX,CROSS
2023101900,3730,2,11,JAX,25,JAX,GO
2023101900,385,3,4,NO,31,NO,OUT
2023101900,3160,3,6,JAX,29,NO,ANGLE
2023101900,2070,3,5,NO,49,JAX,HITCH
2023101900,2174,2,3,NO,26,JAX,OUT
2023101900,4155,2,10,NO,10,NO,HITCH
2023101900,4066,2,10,NO,49,JAX,OUT
2023101900,1553,3,3,JAX,46,NO,IN
2023101900,1386,3,10,JAX,45,JAX,OUT
2023101900,2455,2,9,NO,40,NO,SCREEN
2023101900,4411,1,10,JAX,41,NO,SCREEN
2023101900,1526,2,6,JAX,49,NO,OUT
2023101900,3023,1,10,NO,41,NO,HITCH
2023101900,340,1,10,NO,25,NO,ANGLE
2023101900,3907,1,10,JAX,36,NO,CORNER
2023101900,1300,4,2,JAX,44,NO,CROSS
2023101900,2142,1,10,NO,33,JAX,HITCH
2023101900,3640,2,10,NO,7,NO,HITCH
2023101900,4586,3,6,JAX,6,NO,CORNER
2023101900,2903,3,10,NO,13,NO,IN
2023101900,1277,3,2,JAX,44,NO,GO
2023101900,1203,2,5,NO,30,NO,OUT
2023101900,1928,1,10,JAX,25,JAX,OUT
2023101900,4089,3,10,NO,49,JAX,GO
2023101900,1027,1,10,JAX,41,JAX,OUT
2023101900,705,3,6,NO,45,NO,IN
2023101900,1704,1,10,JAX,46,NO,ANGLE
2023101900,2211,3,2,NO,25,JAX,CORNER
2023101900,977,3,3,JAX,32,JAX,OUT
2023101900,1958,1,10,JAX,35,JAX,SLANT
2023101900,3875,1,10,NO,47,NO,HITCH
2023101900,3665,3,5,NO,12,NO,GO
2023101900,543,2,7,JAX,32,NO,IN
2023101900,1429,1,10,NO,13,NO,ANGLE
2023101900,172,1,10,NO,26,JAX,CROSS
2023101900,3083,2,3,JAX,40,NO,OUT
2023101900,227,3,7,NO,23,JAX,HITCH
2023101900,2017,1,15,JAX,41,JAX,HITCH
2023101900,4336,1,10,NO,25,NO,POST
2023101900,1650,3,3,JAX,25,JAX,OUT
2023101900,842,2,5,JAX,5,NO,IN
2023101900,1751,3,6,JAX,42,NO,ANGLE
2023101900,2969,1,10,NO,25,NO,HITCH
2023101900,2393,1,10,NO,25,NO,OUT
2023101900,4493,2,10,JAX,18,NO,SLANT
2023101900,4616,4,6,JAX,6,NO,GO
2023101900,78,2,10,JAX,25,JAX,OUT
2023101900,4361,1,10,NO,43,NO,ANGLE
2023101900,2527,1,10,JAX,35,NO,SCREEN
2023101900,2631,2,20,JAX,33,NO,GO
2023101900,2880,2,10,NO,13,NO,OUT
2023101900,2480,3,4,NO,45,NO,OUT
2023101900,2654,3,20,JAX,33,NO,FLAT
2023101900,491,2,11,JAX,49,NO,FLAT
2023101900,3932,1,10,JAX,17,NO,GO
2023101900,1835,2,8,JAX,20,NO,IN
2023101900,4274,2,8,NO,44,JAX,HITCH
2023101900,1776,4,3,JAX,39,NO,OUT
2023101900,3053,1,10,JAX,47,NO,OUT
2023101900,680,2,9,NO,42,NO,HITCH
2023102200,2671,2,3,DET,43,DET,HITCH
2023102200,967,3,11,BAL,27,BAL,CORNER
2023102200,1810,2,7,DET,28,DET,OUT
2023102200,110,1,10,BAL,38,BAL,IN
2023102200,3116,3,19,DET,44,DET,HITCH
2023102200,2027,2,11,BAL,36,DET,IN
2023102200,801,3,4,DET,31,DET,OUT
2023102200,2970,1,10,DET,23,DET,WHEEL
2023102200,3405,2,18,DET,21,BAL,HITCH
2023102200,1316,1,10,DET,24,BAL,CORNER
2023102200,3553,3,3,DET,32,DET,OUT
2023102200,421,2,7,BAL,35,BAL,SLANT
2023102200,2466,4,6,BAL,6,DET,SLANT
2023102200,3633,1,10,BAL,48,DET,HITCH
2023102200,2420,2,6,BAL,6,DET,ANGLE
2023102200,3708,2,8,BAL,32,DET,OUT
2023102200,3608,2,3,DET,44,DET,HITCH
2023102200,2639,1,10,DET,36,DET,HITCH
2023102200,3152,1,10,BAL,30,DET,HITCH
2023102200,754,1,10,DET,25,DET,FLAT
2023102200,661,2,7,DET,16,BAL,HITCH
2023102200,3980,2,10,DET,42,DET,OUT
2023102200,3498,1,10,DET,25,DET,FLAT
2023102200,1874,1,10,DET,36,DET,OUT
2023102200,1785,1,10,DET,25,DET,ANGLE
2023102200,922,1,20,BAL,18,BAL,OUT
2023102200,2343,4,4,BAL,45,DET,CROSS
2023102200,2241,2,7,DET,28,DET,IN
2023102200,4003,3,10,DET,42,DET,CROSS
2023102200,1639,1,20,BAL,38,BAL,OUT
2023102200,3761,2,10,BAL,20,DET,SLANT
2023102200,389,1,10,BAL,32,BAL,FLAT
2023102200,478,3,7,BAL,35,BAL,IN
2023102200,1904,2,3,DET,43,DET,CROSS
2023102200,1576,4,8,BAL,48,DET,CORNER
2023102200,537,2,11,,50,BAL,HITCH
2023102200,1927,3,3,DET,43,DET,OUT
2023102200,686,3,3,DET,12,BAL,OUT
2023102200,55,1,10,BAL,25,BAL,FLAT
2023102200,3784,3,10,BAL,20,DET,SCREEN
2023102200,3583,1,10,DET,37,DET,CROSS
2023102200,584,2,2,DET,22,BAL,HITCH
2023102200,3523,2,10,DET,25,DET,ANGLE
2023102200,3807,4,10,BAL,20,DET,HITCH
2023102200,1092,1,10,DET,11,BAL,CROSS
2023102200,4028,4,5,DET,47,DET,OUT
2023102200,857,1,10,BAL,8,BAL,CROSS
2023102200,3047,1,10,BAL,47,DET,OUT
2023102200,2518,2,7,BAL,9,BAL,FLAT
2023102200,3022,2,1,BAL,49,DET,FLAT
2023102200,291,2,6,DET,42,DET,OUT
2023102200,1017,1,10,BAL,49,BAL,HITCH
2023102200,1478,1,10,DET,36,DET,CROSS
2023102200,3273,1,10,DET,43,BAL,SLANT
2023102200,2786,4,1,BAL,36,DET,POST
2023102200,4053,1,10,BAL,47,DET,GO
2023102200,80,2,8,BAL,27,BAL,SLANT
2023102200,1523,2,12,DET,48,DET,SLANT
2023102200,3886,3,5,BAL,25,BAL,GO
2023102200,1546,3,12,DET,48,DET,IN
2023102200,3658,2,2,BAL,40,DET,HITCH
2023102200,1198,3,16,DET,19,DET,HITCH
2023102200,2565,2,7,DET,8,BAL,CROSS
2023102200,1686,2,5,DET,35,BAL,HITCH
2023102200,3950,1,10,DET,42,DET,GO
2023102200,3683,1,10,BAL,34,DET,FLAT
2023102201,3726,1,10,LV,25,LV,HITCH
2023102201,2935,2,5,LV,41,LV,OUT
2023102201,2001,1,10,CHI,35,CHI,OUT
2023102201,3005,2,18,LV,39,LV,POST
2023102201,4142,1,10,CHI,20,LV,FLAT
2023102201,1843,2,6,CHI,21,LV,SLANT
2023102201,3249,2,10,CHI,10,LV,FLAT
2023102201,1582,2,2,LV,44,LV,OUT
2023102201,485,3,5,CHI,49,CHI,IN
2023102201,3849,3,10,LV,21,LV,FLAT
2023102201,3481,3,5,CHI,45,CHI,OUT
2023102201,917,3,5,CHI,47,LV,CORNER
2023102201,1040,1,10,CHI,19,CHI,OUT
2023102201,2089,3,7,CHI,38,CHI,HITCH
2023102201,1682,2,10,CHI,36,LV,GO
2023102201,4117,1,10,CHI,35,LV,ANGLE
2023102201,2788,3,5,LV,5,CHI,FLAT
2023102201,3874,4,4,LV,27,LV,OUT
2023102201,3197,4,4,CHI,9,LV,OUT
2023102201,4037,1,10,LV,40,LV,OUT
2023102201,4199,3,4,CHI,14,LV,HITCH
2023102201,2693,1,10,LV,19,CHI,FLAT
2023102201,3799,1,10,LV,21,LV,IN
2023102201,225,2,8,CHI,44,LV,SLANT
2023102201,2367,3,7,LV,45,LV,IN
2023102201,894,2,5,CHI,47,LV,OUT
2023102201,2765,2,5,LV,5,CHI,GO
2023102201,1396,1,10,LV,19,CHI,CROSS
2023102201,834,2,9,LV,34,LV,IN
2023102201,302,3,4,CHI,23,LV,HITCH
2023102201,3904,1,10,LV,36,LV,GO
2023102201,1303,2,6,LV,27,LV,ANGLE
2023102201,1187,2,9,CHI,31,CHI,OUT
2023102201,1976,2,4,CHI,27,CHI,SLANT
2023102201,2857,1,10,LV,25,LV,GO
2023102201,4062,1,10,CHI,48,LV,FLAT
2023102201,1946,1,10,CHI,21,CHI,IN
2023102201,424,1,10,CHI,44,CHI,HITCH
2023102201,173,1,10,LV,43,LV,OUT
2023102201,4224,1,9,CHI,9,LV,SLANT
2023102201,2880,2,10,LV,25,LV,HITCH
2023102201,1527,2,7,LV,28,LV,HITCH
2023102201,2905,1,10,LV,36,LV,HITCH
2023102201,1552,1,10,LV,36,LV,OUT
2023102201,2960,3,3,LV,43,LV,SLANT
2023102201,3284,3,6,CHI,6,LV,CORNER
2023102201,4092,2,6,CHI,44,LV,ANGLE
2023102201,2668,3,6,LV,25,CHI,FLAT
2023102201,1764,1,25,CHI,39,LV,HITCH
2023102201,107,3,7,CHI,28,CHI,ANGLE
2023102201,4167,2,8,CHI,18,LV,HITCH
2023102201,3826,2,10,LV,21,LV,HITCH
2023102201,3129,3,4,CHI,9,LV,WHEEL
2023102201,1634,2,7,LV,49,LV,HITCH
2023102201,755,2,7,LV,28,LV,POST
2023102201,1162,1,20,CHI,20,CHI,SLANT
2023102201,1873,3,6,CHI,21,LV,IN
2023102202,3330,2,6,CLE,29,CLE,GO
2023102202,2867,3,2,IND,41,IND,CORNER
2023102202,4513,2,10,CLE,20,CLE,SLANT
2023102202,1295,1,10,IND,25,IND,CROSS
2023102202,4617,2,9,IND,36,CLE,HITCH
2023102202,1896,1,10,CLE,25,CLE,CORNER
2023102202,2728,2,10,CLE,20,CLE,GO
2023102202,287,3,7,IND,41,IND,GO
2023102202,3824,2,16,IND,47,CLE,HITCH
2023102202,3769,3,6,CLE,46,CLE,OUT
2023102202,1603,3,10,IND,26,CLE,CROSS
2023102202,938,3,7,CLE,25,CLE,IN
2023102202,2380,1,10,CLE,30,CLE,ANGLE
2023102202,1922,2,10,CLE,25,CLE,HITCH
2023102202,4265,2,6,CLE,29,CLE,FLAT
2023102202,1717,3,8,IND,27,IND,CORNER
2023102202,4782,1,1,IND,1,CLE,OUT
2023102202,2068,3,14,CLE,47,CLE,OUT
2023102202,2405,2,2,CLE,38,CLE,FLAT
2023102202,205,3,3,IND,32,IND,HITCH
2023102202,1400,1,10,CLE,33,IND,FLAT
2023102202,685,1,10,IND,43,IND,POST
2023102202,3527,3,8,CLE,48,IND,GO
2023102202,1692,2,13,IND,22,IND,FLAT
2023102202,1810,3,7,CLE,12,IND,CROSS
2023102202,2931,2,10,IND,42,CLE,HITCH
2023102202,4536,3,10,CLE,20,CLE,GO
2023102202,4175,2,10,IND,25,IND,POST
2023102202,230,1,10,IND,38,IND,FLAT
2023102202,4094,3,7,IND,40,CLE,SLANT
2023102202,634,3,11,CLE,2,CLE,SLANT
2023102202,3630,3,9,CLE,15,IND,SLANT
2023102202,443,3,8,CLE,27,CLE,CORNER
2023102202,2435,1,10,CLE,43,CLE,OUT
2023102202,4938,1,10,IND,25,IND,IN
2023102202,3353,3,6,CLE,29,CLE,HITCH
2023102202,4664,2,13,IND,22,CLE,OUT
2023102202,1375,1,10,CLE,43,IND,SLANT
2023102202,3858,3,16,IND,47,CLE,GO
2023102202,3607,2,9,CLE,15,IND,CROSS
2023102202,62,1,10,CLE,23,CLE,OUT
2023102202,2460,2,1,IND,48,CLE,FLAT
2023102202,715,2,10,IND,43,IND,WHEEL
2023102203,2224,3,8,NE,8,BUF,FLAT
2023102203,4129,1,10,BUF,25,BUF,POST
2023102203,625,3,5,BUF,30,BUF,SLANT
2023102203,2008,1,10,BUF,34,BUF,FLAT
2023102203,422,3,1,BUF,26,NE,IN
2023102203,913,3,17,NE,18,BUF,POST
2023102203,3557,1,10,NE,29,BUF,IN
2023102203,4072,2,1,BUF,1,NE,POST
2023102203,2066,2,9,BUF,35,BUF,FLAT
2023102203,318,1,10,BUF,45,NE,FLAT
2023102203,1415,1,10,BUF,25,BUF,HITCH
2023102203,291,1,10,BUF,24,BUF,CORNER
2023102203,150,1,10,BUF,45,NE,FLAT
2023102203,3942,1,10,BUF,25,NE,SLANT
2023102203,1266,1,10,BUF,46,NE,CROSS
2023102203,3493,1,15,NE,20,NE,HITCH
2023102203,1743,2,5,NE,37,NE,HITCH
2023102203,1706,1,10,NE,32,NE,OUT
2023102203,2628,1,10,BUF,37,BUF,HITCH
2023102203,3917,3,8,BUF,39,NE,POST
2023102203,3892,2,5,BUF,36,NE,FLAT
2023102203,3393,1,10,NE,25,BUF,POST
2023102203,3284,1,10,BUF,37,BUF,HITCH
2023102203,1347,3,10,BUF,13,NE,IN
2023102203,1462,1,10,BUF,36,BUF,HITCH
2023102203,1106,1,10,BUF,13,BUF,FLAT
2023102203,2152,1,10,NE,20,BUF,FLAT
2023102203,567,2,6,BUF,29,BUF,SLANT
2023102203,2603,3,15,BUF,20,BUF,SCREEN
2023102203,3694,1,4,NE,4,BUF,OUT
2023102203,1487,1,10,NE,49,BUF,HITCH
2023102203,2347,1,10,NE,41,NE,CROSS
2023102203,3974,2,2,BUF,17,NE,ANGLE
2023102203,3516,2,15,NE,20,NE,HITCH
2023102203,2580,2,15,BUF,20,BUF,CORNER
2023102203,2841,3,7,NE,38,BUF,HITCH
2023102203,2199,2,8,NE,8,BUF,HITCH
2023102203,1983,2,12,BUF,17,BUF,IN
2023102203,1819,2,6,NE,47,NE,HITCH
2023102203,2322,2,5,NE,30,NE,SLANT
2023102203,3651,4,2,NE,8,BUF,FLAT
2023102203,56,1,10,NE,25,NE,SCREEN
2023102203,3259,1,10,BUF,25,BUF,SCREEN
2023102203,2438,2,9,BUF,25,NE,FLAT
2023102203,1588,3,6,NE,32,BUF,HITCH
2023102203,2866,4,2,NE,33,BUF,IN
2023102203,3368,2,5,NE,36,BUF,OUT
2023102203,3099,1,15,BUF,23,NE,POST
2023102203,1031,3,9,NE,26,NE,ANGLE
2023102203,3146,2,4,BUF,4,NE,FLAT
2023102203,1208,3,7,BUF,16,BUF,CORNER
2023102203,3343,1,10,NE,41,BUF,HITCH
2023102203,2729,3,8,,50,BUF,ANGLE
2023102204,3345,3,2,NYG,29,NYG,OUT
2023102204,1236,1,10,NYG,16,NYG,SLANT
2023102204,2855,3,14,NYG,32,NYG,HITCH
2023102204,4317,2,11,NYG,28,WAS,OUT
2023102204,1597,2,5,WAS,30,WAS,HITCH
2023102204,567,3,6,WAS,36,WAS,CROSS
2023102204,2832,2,14,NYG,32,NYG,HITCH
2023102204,2055,2,8,NYG,41,NYG,HITCH
2023102204,3251,3,14,WAS,13,WAS,FLAT
2023102204,3405,1,10,WAS,10,WAS,GO
2023102204,4074,1,10,WAS,13,WAS,OUT
2023102204,869,2,7,NYG,15,NYG,OUT
2023102204,350,3,6,NYG,15,NYG,GO
2023102204,3510,3,9,NYG,47,WAS,GO
2023102204,1733,1,10,NYG,28,NYG,CROSS
2023102204,515,1,10,WAS,32,WAS,HITCH
2023102204,2201,1,10,WAS,11,WAS,HITCH
2023102204,4129,1,10,WAS,24,WAS,GO
2023102204,291,1,10,NYG,11,NYG,OUT
2023102204,777,2,4,NYG,38,WAS,HITCH
2023102204,4202,2,7,WAS,40,WAS,CROSS
2023102204,1433,2,2,WAS,43,WAS,CROSS
2023102204,2992,2,20,WAS,27,WAS,OUT
2023102204,2321,2,2,NYG,40,NYG,HITCH
2023102204,215,3,22,WAS,19,WAS,CROSS
2023102204,1799,2,23,NYG,42,NYG,HITCH
2023102204,4152,2,10,WAS,24,WAS,SLANT
2023102204,639,2,5,NYG,16,NYG,FLAT
2023102204,2660,1,4,NYG,4,WAS,OUT
2023102204,4017,1,10,WAS,8,WAS,GO
2023102204,471,3,2,WAS,23,NYG,GO
2023102204,2296,1,10,NYG,32,NYG,HITCH
2023102204,3797,3,5,NYG,29,NYG,OUT
2023102204,3849,2,9,NYG,37,NYG,GO
2023102204,4482,4,5,NYG,7,WAS,CROSS
2023102204,3616,3,9,NYG,15,WAS,CROSS
2023102204,1076,3,15,WAS,15,NYG,GO
2023102204,4104,2,1,WAS,22,WAS,FLAT
2023102204,1481,1,10,WAS,48,NYG,CROSS
2023102204,723,1,10,WAS,38,WAS,HITCH
2023102204,4452,3,5,NYG,7,WAS,HITCH
2023102204,1511,1,10,WAS,32,NYG,OUT
2023102204,1403,1,10,WAS,35,WAS,OUT
2023102204,2630,4,1,NYG,12,WAS,OUT
2023102204,1933,2,20,WAS,14,WAS,CROSS
2023102204,2928,2,8,WAS,23,WAS,CROSS
2023102204,4347,3,3,NYG,20,WAS,FLAT
2023102204,4177,1,10,WAS,37,WAS,HITCH
2023102204,894,1,10,NYG,37,NYG,CROSS
2023102204,924,1,10,WAS,41,NYG,HITCH
2023102204,3063,1,10,NYG,20,NYG,OUT
2023102204,3022,3,5,WAS,42,WAS,OUT
2023102204,2246,3,11,WAS,10,WAS,CORNER
2023102204,4372,4,1,NYG,18,WAS,HITCH
2023102205,1057,2,19,TB,25,TB,OUT
2023102205,1845,1,10,ATL,25,ATL,HITCH
2023102205,1637,2,8,ATL,40,TB,OUT
2023102205,4149,1,8,ATL,8,TB,IN
2023102205,2613,2,9,TB,26,ATL,SLANT
2023102205,2458,3,5,TB,15,TB,CROSS
2023102205,1234,2,7,TB,18,ATL,SLANT
2023102205,3147,2,6,TB,29,TB,FLAT
2023102205,325,1,10,ATL,42,ATL,POST
2023102205,431,2,6,TB,24,ATL,GO
2023102205,2846,2,9,TB,4,TB,SLANT
2023102205,1749,2,11,ATL,11,TB,GO
2023102205,2707,3,8,TB,14,ATL,OUT
2023102205,3035,2,6,TB,28,ATL,SLANT
2023102205,279,3,5,ATL,41,TB,HITCH
2023102205,3821,2,8,ATL,26,TB,OUT
2023102205,1180,1,10,ATL,33,ATL,POST
2023102205,3415,2,8,ATL,9,ATL,FLAT
2023102205,2321,2,14,ATL,26,ATL,OUT
2023102205,968,1,10,TB,34,TB,ANGLE
2023102205,784,2,10,ATL,40,TB,GO
2023102205,4063,2,7,ATL,32,TB,OUT
2023102205,1487,1,10,TB,37,TB,GO
2023102205,2682,2,8,TB,14,ATL,FLAT
2023102205,3959,1,10,TB,33,TB,OUT
2023102205,1432,2,10,TB,18,TB,CROSS
2023102205,1106,3,19,TB,25,TB,OUT
2023102205,3694,2,10,TB,20,TB,IN
2023102205,3982,2,10,TB,33,TB,FLAT
2023102205,4258,1,10,ATL,25,ATL,CORNER
2023102205,3671,1,10,TB,20,TB,SLANT
2023102205,1326,3,5,TB,5,ATL,GO
2023102205,895,3,4,ATL,31,ATL,HITCH
2023102205,1689,2,7,ATL,28,TB,HITCH
2023102205,715,2,6,ATL,47,TB,HITCH
2023102205,644,2,10,TB,38,TB,OUT
2023102205,478,2,4,TB,4,ATL,SLANT
2023102205,1510,2,10,TB,37,TB,IN
2023102205,2406,1,10,TB,10,TB,OUT
2023102205,1590,2,10,TB,42,TB,SLANT
2023102205,1567,1,10,TB,42,TB,FLAT
2023102205,3744,2,10,TB,32,TB,IN
2023102205,2067,3,7,TB,35,ATL,SLANT
2023102205,256,2,5,ATL,41,TB,GO
2023102205,1897,1,10,ATL,35,ATL,OUT
2023102205,55,1,10,TB,25,TB,CROSS
2023102205,3769,3,3,TB,39,TB,OUT
2023102205,1772,3,11,ATL,11,TB,FLAT
2023102205,610,1,10,TB,38,TB,CROSS
2023102205,80,2,8,TB,27,TB,SLANT
2023102205,870,2,7,ATL,28,ATL,CROSS
2023102205,3293,1,20,TB,40,TB,OUT
2023102205,3318,2,17,TB,43,TB,CROSS
2023102205,1457,3,4,TB,24,TB,CROSS
2023102205,3383,1,10,ATL,7,ATL,SCREEN
2023102206,1606,2,9,PIT,26,PIT,GO
2023102206,1443,3,11,LA,49,LA,IN
2023102206,2525,1,10,PIT,25,PIT,HITCH
2023102206,2387,3,7,PIT,28,LA,CROSS
2023102206,227,2,4,PIT,41,LA,SLANT
2023102206,1919,2,10,PIT,31,LA,CORNER
2023102206,3198,3,3,LA,32,LA,CROSS
2023102206,3422,2,5,LA,30,PIT,OUT
2023102206,2996,2,7,PIT,44,PIT,SCREEN
2023102206,3684,3,10,LA,43,LA,IN
2023102206,746,1,10,PIT,43,PIT,OUT
2023102206,1517,3,4,PIT,23,LA,SLANT
2023102206,1184,3,29,LA,29,LA,FLAT
2023102206,1235,1,10,PIT,19,PIT,HITCH
2023102206,3894,3,8,LA,46,PIT,SLANT
2023102206,1786,3,3,LA,19,LA,CROSS
2023102206,2364,2,7,PIT,28,LA,FLAT
2023102206,650,1,10,PIT,40,LA,OUT
2023102206,55,1,10,PIT,25,PIT,FLAT
2023102206,3348,1,10,PIT,34,PIT,GO
2023102206,2097,2,5,LA,5,PIT,FLAT
2023102206,2583,2,12,PIT,23,PIT,POST
2023102206,673,2,10,PIT,40,LA,OUT
2023102206,2748,3,6,LA,48,LA,OUT
2023102206,2971,1,10,PIT,41,PIT,FLAT
2023102206,2699,2,9,LA,45,LA,CROSS
2023102206,401,2,7,PIT,35,PIT,SLANT
2023102206,1059,3,11,LA,24,LA,CORNER
2023102206,853,2,21,LA,39,PIT,HITCH
2023102206,2895,2,9,PIT,33,LA,GO
2023102206,3041,3,8,PIT,43,PIT,IN
2023102206,3777,3,3,PIT,21,PIT,GO
2023102206,3239,1,10,PIT,20,PIT,SLANT
2023102206,3476,1,5,LA,14,PIT,FLAT
2023102206,598,1,10,LA,19,LA,CROSS
2023102206,1889,1,10,PIT,31,LA,GO
2023102206,2918,3,9,PIT,33,LA,IN
2023102206,2048,1,10,LA,26,LA,HITCH
2023102206,1658,2,7,PIT,49,PIT,IN
2023102206,105,3,7,PIT,28,PIT,CROSS
2023102206,148,1,10,LA,37,LA,SLANT
2023102206,2266,1,10,LA,37,LA,GO
2023102206,524,1,10,LA,6,LA,OUT
2023102207,1743,1,10,ARI,31,SEA,FLAT
2023102207,3052,2,11,ARI,13,ARI,HITCH
2023102207,297,3,7,SEA,11,SEA,GO
2023102207,3647,3,9,SEA,49,ARI,CROSS
2023102207,1813,1,10,ARI,18,SEA,GO
2023102207,518,3,5,ARI,18,ARI,CROSS
2023102207,3978,2,2,ARI,33,ARI,OUT
2023102207,2491,1,10,ARI,36,SEA,CROSS
2023102207,631,1,10,ARI,28,SEA,POST
2023102207,3530,1,10,ARI,35,ARI,ANGLE
2023102207,1914,1,10,ARI,25,ARI,FLAT
2023102207,2757,2,7,ARI,13,ARI,CROSS
2023102207,2139,2,14,ARI,49,ARI,POST
2023102207,3097,3,6,ARI,18,ARI,IN
2023102207,1589,1,10,SEA,24,SEA,HITCH
2023102207,4069,3,22,ARI,42,ARI,HITCH
2023102207,1718,3,10,ARI,46,SEA,HITCH
2023102207,1372,3,7,SEA,46,ARI,OUT
2023102207,780,3,14,ARI,15,ARI,IN
2023102207,415,3,15,SEA,49,SEA,SCREEN
2023102207,1695,2,10,ARI,46,SEA,HITCH
2023102207,2461,2,11,SEA,37,SEA,GO
2023102207,3164,1,10,SEA,30,SEA,HITCH
2023102207,2017,2,8,ARI,44,ARI,HITCH
2023102207,1614,1,10,SEA,36,SEA,HITCH
2023102207,897,3,6,SEA,26,ARI,FLAT
2023102207,867,2,9,SEA,29,ARI,FLAT
2023102207,1788,3,5,ARI,26,SEA,HITCH
2023102207,1276,2,6,ARI,24,ARI,IN
2023102207,3748,3,5,,50,SEA,SLANT
2023102207,2114,1,15,ARI,48,ARI,FLAT
2023102207,272,2,7,SEA,11,SEA,FLAT
2023102207,3624,2,9,SEA,49,ARI,SLANT
2023102207,3887,3,6,ARI,30,SEA,SLANT
2023102207,1959,3,5,ARI,30,ARI,IN
2023102207,3953,1,10,ARI,25,ARI,HITCH
2023102207,1046,2,7,SEA,28,SEA,FLAT
2023102207,473,1,10,ARI,13,ARI,CROSS
2023102207,2638,3,2,ARI,2,SEA,FLAT
2023102207,3005,2,1,ARI,10,ARI,OUT
2023102207,55,1,10,ARI,40,ARI,HITCH
2023102207,574,1,10,SEA,39,SEA,OUT
2023102207,2387,2,9,SEA,26,SEA,OUT
2023102207,3452,1,10,ARI,33,ARI,FLAT
2023102207,1206,3,2,SEA,48,SEA,HITCH
2023102207,80,2,2,ARI,48,ARI,CROSS
2023102207,178,3,5,SEA,45,ARI,OUT
2023102208,186,3,2,GB,31,DEN,HITCH
2023102208,672,3,7,DEN,46,GB,GO
2023102208,1278,3,4,GB,45,GB,OUT
2023102208,521,3,11,DEN,18,DEN,HITCH
2023102208,1124,1,5,GB,30,GB,HITCH
2023102208,2469,1,10,DEN,25,DEN,OUT
2023102208,798,1,10,DEN,36,DEN,OUT
2023102208,2741,1,10,GB,25,GB,CROSS
2023102208,845,1,10,GB,48,DEN,OUT
2023102208,3059,2,8,DEN,27,DEN,FLAT
2023102208,425,3,7,GB,28,GB,OUT
2023102208,1970,2,3,GB,43,DEN,ANGLE
2023102208,3592,1,10,DEN,40,DEN,ANGLE
2023102208,3681,2,5,GB,34,DEN,FLAT
2023102208,1555,1,10,GB,28,GB,FLAT
2023102208,1350,2,7,DEN,13,DEN,FLAT
2023102208,1726,3,1,DEN,34,GB,FLAT
2023102208,2677,3,4,GB,18,DEN,GO
2023102208,79,2,10,DEN,25,DEN,CROSS
2023102208,2326,2,2,DEN,31,GB,WHEEL
2023102208,3926,3,20,GB,46,GB,CROSS
2023102208,109,3,7,DEN,28,DEN,GO
2023102208,3518,1,10,DEN,25,DEN,HITCH
2023102208,1219,2,12,GB,37,GB,HITCH
2023102208,1940,1,10,,50,DEN,FLAT
2023102208,2899,3,7,DEN,40,GB,OUT
2023102208,2876,2,7,DEN,40,GB,FLAT
2023102208,3617,2,5,DEN,45,DEN,CROSS
2023102208,2973,2,9,DEN,16,GB,CROSS
2023102208,1903,1,10,DEN,33,DEN,GO
2023102208,2647,2,10,GB,24,DEN,OUT
2023102208,2193,3,4,GB,31,GB,IN
2023102208,940,3,5,GB,24,DEN,SLANT
2023102208,3287,4,1,DEN,29,GB,CROSS
2023102208,3899,2,20,GB,46,GB,IN
2023102208,3454,4,2,DEN,4,GB,POST
2023102208,1169,3,2,GB,33,GB,IN
2023102208,595,2,5,GB,43,GB,FLAT
2023102208,1194,1,10,GB,39,GB,CROSS
2023102208,3801,2,8,GB,27,GB,ANGLE
2023102208,156,2,9,GB,38,DEN,FLAT
2023102208,3179,2,5,GB,29,GB,CROSS
2023102208,2851,1,10,DEN,43,GB,CROSS
2023102208,1494,3,8,DEN,38,DEN,POST
2023102208,3429,3,7,DEN,9,GB,ANGLE
2023102208,2170,2,4,GB,31,GB,GO
2023102209,867,2,6,KC,42,KC,SLANT
2023102209,1289,1,6,LAC,6,KC,GO
2023102209,277,3,6,KC,21,KC,CORNER
2023102209,613,1,10,LAC,38,LAC,CORNER
2023102209,3300,2,10,KC,19,KC,OUT
2023102209,937,1,10,LAC,46,KC,HITCH
2023102209,1445,3,7,KC,7,LAC,POST
2023102209,2304,2,7,LAC,26,KC,HITCH
2023102209,2519,2,7,KC,34,LAC,GO
2023102209,3123,2,15,LAC,39,LAC,HITCH
2023102209,1556,2,12,KC,39,KC,HITCH
2023102209,1731,3,16,LAC,38,LAC,FLAT
2023102209,480,2,18,LAC,28,KC,OUT
2023102209,1264,1,10,KC,41,KC,IN
2023102209,1865,2,5,LAC,39,KC,HITCH
2023102209,820,1,10,KC,25,KC,CROSS
2023102209,1131,2,3,LAC,43,LAC,FLAT
2023102209,1509,1,10,KC,25,KC,OUT
2023102209,3427,1,10,LAC,22,LAC,HITCH
2023102209,2656,2,4,KC,16,KC,CROSS
2023102209,1833,1,10,LAC,44,KC,HITCH
2023102209,2207,1,10,LAC,40,KC,HITCH
2023102209,3861,1,10,LAC,38,LAC,OUT
2023102209,1375,2,4,LAC,31,LAC,POST
2023102209,1688,1,10,LAC,44,LAC,IN
2023102209,687,3,7,KC,33,LAC,OUT
2023102209,1776,1,10,KC,4,KC,POST
2023102209,3793,2,10,LAC,25,LAC,CORNER
2023102209,3148,3,7,LAC,47,LAC,HITCH
2023102209,2423,1,10,LAC,31,LAC,IN
2023102209,2974,1,10,KC,3,KC,FLAT
2023102209,2681,1,10,KC,20,KC,CROSS
2023102209,3384,3,8,KC,35,KC,OUT
2023102209,3770,1,10,LAC,25,LAC,GO
2023102209,1808,1,10,KC,41,KC,HITCH
2023102209,1658,3,7,LAC,24,LAC,GO
2023102209,366,1,10,LAC,31,KC,HITCH
2023102209,3359,2,10,KC,33,KC,FLAT
2023102209,3253,2,9,KC,9,KC,HITCH
2023102209,2577,2,8,KC,8,LAC,HITCH
2023102209,225,1,10,KC,17,KC,OUT
2023102209,1239,2,7,KC,28,KC,HITCH
2023102209,1084,3,8,LAC,27,LAC,SLANT
2023102209,3661,2,13,LAC,21,KC,OUT
2023102209,912,3,3,KC,45,KC,IN
2023102209,2182,3,2,KC,45,KC,CROSS
2023102209,2105,1,10,KC,25,KC,FLAT
2023102209,55,1,10,LAC,25,LAC,FLAT
2023102209,1579,3,12,KC,39,KC,GO
2023102209,3686,3,6,LAC,14,KC,CROSS
2023102209,1400,1,9,KC,9,LAC,GO
2023102209,3909,3,5,LAC,43,LAC,SLANT
2023102209,510,3,7,LAC,17,KC,HITCH
2023102209,4016,2,24,KC,49,LAC,POST
2023102209,3026,3,3,KC,10,KC,CORNER
2023102209,2157,2,8,KC,39,KC,FLAT
2023102210,2391,1,10,PHI,5,PHI,HITCH
2023102210,1448,2,7,PHI,33,PHI,IN
2023102210,244,3,8,PHI,48,PHI,CROSS
2023102210,723,3,9,PHI,22,MIA,CORNER
2023102210,3338,3,5,PHI,22,PHI,IN
2023102210,837,3,22,PHI,22,MIA,OUT
2023102210,3016,1,10,MIA,31,MIA,POST
2023102210,2150,2,8,MIA,29,MIA,POST
2023102210,3568,1,10,,50,PHI,GO
2023102210,1401,2,10,PHI,20,PHI,HITCH
2023102210,1011,2,6,MIA,42,PHI,IN
2023102210,1125,1,10,MIA,35,PHI,GO
2023102210,3237,3,8,PHI,24,MIA,GO
2023102210,2904,2,7,MIA,24,PHI,SLANT
2023102210,2295,2,19,MIA,49,MIA,GO
2023102210,1882,1,10,MIA,49,MIA,OUT
2023102210,1944,1,10,PHI,29,MIA,OUT
2023102210,219,2,10,PHI,46,PHI,FLAT
2023102210,1301,2,9,MIA,35,MIA,GO
2023102210,274,1,10,MIA,30,PHI,CROSS
2023102210,2879,1,10,MIA,27,PHI,FLAT
2023102210,1331,3,3,MIA,41,MIA,HITCH
2023102210,2229,1,10,PHI,42,MIA,OUT
2023102210,196,1,10,PHI,46,PHI,HITCH
2023102210,1852,3,18,MIA,20,MIA,CORNER
2023102210,3683,1,10,MIA,25,MIA,SLANT
2023102210,3748,4,10,MIA,25,MIA,OUT
2023102210,3212,2,13,PHI,29,MIA,IN
2023102210,3137,3,12,MIA,43,MIA,IN
2023102210,3418,2,8,PHI,30,PHI,CROSS
2023102210,932,2,3,PHI,46,PHI,SLANT
2023102210,775,2,7,PHI,7,MIA,CROSS
2023102210,2653,3,3,PHI,21,MIA,POST
2023102210,462,2,7,MIA,28,MIA,POST
2023102210,2832,1,10,MIA,38,PHI,HITCH
2023102210,2800,1,10,PHI,37,PHI,HITCH
2023102210,2506,3,5,PHI,23,PHI,IN
2023102210,2952,1,10,MIA,14,PHI,SLANT
2023102210,3441,3,8,PHI,30,PHI,IN
2023102210,2606,1,10,PHI,28,MIA,OUT
2023102210,1583,2,9,MIA,39,PHI,CROSS
2023102210,1919,2,3,PHI,44,MIA,POST
2023102210,3114,2,12,MIA,43,MIA,POST
2023102210,514,2,15,MIA,38,MIA,CROSS
2023102210,2927,3,7,MIA,24,PHI,CROSS
2023102210,1536,2,9,PHI,47,PHI,HITCH
2023102210,1994,3,8,PHI,27,MIA,GO
2023102210,3510,2,10,PHI,39,PHI,IN
2023102210,2676,4,3,PHI,21,MIA,GO
2023102300,328,3,12,MIN,9,MIN,SLANT
2023102300,1680,1,10,MIN,25,MIN,HITCH
2023102300,3350,3,4,SF,42,MIN,GO
2023102300,1239,3,3,SF,3,MIN,IN
2023102300,1428,2,7,MIN,44,SF,SLANT
2023102300,1735,1,10,MIN,36,MIN,ANGLE
2023102300,1710,2,7,MIN,28,MIN,IN
2023102300,628,2,8,SF,27,SF,SLANT
2023102300,79,1,10,MIN,44,MIN,FLAT
2023102300,2536,1,10,SF,25,SF,FLAT
2023102300,3045,2,1,SF,41,SF,CROSS
2023102300,3873,1,10,SF,40,SF,POST
2023102300,2995,1,10,SF,32,SF,CROSS
2023102300,3896,2,10,SF,40,SF,HITCH
2023102300,3325,2,6,SF,44,MIN,FLAT
2023102300,1790,3,6,MIN,40,MIN,POST
2023102300,378,2,6,MIN,29,MIN,IN
2023102300,3539,1,10,MIN,49,SF,POST
2023102300,2777,2,8,MIN,37,MIN,IN
2023102300,449,1,10,,50,MIN,CROSS
2023102300,846,3,5,MIN,22,SF,OUT
2023102300,2866,1,15,SF,46,MIN,GO
2023102300,3421,2,6,SF,24,SF,GO
2023102300,3622,1,10,MIN,32,MIN,CROSS
2023102300,3278,1,10,MIN,40,MIN,CROSS
2023102300,353,1,10,MIN,25,MIN,SCREEN
2023102300,3969,2,10,MIN,40,SF,IN
2023102300,2922,3,12,SF,43,MIN,HITCH
2023102300,1376,3,7,SF,28,SF,POST
2023102300,3697,2,9,MIN,45,MIN,IN
2023102300,3921,3,1,SF,49,SF,SLANT
2023102300,2705,2,5,MIN,19,MIN,FLAT
2023102300,2191,1,10,MIN,39,MIN,FLAT
2023102300,542,3,2,SF,20,MIN,CROSS
2023102300,3669,1,10,MIN,44,MIN,FLAT
2023102300,2892,2,15,SF,46,MIN,FLAT
2023102300,104,2,10,MIN,44,MIN,SLANT
2023102300,2730,3,5,MIN,19,MIN,IN
2023102300,724,1,10,MIN,44,SF,POST
2023102300,161,1,10,MIN,38,SF,OUT
2023102300,1134,2,24,SF,46,MIN,HITCH
2023102300,1937,2,9,SF,26,SF,IN
2023102300,3391,1,10,SF,20,SF,OUT
2023102300,2470,3,2,SF,2,MIN,CROSS
2023102300,774,1,10,MIN,27,SF,SCREEN
2023102300,2286,2,10,SF,45,MIN,GO
2023102300,1216,2,3,SF,3,MIN,CORNER
2023102300,996,1,10,SF,46,MIN,FLAT
2023102300,3729,3,3,SF,49,MIN,OUT
2023102300,2561,1,10,SF,37,SF,CROSS
2023102300,966,2,7,MIN,46,MIN,OUT
2023102300,1497,2,11,MIN,36,SF,IN
2023102300,2238,3,5,MIN,44,MIN,SLANT
2023102300,191,1,10,MIN,27,SF,HITCH
2023102300,2159,1,10,MIN,21,MIN,CROSS
2023102300,3221,2,11,MIN,27,MIN,IN
2023102300,3115,3,6,MIN,37,SF,IN
2023102300,3253,3,7,MIN,31,MIN,HITCH
2023102300,131,1,10,MIN,48,SF,FLAT
2023102300,699,2,9,SF,38,SF,IN
2023102600,3843,2,11,TB,23,TB,FLAT
2023102600,2055,3,3,TB,47,TB,OUT
2023102600,4175,1,10,BUF,24,TB,GO
2023102600,1459,1,18,BUF,48,TB,OUT
2023102600,3182,2,10,BUF,38,BUF,SCREEN
2023102600,3752,2,14,TB,4,TB,ANGLE
2023102600,3619,3,9,BUF,49,BUF,HITCH
2023102600,2539,2,4,TB,4,BUF,CROSS
2023102600,3542,2,9,BUF,34,BUF,CROSS
2023102600,451,2,10,TB,24,BUF,HITCH
2023102600,1116,3,8,TB,3,TB,IN
2023102600,3129,1,10,BUF,28,BUF,GO
2023102600,1482,2,18,BUF,48,TB,HITCH
2023102600,3159,1,10,BUF,38,BUF,POST
2023102600,1997,1,10,TB,40,TB,FLAT
2023102600,1904,3,12,TB,22,BUF,IN
2023102600,4607,2,3,TB,27,TB,ANGLE
2023102600,2318,1,10,BUF,25,BUF,SLANT
2023102600,800,1,10,BUF,40,BUF,HITCH
2023102600,2805,3,4,BUF,29,BUF,OUT
2023102600,1859,1,10,TB,20,BUF,GO
2023102600,3953,1,10,BUF,46,TB,OUT
2023102600,4577,1,10,TB,20,TB,OUT
2023102600,109,3,4,TB,33,TB,CROSS
2023102600,2478,2,7,TB,17,BUF,FLAT
2023102600,934,3,5,TB,38,BUF,CROSS
2023102600,3868,3,4,TB,30,TB,FLAT
2023102600,4198,2,10,BUF,24,TB,SLANT
2023102600,3444,3,4,TB,10,TB,CROSS
2023102600,3070,1,10,BUF,17,BUF,FLAT
2023102600,3318,3,11,TB,49,BUF,SLANT
2023102600,2080,1,10,BUF,48,TB,ANGLE
2023102600,1731,1,10,BUF,43,BUF,IN
2023102600,138,1,10,TB,48,TB,CORNER
2023102600,476,3,5,TB,19,BUF,OUT
2023102600,4052,1,10,BUF,41,TB,POST
2023102600,743,3,9,BUF,39,TB,SLANT
2023102600,2860,2,5,BUF,49,BUF,GO
2023102600,210,3,15,TB,43,TB,HITCH
2023102600,1644,1,3,BUF,3,TB,SLANT
2023102600,4422,3,5,BUF,28,BUF,OUT
2023102600,3928,2,1,TB,48,TB,OUT
2023102600,1048,4,1,TB,1,BUF,FLAT
2023102600,2163,3,15,TB,47,TB,SCREEN
2023102600,1093,2,8,TB,3,TB,ANGLE
2023102600,2780,2,8,BUF,25,BUF,FLAT
2023102600,1363,3,6,TB,29,TB,OUT
2023102600,2883,3,5,BUF,49,BUF,IN
2023102600,367,1,10,TB,38,BUF,HITCH
2023102600,307,2,2,BUF,25,BUF,FLAT
2023102600,337,1,10,BUF,46,BUF,GO
2023102600,253,1,10,BUF,4,BUF,OUT
2023102600,3729,1,14,TB,4,TB,OUT
2023102600,884,1,20,BUF,47,BUF,SLANT
2023102600,4644,1,10,TB,32,TB,OUT
2023102600,2453,1,10,TB,20,BUF,HITCH
2023102600,2992,3,7,TB,6,TB,CROSS
2023102600,4260,4,10,BUF,24,TB,CROSS
2023102600,4096,2,10,BUF,41,TB,FLAT
2023102900,1142,1,10,,50,CAR,ANGLE
2023102900,660,1,10,HOU,37,HOU,OUT
2023102900,2477,2,8,HOU,25,CAR,FLAT
2023102900,1156,2,1,HOU,41,CAR,CROSS
2023102900,2785,2,1,CAR,9,HOU,SCREEN
2023102900,3735,1,10,HOU,44,CAR,FLAT
2023102900,1423,1,10,HOU,17,HOU,POST
2023102900,1251,2,8,HOU,36,CAR,CROSS
2023102900,1675,1,10,HOU,18,CAR,IN
2023102900,1764,1,14,HOU,14,CAR,HITCH
2023102900,3454,3,10,CAR,40,HOU,OUT
2023102900,3618,1,10,CAR,34,CAR,HITCH
2023102900,2294,2,10,HOU,30,CAR,IN
2023102900,1620,2,6,CAR,49,CAR,OUT
2023102900,554,1,10,HOU,8,HOU,SLANT
2023102900,2995,2,13,,50,CAR,IN
2023102900,2060,3,1,CAR,28,CAR,FLAT
2023102900,243,3,19,CAR,1,CAR,OUT
2023102900,3139,2,9,HOU,33,HOU,IN
2023102900,1650,1,10,HOU,38,CAR,IN
2023102900,413,1,10,CAR,8,CAR,FLAT
2023102900,751,3,4,CAR,42,HOU,OUT
2023102900,3520,2,10,CAR,9,CAR,FLAT
2023102900,3710,4,2,HOU,47,CAR,OUT
2023102900,934,3,10,CAR,24,HOU,POST
2023102900,220,2,19,CAR,1,CAR,HITCH
2023102900,3162,3,9,HOU,33,HOU,IN
2023102900,586,1,10,HOU,23,HOU,GO
2023102900,825,3,4,CAR,28,HOU,OUT
2023102900,2247,2,14,CAR,30,CAR,CORNER
2023102900,2617,3,8,HOU,27,HOU,IN
2023102900,1346,4,2,HOU,2,CAR,HITCH
2023102900,1818,3,1,HOU,1,CAR,OUT
2023102900,3407,2,5,CAR,35,HOU,CROSS
2023102900,1398,2,4,HOU,8,HOU,HITCH
2023102900,2035,2,4,CAR,25,CAR,HITCH
2023102900,2414,2,7,HOU,22,HOU,HITCH
2023102900,3497,1,10,CAR,9,CAR,OUT
2023102900,1544,2,10,CAR,40,CAR,POST
2023102900,631,3,7,HOU,26,HOU,HITCH
2023102900,494,3,8,CAR,29,CAR,OUT
2023102900,3350,2,8,,50,HOU,ANGLE
2023102900,1514,1,10,CAR,40,CAR,OUT
2023102901,2903,1,10,LA,19,DAL,SLANT
2023102901,3258,4,2,DAL,46,LA,OUT
2023102901,3683,1,10,DAL,27,LA,OUT
2023102901,2629,1,10,DAL,32,DAL,HITCH
2023102901,497,3,11,DAL,39,LA,CROSS
2023102901,469,2,11,DAL,39,LA,CROSS
2023102901,1391,3,6,LA,41,DAL,FLAT
2023102901,861,1,10,LA,25,LA,OUT
2023102901,3281,1,10,DAL,46,DAL,GO
2023102901,296,1,10,LA,18,DAL,GO
2023102901,1447,2,3,LA,21,DAL,CROSS
2023102901,2459,1,10,DAL,24,LA,FLAT
2023102901,1197,3,3,LA,32,LA,CROSS
2023102901,1697,1,10,DAL,37,DAL,FLAT
2023102901,3120,3,2,LA,33,LA,GO
2023102901,3658,1,10,DAL,40,LA,FLAT
2023102901,198,2,5,DAL,45,DAL,OUT
2023102901,422,1,10,LA,42,LA,GO
2023102901,1321,3,8,DAL,34,DAL,POST
2023102901,223,1,10,LA,41,DAL,CROSS
2023102901,3541,2,9,DAL,8,DAL,FLAT
2023102901,1245,1,10,DAL,20,DAL,OUT
2023102901,2801,2,9,LA,45,DAL,IN
2023102901,248,2,6,LA,37,DAL,SLANT
2023102901,544,2,10,DAL,17,LA,SLANT
2023102901,2069,3,8,LA,41,LA,IN
2023102901,1801,3,8,LA,22,DAL,GO
2023102901,2214,2,2,DAL,6,LA,CORNER
2023102901,1726,1,10,,50,DAL,SLANT
2023102901,3188,1,10,LA,46,LA,OUT
2023102901,3875,3,2,DAL,33,DAL,GO
2023102901,148,2,17,DAL,23,DAL,HITCH
2023102901,1872,1,10,LA,25,LA,OUT
2023102901,2849,4,1,LA,37,DAL,CROSS
2023102901,2824,3,9,LA,45,DAL,OUT
2023102901,3353,2,5,LA,25,DAL,GO
2023102901,1172,2,8,LA,27,LA,OUT
2023102901,3233,3,12,LA,44,LA,FLAT
2023102901,2044,2,20,LA,29,LA,FLAT
2023102901,753,1,10,LA,36,DAL,OUT
2023102901,271,3,6,LA,37,DAL,HITCH
2023102901,3456,3,6,LA,29,LA,OUT
2023102901,3316,1,10,LA,30,DAL,FLAT
2023102901,1776,2,10,LA,24,DAL,FLAT
2023102901,1897,2,1,LA,34,LA,HITCH
2023102901,1973,1,10,LA,39,LA,GO
2023102901,1499,1,10,LA,19,LA,IN
2023102901,635,1,10,DAL,25,DAL,SLANT
2023102901,2681,1,10,DAL,43,DAL,OUT
2023102901,1368,2,6,LA,41,DAL,GO
2023102901,1091,2,7,LA,10,DAL,POST
2023102902,3884,4,5,MIN,10,GB,IN
2023102902,3374,2,17,MIN,22,MIN,OUT
2023102902,575,3,6,GB,36,GB,CROSS
2023102902,3711,1,10,MIN,39,GB,OUT
2023102902,407,1,10,GB,43,MIN,OUT
2023102902,1380,3,8,GB,12,MIN,IN
2023102902,2449,3,1,GB,33,MIN,HITCH
2023102902,861,2,12,GB,38,MIN,IN
2023102902,4116,2,8,MIN,8,MIN,CROSS
2023102902,4146,3,8,MIN,8,MIN,HITCH
2023102902,2932,1,10,MIN,32,GB,FLAT
2023102902,2830,1,10,GB,19,GB,HITCH
2023102902,4483,4,20,MIN,44,GB,IN
2023102902,1787,2,6,GB,19,GB,GO
2023102902,4049,3,16,MIN,21,GB,CORNER
2023102902,1810,3,6,GB,19,GB,HITCH
2023102902,477,3,10,GB,33,MIN,SLANT
2023102902,2727,3,8,GB,27,GB,GO
2023102902,4423,2,10,MIN,34,GB,GO
2023102902,1625,3,8,MIN,27,MIN,FLAT
2023102902,552,2,6,GB,36,GB,FLAT
2023102902,2759,1,10,GB,20,MIN,WHEEL
2023102902,3225,4,1,MIN,1,GB,OUT
2023102902,2521,3,3,GB,14,MIN,ANGLE
2023102902,2992,1,10,MIN,22,GB,FLAT
2023102902,4400,1,10,MIN,34,GB,GO
2023102902,2568,1,10,GB,10,MIN,FLAT
2023102902,1503,2,16,GB,34,GB,HITCH
2023102902,4375,1,15,GB,49,GB,HITCH
2023102902,2067,3,3,MIN,48,GB,FLAT
2023102902,3838,2,5,MIN,10,GB,SLANT
2023102902,2877,3,2,GB,27,GB,OUT
2023102902,2907,1,10,GB,37,GB,GO
2023102902,3546,3,8,GB,23,MIN,HITCH
2023102902,2181,3,6,MIN,24,GB,SLANT
2023102902,2013,1,15,GB,40,GB,FLAT
2023102902,3419,3,11,MIN,28,MIN,FLAT
2023102902,1751,1,10,GB,15,GB,SCREEN
2023102902,1357,2,8,GB,12,MIN,IN
2023102902,886,3,1,GB,27,MIN,GO
2023102902,2322,1,10,MIN,25,MIN,SLANT
2023102902,306,3,8,MIN,36,MIN,OUT
2023102902,2474,1,10,GB,21,MIN,HITCH
2023102902,2616,3,2,GB,2,MIN,IN
2023102902,3686,1,10,GB,44,GB,HITCH
2023102902,4321,2,10,GB,20,GB,GO
2023102902,1697,3,3,MIN,45,MIN,OUT
2023102902,1298,1,10,GB,32,MIN,OUT
2023102902,4298,1,10,GB,20,GB,OUT
2023102902,1672,2,9,MIN,39,MIN,ANGLE
2023102902,2149,2,14,MIN,32,GB,HITCH
2023102902,3455,1,10,MIN,45,MIN,CROSS
2023102902,62,1,10,GB,19,GB,FLAT
2023102902,2419,2,9,GB,41,MIN,HITCH
2023102902,2104,1,10,MIN,44,GB,ANGLE
2023102902,3156,2,1,MIN,1,GB,SLANT
2023102902,3761,3,7,MIN,36,GB,POST
2023102902,3936,2,12,MIN,8,MIN,HITCH
2023102902,2593,2,2,GB,2,MIN,CROSS
2023102902,1248,3,8,MIN,27,MIN,IN
2023102902,283,2,8,MIN,36,MIN,IN
2023102902,2367,3,9,MIN,26,MIN,CROSS
2023102903,2086,3,6,NO,41,IND,CROSS
2023102903,173,2,10,NO,25,NO,GO
2023102903,1421,2,7,NO,28,NO,HITCH
2023102903,779,1,10,IND,25,IND,CROSS
2023102903,3021,2,10,IND,41,NO,OUT
2023102903,2765,2,11,IND,2,IND,HITCH
2023102903,3874,1,10,NO,25,NO,OUT
2023102903,3921,3,3,NO,32,NO,HITCH
2023102903,2670,2,6,IND,39,NO,GO
2023102903,3680,2,13,IND,22,IND,HITCH
2023102903,2420,3,8,NO,39,NO,HITCH
2023102903,715,1,10,IND,18,NO,ANGLE
2023102903,250,3,4,NO,48,NO,SLANT
2023102903,3968,2,5,NO,44,NO,POST
2023102903,3355,1,10,NO,41,NO,POST
2023102903,2920,1,10,NO,29,NO,FLAT
2023102903,652,2,10,IND,40,NO,FLAT
2023102903,2886,2,6,NO,33,IND,GO
2023102903,4096,2,18,IND,8,IND,HITCH
2023102903,2693,3,6,IND,39,NO,CROSS
2023102903,1525,1,10,IND,43,NO,OUT
2023102903,2969,1,10,NO,45,NO,FLAT
2023102903,937,1,10,NO,11,IND,OUT
2023102903,2168,3,1,NO,24,IND,CROSS
2023102903,203,1,10,NO,42,NO,ANGLE
2023102903,4593,2,10,IND,25,IND,HITCH
2023102903,4325,3,13,NO,30,NO,GO
2023102903,1372,1,10,NO,25,NO,HITCH
2023102903,1193,3,9,NO,29,IND,OUT
2023102903,1170,2,9,NO,29,IND,GO
2023102903,2346,3,3,NO,32,NO,IN
2023102903,603,3,6,NO,29,NO,POST
2023102903,4190,3,10,IND,27,IND,IN
2023102903,1918,2,7,IND,28,IND,HITCH
2023102903,493,4,1,NO,10,IND,FLAT
2023102903,1715,2,20,IND,15,IND,HITCH
2023102903,2371,1,10,NO,37,NO,OUT
2023102903,885,2,7,NO,29,IND,OUT
2023102903,4119,3,18,IND,8,IND,HITCH
2023102903,3767,2,10,NO,48,IND,HITCH
2023102903,1941,3,7,IND,28,IND,HITCH
2023102903,2518,2,14,IND,10,IND,HITCH
2023102903,3991,3,5,NO,44,NO,SLANT
2023102903,100,3,6,IND,29,IND,CROSS
2023102903,3217,2,10,IND,25,IND,SLANT
2023102903,1829,2,5,NO,42,NO,POST
2023102903,804,2,7,IND,28,IND,SLANT
2023102903,388,2,9,NO,18,IND,SCREEN
2023102903,2543,3,10,IND,14,IND,HITCH
2023102903,3792,1,10,NO,35,IND,ANGLE
2023102903,3262,3,6,IND,29,IND,IN
2023102903,1995,2,10,IND,45,IND,CROSS
2023102903,580,2,6,NO,29,NO,GO
2023102903,2140,2,10,NO,33,IND,IN
2023102903,2594,1,10,NO,42,NO,HITCH
2023102903,4570,1,10,IND,25,IND,OUT
2023102904,2469,2,4,NE,8,MIA,GO
2023102904,1131,1,10,NE,48,MIA,CROSS
2023102904,1722,2,9,MIA,37,NE,SLANT
2023102904,3779,2,6,NE,46,MIA,OUT
2023102904,707,1,10,MIA,25,MIA,CROSS
2023102904,3489,1,3,MIA,3,NE,CORNER
2023102904,3912,1,10,NE,25,NE,POST
2023102904,3407,2,8,MIA,27,NE,OUT
2023102904,1255,2,7,NE,31,MIA,CROSS
2023102904,3732,3,9,MIA,41,MIA,OUT
2023102904,3566,4,3,MIA,3,NE,FLAT
2023102904,3709,2,9,MIA,41,MIA,POST
2023102904,1983,3,6,NE,12,MIA,CORNER
2023102904,1497,2,1,NE,1,MIA,SLANT
2023102904,102,3,12,NE,23,NE,CROSS
2023102904,1014,3,16,NE,19,NE,OUT
2023102904,302,3,11,NE,39,MIA,IN
2023102904,446,3,3,NE,38,NE,FLAT
2023102904,3437,1,10,MIA,19,NE,FLAT
2023102904,492,1,10,MIA,20,MIA,POST
2023102904,566,3,15,MIA,30,MIA,POST
2023102904,2843,2,13,MIA,17,MIA,OUT
2023102904,1474,1,1,NE,1,MIA,GO
2023102904,2813,1,20,MIA,10,MIA,FLAT
2023102904,1903,2,14,NE,33,MIA,POST
2023102904,1958,2,10,NE,16,MIA,SCREEN
2023102904,2343,2,9,MIA,46,MIA,GO
2023102904,1747,1,10,MIA,23,NE,GO
2023102904,3079,3,9,NE,16,NE,OUT
2023102904,2971,3,6,MIA,41,MIA,SLANT
2023102904,1809,2,10,NE,40,MIA,POST
2023102904,2366,3,9,MIA,46,MIA,OUT
2023102904,3272,1,10,NE,41,NE,OUT
2023102904,203,3,4,MIA,42,MIA,HITCH
2023102904,2645,3,10,NE,47,NE,IN
2023102904,2717,2,8,MIA,6,MIA,FLAT
2023102904,1561,1,10,NE,25,NE,HITCH
2023102904,228,4,1,MIA,45,MIA,GO
2023102904,2562,1,10,NE,23,NE,POST
2023102904,1417,2,6,NE,6,MIA,GO
2023102904,643,3,4,MIA,24,NE,CROSS
2023102904,2272,1,10,MIA,23,MIA,POST
2023102904,3034,2,15,NE,10,NE,HITCH
2023102904,3848,3,1,NE,31,MIA,GO
2023102904,2619,2,10,NE,47,NE,HITCH
2023102904,180,2,4,MIA,42,MIA,CROSS
2023102904,1631,2,10,NE,37,NE,SLANT
2023102904,1781,1,10,NE,40,MIA,IN
2023102904,2172,2,7,MIA,16,NE,CROSS
2023102904,343,1,10,NE,20,NE,FLAT
2023102904,55,1,10,NE,25,NE,SCREEN
2023102904,1871,1,20,NE,39,MIA,IN
2023102904,764,1,10,MIA,38,MIA,FLAT
2023102904,3156,2,10,MIA,15,MIA,SCREEN
2023102904,838,2,6,NE,42,MIA,GO
2023102904,3954,2,10,NE,25,NE,HITCH
2023102904,1928,1,10,NE,16,MIA,OUT
2023102904,2413,2,8,NE,29,MIA,SLANT
2023102904,3630,1,10,MIA,25,MIA,CROSS
2023102904,3338,1,15,MIA,48,NE,HITCH
2023102905,841,3,10,NYJ,49,NYJ,ANGLE
2023102905,979,1,10,,50,NYJ,ANGLE
2023102905,2353,1,10,NYG,48,NYG,OUT
2023102905,547,2,7,NYJ,27,NYJ,OUT
2023102905,328,2,11,NYJ,20,NYJ,SLANT
2023102905,353,3,5,NYJ,26,NYJ,FLAT
2023102905,4037,1,10,NYJ,25,NYJ,FLAT
2023102905,4720,3,10,NYJ,39,NYJ,HITCH
2023102905,3587,2,4,NYJ,34,NYJ,CORNER
2023102905,4067,2,11,NYJ,24,NYJ,CORNER
2023102905,4603,2,20,NYG,15,NYG,FLAT
2023102905,3413,3,1,NYJ,25,NYJ,FLAT
2023102905,1054,1,10,NYG,25,NYG,FLAT
2023102905,4697,2,10,NYJ,39,NYJ,OUT
2023102905,1214,3,5,NYJ,33,NYG,CROSS
2023102905,4180,3,10,NYJ,41,NYJ,SLANT
2023102905,4778,2,5,NYG,45,NYJ,OUT
2023102905,818,2,10,NYJ,49,NYJ,GO
2023102905,3154,2,8,NYJ,25,NYJ,OUT
2023102905,233,3,4,NYJ,13,NYG,GO
2023102905,748,1,15,NYJ,34,NYJ,SLANT
2023102905,4392,1,10,NYJ,25,NYJ,POST
2023102905,795,1,10,NYJ,49,NYJ,GO
2023102905,1677,3,6,NYJ,35,NYJ,SLANT
2023102905,618,1,10,NYG,16,NYG,GO
2023102905,3698,2,13,NYJ,48,NYJ,GO
2023102905,1289,2,10,NYJ,37,NYJ,OUT
2023102905,4428,1,10,NYG,46,NYJ,CORNER
2023102905,1595,2,10,NYJ,17,NYJ,SLANT
2023102905,1642,2,6,NYJ,35,NYJ,CROSS
2023102905,1327,3,2,NYJ,45,NYJ,FLAT
2023102905,55,1,10,NYJ,25,NYJ,FLAT
2023102905,1990,1,10,NYG,26,NYG,FLAT
2023102905,4148,2,20,NYJ,31,NYJ,HITCH
2023102905,3179,3,1,NYJ,32,NYJ,OUT
2023102905,2939,2,6,NYJ,30,NYJ,SLANT
2023102905,1843,1,10,NYJ,16,NYJ,CROSS
2023102906,815,3,4,JAX,26,JAX,GO
2023102906,606,3,10,PIT,39,JAX,HITCH
2023102906,428,3,6,PIT,29,PIT,HITCH
2023102906,3220,2,3,JAX,22,PIT,SLANT
2023102906,1854,2,6,PIT,24,JAX,OUT
2023102906,2577,2,10,PIT,36,PIT,IN
2023102906,4436,1,10,PIT,41,PIT,ANGLE
2023102906,2860,3,7,PIT,27,PIT,GO
2023102906,1493,3,3,JAX,17,PIT,OUT
2023102906,2685,2,16,JAX,24,JAX,GO
2023102906,536,3,7,JAX,35,JAX,POST
2023102906,1572,3,5,JAX,5,PIT,IN
2023102906,3655,2,3,PIT,27,PIT,GO
2023102906,3402,1,15,JAX,34,JAX,HITCH
2023102906,1980,1,10,PIT,32,PIT,HITCH
2023102906,3501,1,10,PIT,32,JAX,IN
2023102906,3073,2,6,PIT,29,PIT,OUT
2023102906,4381,1,15,PIT,16,PIT,ANGLE
2023102906,1655,1,10,JAX,37,JAX,HITCH
2023102906,1308,2,9,PIT,3,PIT,GO
2023102906,3036,1,10,PIT,25,PIT,FLAT
2023102906,1463,2,9,JAX,23,PIT,OUT
2023102906,928,3,3,PIT,23,JAX,HITCH
2023102906,3928,1,10,PIT,25,PIT,HITCH
2023102906,4484,2,10,JAX,49,PIT,HITCH
2023102906,674,1,10,PIT,25,PIT,SLANT
2023102906,1724,2,7,PIT,44,JAX,SLANT
2023102906,2266,1,10,JAX,25,JAX,OUT
2023102906,2340,2,5,JAX,41,JAX,OUT
2023102906,3978,3,2,PIT,33,PIT,HITCH
2023102906,1245,1,6,PIT,6,JAX,CROSS
2023102906,3711,2,8,JAX,43,JAX,IN
2023102906,4461,1,10,JAX,49,PIT,FLAT
2023102906,311,3,21,PIT,44,JAX,HITCH
2023102906,3148,3,2,PIT,48,PIT,HITCH
2023102906,4320,2,3,PIT,9,PIT,HITCH
2023102906,56,1,10,PIT,25,PIT,POST
2023102906,152,1,10,JAX,47,JAX,GO
2023102906,2804,1,10,PIT,24,PIT,OUT
2023102906,4055,1,10,PIT,46,PIT,HITCH
2023102906,2708,3,16,JAX,24,JAX,SLANT
2023102906,3953,2,6,PIT,29,PIT,FLAT
2023102906,3353,3,1,JAX,36,JAX,FLAT
2023102906,1117,1,10,JAX,37,JAX,HITCH
2023102906,2315,1,10,JAX,36,JAX,HITCH
2023102906,1066,3,7,PIT,32,PIT,SCREEN
2023102906,2981,2,10,JAX,44,JAX,GO
2023102906,3328,2,6,JAX,31,JAX,OUT
2023102906,721,3,2,PIT,33,PIT,CORNER
2023102906,1041,2,10,PIT,29,PIT,FLAT
2023102906,2147,2,10,JAX,38,PIT,POST
2023102906,3454,3,5,JAX,44,JAX,HITCH
2023102906,3770,1,20,JAX,48,JAX,IN
2023102906,1198,2,9,PIT,45,JAX,CROSS
2023102906,4406,2,3,PIT,28,PIT,OUT
2023102906,4133,4,16,PIT,40,PIT,ANGLE
2023102906,4003,1,10,PIT,36,PIT,OUT
2023102906,2370,1,10,PIT,49,JAX,FLAT
2023102907,2896,2,4,TEN,45,ATL,POST
2023102907,475,1,10,TEN,36,TEN,CROSS
2023102907,3205,1,10,TEN,22,ATL,OUT
2023102907,837,1,10,ATL,24,ATL,OUT
2023102907,2131,2,15,ATL,48,TEN,HITCH
2023102907,1270,2,3,TEN,39,TEN,CORNER
2023102907,2603,2,10,ATL,49,TEN,CROSS
2023102907,4076,1,8,TEN,8,ATL,GO
2023102907,4371,4,1,ATL,22,ATL,HITCH
2023102907,3933,4,1,ATL,34,ATL,IN
2023102907,4317,2,10,ATL,13,ATL,SLANT
2023102907,2779,2,6,ATL,24,ATL,HITCH
2023102907,3529,3,10,ATL,20,ATL,GO
2023102907,759,1,10,ATL,47,TEN,GO
2023102907,889,2,9,ATL,37,ATL,CROSS
2023102907,1705,1,15,ATL,31,ATL,GO
2023102907,3659,3,4,TEN,21,TEN,OUT
2023102907,729,3,1,TEN,48,TEN,FLAT
2023102907,1009,2,8,TEN,15,TEN,CROSS
2023102907,3169,2,9,ATL,26,ATL,POST
2023102907,1387,3,3,ATL,14,ATL,SLANT
2023102907,3809,2,11,ATL,33,TEN,POST
2023102907,281,2,5,TEN,7,ATL,GO
2023102907,618,3,14,ATL,11,ATL,POST
2023102907,417,3,4,TEN,31,TEN,CROSS
2023102907,2310,2,6,TEN,46,ATL,HITCH
2023102907,2849,3,13,ATL,35,ATL,HITCH
2023102907,2924,1,10,TEN,24,ATL,GO
2023102907,1437,1,10,ATL,35,ATL,OUT
2023102907,3886,2,18,ATL,17,ATL,HITCH
2023102907,1066,2,12,TEN,25,TEN,HITCH
2023102907,234,3,6,TEN,24,ATL,HITCH
2023102907,3729,1,10,ATL,46,TEN,FLAT
2023102907,914,3,6,ATL,40,ATL,HITCH
2023102907,4020,1,10,TEN,37,ATL,HITCH
2023102907,1583,2,6,ATL,16,TEN,CROSS
2023102907,1192,3,8,ATL,9,ATL,HITCH
2023102907,3090,2,10,TEN,39,TEN,GO
2023102907,3958,1,10,ATL,45,ATL,HITCH
2023102907,1412,1,10,ATL,24,ATL,IN
2023102908,2508,1,10,WAS,1,WAS,OUT
2023102908,4378,2,1,WAS,37,WAS,IN
2023102908,1741,1,10,PHI,35,PHI,FLAT
2023102908,596,1,10,PHI,25,PHI,CROSS
2023102908,3409,2,14,PHI,21,PHI,IN
2023102908,794,2,10,WAS,35,PHI,FLAT
2023102908,4433,1,10,PHI,26,WAS,CROSS
2023102908,1679,3,6,PHI,40,WAS,CROSS
2023102908,1908,1,10,WAS,34,PHI,IN
2023102908,1078,1,10,PHI,25,WAS,FLAT
2023102908,1602,3,7,WAS,33,WAS,CROSS
2023102908,3299,3,7,PHI,7,WAS,POST
2023102908,1410,2,13,WAS,25,PHI,SCREEN
2023102908,1530,2,5,WAS,12,WAS,CROSS
2023102908,1235,1,10,PHI,25,PHI,IN
2023102908,3664,2,15,WAS,20,WAS,IN
2023102908,3920,4,8,PHI,40,WAS,IN
2023102908,1053,3,4,PHI,41,WAS,SLANT
2023102908,3897,3,8,PHI,40,WAS,CORNER
2023102908,3007,1,10,WAS,38,WAS,CROSS
2023102908,1435,3,11,WAS,23,PHI,HITCH
2023102908,1933,1,10,WAS,16,PHI,GO
2023102908,1258,2,10,PHI,25,PHI,IN
2023102908,3478,3,2,PHI,46,PHI,CROSS
2023102908,1711,4,1,PHI,35,WAS,HITCH
2023102908,2634,2,20,WAS,9,WAS,OUT
2023102908,2338,3,5,PHI,44,PHI,ANGLE
2023102908,80,2,3,WAS,32,WAS,HITCH
2023102908,3135,1,10,PHI,37,WAS,CORNER
2023102908,928,2,1,WAS,34,WAS,CROSS
2023102908,524,1,10,PHI,26,WAS,GO
2023102908,621,2,7,PHI,28,PHI,GO
2023102908,1505,1,10,WAS,7,WAS,IN
2023102908,382,3,3,PHI,15,PHI,OUT
2023102908,3207,2,5,PHI,15,WAS,FLAT
2023102908,696,2,1,PHI,44,PHI,OUT
2023102908,3827,2,3,WAS,42,WAS,WHEEL
2023102908,1171,2,16,PHI,21,WAS,GO
2023102908,1313,1,10,WAS,45,PHI,FLAT
2023102908,2793,4,4,WAS,45,PHI,POST
2023102908,771,1,10,WAS,35,PHI,GO
2023102908,3531,2,10,WAS,38,PHI,GO
2023102908,2027,2,8,WAS,27,WAS,FLAT
2023102908,1848,1,10,PHI,49,PHI,FLAT
2023102908,236,1,10,WAS,48,WAS,SCREEN
2023102908,3605,1,10,WAS,25,WAS,GO
2023102908,3725,2,8,WAS,8,PHI,SLANT
2023102908,1365,2,10,WAS,35,PHI,SLANT
2023102908,3160,1,10,PHI,20,WAS,GO
2023102908,3979,2,9,PHI,41,PHI,FLAT
2023102908,2084,1,10,WAS,48,WAS,HITCH
2023102908,1283,3,4,PHI,31,PHI,CORNER
2023102908,4348,1,10,WAS,28,WAS,FLAT
2023102908,1146,1,25,PHI,30,WAS,HITCH
2023102908,2982,3,6,WAS,29,WAS,CROSS
2023102908,4091,3,5,WAS,25,WAS,CROSS
2023102908,55,1,10,WAS,25,WAS,SLANT
2023102908,4403,1,10,PHI,45,WAS,CROSS
2023102908,721,1,10,PHI,48,PHI,ANGLE
2023102908,958,1,10,WAS,42,WAS,FLAT
2023102908,1878,2,8,WAS,49,PHI,HITCH
2023102908,2052,1,10,WAS,35,WAS,HITCH
2023102908,4066,2,10,WAS,20,WAS,CROSS
2023102908,1818,3,2,PHI,43,PHI,FLAT
2023102908,2574,2,10,WAS,1,WAS,CORNER
2023102908,2863,3,7,WAS,25,PHI,GO
2023102908,1781,2,5,PHI,40,PHI,SCREEN
2023102908,983,1,10,PHI,47,WAS,GO
2023102908,1997,1,10,WAS,25,WAS,FLAT
2023102908,903,1,10,WAS,25,WAS,SLANT
2023102908,746,2,5,WAS,47,PHI,IN
2023102908,357,2,7,PHI,11,PHI,FLAT
2023102909,2225,1,10,CLE,27,SEA,OUT
2023102909,1410,3,6,SEA,20,SEA,GO
2023102909,2952,3,5,SEA,9,CLE,GO
2023102909,3040,2,7,SEA,28,SEA,SCREEN
2023102909,895,1,10,SEA,25,SEA,CROSS
2023102909,2637,3,11,SEA,15,CLE,SLANT
2023102909,1817,1,10,SEA,25,SEA,HITCH
2023102909,2071,1,10,SEA,25,SEA,SLANT
2023102909,3971,1,10,CLE,41,SEA,OUT
2023102909,2118,1,10,CLE,42,SEA,OUT
2023102909,2200,4,2,CLE,34,SEA,HITCH
2023102909,225,3,4,SEA,26,SEA,SLANT
2023102909,1332,3,2,SEA,20,CLE,CROSS
2023102909,1906,3,16,SEA,19,SEA,SLANT
2023102909,2344,2,4,SEA,37,SEA,CROSS
2023102909,4174,4,19,CLE,16,CLE,POST
2023102909,690,3,12,CLE,12,SEA,GO
2023102909,2590,1,10,SEA,14,CLE,CORNER
2023102909,1087,1,10,CLE,25,CLE,HITCH
2023102909,3928,2,3,,50,SEA,SLANT
2023102909,1725,1,1,SEA,1,CLE,IN
2023102909,1689,1,10,SEA,26,CLE,HITCH
2023102909,553,1,10,CLE,41,SEA,CROSS
2023102909,425,1,10,CLE,25,CLE,SLANT
2023102909,2743,2,6,SEA,29,SEA,WHEEL
2023102909,3903,1,10,SEA,43,SEA,CROSS
2023102909,84,2,7,CLE,23,CLE,HITCH
2023102909,667,2,12,CLE,12,SEA,OUT
2023102909,1280,1,10,SEA,28,CLE,OUT
2023102909,2148,2,2,CLE,34,SEA,OUT
2023102909,3518,1,10,SEA,33,SEA,FLAT
2023102909,3619,2,11,CLE,41,SEA,SLANT
2023102909,1110,2,10,CLE,25,CLE,HITCH
2023102909,2565,2,15,SEA,35,CLE,HITCH
2023102909,4124,2,10,CLE,25,CLE,HITCH
2023102909,3570,1,10,CLE,40,SEA,HITCH
2023102909,983,1,10,CLE,12,SEA,SLANT
2023102909,3435,1,10,SEA,11,SEA,HITCH
2023102909,334,3,8,CLE,14,SEA,FLAT
2023102909,470,3,2,CLE,33,CLE,HITCH
2023102909,173,1,10,SEA,20,SEA,FLAT
2023102909,3385,3,4,SEA,40,CLE,FLAT
2023102909,2766,3,6,SEA,29,SEA,SLANT
2023102909,3065,3,2,SEA,33,SEA,OUT
2023102909,3149,1,18,CLE,12,CLE,HITCH
2023102909,2513,2,6,SEA,40,CLE,SLANT
2023102909,3270,3,3,CLE,24,CLE,IN
2023102909,958,1,5,SEA,45,SEA,GO
2023102909,4101,1,10,CLE,25,CLE,HITCH
2023102909,1133,3,10,CLE,25,CLE,CORNER
2023102909,831,1,10,SEA,18,CLE,SLANT
2023102910,568,1,10,BAL,36,BAL,OUT
2023102910,2321,1,10,ARI,38,ARI,POST
2023102910,3366,2,2,ARI,33,ARI,IN
2023102910,3950,1,10,ARI,39,ARI,CORNER
2023102910,2829,1,10,ARI,10,ARI,CROSS
2023102910,1234,2,3,,50,ARI,HITCH
2023102910,3925,1,10,ARI,25,ARI,IN
2023102910,2216,3,17,BAL,28,BAL,CORNER
2023102910,3549,3,15,BAL,17,ARI,IN
2023102910,2621,3,5,ARI,13,ARI,HITCH
2023102910,1857,1,10,ARI,43,BAL,CROSS
2023102910,3268,3,8,ARI,35,BAL,SLANT
2023102910,239,1,10,BAL,37,ARI,FLAT
2023102910,3503,1,10,BAL,12,ARI,GO
2023102910,1046,1,10,ARI,40,BAL,FLAT
2023102910,1613,1,10,BAL,47,BAL,OUT
2023102910,638,1,10,BAL,49,BAL,CORNER
2023102910,518,2,14,BAL,21,BAL,OUT
2023102910,3029,3,18,ARI,17,ARI,FLAT
2023102910,1645,2,6,ARI,49,BAL,GO
2023102910,2861,1,10,ARI,23,BAL,GO
2023102910,1087,2,5,ARI,35,BAL,IN
2023102910,1880,2,10,ARI,43,BAL,FLAT
2023102910,4134,2,4,BAL,6,ARI,OUT
2023102910,1724,1,10,ARI,10,ARI,CROSS
2023102910,543,3,9,BAL,26,BAL,CROSS
2023102910,3478,1,10,BAL,41,ARI,IN
2023102910,815,1,10,ARI,25,ARI,FLAT
2023102910,4421,3,6,BAL,46,ARI,POST
2023102910,1932,2,9,ARI,18,BAL,OUT
2023102910,1562,3,5,ARI,13,ARI,FLAT
2023102910,4099,1,10,BAL,12,ARI,SLANT
2023102910,3336,1,10,ARI,25,ARI,OUT
2023102910,4221,1,1,BAL,1,ARI,HITCH
2023102910,4256,2,1,BAL,1,ARI,OUT
2023102910,1823,2,3,ARI,31,ARI,SLANT
2023102910,4157,3,4,BAL,6,ARI,OUT
2023102910,165,2,5,ARI,41,ARI,HITCH
2023102910,4368,1,10,,50,ARI,CROSS
2023102910,1021,3,3,ARI,48,BAL,SLANT
2023102910,591,2,10,BAL,36,BAL,ANGLE
2023102910,751,2,5,ARI,5,BAL,HITCH
2023102910,2690,3,4,ARI,27,ARI,IN
2023102910,1428,3,3,BAL,43,BAL,SLANT
2023102910,1776,3,5,ARI,15,ARI,CROSS
2023102910,4040,2,3,BAL,33,ARI,HITCH
2023102910,3418,2,5,ARI,42,ARI,OUT
2023102910,1259,1,10,BAL,45,ARI,HITCH
2023102910,2451,2,8,BAL,32,BAL,HITCH
2023102910,3975,1,10,BAL,40,ARI,ANGLE
2023102910,2524,3,8,BAL,47,BAL,GO
2023102911,1034,1,10,KC,43,KC,HITCH
2023102911,1082,1,10,,50,DEN,POST
2023102911,3453,1,10,KC,25,KC,OUT
2023102911,973,2,10,KC,25,KC,FLAT
2023102911,1655,1,10,DEN,40,DEN,GO
2023102911,2291,2,9,DEN,26,DEN,FLAT
2023102911,2881,3,5,DEN,42,KC,CORNER
2023102911,889,3,4,DEN,29,DEN,IN
2023102911,938,1,10,KC,25,KC,OUT
2023102911,500,3,13,KC,41,KC,CORNER
2023102911,3666,2,10,DEN,34,KC,HITCH
2023102911,2745,1,10,KC,38,KC,POST
2023102911,2780,2,10,KC,38,KC,CROSS
2023102911,77,2,10,KC,25,KC,FLAT
2023102911,1265,2,5,KC,30,KC,OUT
2023102911,1344,1,10,KC,48,DEN,CORNER
2023102911,3613,3,3,KC,49,KC,HITCH
2023102911,651,2,13,DEN,14,KC,OUT
2023102911,1144,2,10,KC,11,DEN,CROSS
2023102911,2185,1,10,DEN,47,KC,FLAT
2023102911,2123,2,10,DEN,43,DEN,ANGLE
2023102911,3714,4,2,DEN,26,KC,CROSS
2023102911,1678,2,10,DEN,40,DEN,SLANT
2023102911,1883,2,6,KC,49,KC,OUT
2023102911,1317,1,10,KC,35,KC,POST
2023102911,3643,1,10,DEN,34,KC,HITCH
2023102911,1942,1,10,DEN,38,KC,HITCH
2023102911,3378,2,6,KC,6,DEN,CROSS
2023102911,1449,1,10,KC,40,KC,FLAT
2023102911,3543,4,1,KC,34,KC,FLAT
2023102911,604,2,6,DEN,18,KC,HITCH
2023102911,1801,1,10,KC,33,KC,OUT
2023102911,2321,3,5,DEN,30,DEN,GO
2023102911,3518,3,10,KC,25,KC,HITCH
2023102911,3476,2,10,KC,25,KC,HITCH
2023102911,3590,2,3,KC,49,KC,FLAT
2023102911,3916,4,27,KC,14,KC,GO
2023102911,2851,2,12,DEN,49,KC,FLAT
2023102911,2088,1,10,DEN,43,DEN,ANGLE
2023102912,1236,1,10,SF,39,CIN,FLAT
2023102912,2517,1,10,SF,39,SF,OUT
2023102912,2741,1,10,CIN,19,CIN,POST
2023102912,3219,2,6,CIN,14,SF,IN
2023102912,1613,1,10,CIN,37,CIN,OUT
2023102912,1022,3,6,SF,18,SF,HITCH
2023102912,1894,1,10,SF,39,SF,CROSS
2023102912,189,2,2,CIN,23,CIN,HITCH
2023102912,609,1,10,CIN,44,SF,CORNER
2023102912,412,1,10,SF,11,CIN,FLAT
2023102912,1752,1,10,SF,19,CIN,CROSS
2023102912,823,1,10,SF,35,CIN,IN
2023102912,218,1,10,CIN,31,CIN,SCREEN
2023102912,3172,3,5,CIN,33,SF,CROSS
2023102912,147,1,10,CIN,15,CIN,HITCH
2023102912,437,2,6,SF,7,CIN,GO
2023102912,1501,2,19,CIN,33,SF,ANGLE
2023102912,365,1,10,SF,46,CIN,IN
2023102912,3124,1,10,CIN,38,SF,ANGLE
2023102912,243,2,10,CIN,31,CIN,IN
2023102912,3099,1,10,SF,37,SF,IN
2023102912,1869,1,10,SF,5,SF,GO
2023102912,3368,2,7,CIN,25,CIN,SLANT
2023102912,1784,2,1,SF,10,CIN,OUT
2023102912,639,1,10,CIN,13,SF,OUT
2023102912,2271,2,18,SF,17,SF,POST
2023102912,2837,3,7,SF,45,CIN,IN
2023102912,3052,1,10,SF,25,SF,ANGLE
2023102912,501,1,10,SF,25,SF,ANGLE
2023102912,3267,1,4,CIN,4,SF,SLANT
2023102912,1727,1,10,SF,30,CIN,IN
2023102912,2341,3,7,CIN,48,SF,IN
2023102912,3625,1,10,SF,25,SF,HITCH
2023102912,2296,1,10,SF,49,SF,OUT
2023102912,1650,2,1,CIN,46,CIN,HITCH
2023102912,1675,1,10,SF,45,CIN,OUT
2023102912,875,1,2,SF,2,CIN,GO
2023102912,3675,2,2,SF,47,SF,POST
2023102912,2005,1,10,CIN,25,CIN,GO
2023102912,2988,1,10,SF,17,CIN,GO
2023102912,2480,1,10,SF,24,SF,OUT
2023102912,2954,1,10,SF,20,SF,IN
2023102912,1355,1,10,SF,40,SF,CORNER
2023102912,2542,2,3,SF,46,SF,FLAT
2023102912,3650,1,10,SF,39,SF,CROSS
2023102912,266,3,10,CIN,31,CIN,HITCH
2023102913,3673,1,10,LAC,38,CHI,FLAT
2023102913,2655,3,8,CHI,27,CHI,POST
2023102913,247,3,5,LAC,13,LAC,SLANT
2023102913,3743,4,3,LAC,31,CHI,IN
2023102913,1714,1,10,LAC,17,CHI,CROSS
2023102913,1120,3,8,LAC,45,CHI,GO
2023102913,3937,1,10,LAC,41,CHI,ANGLE
2023102913,3623,1,10,CHI,45,CHI,FLAT
2023102913,222,2,9,LAC,9,LAC,HITCH
2023102913,655,1,10,LAC,45,LAC,OUT
2023102913,62,1,10,CHI,21,CHI,GO
2023102913,975,2,2,CHI,33,CHI,OUT
2023102913,2037,3,3,CHI,17,LAC,CROSS
2023102913,3145,2,6,LAC,30,CHI,SCREEN
2023102913,950,1,10,CHI,25,CHI,SCREEN
2023102913,3969,2,7,LAC,38,CHI,FLAT
2023102913,879,3,3,CHI,9,LAC,CROSS
2023102913,1453,3,6,CHI,29,CHI,CROSS
2023102913,2085,2,10,CHI,11,LAC,HITCH
2023102913,3576,2,10,CHI,35,CHI,OUT
2023102913,1231,2,12,CHI,46,LAC,OUT
2023102913,2964,2,9,CHI,28,LAC,OUT
2023102913,3046,1,10,CHI,25,CHI,HITCH
2023102913,1342,3,3,CHI,25,LAC,HITCH
2023102913,2733,2,11,LAC,31,LAC,GO
2023102913,2261,3,6,LAC,29,LAC,FLAT
2023102913,2895,3,3,CHI,27,CHI,SCREEN
2023102913,3093,1,10,LAC,45,CHI,OUT
2023102913,1544,2,8,LAC,40,CHI,GO
2023102913,324,1,10,LAC,32,LAC,ANGLE
2023102913,2236,2,13,LAC,22,LAC,SLANT
2023102913,3227,4,2,LAC,26,CHI,HITCH
2023102913,1152,1,10,LAC,43,LAC,SCREEN
2023102913,3648,2,2,LAC,47,CHI,OUT
2023102913,1862,2,10,LAC,25,LAC,HITCH
2023102913,1975,1,10,CHI,24,LAC,HITCH
2023102913,294,2,5,LAC,24,LAC,GO
2023102913,736,2,7,CHI,41,LAC,SLANT
2023102913,2630,2,10,CHI,25,CHI,ANGLE
2023102913,3553,1,10,CHI,35,CHI,GO
2023102913,1581,3,8,LAC,40,CHI,OUT
2023102913,1642,1,15,LAC,35,CHI,HITCH
2023102913,3849,3,5,LAC,30,LAC,GO
2023102913,4019,1,10,LAC,30,CHI,POST
2023102913,2756,3,11,LAC,31,LAC,HITCH
2023102913,2863,2,10,CHI,20,CHI,HITCH
2023102913,2415,3,6,LAC,42,LAC,ANGLE
2023102913,542,2,16,CHI,19,CHI,FLAT
2023102913,482,1,10,CHI,25,CHI,HITCH
2023102913,3720,3,3,LAC,31,CHI,OUT
2023102913,1887,1,10,LAC,36,LAC,CROSS
2023102913,588,3,16,CHI,19,CHI,OUT
2023102913,1184,2,5,LAC,48,LAC,SCREEN
2023102913,2540,3,9,CHI,40,LAC,HITCH
2023102913,3451,1,10,CHI,44,LAC,OUT
2023102913,3421,3,7,LAC,30,LAC,CORNER
2023102913,1689,3,8,LAC,28,CHI,HITCH
2023102913,4044,1,10,LAC,13,CHI,FLAT
2023102913,793,2,7,CHI,29,LAC,ANGLE
2023103000,3536,1,10,LV,2,LV,GO
2023103000,465,1,10,LV,37,LV,FLAT
2023103000,980,3,11,LV,22,DET,CROSS
2023103000,358,3,8,LV,26,DET,CORNER
2023103000,2454,1,10,DET,25,DET,FLAT
2023103000,888,1,10,LV,37,DET,HITCH
2023103000,3593,1,10,LV,17,LV,IN
2023103000,3036,1,10,LV,25,LV,CROSS
2023103000,213,2,10,DET,43,DET,ANGLE
2023103000,3950,2,10,LV,40,LV,CORNER
2023103000,238,3,4,DET,49,DET,HITCH
2023103000,1244,3,6,LV,29,LV,SCREEN
2023103000,3085,2,5,LV,49,LV,GO
2023103000,424,1,10,LV,25,LV,ANGLE
2023103000,2202,1,10,LV,25,LV,HITCH
2023103000,1357,2,16,LV,40,DET,IN
2023103000,1829,2,10,DET,21,DET,POST
2023103000,3212,2,3,DET,29,DET,CROSS
2023103000,3447,3,8,LV,34,DET,CROSS
2023103000,2506,1,10,DET,38,DET,HITCH
2023103000,1511,1,10,LV,25,LV,CROSS
2023103000,627,1,10,DET,26,LV,GO
2023103000,3886,1,10,LV,20,LV,WHEEL
2023103000,829,4,2,LV,49,LV,HITCH
2023103000,4091,4,2,LV,36,DET,CROSS
2023103000,3993,4,18,LV,32,LV,ANGLE
2023103000,654,1,10,DET,11,DET,FLAT
2023103000,2249,2,9,LV,37,LV,IN
2023103000,957,2,11,LV,22,DET,GO
2023103000,2038,3,6,LV,26,DET,HITCH
2023103000,2070,1,10,LV,18,DET,POST
2023103000,109,3,3,DET,27,DET,FLAT
2023103000,586,2,7,DET,14,DET,HITCH
2023103000,2867,3,5,LV,8,LV,SLANT
2023103000,2388,2,6,LV,28,DET,OUT
2023103000,3835,3,8,LV,8,DET,CROSS
2023103000,1398,1,10,LV,16,DET,SLANT
2023103000,2551,3,5,DET,43,DET,POST
2023103000,2642,1,10,LV,33,DET,FLAT
2023103000,2003,2,9,LV,29,DET,FLAT
2023103000,1287,1,10,DET,22,DET,CROSS
2023103000,1949,2,3,LV,36,DET,HITCH
2023103000,3927,1,10,LV,40,LV,OUT
2023110200,446,2,9,TEN,11,TEN,ANGLE
2023110200,4061,2,10,TEN,15,TEN,HITCH
2023110200,4312,1,10,PIT,24,TEN,POST
2023110200,2782,2,5,TEN,30,TEN,GO
2023110200,2240,2,8,TEN,27,TEN,OUT
2023110200,2571,1,10,TEN,30,PIT,FLAT
2023110200,3346,3,8,TEN,41,TEN,FLAT
2023110200,262,1,15,TEN,42,PIT,HITCH
2023110200,1846,2,8,TEN,8,PIT,SLANT
2023110200,4234,2,10,TEN,35,TEN,POST
2023110200,3217,1,10,TEN,8,TEN,CROSS
2023110200,1258,2,8,PIT,19,PIT,SLANT
2023110200,1122,1,15,TEN,29,TEN,HITCH
2023110200,3097,3,3,PIT,32,PIT,HITCH
2023110200,2087,1,10,PIT,19,TEN,GO
2023110200,1281,3,8,PIT,19,PIT,GO
2023110200,315,3,2,TEN,29,PIT,OUT
2023110200,1407,3,13,TEN,41,TEN,GO
2023110200,180,1,10,TEN,48,PIT,CROSS
2023110200,2018,1,10,TEN,36,TEN,GO
2023110200,1993,2,8,TEN,27,TEN,CROSS
2023110200,539,1,10,TEN,40,TEN,CROSS
2023110200,2433,1,10,TEN,47,PIT,FLAT
2023110200,1330,1,10,TEN,27,TEN,HITCH
2023110200,4138,3,7,TEN,30,TEN,POST
2023110200,1902,3,11,TEN,11,PIT,IN
2023110200,4106,2,18,TEN,19,TEN,OUT
2023110200,4282,2,10,PIT,36,TEN,FLAT
2023110200,3554,3,6,PIT,45,PIT,GO
2023110200,285,2,15,TEN,42,PIT,HITCH
2023110200,4038,1,10,TEN,15,TEN,GO
2023110200,108,3,6,PIT,26,PIT,CROSS
2023110200,932,3,8,PIT,27,PIT,CROSS
2023110200,2937,2,9,PIT,24,TEN,OUT
2023110200,2677,3,3,TEN,12,PIT,GO
2023110200,2546,2,7,TEN,37,PIT,FLAT
2023110200,1491,3,3,PIT,29,TEN,FLAT
2023110200,4365,3,5,PIT,19,TEN,POST
2023110200,3440,1,10,PIT,19,PIT,HITCH
2023110200,2110,2,10,PIT,19,TEN,OUT
2023110200,2050,1,10,PIT,40,TEN,CORNER
2023110200,1063,1,23,TEN,5,TEN,POST
2023110200,2403,3,2,PIT,49,PIT,FLAT
2023110200,3727,1,3,TEN,3,PIT,OUT
2023110200,3030,1,10,PIT,25,PIT,CROSS
2023110200,3509,1,10,PIT,41,PIT,OUT
2023110200,2263,3,8,TEN,27,TEN,OUT
2023110200,4335,2,10,PIT,24,TEN,OUT
2023110500,1370,3,20,MIA,34,MIA,FLAT
2023110500,127,3,2,MIA,46,KC,FLAT
2023110500,723,1,10,MIA,41,MIA,POST
2023110500,3092,2,20,KC,37,MIA,POST
2023110500,55,1,10,KC,25,KC,CROSS
2023110500,3115,3,20,KC,37,MIA,FLAT
2023110500,187,1,10,MIA,11,KC,POST
2023110500,2075,1,10,MIA,25,MIA,ANGLE
2023110500,2566,1,10,MIA,20,MIA,FLAT
2023110500,3929,1,10,KC,31,MIA,SCREEN
2023110500,1743,2,12,MIA,47,KC,CORNER
2023110500,1817,3,3,MIA,17,KC,OUT
2023110500,1125,3,9,MIA,41,MIA,ANGLE
2023110500,2855,1,10,KC,25,KC,HITCH
2023110500,1907,2,1,MIA,34,MIA,SLANT
2023110500,2418,2,5,KC,18,KC,SCREEN
2023110500,1656,1,10,MIA,45,KC,HITCH
2023110500,80,1,10,KC,46,KC,OUT
2023110500,3404,3,9,KC,45,KC,CORNER
2023110500,748,1,10,KC,42,MIA,GO
2023110500,1235,3,17,KC,10,KC,FLAT
2023110500,2645,1,10,MIA,46,MIA,CROSS
2023110500,2100,2,5,MIA,30,MIA,OUT
2023110500,314,1,10,MIA,25,MIA,HITCH
2023110500,157,1,10,MIA,36,KC,CORNER
2023110500,3564,3,5,MIA,29,MIA,HITCH
2023110500,2465,2,8,KC,26,KC,HITCH
2023110500,2692,3,3,KC,47,MIA,HITCH
2023110500,1212,2,17,KC,10,KC,HITCH
2023110500,3596,1,10,MIA,36,MIA,HITCH
2023110500,2905,1,10,KC,42,KC,HITCH
2023110500,879,1,10,KC,9,KC,CROSS
2023110500,3975,3,10,KC,31,MIA,GO
2023110500,1313,1,10,MIA,44,MIA,CORNER
2023110500,2313,2,17,MIA,18,MIA,GO
2023110500,1964,1,10,KC,33,MIA,CROSS
2023110500,2598,1,10,MIA,32,MIA,FLAT
2023110500,1932,1,10,MIA,48,MIA,POST
2023110500,3665,3,6,KC,47,MIA,SLANT
2023110500,978,3,10,KC,22,KC,CORNER
2023110500,2130,3,5,MIA,30,MIA,OUT
2023110500,3536,2,6,MIA,28,MIA,OUT
2023110500,1631,2,8,KC,37,KC,SLANT
2023110500,1477,3,5,KC,10,KC,OUT
2023110500,3952,2,10,KC,31,MIA,POST
2023110500,2783,2,5,KC,31,MIA,CORNER
2023110500,1102,2,9,MIA,41,MIA,CORNER
2023110501,776,1,10,ATL,43,ATL,HITCH
2023110501,174,2,14,ATL,48,ATL,FLAT
2023110501,1932,2,2,ATL,2,MIN,FLAT
2023110501,1101,2,6,ATL,42,ATL,CROSS
2023110501,3078,3,8,ATL,38,MIN,CROSS
2023110501,4550,2,1,ATL,34,ATL,CORNER
2023110501,3613,3,6,MIN,24,MIN,SLANT
2023110501,338,1,10,ATL,32,ATL,GO
2023110501,1125,3,6,ATL,42,ATL,HITCH
2023110501,2403,3,16,MIN,36,ATL,GO
2023110501,3256,1,10,ATL,13,MIN,FLAT
2023110501,4461,3,4,ATL,6,MIN,OUT
2023110501,2124,2,10,ATL,38,ATL,FLAT
2023110501,3231,1,10,ATL,24,MIN,FLAT
2023110501,3448,3,9,ATL,26,ATL,GO
2023110501,4580,3,1,ATL,34,ATL,FLAT
2023110501,581,1,10,ATL,14,MIN,OUT
2023110501,556,2,14,MIN,39,MIN,GO
2023110501,882,3,4,MIN,36,ATL,GO
2023110501,4363,3,7,ATL,34,MIN,IN
2023110501,1739,1,10,ATL,34,MIN,CROSS
2023110501,4525,1,10,ATL,25,ATL,SCREEN
2023110501,2724,1,10,ATL,25,ATL,CROSS
2023110501,127,1,10,ATL,42,ATL,SCREEN
2023110501,2147,3,10,ATL,38,ATL,IN
2023110501,857,2,10,MIN,42,ATL,HITCH
2023110501,2770,3,10,ATL,25,ATL,IN
2023110501,1003,2,12,MIN,5,MIN,OUT
2023110501,3495,2,8,MIN,45,ATL,IN
2023110501,2264,1,10,MIN,25,MIN,CROSS
2023110501,414,3,7,MIN,34,ATL,OUT
2023110501,1784,3,11,ATL,35,MIN,CORNER
2023110501,3784,1,10,ATL,21,ATL,GO
2023110501,3518,3,8,MIN,45,ATL,IN
2023110501,3638,1,10,MIN,30,MIN,FLAT
2023110501,4213,3,1,MIN,34,MIN,OUT
2023110501,611,2,1,ATL,5,MIN,CROSS
2023110501,4268,1,10,ATL,37,MIN,CORNER
2023110501,4238,1,10,MIN,39,MIN,GO
2023110501,3055,2,8,ATL,38,MIN,SLANT
2023110501,480,1,10,MIN,25,MIN,CROSS
2023110501,2530,2,11,MIN,24,MIN,OUT
2023110501,4181,2,7,MIN,28,MIN,IN
2023110501,102,3,5,ATL,30,ATL,IN
2023110501,3742,3,5,,50,MIN,SLANT
2023110501,4436,2,10,ATL,12,MIN,IN
2023110501,3199,1,10,ATL,25,ATL,IN
2023110501,2076,3,6,ATL,29,ATL,HITCH
2023110501,746,1,10,ATL,25,ATL,CROSS
2023110501,1290,3,17,MIN,33,ATL,SLANT
2023110501,4413,1,10,ATL,12,MIN,CROSS
2023110501,3425,2,9,ATL,26,ATL,HITCH
2023110501,3712,2,7,MIN,48,MIN,CROSS
2023110501,2658,3,9,ATL,14,MIN,POST
2023110501,1646,3,8,MIN,27,MIN,HITCH
2023110501,1210,3,5,MIN,37,ATL,HITCH
2023110501,2936,3,5,MIN,30,MIN,IN
2023110502,2605,3,8,BAL,41,BAL,HITCH
2023110502,562,1,10,SEA,33,SEA,OUT
2023110502,889,1,10,SEA,46,BAL,GO
2023110502,616,3,3,SEA,40,SEA,HITCH
2023110502,1176,3,4,SEA,32,SEA,GO
2023110502,687,2,11,SEA,46,SEA,HITCH
2023110502,3809,3,5,SEA,49,BAL,HITCH
2023110502,1598,1,10,SEA,17,BAL,CROSS
2023110502,2704,3,18,BAL,46,BAL,HITCH
2023110502,3603,3,6,SEA,6,BAL,OUT
2023110502,142,1,10,BAL,20,BAL,CROSS
2023110502,1807,1,10,BAL,14,SEA,POST
2023110502,3507,2,10,SEA,18,BAL,GO
2023110502,3580,2,6,SEA,6,BAL,SLANT
2023110502,1001,1,10,SEA,22,BAL,HITCH
2023110502,3065,1,10,BAL,40,BAL,IN
2023110502,3530,3,10,SEA,18,BAL,HITCH
2023110502,3373,3,9,BAL,23,SEA,OUT
2023110502,236,3,13,BAL,30,BAL,GO
2023110502,1451,1,10,BAL,29,BAL,POST
2023110502,1237,1,10,SEA,36,BAL,OUT
2023110502,314,2,8,SEA,33,SEA,GO
2023110502,790,2,5,BAL,24,BAL,SLANT
2023110502,3343,2,10,BAL,24,SEA,ANGLE
2023110502,3405,4,7,BAL,21,SEA,POST
2023110502,912,2,10,SEA,46,BAL,CROSS
2023110502,859,3,5,BAL,46,BAL,FLAT
2023110502,3295,2,5,BAL,32,SEA,HITCH
2023110502,2345,3,7,SEA,30,BAL,CROSS
2023110502,2920,1,10,SEA,25,SEA,OUT
2023110502,2141,3,6,SEA,32,BAL,IN
2023110502,2773,2,6,SEA,31,BAL,SLANT
2023110502,1918,1,10,BAL,25,BAL,HITCH
2023110502,2322,2,7,SEA,30,BAL,WHEEL
2023110502,3320,1,10,BAL,24,SEA,GO
2023110502,3010,3,16,SEA,19,SEA,FLAT
2023110502,3208,2,7,SEA,28,SEA,GO
2023110502,506,3,12,BAL,2,BAL,HITCH
2023110502,1746,1,10,BAL,25,SEA,HITCH
2023110502,2435,2,10,SEA,25,SEA,FLAT
2023110502,1716,1,10,SEA,25,SEA,POST
2023110502,2482,3,15,SEA,20,SEA,FLAT
2023110502,99,3,4,SEA,31,SEA,OUT
2023110503,1976,3,9,ARI,49,CLE,FLAT
2023110503,2498,3,16,CLE,39,CLE,FLAT
2023110503,2404,2,8,CLE,36,CLE,FLAT
2023110503,1839,1,10,CLE,34,CLE,ANGLE
2023110503,283,3,2,CLE,19,CLE,FLAT
2023110503,3495,3,6,CLE,48,CLE,GO
2023110503,3019,1,10,CLE,40,ARI,CORNER
2023110503,2213,3,9,CLE,26,CLE,POST
2023110503,3046,1,10,CLE,24,CLE,OUT
2023110503,701,4,3,ARI,36,CLE,OUT
2023110503,3410,4,12,,50,ARI,CROSS
2023110503,3828,2,5,ARI,25,ARI,HITCH
2023110503,1611,2,10,CLE,30,CLE,FLAT
2023110503,2001,1,10,ARI,38,CLE,OUT
2023110503,3907,2,10,ARI,30,ARI,CROSS
2023110503,1864,2,9,CLE,35,CLE,CORNER
2023110503,1743,2,23,ARI,11,ARI,HITCH
2023110503,626,1,10,ARI,43,CLE,HITCH
2023110503,2809,3,5,ARI,44,ARI,SLANT
2023110503,676,3,5,ARI,38,CLE,FLAT
2023110503,384,2,20,CLE,26,CLE,OUT
2023110503,2636,3,4,ARI,5,CLE,SLANT
2023110503,1088,1,10,ARI,40,ARI,HITCH
2023110503,1931,1,10,,50,CLE,HITCH
2023110503,2024,2,10,ARI,38,CLE,SLANT
2023110503,354,1,20,CLE,26,CLE,OUT
2023110503,838,1,10,CLE,28,CLE,CORNER
2023110503,2313,3,10,ARI,1,ARI,SLANT
2023110503,84,2,8,ARI,27,ARI,FLAT
2023110503,3313,1,10,ARI,38,ARI,HITCH
2023110504,4073,4,2,GB,38,LA,IN
2023110504,3940,1,10,LA,35,LA,OUT
2023110504,3127,1,10,LA,45,LA,IN
2023110504,2886,2,4,GB,45,GB,OUT
2023110504,1788,3,10,GB,34,LA,OUT
2023110504,282,3,7,GB,11,GB,CROSS
2023110504,3102,3,8,LA,27,LA,OUT
2023110504,3173,3,10,LA,45,LA,FLAT
2023110504,2271,1,10,GB,47,GB,OUT
2023110504,257,2,9,GB,9,GB,FLAT
2023110504,1903,2,8,GB,33,GB,OUT
2023110504,101,3,5,LA,30,LA,HITCH
2023110504,4048,3,8,GB,44,LA,HITCH
2023110504,3401,1,10,,50,GB,OUT
2023110504,4025,2,8,GB,44,LA,GO
2023110504,2028,3,17,GB,47,GB,OUT
2023110504,3995,1,10,GB,46,LA,FLAT
2023110504,3596,1,10,LA,25,LA,OUT
2023110504,4154,3,5,GB,43,GB,OUT
2023110504,3364,2,10,LA,27,LA,CORNER
2023110504,3759,3,6,GB,32,GB,HITCH
2023110504,1933,1,10,GB,42,GB,HITCH
2023110504,1597,3,11,LA,21,LA,POST
2023110504,3876,2,7,LA,20,GB,SLANT
2023110504,729,1,10,LA,41,GB,FLAT
2023110504,1141,3,7,LA,38,GB,GO
2023110504,2129,1,15,LA,41,GB,SLANT
2023110504,2361,1,10,GB,44,LA,HITCH
2023110504,3079,2,8,LA,27,LA,CROSS
2023110504,2854,1,10,GB,39,GB,CROSS
2023110504,2472,3,25,GB,44,LA,FLAT
2023110504,1692,3,3,GB,38,LA,IN
2023110504,1746,2,10,GB,34,LA,OUT
2023110504,1096,1,10,LA,41,GB,CROSS
2023110504,1020,3,9,LA,21,LA,HITCH
2023110504,3970,2,5,LA,40,LA,POST
2023110504,3150,2,10,LA,45,LA,HITCH
2023110504,3049,1,10,LA,25,LA,FLAT
2023110504,3619,2,10,LA,25,LA,FLAT
2023110505,768,3,16,HOU,19,TB,IN
2023110505,2174,1,10,TB,45,TB,CROSS
2023110505,2769,1,10,TB,29,HOU,GO
2023110505,3492,1,10,TB,36,HOU,CROSS
2023110505,1467,1,10,HOU,25,HOU,FLAT
2023110505,1386,3,7,HOU,10,TB,ANGLE
2023110505,2853,1,10,TB,19,TB,FLAT
2023110505,3607,3,11,TB,11,HOU,CORNER
2023110505,837,2,3,HOU,3,TB,CROSS
2023110505,109,3,10,HOU,25,HOU,CROSS
2023110505,2499,1,10,HOU,37,TB,OUT
2023110505,4179,2,3,HOU,29,TB,IN
2023110505,4459,1,10,TB,15,HOU,POST
2023110505,3257,2,9,TB,26,TB,CROSS
2023110505,577,3,2,HOU,34,TB,SLANT
2023110505,2639,2,8,HOU,23,HOU,IN
2023110505,1768,3,3,TB,32,TB,FLAT
2023110505,3007,2,4,TB,33,HOU,HITCH
2023110505,203,2,10,HOU,18,TB,FLAT
2023110505,4103,3,23,TB,38,TB,IN
2023110505,3174,4,9,TB,9,HOU,OUT
2023110505,56,1,10,HOU,25,HOU,IN
2023110505,1540,2,10,HOU,41,HOU,CROSS
2023110505,3955,1,10,TB,39,TB,OUT
2023110505,3434,1,10,HOU,25,HOU,SLANT
2023110505,2219,1,10,HOU,39,TB,CROSS
2023110505,508,1,10,TB,25,TB,OUT
2023110505,4434,2,10,TB,41,HOU,CORNER
2023110505,709,2,6,HOU,9,TB,OUT
2023110505,1812,1,10,HOU,16,HOU,SLANT
2023110505,3054,1,10,TB,15,HOU,FLAT
2023110505,4222,1,10,HOU,14,TB,GO
2023110505,1111,3,17,TB,29,TB,HITCH
2023110505,4379,2,4,HOU,45,HOU,HITCH
2023110505,3355,1,1,HOU,1,TB,GO
2023110505,1282,1,10,HOU,40,TB,OUT
2023110505,226,3,10,HOU,18,TB,FLAT
2023110505,1492,2,7,HOU,28,HOU,HITCH
2023110505,3725,3,7,TB,30,TB,OUT
2023110505,925,2,9,HOU,10,HOU,GO
2023110505,446,1,10,TB,14,HOU,SLANT
2023110505,1986,2,17,HOU,43,HOU,FLAT
2023110505,410,3,9,TB,35,HOU,HITCH
2023110505,2269,3,10,HOU,39,TB,FLAT
2023110505,2949,1,10,HOU,48,HOU,SCREEN
2023110505,2686,2,1,TB,45,HOU,OUT
2023110505,4347,1,10,HOU,39,HOU,FLAT
2023110505,294,1,10,HOU,25,HOU,CROSS
2023110505,145,1,10,HOU,42,TB,GO
2023110505,1517,1,10,HOU,41,HOU,POST
2023110505,3304,1,10,TB,46,TB,GO
2023110505,1563,3,10,HOU,41,HOU,IN
2023110505,2344,1,10,HOU,25,HOU,POST
2023110505,3145,3,9,TB,9,HOU,GO
2023110505,341,2,7,HOU,49,HOU,POST
2023110505,1941,1,10,HOU,34,HOU,HITCH
2023110505,2138,1,10,TB,27,TB,ANGLE
2023110505,1588,1,10,TB,47,HOU,CROSS
2023110505,4322,1,10,HOU,25,HOU,HITCH
2023110506,366,3,10,WAS,46,NE,HITCH
2023110506,1309,1,10,WAS,14,NE,GO
2023110506,3201,3,3,NE,47,NE,SLANT
2023110506,1479,3,5,WAS,49,WAS,IN
2023110506,1140,3,4,NE,31,NE,POST
2023110506,1980,1,10,NE,21,WAS,GO
2023110506,2026,3,10,NE,21,WAS,CROSS
2023110506,1402,2,7,WAS,20,WAS,HITCH
2023110506,2435,3,11,WAS,24,NE,POST
2023110506,3456,2,10,NE,5,NE,HITCH
2023110506,2171,1,10,NE,36,NE,SLANT
2023110506,4240,1,10,NE,9,NE,ANGLE
2023110506,2061,1,5,NE,5,WAS,OUT
2023110506,814,3,7,WAS,23,WAS,IN
2023110506,2003,2,10,NE,21,WAS,GO
2023110506,540,1,10,NE,26,WAS,CROSS
2023110506,1693,3,10,WAS,20,WAS,CORNER
2023110506,2146,1,10,NE,25,NE,SLANT
2023110506,713,3,5,NE,30,NE,OUT
2023110506,443,2,5,WAS,44,WAS,POST
2023110506,2653,2,10,NE,33,WAS,POST
2023110506,3156,2,10,NE,40,NE,SLANT
2023110506,4310,2,2,NE,32,NE,IN
2023110506,4358,2,10,NE,45,NE,CORNER
2023110506,565,2,8,NE,24,WAS,OUT
2023110506,683,2,10,NE,25,NE,FLAT
2023110506,3838,3,7,NE,34,NE,GO
2023110506,157,1,10,NE,16,NE,SLANT
2023110506,1955,1,10,NE,32,WAS,CROSS
2023110506,2267,3,4,WAS,44,NE,OUT
2023110506,2945,1,10,NE,48,WAS,SLANT
2023110506,227,3,9,NE,28,NE,ANGLE
2023110506,2794,2,9,NE,37,NE,SLANT
2023110506,4458,2,8,WAS,41,NE,IN
2023110506,1006,1,10,NE,12,WAS,HITCH
2023110506,3275,2,6,WAS,24,WAS,OUT
2023110506,204,2,9,NE,28,NE,FLAT
2023110506,3133,1,10,NE,40,NE,POST
2023110506,2501,1,10,WAS,25,WAS,HITCH
2023110506,1765,1,10,WAS,43,WAS,GO
2023110506,391,4,3,WAS,39,NE,CORNER
2023110506,67,1,10,WAS,36,WAS,ANGLE
2023110506,791,2,7,WAS,23,WAS,GO
2023110506,2868,1,10,WAS,24,WAS,FLAT
2023110506,296,3,3,NE,48,NE,SLANT
2023110506,4406,4,4,WAS,49,NE,HITCH
2023110506,321,1,10,WAS,46,NE,SLANT
2023110506,2739,2,10,NE,25,NE,OUT
2023110506,2920,3,8,WAS,26,WAS,CORNER
2023110506,869,1,10,NE,41,WAS,POST
2023110506,4176,3,6,WAS,36,WAS,GO
2023110506,1788,2,10,WAS,43,WAS,CORNER
2023110506,4273,1,10,NE,24,NE,OUT
2023110506,3923,2,10,WAS,5,WAS,FLAT
2023110506,2412,2,11,WAS,24,NE,GO
2023110506,3531,3,6,NE,20,NE,WHEEL
2023110506,4042,3,8,WAS,21,WAS,CROSS
2023110506,4335,1,10,NE,45,NE,CROSS
2023110506,114,3,2,WAS,44,WAS,CROSS
2023110506,3503,2,6,NE,20,NE,CORNER
2023110506,1432,1,10,WAS,44,WAS,HITCH
2023110506,1740,2,6,WAS,37,WAS,FLAT
2023110506,3953,3,3,WAS,12,WAS,CROSS
2023110506,3369,3,11,WAS,30,WAS,SCREEN
2023110506,892,2,10,NE,41,WAS,OUT
2023110506,1092,1,10,NE,25,NE,GO
2023110506,2630,1,10,NE,33,WAS,FLAT
2023110506,468,1,10,NE,37,WAS,FLAT
2023110507,3718,2,4,CHI,8,CHI,GO
2023110507,319,1,10,NO,25,NO,POST
2023110507,3020,1,10,CHI,47,NO,SLANT
2023110507,1265,2,10,NO,48,NO,FLAT
2023110507,1651,1,10,NO,43,CHI,CROSS
2023110507,3045,2,4,CHI,41,NO,HITCH
2023110507,55,1,10,CHI,25,CHI,SLANT
2023110507,726,3,7,CHI,30,NO,SLANT
2023110507,80,1,10,CHI,38,CHI,IN
2023110507,1474,3,2,CHI,2,NO,FLAT
2023110507,3693,1,10,CHI,2,CHI,HITCH
2023110507,3118,1,3,CHI,3,NO,CROSS
2023110507,2167,2,4,CHI,29,CHI,POST
2023110507,2332,1,10,CHI,25,CHI,CROSS
2023110507,366,2,9,NO,40,NO,ANGLE
2023110507,2494,3,5,NO,43,CHI,HITCH
2023110507,2519,1,10,NO,32,CHI,FLAT
2023110507,597,2,15,CHI,41,CHI,HITCH
2023110507,2425,3,6,CHI,40,CHI,CROSS
2023110507,911,1,10,CHI,25,CHI,CROSS
2023110507,2820,2,10,CHI,44,NO,SCREEN
2023110507,2843,3,10,CHI,44,NO,SLANT
2023110507,2090,3,3,NO,29,NO,HITCH
2023110507,755,1,10,CHI,19,NO,IN
2023110507,1100,1,9,NO,9,CHI,GO
2023110507,1206,1,10,NO,25,NO,CROSS
2023110507,3499,3,10,CHI,17,CHI,CROSS
2023110507,3407,3,8,CHI,24,NO,HITCH
2023110507,2672,3,7,NO,13,CHI,CORNER
2023110507,391,3,5,NO,44,NO,GO
2023110507,2237,2,8,CHI,37,NO,SCREEN
2023110507,3852,3,8,CHI,34,NO,IN
2023110507,679,1,10,CHI,33,NO,HITCH
2023110507,250,1,10,NO,18,CHI,CROSS
2023110507,507,2,15,CHI,29,CHI,FLAT
2023110507,3650,3,9,CHI,45,NO,HITCH
2023110507,1290,3,8,,50,NO,SLANT
2023110507,3569,3,9,CHI,29,CHI,IN
2023110507,1856,1,10,NO,30,NO,ANGLE
2023110507,802,1,9,CHI,9,NO,HITCH
2023110507,3382,2,14,CHI,30,NO,HITCH
2023110507,1389,3,6,CHI,19,NO,IN
2023110507,3219,2,10,CHI,25,CHI,SLANT
2023110507,1626,3,4,,50,CHI,FLAT
2023110507,1973,2,10,CHI,46,NO,ANGLE
2023110507,960,1,10,NO,37,CHI,CROSS
2023110508,645,2,6,IND,22,IND,OUT
2023110508,1937,1,10,,50,IND,HITCH
2023110508,3672,2,10,IND,34,CAR,HITCH
2023110508,349,1,10,CAR,10,CAR,FLAT
2023110508,3064,3,10,,50,IND,HITCH
2023110508,1310,1,10,CAR,28,IND,OUT
2023110508,4115,1,10,CAR,11,CAR,HITCH
2023110508,1285,2,10,CAR,47,IND,CORNER
2023110508,3695,3,10,IND,34,CAR,FLAT
2023110508,519,1,10,IND,41,CAR,HITCH
2023110508,1588,2,5,IND,26,CAR,HITCH
2023110508,3568,1,10,IND,44,CAR,OUT
2023110508,2437,2,9,IND,31,IND,OUT
2023110508,3262,3,11,CAR,16,CAR,CORNER
2023110508,3162,2,7,CAR,20,CAR,HITCH
2023110508,2239,1,10,CAR,49,CAR,OUT
2023110508,4188,2,10,CAR,25,CAR,FLAT
2023110508,1118,3,20,CAR,15,CAR,FLAT
2023110508,1874,2,8,IND,41,IND,ANGLE
2023110508,3960,1,10,CAR,39,CAR,FLAT
2023110508,3516,3,9,CAR,39,CAR,FLAT
2023110508,1973,1,10,CAR,40,IND,FLAT
2023110508,2127,2,3,CAR,32,CAR,HITCH
2023110508,2878,3,5,IND,5,CAR,SCREEN
2023110508,772,2,7,IND,48,IND,FLAT
2023110508,2801,4,1,IND,21,CAR,POST
2023110508,2579,1,10,CAR,33,CAR,HITCH
2023110508,2826,1,10,IND,10,CAR,HITCH
2023110508,4140,2,3,CAR,18,CAR,HITCH
2023110508,281,3,11,IND,15,IND,SLANT
2023110508,2003,2,9,CAR,39,IND,HITCH
2023110508,1827,3,12,IND,23,IND,HITCH
2023110508,3468,1,10,CAR,38,CAR,SCREEN
2023110508,2994,2,10,IND,39,IND,HITCH
2023110508,1678,3,10,IND,20,CAR,HITCH
2023110508,402,3,9,CAR,11,CAR,SCREEN
2023110508,2631,3,3,CAR,40,CAR,FLAT
2023110508,3411,2,7,CAR,28,CAR,HITCH
2023110508,2412,1,10,IND,30,IND,FLAT
2023110508,3988,2,6,CAR,43,CAR,POST
2023110508,1655,2,10,IND,20,CAR,OUT
2023110508,542,2,10,IND,41,CAR,HITCH
2023110508,2157,1,10,CAR,37,CAR,OUT
2023110508,2097,1,10,CAR,25,CAR,HITCH
2023110508,3380,1,10,CAR,25,CAR,FLAT
2023110508,2942,1,10,IND,25,IND,OUT
2023110509,2743,4,5,LV,30,NYG,FLAT
2023110509,3293,1,10,NYG,43,NYG,CORNER
2023110509,2624,1,10,LV,47,NYG,OUT
2023110509,1391,1,10,NYG,15,LV,FLAT
2023110509,3566,3,4,NYG,26,NYG,SLANT
2023110509,427,1,10,NYG,47,NYG,HITCH
2023110509,583,1,10,LV,34,LV,FLAT
2023110509,2276,2,15,NYG,39,LV,CROSS
2023110509,108,3,10,NYG,20,NYG,HITCH
2023110509,1597,2,8,NYG,8,LV,FLAT
2023110509,2599,2,7,NYG,19,NYG,GO
2023110509,706,1,10,NYG,20,NYG,FLAT
2023110509,85,2,10,NYG,20,NYG,HITCH
2023110509,1354,2,11,NYG,34,LV,SLANT
2023110509,1543,1,10,LV,40,LV,GO
2023110509,2119,3,10,LV,36,LV,SLANT
2023110509,3106,1,10,NYG,28,LV,GO
2023110509,1516,1,10,LV,48,NYG,POST
2023110509,958,3,27,NYG,36,NYG,FLAT
2023110509,2048,3,5,LV,30,LV,OUT
2023110509,3260,1,10,NYG,32,NYG,HITCH
2023110509,1008,1,10,LV,10,LV,FLAT
2023110509,1689,1,10,NYG,25,NYG,HITCH
2023110509,3518,1,10,NYG,20,NYG,SLANT
2023110509,2857,2,6,LV,9,NYG,CORNER
2023110509,3390,4,10,LV,34,NYG,ANGLE
2023110509,2196,3,1,NYG,41,LV,OUT
2023110509,3675,4,9,NYG,41,NYG,OUT
2023110509,2491,2,15,LV,20,LV,HITCH
2023110509,1960,1,10,LV,25,LV,HITCH
2023110509,3083,4,4,NYG,29,NYG,IN
2023110509,774,1,10,NYG,31,NYG,GO
2023110509,494,1,10,LV,43,NYG,GO
2023110509,3650,3,19,NYG,31,NYG,FLAT
2023110509,1738,2,5,NYG,20,LV,SCREEN
2023110509,2521,3,6,LV,29,LV,CROSS
2023110509,3605,1,10,NYG,40,NYG,FLAT
2023110509,2166,2,13,LV,47,LV,OUT
2023110509,2768,1,10,LV,24,NYG,HITCH
2023110509,3543,2,4,NYG,26,NYG,IN
2023110509,62,1,10,NYG,20,NYG,OUT
2023110509,273,2,7,NYG,49,LV,SLANT
2023110509,2096,2,10,LV,36,LV,GO
2023110509,2073,1,10,LV,36,LV,GO
2023110509,637,3,4,LV,40,LV,SLANT
2023110509,3345,2,18,LV,42,NYG,HITCH
2023110509,2299,3,15,NYG,39,LV,FLAT
2023110510,2635,3,15,,50,DAL,OUT
2023110510,2460,1,10,DAL,25,DAL,GO
2023110510,1263,3,5,PHI,5,DAL,OUT
2023110510,2585,1,15,,50,DAL,IN
2023110510,4204,4,8,PHI,29,DAL,HITCH
2023110510,3234,1,10,PHI,24,DAL,HITCH
2023110510,3437,4,1,PHI,1,DAL,FLAT
2023110510,3087,1,10,DAL,28,DAL,HITCH
2023110510,1881,1,10,PHI,40,DAL,SCREEN
2023110510,393,2,23,DAL,47,PHI,HITCH
2023110510,1417,3,9,PHI,41,PHI,IN
2023110510,2709,2,8,PHI,15,PHI,HITCH
2023110510,99,3,6,DAL,29,DAL,CORNER
2023110510,945,1,10,DAL,18,DAL,OUT
2023110510,4411,1,10,,50,DAL,OUT
2023110510,696,2,8,PHI,40,DAL,FLAT
2023110510,4607,3,26,PHI,27,DAL,POST
2023110510,4050,1,10,PHI,43,DAL,GO
2023110510,1240,2,5,PHI,5,DAL,POST
2023110510,1759,1,10,DAL,25,DAL,SLANT
2023110510,774,1,4,PHI,4,DAL,FLAT
2023110510,3112,1,10,DAL,48,DAL,HITCH
2023110510,1111,3,14,PHI,38,DAL,HITCH
2023110510,4073,2,10,PHI,43,DAL,FLAT
2023110510,3967,1,10,DAL,26,DAL,CROSS
2023110510,314,1,10,PHI,46,PHI,HITCH
2023110510,3666,1,10,,50,DAL,FLAT
2023110510,4014,2,7,,50,DAL,HITCH
2023110510,3789,1,7,PHI,7,DAL,GO
2023110510,2527,2,5,DAL,45,DAL,HITCH
2023110510,3157,1,10,PHI,41,DAL,FLAT
2023110510,239,1,10,PHI,34,PHI,FLAT
2023110510,1933,3,3,PHI,33,DAL,CROSS
2023110510,289,3,6,PHI,38,PHI,OUT
2023110510,1021,3,2,DAL,26,DAL,CORNER
2023110510,1831,3,15,DAL,35,DAL,HITCH
2023110510,3913,3,3,PHI,32,PHI,GO
2023110510,2371,2,2,DAL,40,PHI,FLAT
2023110510,148,1,10,PHI,23,PHI,SLANT
2023110510,4172,3,21,PHI,42,DAL,HITCH
2023110510,2898,1,10,DAL,41,PHI,POST
2023110510,988,2,10,DAL,18,DAL,SCREEN
2023110510,2921,2,10,DAL,41,PHI,CROSS
2023110510,3696,1,10,PHI,34,DAL,HITCH
2023110510,1856,4,1,DAL,49,DAL,IN
2023110510,443,4,3,DAL,27,PHI,OUT
2023110510,4096,3,10,PHI,43,DAL,SLANT
2023110510,418,3,15,DAL,39,PHI,SLANT
2023110510,2026,2,4,PHI,31,PHI,FLAT
2023110510,2075,3,8,PHI,27,PHI,OUT
2023110510,3209,3,1,PHI,32,DAL,CROSS
2023110510,3257,2,10,PHI,24,DAL,ANGLE
2023110510,3522,2,8,PHI,3,PHI,SLANT
2023110510,744,4,1,PHI,33,DAL,CORNER
2023110510,3016,2,4,DAL,4,PHI,CROSS
2023110510,3719,2,10,PHI,34,DAL,HITCH
2023110510,2396,1,10,DAL,29,PHI,GO
2023110510,4457,1,10,PHI,25,DAL,OUT
2023110511,181,1,10,BUF,39,CIN,HITCH
2023110511,2859,2,5,CIN,47,CIN,HITCH
2023110511,1340,2,10,BUF,12,BUF,GO
2023110511,769,2,10,BUF,14,CIN,IN
2023110511,2308,1,10,CIN,48,BUF,CORNER
2023110511,233,2,7,BUF,18,CIN,HITCH
2023110511,2598,1,10,CIN,22,CIN,GO
2023110511,2651,2,10,CIN,43,CIN,FLAT
2023110511,258,1,7,BUF,7,CIN,CORNER
2023110511,2973,4,5,BUF,37,CIN,ANGLE
2023110511,2445,3,9,CIN,16,BUF,GO
2023110511,1797,4,1,BUF,36,CIN,HITCH
2023110511,3482,3,6,BUF,25,CIN,SLANT
2023110511,2916,2,14,BUF,46,CIN,HITCH
2023110511,3310,2,10,CIN,13,CIN,OUT
2023110511,712,1,10,BUF,27,CIN,IN
2023110511,2247,3,4,BUF,32,BUF,GO
2023110511,156,3,2,BUF,45,CIN,FLAT
2023110511,3536,2,10,BUF,10,CIN,FLAT
2023110511,3908,1,10,CIN,26,BUF,FLAT
2023110511,3227,1,10,CIN,22,BUF,SLANT
2023110511,2750,2,6,BUF,13,BUF,SLANT
2023110511,3399,2,10,CIN,39,CIN,GO
2023110511,1367,1,10,BUF,32,CIN,GO
2023110511,427,1,10,CIN,37,BUF,GO
2023110511,1762,3,10,BUF,45,CIN,SLANT
2023110511,3081,2,7,CIN,41,BUF,ANGLE
2023110511,1310,1,10,BUF,12,BUF,GO
2023110511,746,1,10,BUF,14,CIN,GO
2023110511,2718,1,10,BUF,9,BUF,ANGLE
2023110511,3340,3,1,CIN,22,CIN,GO
2023110511,1945,1,10,BUF,25,BUF,HITCH
2023110511,1881,3,7,BUF,22,CIN,SCREEN
2023110511,1265,3,8,CIN,46,CIN,SCREEN
2023110511,2950,3,5,BUF,37,CIN,HITCH
2023110511,2163,1,10,BUF,26,BUF,HITCH
2023110511,2338,1,10,CIN,33,BUF,ANGLE
2023110511,1970,1,10,BUF,48,BUF,HITCH
2023110511,682,3,10,BUF,42,CIN,OUT
2023110511,3644,1,10,BUF,25,BUF,SCREEN
2023110511,3034,1,10,BUF,45,BUF,HITCH
2023110511,2628,1,10,CIN,43,CIN,GO
2023110511,452,1,10,CIN,15,BUF,OUT
2023110511,2551,2,7,CIN,11,CIN,FLAT
2023110511,590,1,10,CIN,46,CIN,IN
2023110511,2283,1,10,BUF,41,BUF,FLAT
2023110511,3268,1,10,CIN,13,CIN,OUT
2023110511,2029,2,6,CIN,38,BUF,FLAT
2023110511,2004,1,10,CIN,42,BUF,OUT
2023110511,377,3,5,BUF,20,BUF,CROSS
2023110511,354,2,5,BUF,20,BUF,IN
2023110511,829,2,2,BUF,2,CIN,OUT
2023110511,1739,2,10,BUF,45,CIN,GO
2023110511,3958,3,1,CIN,17,BUF,GO
2023110511,1851,2,7,BUF,22,CIN,HITCH
2023110511,2222,2,10,BUF,26,BUF,OUT
2023110511,329,1,10,BUF,15,BUF,FLAT
2023110511,3798,1,10,CIN,37,BUF,HITCH
2023110511,4013,1,10,CIN,25,CIN,CORNER
2023110600,2001,2,10,NYJ,42,NYJ,HITCH
2023110600,3705,2,18,NYJ,29,NYJ,OUT
2023110600,3616,2,10,NYJ,25,NYJ,OUT
2023110600,2481,1,10,NYJ,25,NYJ,POST
2023110600,4269,2,10,LAC,47,NYJ,FLAT
2023110600,923,1,1,NYJ,1,LAC,CORNER
2023110600,4130,4,3,NYJ,32,NYJ,FLAT
2023110600,4331,4,5,LAC,42,NYJ,GO
2023110600,1099,2,15,NYJ,20,NYJ,FLAT
2023110600,4463,4,6,LAC,6,NYJ,CROSS
2023110600,376,2,6,NYJ,40,NYJ,ANGLE
2023110600,78,2,8,LAC,27,LAC,GO
2023110600,1703,3,8,LAC,32,NYJ,ANGLE
2023110600,3488,2,13,NYJ,27,LAC,CROSS
2023110600,3886,1,10,NYJ,29,NYJ,SLANT
2023110600,1167,1,10,LAC,24,LAC,CROSS
2023110600,2176,2,10,LAC,27,LAC,GO
2023110600,2558,1,10,LAC,34,NYJ,SCREEN
2023110600,412,1,10,LAC,44,NYJ,SCREEN
2023110600,195,3,6,NYJ,28,NYJ,SLANT
2023110600,4180,2,3,NYJ,45,NYJ,ANGLE
2023110600,2533,2,8,LAC,42,NYJ,FLAT
2023110600,534,3,13,LAC,26,LAC,HITCH
2023110600,306,2,4,NYJ,31,NYJ,OUT
2023110600,852,2,6,NYJ,25,LAC,HITCH
2023110600,2356,1,10,LAC,42,LAC,HITCH
2023110600,1124,3,12,NYJ,23,NYJ,GO
2023110600,3293,3,9,LAC,25,LAC,HITCH
2023110600,2116,3,5,LAC,20,LAC,OUT
2023110600,1463,2,9,LAC,26,LAC,FLAT
2023110600,3443,3,4,NYJ,47,LAC,GO
2023110600,805,3,6,NYJ,46,LAC,OUT
2023110600,2293,3,10,NYJ,19,NYJ,FLAT
2023110600,4306,3,5,LAC,42,NYJ,FLAT
2023110600,2965,2,9,LAC,49,NYJ,HITCH
2023110600,3593,1,10,NYJ,25,NYJ,SLANT
2023110600,1906,1,10,NYJ,23,NYJ,HITCH
2023110600,2247,1,10,NYJ,19,NYJ,GO
2023110600,1554,2,5,,50,NYJ,OUT
2023110600,2583,2,5,LAC,29,NYJ,CROSS
2023110600,1829,2,12,LAC,28,LAC,HITCH
2023110600,1678,2,15,LAC,39,NYJ,HITCH
2023110600,2381,1,10,NYJ,46,LAC,SLANT
2023110600,4356,1,9,LAC,9,NYJ,OUT
2023110600,4080,2,10,NYJ,25,NYJ,OUT
2023110600,2843,1,18,NYJ,23,NYJ,IN
2023110600,4057,1,10,NYJ,25,NYJ,IN
2023110600,2153,1,10,LAC,27,LAC,IN
2023110600,1349,2,10,NYJ,20,NYJ,FLAT
2023110600,3363,3,4,LAC,41,LAC,HITCH
2023110600,4381,2,6,LAC,6,NYJ,GO
2023110600,1953,3,4,NYJ,29,NYJ,HITCH
2023110600,2868,2,5,NYJ,36,NYJ,FLAT
2023110600,3248,2,15,LAC,19,LAC,OUT
2023110600,4246,1,10,LAC,47,NYJ,GO
2023110600,1852,3,12,LAC,28,LAC,HITCH
2023110600,2270,2,10,NYJ,19,NYJ,POST
2023110600,2071,1,10,LAC,15,LAC,OUT
2023110600,172,2,6,NYJ,28,NYJ,OUT
2023110600,2760,3,3,LAC,32,LAC,SLANT
2023110600,1234,1,10,NYJ,47,LAC,ANGLE
2023110600,4155,1,10,NYJ,38,NYJ,ANGLE
2023110600,650,3,6,NYJ,32,NYJ,GO
2023110600,3918,1,10,NYJ,41,NYJ,SLANT
2023110900,631,1,10,CHI,25,CHI,SCREEN
2023110900,537,3,3,CHI,22,CHI,HITCH
2023110900,2274,3,9,CAR,26,CAR,GO
2023110900,2724,1,4,CAR,4,CHI,SLANT
2023110900,3978,4,2,CAR,46,CAR,OUT
2023110900,2111,3,6,CAR,39,CHI,SCREEN
2023110900,757,2,7,CAR,31,CHI,GO
2023110900,4163,3,7,CAR,48,CHI,IN
2023110900,3828,1,10,CAR,20,CAR,HITCH
2023110900,4008,1,10,CHI,41,CAR,OUT
2023110900,1972,1,10,CHI,30,CHI,CROSS
2023110900,2366,2,8,CHI,29,CHI,FLAT
2023110900,4031,2,10,CHI,41,CAR,GO
2023110900,93,1,10,CHI,41,CHI,FLAT
2023110900,2843,2,10,CAR,25,CAR,IN
2023110900,1936,1,10,CHI,9,CHI,ANGLE
2023110900,2479,2,16,CAR,3,CAR,HITCH
2023110900,2063,1,10,CAR,43,CHI,HITCH
2023110900,2820,1,10,CAR,25,CAR,IN
2023110900,996,1,10,CHI,14,CAR,FLAT
2023110900,683,2,5,CHI,43,CHI,OUT
2023110900,3378,4,6,CHI,36,CAR,POST
2023110900,1043,3,11,CHI,15,CAR,CROSS
2023110900,2033,1,10,CHI,43,CHI,OUT
2023110900,3561,2,5,CHI,30,CHI,FLAT
2023110900,351,2,7,CHI,48,CAR,CROSS
2023110900,2940,2,15,CAR,45,CAR,HITCH
2023110900,899,2,6,CAR,29,CAR,CORNER
2023110900,2229,1,10,CAR,25,CAR,HITCH
2023110900,3946,3,9,CAR,39,CAR,HITCH
2023110900,929,1,10,CHI,26,CAR,FLAT
2023110900,3921,2,14,CAR,34,CAR,HITCH
2023110900,3353,3,12,CHI,42,CAR,FLAT
2023110900,1845,2,8,CAR,41,CAR,HITCH
2023110900,3635,1,10,CAR,46,CHI,CROSS
2023110900,3436,2,7,CHI,22,CAR,FLAT
2023110900,3853,2,3,CAR,27,CAR,IN
2023110900,3304,2,27,CAR,43,CAR,FLAT
2023110900,1593,4,4,CAR,36,CHI,IN
2023110900,2868,1,10,CAR,36,CAR,CROSS
2023110900,1570,3,4,CAR,36,CHI,GO
2023110900,2557,1,10,CAR,38,CHI,CROSS
2023110900,3876,3,3,CAR,27,CAR,ANGLE
2023110900,3754,2,10,CAR,9,CAR,HITCH
2023110900,138,3,8,CHI,43,CHI,OUT
2023110900,2088,2,6,CAR,39,CHI,HITCH
2023110900,3461,3,5,CHI,20,CAR,IN
2023110900,1545,2,10,CAR,42,CHI,HITCH
2023110900,1258,2,19,CHI,44,CHI,ANGLE
2023110900,1497,3,5,CAR,48,CHI,ANGLE
2023110900,1875,3,1,CAR,48,CAR,SLANT
2023110900,4054,3,10,CHI,41,CAR,HITCH
2023110900,282,2,11,CAR,35,CAR,HITCH
2023110900,1131,2,7,CHI,28,CHI,FLAT
2023111200,1529,3,7,NE,43,IND,CROSS
2023111200,3498,3,5,IND,10,IND,IN
2023111200,1889,3,10,IND,43,IND,ANGLE
2023111200,3158,1,10,NE,25,NE,SLANT
2023111200,1200,2,8,IND,31,IND,CROSS
2023111200,2155,2,11,IND,42,IND,HITCH
2023111200,185,1,10,NE,46,NE,OUT
2023111200,2459,2,7,IND,46,IND,HITCH
2023111200,398,1,10,IND,25,IND,GO
2023111200,867,1,10,NE,37,NE,HITCH
2023111200,1866,2,10,IND,43,IND,GO
2023111200,3227,1,15,NE,46,NE,HITCH
2023111200,3403,2,12,IND,15,NE,CROSS
2023111200,2401,2,9,IND,26,IND,OUT
2023111200,1843,1,10,IND,43,IND,HITCH
2023111200,1301,2,9,NE,21,NE,OUT
2023111200,1603,2,2,NE,21,NE,HITCH
2023111200,3017,3,3,NE,46,IND,IN
2023111200,421,2,10,IND,25,IND,SCREEN
2023111200,3581,3,11,IND,37,IND,HITCH
2023111200,3744,2,10,NE,30,NE,SLANT
2023111200,1115,3,14,NE,14,NE,SLANT
2023111200,1423,2,6,IND,45,IND,IN
2023111200,3250,2,15,NE,46,NE,HITCH
2023111200,2900,3,5,IND,5,NE,OUT
2023111200,84,2,7,NE,23,NE,OUT
2023111200,2064,2,6,IND,29,IND,POST
2023111200,3691,3,5,NE,19,NE,OUT
2023111200,1779,2,5,IND,25,IND,HITCH
2023111200,2125,1,20,IND,33,IND,OUT
2023111200,116,3,7,NE,23,NE,SLANT
2023111200,3278,3,6,IND,45,NE,CROSS
2023111200,1023,3,10,IND,13,IND,CROSS
2023111200,2655,3,5,NE,28,NE,OUT
2023111200,3814,1,10,NE,40,NE,POST
2023111200,1914,4,4,IND,49,IND,SLANT
2023111200,1364,1,10,IND,20,IND,CROSS
2023111200,3668,2,5,NE,19,NE,SLANT
2023111200,3767,3,10,NE,30,NE,HITCH
2023111200,446,3,6,IND,29,IND,CROSS
2023111200,1448,1,10,NE,46,IND,HITCH
2023111201,3761,1,10,BAL,10,CLE,FLAT
2023111201,951,3,5,CLE,19,BAL,WHEEL
2023111201,3016,2,8,BAL,9,CLE,CROSS
2023111201,3699,2,7,CLE,48,CLE,HITCH
2023111201,2239,3,8,CLE,49,CLE,HITCH
2023111201,1951,2,6,BAL,34,CLE,HITCH
2023111201,589,3,10,CLE,45,CLE,OUT
2023111201,2420,1,10,BAL,22,BAL,OUT
2023111201,543,1,10,CLE,45,CLE,GO
2023111201,3130,1,10,BAL,25,BAL,CORNER
2023111201,3331,2,9,CLE,11,BAL,HITCH
2023111201,2669,3,4,CLE,31,CLE,OUT
2023111201,2644,2,8,CLE,27,CLE,OUT
2023111201,2937,1,10,BAL,33,CLE,FLAT
2023111201,2912,3,11,BAL,44,CLE,SCREEN
2023111201,4237,2,19,CLE,22,CLE,HITCH
2023111201,222,3,11,CLE,37,CLE,HITCH
2023111201,1383,1,10,BAL,41,CLE,GO
2023111201,2550,3,6,CLE,40,BAL,SLANT
2023111201,2887,2,14,BAL,47,CLE,FLAT
2023111201,199,2,11,CLE,37,CLE,IN
2023111201,1629,1,10,BAL,26,BAL,OUT
2023111201,371,2,5,BAL,39,BAL,CROSS
2023111201,1285,1,10,CLE,32,CLE,POST
2023111201,293,1,10,BAL,21,BAL,HITCH
2023111201,926,2,10,CLE,24,BAL,SLANT
2023111201,4182,3,1,CLE,29,CLE,FLAT
2023111201,845,1,10,BAL,30,BAL,HITCH
2023111201,1747,3,7,CLE,41,BAL,GO
2023111201,3999,1,10,BAL,38,BAL,IN
2023111201,2787,1,10,CLE,47,CLE,HITCH
2023111201,2155,2,1,BAL,34,BAL,GO
2023111201,3951,2,8,BAL,27,BAL,SLANT
2023111201,676,2,7,BAL,18,CLE,FLAT
2023111201,699,3,7,BAL,18,CLE,GO
2023111201,3652,2,15,CLE,20,CLE,HITCH
2023111201,2477,1,10,BAL,38,BAL,IN
2023111201,396,1,10,CLE,43,BAL,ANGLE
2023111201,1654,1,10,BAL,42,BAL,OUT
2023111201,3974,3,8,BAL,27,BAL,CROSS
2023111201,3786,2,10,BAL,10,CLE,OUT
2023111202,135,3,8,CIN,42,CIN,OUT
2023111202,823,3,6,HOU,45,HOU,CROSS
2023111202,3688,3,7,CIN,46,HOU,SLANT
2023111202,1411,3,2,CIN,33,CIN,GO
2023111202,893,2,10,CIN,18,HOU,IN
2023111202,2315,2,4,CIN,24,HOU,GO
2023111202,4327,3,13,HOU,13,CIN,CROSS
2023111202,4463,1,10,CIN,46,HOU,OUT
2023111202,160,1,10,HOU,45,CIN,IN
2023111202,4493,2,6,CIN,42,HOU,SLANT
2023111202,1621,2,10,CIN,35,HOU,FLAT
2023111202,1574,3,14,HOU,46,HOU,OUT
2023111202,617,1,10,CIN,35,CIN,IN
2023111202,185,2,2,HOU,37,CIN,FLAT
2023111202,450,2,9,HOU,45,HOU,SLANT
2023111202,3857,2,7,HOU,44,CIN,SLANT
2023111202,640,2,10,CIN,35,CIN,FLAT
2023111202,1956,3,13,HOU,42,HOU,HITCH
2023111202,3761,1,10,CIN,31,CIN,POST
2023111202,2971,2,9,HOU,26,HOU,SLANT
2023111202,3131,2,12,CIN,36,CIN,CROSS
2023111202,1766,3,14,CIN,24,CIN,HITCH
2023111202,1081,3,11,CIN,10,CIN,SLANT
2023111202,2860,2,15,HOU,34,CIN,HITCH
2023111202,3784,2,10,CIN,31,CIN,OUT
2023111202,3496,2,1,HOU,44,CIN,HITCH
2023111202,1033,1,10,CIN,11,CIN,FLAT
2023111202,3832,1,10,HOU,47,CIN,SCREEN
2023111202,3731,1,10,CIN,8,CIN,CORNER
2023111202,3471,1,10,CIN,47,CIN,CROSS
2023111202,2036,3,8,CIN,27,HOU,GO
2023111202,1981,1,10,CIN,29,HOU,OUT
2023111202,4241,2,10,CIN,29,CIN,POST
2023111202,1721,1,10,CIN,28,CIN,OUT
2023111202,2835,1,20,HOU,39,CIN,HITCH
2023111202,3541,1,10,HOU,35,CIN,POST
2023111202,916,3,10,CIN,18,HOU,OUT
2023111202,4438,3,6,HOU,29,HOU,GO
2023111202,2011,2,10,CIN,29,HOU,OUT
2023111202,3230,2,5,HOU,30,HOU,CROSS
2023111202,870,1,10,CIN,18,HOU,CROSS
2023111202,723,1,10,HOU,18,HOU,IN
2023111202,3441,3,6,CIN,28,CIN,OUT
2023111202,4162,3,3,HOU,32,HOU,GO
2023111202,3277,1,10,CIN,19,HOU,OUT
2023111202,1056,2,10,CIN,11,CIN,ANGLE
2023111202,2532,2,9,CIN,26,CIN,IN
2023111202,4393,1,10,HOU,25,HOU,IN
2023111202,1517,2,9,CIN,49,HOU,POST
2023111202,2221,2,7,HOU,40,HOU,IN
2023111202,112,2,8,CIN,42,CIN,FLAT
2023111202,2367,2,3,CIN,3,HOU,OUT
2023111202,473,3,9,HOU,45,HOU,CROSS
2023111202,1933,2,13,HOU,42,HOU,OUT
2023111202,2996,3,3,HOU,32,HOU,CORNER
2023111202,3972,3,2,HOU,28,HOU,CROSS
2023111202,1210,2,6,CIN,42,HOU,POST
2023111202,3619,2,8,HOU,40,HOU,CROSS
2023111202,2646,1,10,CIN,17,HOU,SLANT
2023111202,3039,1,10,CIN,27,CIN,CROSS
2023111202,371,1,10,HOU,25,HOU,OUT
2023111202,307,3,7,HOU,32,CIN,GO
2023111202,2290,1,10,CIN,30,HOU,HITCH
2023111202,2754,1,10,CIN,42,CIN,CROSS
2023111202,1463,1,10,HOU,20,HOU,POST
2023111202,1262,2,6,CIN,21,HOU,HITCH
2023111202,1298,1,6,CIN,6,HOU,SCREEN
2023111203,816,3,7,JAX,44,JAX,IN
2023111203,3827,3,4,JAX,11,JAX,HITCH
2023111203,2859,3,9,SF,20,SF,HITCH
2023111203,515,2,8,JAX,27,SF,OUT
2023111203,741,3,4,JAX,29,JAX,HITCH
2023111203,2160,1,10,SF,25,SF,CROSS
2023111203,2274,2,15,JAX,20,JAX,HITCH
2023111203,412,1,10,SF,38,SF,IN
2023111203,196,1,10,JAX,42,SF,GO
2023111203,2836,2,9,SF,20,SF,OUT
2023111203,2299,3,4,JAX,31,JAX,GO
2023111203,2581,1,10,JAX,32,JAX,FLAT
2023111203,2758,2,9,SF,9,JAX,HITCH
2023111203,336,2,15,JAX,20,JAX,HITCH
2023111203,171,2,4,SF,49,SF,CROSS
2023111203,2688,1,9,SF,9,JAX,GO
2023111203,1337,2,7,JAX,4,JAX,OUT
2023111203,78,2,10,JAX,25,JAX,HITCH
2023111203,3802,2,9,JAX,6,JAX,HITCH
2023111203,1068,1,10,SF,41,JAX,WHEEL
2023111203,2504,1,10,JAX,15,JAX,SLANT
2023111203,2811,1,10,SF,19,SF,FLAT
2023111203,3482,3,6,SF,35,SF,POST
2023111203,1897,1,10,JAX,35,SF,ANGLE
2023111203,1740,1,10,SF,22,SF,HITCH
2023111203,1519,3,2,SF,48,JAX,OUT
2023111203,1657,3,4,SF,19,JAX,GO
2023111203,2536,2,1,JAX,24,JAX,CROSS
2023111203,3310,1,10,JAX,25,JAX,OUT
2023111203,538,3,8,JAX,27,SF,OUT
2023111203,2911,2,9,SF,42,SF,GO
2023111203,2663,1,10,SF,48,JAX,GO
2023111203,3246,2,7,JAX,22,SF,POST
2023111203,2190,2,1,SF,34,SF,GO
2023111203,3738,4,5,JAX,5,SF,OUT
2023111203,1198,2,6,JAX,47,SF,HITCH
2023111203,221,1,10,JAX,13,SF,CORNER
2023111203,3082,1,10,JAX,48,JAX,HITCH
2023111203,2434,2,9,SF,44,SF,OUT
2023111204,164,1,10,NO,28,MIN,FLAT
2023111204,2143,1,10,NO,27,NO,ANGLE
2023111204,4153,3,7,NO,20,NO,POST
2023111204,3512,2,10,MIN,17,NO,HITCH
2023111204,2632,2,12,NO,38,NO,IN
2023111204,3271,1,10,NO,44,NO,POST
2023111204,3991,3,12,MIN,45,MIN,OUT
2023111204,815,2,20,MIN,33,NO,OUT
2023111204,2967,1,10,NO,16,NO,OUT
2023111204,4460,1,10,MIN,46,NO,POST
2023111204,1891,1,10,,50,MIN,FLAT
2023111204,3599,1,10,MIN,25,MIN,OUT
2023111204,1173,3,5,NO,28,MIN,HITCH
2023111204,2444,1,10,NO,34,MIN,CROSS
2023111204,2990,2,10,NO,16,NO,OUT
2023111204,928,1,10,MIN,36,MIN,FLAT
2023111204,1485,1,10,NO,36,MIN,CROSS
2023111204,3464,4,2,MIN,43,NO,IN
2023111204,1948,1,10,NO,38,MIN,IN
2023111204,665,1,10,NO,35,NO,HITCH
2023111204,2712,2,16,NO,49,NO,IN
2023111204,3013,3,10,NO,16,NO,CORNER
2023111204,1973,2,1,NO,29,MIN,OUT
2023111204,3886,3,5,NO,12,NO,FLAT
2023111204,1198,1,4,NO,4,MIN,CROSS
2023111204,560,3,4,MIN,26,MIN,GO
2023111204,1573,1,10,NO,11,MIN,OUT
2023111204,1449,3,6,NO,49,MIN,IN
2023111204,2519,3,7,NO,15,MIN,FLAT
2023111204,4245,2,15,NO,32,NO,HITCH
2023111204,4059,2,8,NO,19,NO,OUT
2023111204,3197,3,7,NO,40,MIN,OUT
2023111204,3645,3,10,MIN,25,MIN,HITCH
2023111204,2657,3,6,NO,44,NO,ANGLE
2023111204,2585,1,10,NO,25,NO,POST
2023111204,4270,3,3,NO,44,NO,GO
2023111204,3537,3,8,MIN,15,NO,GO
2023111204,1370,1,10,MIN,18,MIN,CROSS
2023111204,55,1,10,MIN,25,MIN,OUT
2023111204,1065,1,10,NO,44,MIN,CROSS
2023111204,838,3,20,MIN,33,NO,ANGLE
2023111204,2794,1,10,MIN,34,NO,HITCH
2023111204,1088,2,10,NO,44,MIN,HITCH
2023111204,1635,2,10,NO,11,MIN,HITCH
2023111204,318,1,10,NO,25,NO,OUT
2023111204,734,2,4,MIN,46,NO,IN
2023111204,3861,2,7,NO,10,NO,OUT
2023111204,227,2,14,NO,32,MIN,HITCH
2023111204,3117,3,6,NO,49,MIN,OUT
2023111204,3439,3,15,NO,44,NO,ANGLE
2023111204,3294,2,10,NO,44,NO,OUT
2023111204,2069,1,15,NO,28,MIN,POST
2023111204,341,2,10,NO,25,NO,SLANT
2023111204,2819,1,10,MIN,14,NO,GO
2023111204,1866,1,10,MIN,37,MIN,IN
2023111204,468,3,5,MIN,47,NO,CROSS
2023111204,1424,2,12,MIN,45,MIN,HITCH
2023111204,388,1,10,NO,37,NO,FLAT
2023111204,134,2,7,MIN,45,MIN,OUT
2023111204,4397,1,10,NO,49,NO,POST
2023111204,792,1,20,MIN,33,NO,POST
2023111204,3622,2,10,MIN,25,MIN,IN
2023111205,1953,1,10,PIT,26,PIT,HITCH
2023111205,542,2,7,PIT,8,GB,CROSS
2023111205,2278,4,6,PIT,40,GB,OUT
2023111205,3256,3,10,GB,48,PIT,GO
2023111205,889,3,3,GB,23,PIT,FLAT
2023111205,3455,2,7,GB,22,GB,FLAT
2023111205,2570,3,17,PIT,15,PIT,HITCH
2023111205,1780,3,9,PIT,16,PIT,FLAT
2023111205,2547,2,17,PIT,15,PIT,FLAT
2023111205,639,1,10,PIT,40,PIT,FLAT
2023111205,2937,3,3,GB,31,PIT,FLAT
2023111205,1554,2,16,PIT,35,GB,OUT
2023111205,1103,3,8,GB,25,GB,HITCH
2023111205,3478,3,7,GB,22,GB,IN
2023111205,2643,2,6,GB,26,GB,OUT
2023111205,565,3,7,PIT,8,GB,CORNER
2023111205,2690,2,7,GB,49,GB,GO
2023111205,4242,4,2,PIT,27,GB,HITCH
2023111205,4302,2,10,PIT,16,GB,IN
2023111205,3425,1,10,GB,19,GB,OUT
2023111205,349,1,10,GB,31,GB,OUT
2023111205,448,2,7,PIT,45,GB,IN
2023111205,2713,3,7,GB,49,GB,POST
2023111205,3233,2,10,GB,48,PIT,GO
2023111205,2347,3,3,PIT,26,GB,FLAT
2023111205,4137,1,10,GB,19,GB,GO
2023111205,1880,3,4,PIT,48,GB,FLAT
2023111205,2419,3,9,PIT,13,GB,POST
2023111205,2037,3,2,PIT,46,PIT,HITCH
2023111205,3820,3,10,PIT,47,GB,IN
2023111205,401,3,3,GB,38,GB,CROSS
2023111205,3646,2,10,GB,25,PIT,FLAT
2023111205,79,2,5,PIT,30,PIT,HITCH
2023111205,1835,1,10,GB,46,GB,GO
2023111205,2863,1,10,PIT,34,PIT,GO
2023111205,473,1,10,PIT,22,GB,IN
2023111205,109,1,10,PIT,35,PIT,FLAT
2023111205,4162,1,10,PIT,35,GB,FLAT
2023111205,2785,3,5,PIT,10,GB,CROSS
2023111205,1577,3,16,PIT,35,GB,CROSS
2023111205,735,2,1,GB,41,PIT,CROSS
2023111205,2255,3,6,PIT,40,GB,IN
2023111205,1928,1,10,PIT,9,PIT,OUT
2023111205,1330,3,14,GB,36,PIT,FLAT
2023111205,1983,1,10,PIT,38,PIT,FLAT
2023111206,2475,1,10,TEN,29,TB,OUT
2023111206,3374,1,10,TEN,25,TEN,GO
2023111206,1977,3,10,TB,49,TB,GO
2023111206,3397,2,10,TEN,25,TEN,CORNER
2023111206,2839,3,4,TB,21,TEN,OUT
2023111206,3645,1,10,TB,39,TEN,CROSS
2023111206,3857,1,10,TEN,20,TEN,OUT
2023111206,264,2,9,TB,19,TEN,GO
2023111206,1877,3,3,TB,32,TB,HITCH
2023111206,2071,2,7,TEN,7,TB,POST
2023111206,2160,1,10,TEN,25,TEN,CROSS
2023111206,2094,3,7,TEN,7,TB,GO
2023111206,1235,2,8,TB,17,TB,IN
2023111206,511,3,15,TEN,42,TB,GO
2023111206,2711,2,2,TB,40,TEN,CROSS
2023111206,56,1,10,TEN,25,TEN,HITCH
2023111206,1664,3,5,TEN,41,TB,IN
2023111206,136,2,12,TB,47,TEN,OUT
2023111206,2914,3,9,TB,9,TEN,CORNER
2023111206,1282,2,5,TB,37,TB,CROSS
2023111206,3880,2,10,TEN,20,TEN,OUT
2023111206,1522,2,11,TB,30,TB,IN
2023111206,1825,1,10,TB,25,TB,FLAT
2023111206,2869,1,6,TB,6,TEN,HITCH
2023111206,311,2,11,TB,11,TEN,HITCH
2023111206,1001,3,6,TB,45,TB,CROSS
2023111206,3905,3,2,TEN,28,TEN,HITCH
2023111206,2311,3,11,TEN,45,TEN,IN
2023111206,397,1,10,TB,25,TB,CORNER
2023111206,2205,3,4,TEN,31,TEN,FLAT
2023111206,3976,3,10,TEN,34,TEN,GO
2023111206,2809,2,9,TB,26,TEN,OUT
2023111206,592,3,8,TEN,19,TEN,OUT
2023111206,3005,1,10,TB,40,TB,GO
2023111206,3723,4,17,TB,46,TEN,GO
2023111206,1307,3,1,TB,41,TB,OUT
2023111206,2450,2,8,TEN,46,TB,OUT
2023111206,1952,2,10,TB,49,TB,GO
2023111206,976,2,12,TB,39,TB,IN
2023111206,444,2,9,TB,43,TB,CORNER
2023111206,1401,1,10,TEN,25,TEN,CROSS
2023111206,2527,3,3,TEN,22,TB,IN
2023111206,782,3,8,TB,9,TB,OUT
2023111206,2403,3,5,TB,25,TB,SLANT
2023111206,3308,3,9,TEN,17,TB,CORNER
2023111206,1150,3,12,TEN,22,TEN,HITCH
2023111206,3930,1,10,TEN,34,TEN,POST
2023111206,898,3,12,TB,43,TEN,SLANT
2023111206,2591,1,10,TEN,25,TEN,OUT
2023111207,3780,2,8,ATL,28,ATL,POST
2023111207,1297,3,4,ATL,28,ARI,GO
2023111207,4110,2,10,ARI,42,ARI,CORNER
2023111207,802,1,10,ATL,40,ATL,FLAT
2023111207,2251,1,10,ARI,24,ARI,FLAT
2023111207,3498,2,9,ARI,40,ATL,GO
2023111207,2502,3,30,,50,ARI,CROSS
2023111207,2701,1,10,ARI,25,ARI,CROSS
2023111207,1500,2,7,ARI,48,ATL,HITCH
2023111207,245,1,10,ARI,4,ARI,OUT
2023111207,400,1,10,ARI,34,ARI,HITCH
2023111207,4189,2,7,ATL,42,ARI,CORNER
2023111207,326,2,9,ARI,22,ARI,IN
2023111207,1169,1,10,ARI,25,ARI,CROSS
2023111207,755,1,10,ATL,25,ATL,HITCH
2023111207,3086,2,4,ATL,15,ARI,OUT
2023111207,2456,1,30,,50,ARI,CORNER
2023111207,1105,3,2,ARI,2,ATL,CROSS
2023111207,3822,3,8,ATL,28,ATL,HITCH
2023111207,3451,2,15,ATL,41,ATL,HITCH
2023111207,3218,1,10,ATL,25,ATL,FLAT
2023111207,3285,1,10,ATL,35,ATL,CORNER
2023111207,2175,2,6,ATL,29,ATL,OUT
2023111207,505,2,12,ARI,47,ARI,CORNER
2023111207,4033,1,10,ARI,25,ARI,HITCH
2023111207,600,1,15,ATL,23,ARI,GO
2023111207,349,3,9,ARI,22,ARI,HITCH
2023111207,2335,2,3,ARI,45,ARI,SLANT
2023111207,429,2,4,ARI,40,ARI,CROSS
2023111207,1250,1,10,ATL,34,ARI,HITCH
2023111207,203,3,4,ATL,44,ATL,IN
2023111207,1792,2,4,ARI,31,ARI,FLAT
2023111207,546,1,10,ATL,34,ARI,CROSS
2023111207,1445,1,10,ATL,38,ATL,FLAT
2023111207,1817,1,10,ARI,43,ARI,CROSS
2023111207,1930,1,10,ATL,15,ARI,CROSS
2023111207,3685,2,9,ARI,32,ARI,SLANT
2023111207,3426,1,20,ATL,36,ATL,HITCH
2023111207,4080,1,10,ARI,42,ARI,GO
2023111207,2360,1,10,ATL,45,ARI,SLANT
2023111208,1629,3,7,LAC,49,LAC,IN
2023111208,938,1,10,LAC,22,DET,CROSS
2023111208,402,2,7,LAC,28,LAC,SLANT
2023111208,2259,2,10,DET,25,DET,CROSS
2023111208,1559,3,4,LAC,31,LAC,CROSS
2023111208,3088,2,6,LAC,47,LAC,CORNER
2023111208,2599,2,8,DET,49,LAC,CORNER
2023111208,2282,3,10,DET,25,DET,IN
2023111208,2722,1,10,DET,18,LAC,GO
2023111208,2669,2,7,DET,34,LAC,HITCH
2023111208,1606,2,7,LAC,49,LAC,GO
2023111208,1213,3,1,LAC,11,LAC,FLAT
2023111208,2037,1,10,DET,11,LAC,IN
2023111208,2340,2,7,LAC,49,DET,OUT
2023111208,1188,2,10,LAC,2,LAC,OUT
2023111208,1146,1,10,LAC,2,LAC,HITCH
2023111208,861,2,10,LAC,33,DET,GO
2023111208,3483,4,1,DET,1,LAC,SLANT
2023111208,2900,3,2,DET,47,DET,IN
2023111208,2458,1,10,LAC,8,LAC,FLAT
2023111208,3906,4,1,DET,38,LAC,CORNER
2023111208,2546,2,6,LAC,33,LAC,HITCH
2023111208,2571,1,10,LAC,49,LAC,FLAT
2023111208,427,1,10,LAC,38,LAC,HITCH
2023111208,3594,2,8,DET,41,DET,OUT
2023111208,475,1,10,DET,38,LAC,HITCH
2023111208,3693,3,1,LAC,25,DET,GO
2023111208,4056,3,14,LAC,38,DET,OUT
2023111208,1431,3,1,LAC,1,DET,FLAT
2023111208,287,2,23,LAC,25,DET,HITCH
2023111208,4093,4,2,LAC,26,DET,CROSS
2023111208,1315,1,10,LAC,33,DET,CROSS
2023111208,151,1,10,DET,25,DET,OUT
2023111208,2622,3,8,DET,49,LAC,SLANT
2023111208,593,1,10,DET,25,DET,HITCH
2023111208,3547,1,10,DET,25,DET,ANGLE
2023111208,2084,3,1,DET,2,LAC,IN
2023111208,3859,2,10,DET,47,LAC,CROSS
2023111208,1932,1,10,LAC,41,LAC,CROSS
2023111208,2877,2,2,DET,47,DET,CROSS
2023111208,2694,3,3,DET,30,LAC,CROSS
2023111208,3768,1,10,LAC,32,LAC,HITCH
2023111208,3977,1,10,DET,25,DET,CROSS
2023111208,1724,1,10,DET,29,LAC,POST
2023111208,1362,2,11,LAC,21,DET,POST
2023111208,1677,2,10,DET,40,LAC,SCREEN
2023111208,1989,2,3,DET,39,LAC,FLAT
2023111208,3016,2,5,LAC,30,LAC,SLANT
2023111208,77,2,9,LAC,26,LAC,ANGLE
2023111208,2012,3,3,DET,39,LAC,GO
2023111208,1654,1,10,DET,40,LAC,CORNER
2023111208,1049,1,10,LAC,10,DET,OUT
2023111208,203,1,10,DET,42,DET,POST
2023111208,838,1,10,LAC,33,DET,GO
2023111208,2830,3,3,DET,32,DET,HITCH
2023111208,2236,1,10,DET,25,DET,CROSS
2023111208,3619,3,2,DET,47,DET,CORNER
2023111208,2392,2,13,LAC,37,DET,HITCH
2023111208,527,3,2,DET,30,LAC,FLAT
2023111209,2219,3,9,DAL,36,DAL,HITCH
2023111209,1377,1,10,NYG,25,NYG,FLAT
2023111209,2471,1,10,DAL,10,NYG,FLAT
2023111209,3512,3,4,DAL,31,DAL,GO
2023111209,1217,1,10,DAL,40,DAL,GO
2023111209,1040,1,10,DAL,12,NYG,GO
2023111209,1311,2,1,NYG,1,DAL,CORNER
2023111209,2898,2,10,NYG,44,DAL,POST
2023111209,1830,1,10,NYG,28,DAL,GO
2023111209,55,1,10,DAL,25,DAL,SLANT
2023111209,2679,1,10,NYG,41,DAL,GO
2023111209,4054,3,10,DAL,15,NYG,HITCH
2023111209,1598,2,10,NYG,10,DAL,CORNER
2023111209,3299,3,9,DAL,26,DAL,HITCH
2023111209,3202,2,5,DAL,14,DAL,HITCH
2023111209,1773,1,10,DAL,49,DAL,OUT
2023111209,1242,1,10,NYG,30,DAL,HITCH
2023111209,3170,1,10,DAL,9,DAL,HITCH
2023111209,427,1,10,DAL,46,DAL,OUT
2023111209,829,2,4,NYG,31,NYG,HITCH
2023111209,2654,3,5,DAL,31,DAL,GO
2023111209,1921,2,18,NYG,19,DAL,HITCH
2023111209,1748,1,10,DAL,15,DAL,GO
2023111209,4108,1,5,DAL,5,NYG,GO
2023111209,273,3,2,NYG,2,DAL,OUT
2023111209,3564,2,12,NYG,42,DAL,OUT
2023111209,2548,1,10,DAL,14,DAL,CROSS
2023111209,2974,2,10,NYG,12,DAL,CORNER
2023111209,80,2,6,DAL,29,DAL,SLANT
2023111209,3968,3,4,DAL,31,NYG,FLAT
2023111209,378,3,10,NYG,1,NYG,HITCH
2023111209,1477,1,10,DAL,46,DAL,HITCH
2023111209,479,3,7,DAL,49,DAL,OUT
2023111209,3589,3,1,NYG,31,DAL,GO
2023111209,3859,4,2,NYG,33,NYG,ANGLE
2023111209,1798,2,3,NYG,44,DAL,HITCH
2023111209,1138,1,10,DAL,4,DAL,OUT
2023111209,2951,1,10,NYG,12,DAL,OUT
2023111209,901,3,7,NYG,42,NYG,FLAT
2023111209,635,1,10,NYG,46,DAL,CORNER
2023111209,3824,3,9,NYG,26,NYG,SCREEN
2023111209,878,2,7,NYG,42,NYG,HITCH
2023111209,3634,1,10,NYG,25,DAL,SCREEN
2023111209,2921,3,10,NYG,44,DAL,SLANT
2023111209,3227,3,1,DAL,18,DAL,SLANT
2023111209,1192,1,10,DAL,15,DAL,CROSS
2023111209,3891,1,10,NYG,37,NYG,HITCH
2023111209,804,1,10,NYG,25,NYG,FLAT
2023111209,248,2,2,NYG,2,DAL,CROSS
2023111209,660,1,10,NYG,30,DAL,GO
2023111209,1657,1,10,NYG,25,NYG,FLAT
2023111209,2762,1,5,NYG,30,NYG,POST
2023111209,3402,3,15,DAL,22,NYG,OUT
2023111209,4176,1,2,DAL,2,NYG,GO
2023111209,146,2,9,DAL,42,DAL,GO
2023111209,2607,1,10,DAL,26,DAL,HITCH
2023111209,2118,3,26,NYG,9,NYG,FLAT
2023111209,4031,2,10,DAL,15,NYG,GO
2023111209,3373,2,15,DAL,22,NYG,FLAT
2023111209,2844,2,14,DAL,19,DAL,CORNER
2023111209,3779,1,10,NYG,25,NYG,IN
2023111210,2161,3,3,WAS,32,WAS,SLANT
2023111210,1052,3,2,WAS,49,WAS,CROSS
2023111210,4610,2,10,SEA,48,SEA,IN
2023111210,1798,1,10,SEA,31,SEA,CORNER
2023111210,4130,2,5,WAS,5,SEA,OUT
2023111210,1318,2,9,WAS,45,SEA,HITCH
2023111210,132,2,8,WAS,49,WAS,FLAT
2023111210,1248,1,10,SEA,41,SEA,CROSS
2023111210,2111,1,10,WAS,25,WAS,HITCH
2023111210,4493,1,10,SEA,25,SEA,FLAT
2023111210,1696,1,10,WAS,19,WAS,FLAT
2023111210,3742,1,10,SEA,19,WAS,WHEEL
2023111210,85,2,10,WAS,35,WAS,HITCH
2023111210,4555,3,4,SEA,31,SEA,SLANT
2023111210,1200,1,10,SEA,25,SEA,SCREEN
2023111210,947,3,4,WAS,34,WAS,FLAT
2023111210,3019,1,10,WAS,20,WAS,SLANT
2023111210,2758,1,10,SEA,36,SEA,OUT
2023111210,2204,1,10,SEA,28,SEA,HITCH
2023111210,3694,1,10,SEA,35,WAS,OUT
2023111210,4241,3,2,WAS,37,WAS,SLANT
2023111210,1082,1,10,SEA,34,WAS,FLAT
2023111210,2733,1,10,SEA,25,SEA,HITCH
2023111210,721,1,10,SEA,15,SEA,CROSS
2023111210,1027,2,1,,50,WAS,FLAT
2023111210,3221,3,16,WAS,38,WAS,HITCH
2023111210,4319,3,10,WAS,48,WAS,OUT
2023111210,2369,1,20,WAS,43,SEA,SLANT
2023111210,4580,1,10,SEA,48,SEA,SLANT
2023111210,3270,1,10,SEA,19,SEA,HITCH
2023111210,4525,2,7,SEA,28,SEA,FLAT
2023111210,3153,3,3,WAS,38,WAS,SLANT
2023111210,2647,2,10,SEA,21,WAS,GO
2023111210,2915,1,20,SEA,38,SEA,SCREEN
2023111210,3098,1,10,WAS,31,WAS,FLAT
2023111210,1271,2,10,SEA,41,SEA,HITCH
2023111210,977,1,10,WAS,41,WAS,FLAT
2023111210,332,1,20,SEA,49,SEA,HITCH
2023111210,4296,2,10,WAS,48,WAS,HITCH
2023111210,3123,2,10,WAS,31,WAS,HITCH
2023111210,1563,1,10,SEA,36,SEA,POST
2023111210,266,3,6,SEA,39,SEA,CROSS
2023111210,1391,3,4,WAS,24,SEA,FLAT
2023111210,1343,1,10,WAS,30,SEA,HITCH
2023111210,2594,2,9,WAS,31,WAS,FLAT
2023111210,3882,1,10,SEA,36,SEA,HITCH
2023111210,1464,1,10,WAS,24,WAS,HITCH
2023111210,1872,1,10,,50,SEA,FLAT
2023111210,2267,1,10,SEA,49,SEA,FLAT
2023111210,4216,2,9,WAS,30,WAS,CROSS
2023111210,3178,1,10,WAS,44,WAS,HITCH
2023111210,3386,2,14,WAS,49,SEA,SCREEN
2023111210,676,3,13,WAS,39,WAS,FLAT
2023111210,2136,2,7,WAS,28,WAS,FLAT
2023111210,4390,1,10,SEA,35,WAS,CROSS
2023111210,604,1,10,WAS,42,WAS,HITCH
2023111210,1615,3,5,SEA,41,SEA,POST
2023111210,4351,4,1,SEA,43,WAS,SLANT
2023111210,1924,1,10,WAS,30,SEA,HITCH
2023111210,4436,3,10,SEA,35,WAS,HITCH
2023111210,579,2,10,WAS,29,WAS,HITCH
2023111210,3717,2,10,SEA,35,WAS,ANGLE
2023111210,3951,3,3,WAS,37,SEA,CROSS
2023111210,453,3,10,WAS,30,SEA,OUT
2023111210,2005,3,4,WAS,13,SEA,HITCH
2023111210,4034,1,5,WAS,28,SEA,CROSS
2023111210,3669,3,3,SEA,39,WAS,HITCH
2023111210,4413,2,10,SEA,35,WAS,IN
2023111210,844,3,4,SEA,33,SEA,CROSS
2023111211,1650,1,10,LV,43,LV,OUT
2023111211,2937,1,10,NYJ,13,NYJ,SCREEN
2023111211,3684,2,7,NYJ,44,NYJ,ANGLE
2023111211,763,2,18,LV,40,NYJ,SLANT
2023111211,629,3,4,NYJ,31,NYJ,GO
2023111211,1353,3,9,LV,26,LV,GO
2023111211,2201,1,10,NYJ,25,NYJ,HITCH
2023111211,2029,2,2,LV,43,LV,OUT
2023111211,3833,3,2,LV,28,NYJ,SLANT
2023111211,3627,1,10,NYJ,24,NYJ,IN
2023111211,406,2,8,LV,27,LV,CROSS
2023111211,3659,1,10,NYJ,41,NYJ,SCREEN
2023111211,1059,2,14,LV,30,NYJ,HITCH
2023111211,1979,2,4,LV,26,LV,OUT
2023111211,3166,3,4,NYJ,7,LV,OUT
2023111211,3243,1,10,LV,40,NYJ,HITCH
2023111211,2004,1,10,LV,35,LV,FLAT
2023111211,900,2,11,LV,24,LV,HITCH
2023111211,3890,2,8,LV,20,NYJ,HITCH
2023111211,1867,1,10,NYJ,41,NYJ,HITCH
2023111211,654,1,10,LV,45,NYJ,OUT
2023111211,3760,3,4,LV,40,NYJ,FLAT
2023111211,679,2,5,LV,40,NYJ,SCREEN
2023111211,3785,1,10,LV,36,NYJ,HITCH
2023111211,1675,1,10,NYJ,44,LV,IN
2023111211,4074,2,10,NYJ,20,NYJ,SCREEN
2023111211,1916,3,3,NYJ,48,NYJ,HITCH
2023111211,105,3,4,LV,31,LV,CROSS
2023111211,2072,1,10,NYJ,37,LV,HITCH
2023111211,230,1,10,NYJ,33,NYJ,CROSS
2023111211,492,2,16,NYJ,37,LV,OUT
2023111211,3734,2,4,LV,40,NYJ,GO
2023111211,3046,1,10,LV,47,LV,CROSS
2023111211,3495,3,8,LV,37,LV,OUT
2023111211,4099,3,1,NYJ,29,NYJ,GO
2023111211,2997,3,10,NYJ,13,NYJ,POST
2023111211,3808,2,10,LV,36,NYJ,HITCH
2023111211,2523,1,10,NYJ,15,NYJ,CROSS
2023111211,787,3,18,LV,40,NYJ,OUT
2023111211,3291,2,10,LV,28,NYJ,FLAT
2023111211,2681,2,10,NYJ,45,LV,HITCH
2023111211,2864,3,9,NYJ,22,LV,CROSS
2023111211,3709,1,10,LV,46,NYJ,CROSS
2023111211,194,3,5,NYJ,27,NYJ,SLANT
2023111211,517,3,8,NYJ,29,LV,OUT
2023111300,961,1,10,DEN,32,DEN,FLAT
2023111300,2234,2,7,BUF,28,DEN,FLAT
2023111300,295,2,20,BUF,15,BUF,FLAT
2023111300,2839,2,7,DEN,40,BUF,GO
2023111300,3448,1,10,BUF,35,BUF,ANGLE
2023111300,1229,2,4,BUF,26,BUF,FLAT
2023111300,440,2,13,DEN,37,BUF,FLAT
2023111300,863,3,9,BUF,33,BUF,OUT
2023111300,2557,2,10,BUF,39,BUF,OUT
2023111300,470,3,4,DEN,28,BUF,IN
2023111300,1254,3,5,BUF,25,BUF,IN
2023111300,594,3,4,DEN,32,DEN,FLAT
2023111300,506,1,10,DEN,12,DEN,CROSS
2023111300,1128,2,13,DEN,45,DEN,CORNER
2023111300,1892,1,10,DEN,25,DEN,CROSS
2023111300,3005,1,10,DEN,39,DEN,ANGLE
2023111300,1153,3,13,DEN,45,DEN,FLAT
2023111300,2661,2,8,BUF,45,DEN,SCREEN
2023111300,710,3,18,DEN,42,DEN,SCREEN
2023111300,272,1,20,BUF,15,BUF,HITCH
2023111300,320,3,16,BUF,19,BUF,HITCH
2023111300,4289,1,10,BUF,45,DEN,OUT
2023111300,3790,3,4,BUF,17,DEN,HITCH
2023111300,2265,3,6,BUF,27,DEN,HITCH
2023111300,3279,2,8,BUF,46,DEN,HITCH
2023111300,840,2,9,BUF,33,BUF,FLAT
2023111300,1793,1,10,DEN,22,BUF,GO
2023111300,3905,1,3,BUF,3,DEN,FLAT
2023111300,3752,2,7,BUF,20,DEN,FLAT
2023111300,1746,1,10,,50,BUF,SLANT
2023111300,1617,1,10,BUF,19,BUF,ANGLE
2023111300,4264,3,6,DEN,47,DEN,FLAT
2023111300,4201,1,10,DEN,43,DEN,SLANT
2023111300,2166,1,10,BUF,25,BUF,OUT
2023111300,3625,3,10,DEN,46,DEN,HITCH
2023111300,3700,3,7,BUF,32,DEN,ANGLE
2023111300,3500,3,8,BUF,37,BUF,OUT
2023111300,3371,1,10,BUF,11,BUF,FLAT
2023111300,3306,3,8,BUF,46,DEN,FLAT
2023111300,2605,4,1,BUF,48,BUF,HITCH
2023111300,3190,2,7,BUF,14,BUF,POST
2023111300,1337,2,5,BUF,47,DEN,SLANT
2023111300,4176,1,10,DEN,25,DEN,ANGLE
2023111300,2691,3,6,BUF,43,DEN,OUT
2023111300,755,1,10,BUF,20,BUF,HITCH
2023111300,1447,3,6,BUF,11,DEN,OUT
2023111300,1376,1,10,BUF,26,DEN,SLANT
2023111300,3423,1,10,BUF,24,BUF,SLANT
2023111300,2580,3,10,BUF,39,BUF,CROSS
2023111600,209,1,10,CIN,13,BAL,HITCH
2023111600,2424,3,7,CIN,10,BAL,CORNER
2023111600,1127,1,10,CIN,49,BAL,GO
2023111600,1510,1,13,BAL,13,CIN,OUT
2023111600,4152,1,10,BAL,12,CIN,OUT
2023111600,3702,2,7,CIN,23,CIN,FLAT
2023111600,3421,2,10,CIN,25,CIN,FLAT
2023111600,1980,3,3,BAL,48,CIN,IN
2023111600,2787,3,5,BAL,8,CIN,SLANT
2023111600,3446,3,8,CIN,27,CIN,HITCH
2023111600,1794,3,6,CIN,37,BAL,SLANT
2023111600,2610,2,6,CIN,39,CIN,HITCH
2023111600,782,2,8,BAL,33,BAL,FLAT
2023111600,56,1,10,BAL,25,BAL,OUT
2023111600,2951,1,10,CIN,25,BAL,SCREEN
2023111600,1266,3,4,CIN,24,CIN,GO
2023111600,2339,1,10,CIN,34,BAL,OUT
2023111600,2401,2,7,CIN,10,BAL,GO
2023111600,4082,1,10,BAL,49,CIN,POST
2023111600,977,2,17,BAL,41,CIN,GO
2023111600,2120,2,10,BAL,20,BAL,OUT
2023111600,4181,1,2,BAL,2,CIN,HITCH
2023111600,2197,1,10,BAL,33,BAL,HITCH
2023111600,1715,3,5,BAL,30,BAL,IN
2023111600,526,1,10,BAL,25,BAL,GO
2023111600,883,1,10,CIN,42,CIN,IN
2023111600,3294,2,4,CIN,29,BAL,GO
2023111600,2657,2,5,BAL,42,CIN,GO
2023111600,676,2,10,CIN,38,CIN,OUT
2023111600,3197,3,17,CIN,18,CIN,GO
2023111600,113,2,9,BAL,40,BAL,HITCH
2023111600,1683,2,9,BAL,26,BAL,FLAT
2023111600,1313,2,7,CIN,48,CIN,POST
2023111600,1409,3,4,BAL,33,CIN,CROSS
2023111600,1769,2,12,CIN,43,BAL,ANGLE
2023111600,2882,1,10,CIN,49,BAL,FLAT
2023111600,1862,1,10,CIN,25,CIN,CROSS
2023111600,1243,2,4,CIN,24,CIN,FLAT
2023111600,3826,2,9,BAL,33,BAL,CORNER
2023111600,364,1,10,CIN,43,CIN,OUT
2023111600,448,3,6,BAL,31,CIN,SLANT
2023111600,1000,3,17,BAL,41,CIN,OUT
2023111600,1535,2,4,BAL,4,CIN,FLAT
2023111900,640,2,10,CAR,18,DAL,GO
2023111900,2628,2,10,CAR,41,CAR,CROSS
2023111900,955,1,10,DAL,30,DAL,GO
2023111900,2031,3,16,CAR,29,DAL,IN
2023111900,1930,2,10,CAR,41,DAL,OUT
2023111900,1859,1,10,DAL,40,DAL,FLAT
2023111900,3189,3,5,DAL,40,DAL,CORNER
2023111900,2926,3,10,DAL,25,CAR,SLANT
2023111900,1532,3,10,DAL,30,DAL,IN
2023111900,1318,2,12,CAR,23,CAR,HITCH
2023111900,3368,1,10,CAR,25,CAR,CROSS
2023111900,1455,2,5,DAL,22,DAL,IN
2023111900,2410,2,7,DAL,23,DAL,HITCH
2023111900,3164,2,10,DAL,35,DAL,HITCH
2023111900,471,1,10,DAL,42,DAL,POST
2023111900,2008,2,16,CAR,29,DAL,SLANT
2023111900,2440,1,10,DAL,35,DAL,FLAT
2023111900,3888,3,15,CAR,23,CAR,GO
2023111900,905,3,5,DAL,25,DAL,HITCH
2023111900,4119,3,9,DAL,39,DAL,SLANT
2023111900,1681,3,6,DAL,47,CAR,GO
2023111900,538,1,10,CAR,46,DAL,FLAT
2023111900,2605,1,10,CAR,41,CAR,OUT
2023111900,207,3,3,CAR,20,CAR,SLANT
2023111900,299,3,3,CAR,45,CAR,CROSS
2023111900,1907,1,10,CAR,41,DAL,CROSS
2023111900,103,3,3,DAL,32,DAL,FLAT
2023111900,882,2,5,DAL,25,DAL,HITCH
2023111900,3452,2,8,CAR,27,CAR,OUT
2023111900,3993,1,20,DAL,28,DAL,HITCH
2023111900,2903,2,10,DAL,25,CAR,OUT
2023111900,1485,1,10,DAL,30,DAL,FLAT
2023111900,3020,3,1,DAL,4,CAR,CROSS
2023111900,3427,1,10,CAR,25,CAR,FLAT
2023111900,1882,2,10,DAL,40,DAL,IN
2023111900,3714,1,10,CAR,15,DAL,FLAT
2023111900,417,1,10,DAL,17,DAL,FLAT
2023111900,2856,4,3,DAL,28,CAR,OUT
2023111900,3234,1,10,CAR,36,DAL,HITCH
2023111900,2490,3,8,DAL,37,DAL,GO
2023111900,1147,3,19,CAR,32,DAL,HITCH
2023111900,2126,3,5,CAR,5,DAL,CORNER
2023111900,2973,1,10,DAL,13,CAR,FLAT
2023111900,3475,3,8,CAR,27,CAR,HITCH
2023111900,850,1,10,DAL,20,DAL,HITCH
2023111900,3843,1,10,CAR,28,CAR,FLAT
2023111900,3141,1,10,DAL,35,DAL,FLAT
2023111900,563,2,11,CAR,47,DAL,SLANT
2023111900,2833,3,3,DAL,28,CAR,OUT
2023111900,2336,3,13,CAR,22,CAR,ANGLE
2023111900,2759,4,2,CAR,49,CAR,OUT
2023111900,2096,2,5,CAR,5,DAL,CROSS
2023111901,2316,3,8,,50,CLE,OUT
2023111901,2832,1,10,PIT,48,CLE,FLAT
2023111901,3986,3,10,PIT,30,PIT,OUT
2023111901,1868,2,6,PIT,6,CLE,GO
2023111901,859,2,9,CLE,11,CLE,HITCH
2023111901,2293,2,8,,50,CLE,HITCH
2023111901,677,1,10,PIT,25,PIT,OUT
2023111901,1461,2,10,CLE,17,CLE,HITCH
2023111901,2494,2,10,CLE,36,CLE,HITCH
2023111901,1699,2,4,PIT,39,CLE,HITCH
2023111901,1139,3,5,CLE,47,PIT,SLANT
2023111901,3604,3,22,CLE,13,CLE,HITCH
2023111901,221,2,10,PIT,47,CLE,OUT
2023111901,3859,2,10,CLE,29,CLE,FLAT
2023111901,2155,2,10,CLE,25,CLE,FLAT
2023111901,1781,3,3,PIT,25,CLE,OUT
2023111901,2413,3,4,PIT,19,PIT,FLAT
2023111901,1813,1,10,PIT,16,CLE,HITCH
2023111901,3940,1,10,PIT,30,PIT,OUT
2023111901,3963,2,10,PIT,30,PIT,GO
2023111901,3648,1,10,PIT,48,PIT,HITCH
2023111901,771,3,11,PIT,35,PIT,FLAT
2023111901,3314,3,4,PIT,45,PIT,OUT
2023111901,4040,1,10,CLE,35,CLE,HITCH
2023111901,4095,2,5,PIT,45,CLE,SLANT
2023111901,746,2,11,PIT,35,PIT,SCREEN
2023111901,882,3,9,CLE,11,CLE,HITCH
2023111901,446,1,10,PIT,30,CLE,FLAT
2023111901,169,2,6,CLE,42,CLE,SLANT
2023111901,3125,3,14,PIT,49,CLE,HITCH
2023111901,2941,2,12,PIT,33,CLE,FLAT
2023111901,338,3,18,PIT,1,PIT,OUT
2023111901,3581,2,22,CLE,13,CLE,FLAT
2023111901,2879,3,10,PIT,48,CLE,CROSS
2023111901,3782,1,10,CLE,14,CLE,FLAT
2023111901,2648,3,12,PIT,18,PIT,CROSS
2023111901,1042,1,15,PIT,23,PIT,HITCH
2023111901,4065,1,10,,50,CLE,FLAT
2023111901,3038,3,8,PIT,25,PIT,GO
2023111901,3884,3,7,CLE,32,CLE,IN
2023111901,4321,1,10,PIT,25,PIT,HITCH
2023111901,1431,1,10,CLE,17,CLE,HITCH
2023111901,4120,1,10,PIT,37,CLE,IN
2023111901,2246,2,8,CLE,40,CLE,HITCH
2023111901,1724,1,10,PIT,32,CLE,SLANT
2023111901,2966,3,15,PIT,36,CLE,SLANT
2023111901,419,2,8,PIT,48,CLE,FLAT
2023111901,2519,3,5,CLE,41,CLE,HITCH
2023111901,3289,2,7,PIT,42,PIT,FLAT
2023111901,3836,1,10,CLE,29,CLE,HITCH
2023111902,3970,1,10,CHI,48,DET,WHEEL
2023111902,3995,2,4,CHI,42,DET,OUT
2023111902,3723,1,10,CHI,32,DET,CORNER
2023111902,1776,1,10,DET,35,DET,SLANT
2023111902,3906,1,10,DET,40,DET,GO
2023111902,995,1,20,CHI,45,DET,IN
2023111902,1559,1,10,DET,27,CHI,OUT
2023111902,1604,3,12,DET,29,CHI,HITCH
2023111902,2218,1,10,CHI,15,CHI,HITCH
2023111902,530,2,5,CHI,45,DET,SLANT
2023111902,478,3,5,DET,41,DET,OUT
2023111902,1751,1,10,DET,25,DET,HITCH
2023111902,2275,1,10,CHI,33,CHI,CROSS
2023111902,3663,1,10,DET,49,DET,HITCH
2023111902,3118,2,18,DET,17,DET,HITCH
2023111902,3146,3,13,DET,22,DET,HITCH
2023111902,1988,3,7,CHI,7,DET,HITCH
2023111902,1261,1,2,CHI,2,DET,FLAT
2023111902,1801,1,10,DET,48,DET,OUT
2023111902,693,4,2,DET,43,CHI,FLAT
2023111902,883,3,10,DET,20,DET,HITCH
2023111902,2894,1,10,DET,43,CHI,HITCH
2023111902,665,3,5,DET,46,CHI,OUT
2023111902,1458,1,10,DET,41,CHI,OUT
2023111902,177,1,10,DET,32,CHI,CROSS
2023111902,3608,2,6,DET,29,DET,OUT
2023111902,3881,1,10,DET,27,DET,ANGLE
2023111902,1826,2,1,CHI,43,DET,OUT
2023111902,127,2,3,CHI,43,CHI,IN
2023111902,1428,1,10,CHI,35,CHI,CROSS
2023111902,3638,3,2,DET,33,DET,HITCH
2023111902,1403,3,5,CHI,30,CHI,OUT
2023111902,4076,1,10,CHI,15,DET,OUT
2023111902,1075,2,17,CHI,30,CHI,HITCH
2023111902,1849,3,1,CHI,43,DET,IN
2023111902,2482,2,12,DET,41,CHI,FLAT
2023111902,596,2,4,CHI,43,CHI,FLAT
2023111902,1874,1,10,CHI,31,DET,FLAT
2023111902,848,2,10,DET,20,DET,IN
2023111902,381,1,10,DET,25,DET,OUT
2023111902,2133,1,10,DET,45,DET,HITCH
2023111902,3688,2,4,CHI,45,DET,ANGLE
2023111902,745,2,16,DET,44,CHI,POST
2023111902,4029,1,10,CHI,34,DET,OUT
2023111902,3832,3,9,CHI,26,CHI,GO
2023111902,2695,2,21,DET,39,CHI,GO
2023111902,2786,2,2,DET,33,DET,OUT
2023111902,152,1,10,DET,43,CHI,HITCH
2023111903,1832,1,10,LAC,43,GB,IN
2023111903,121,1,10,GB,23,GB,HITCH
2023111903,598,2,7,LAC,33,LAC,SLANT
2023111903,446,3,7,GB,46,GB,HITCH
2023111903,551,3,4,LAC,20,LAC,HITCH
2023111903,3092,1,10,GB,16,LAC,HITCH
2023111903,3823,1,10,GB,39,GB,GO
2023111903,899,2,10,GB,46,GB,FLAT
2023111903,313,2,10,GB,49,LAC,HITCH
2023111903,2699,1,10,LAC,10,LAC,GO
2023111903,3260,1,10,GB,17,GB,GO
2023111903,372,4,4,GB,43,LAC,IN
2023111903,2877,2,6,LAC,39,GB,FLAT
2023111903,3067,1,10,GB,37,LAC,CROSS
2023111903,3042,1,10,LAC,25,LAC,POST
2023111903,3846,2,10,GB,39,GB,HITCH
2023111903,3673,3,9,GB,10,LAC,POST
2023111903,338,3,4,GB,43,LAC,IN
2023111903,743,3,5,GB,7,LAC,FLAT
2023111903,1077,3,5,LAC,30,LAC,POST
2023111903,1152,3,3,LAC,49,LAC,CORNER
2023111903,1248,2,15,GB,12,GB,IN
2023111903,73,1,10,GB,8,GB,HITCH
2023111903,2612,1,10,LAC,42,GB,CROSS
2023111903,3954,1,10,LAC,25,LAC,HITCH
2023111903,924,3,8,GB,48,GB,OUT
2023111903,2238,1,10,GB,38,LAC,GO
2023111903,718,2,9,GB,11,LAC,HITCH
2023111903,2359,3,7,GB,7,LAC,SLANT
2023111903,2758,3,5,LAC,15,LAC,ANGLE
2023111903,2453,2,15,GB,20,GB,FLAT
2023111903,3122,1,2,GB,2,LAC,OUT
2023111903,3650,2,9,GB,10,LAC,IN
2023111903,3414,3,8,LAC,39,LAC,HITCH
2023111903,1372,1,10,LAC,23,GB,FLAT
2023111903,3977,2,10,LAC,25,LAC,ANGLE
2023111903,3503,1,20,GB,48,LAC,OUT
2023111903,1681,2,7,GB,34,GB,HITCH
2023111903,1778,2,8,GB,48,GB,HITCH
2023111903,831,1,10,GB,31,GB,GO
2023111903,3283,2,10,GB,17,GB,HITCH
2023111903,256,4,2,,50,GB,FLAT
2023111903,4158,1,10,LAC,20,LAC,ANGLE
2023111903,3439,1,10,GB,49,LAC,OUT
2023111903,4285,2,10,LAC,26,LAC,OUT
2023111903,2547,3,1,GB,44,GB,FLAT
2023111903,2823,1,10,GB,30,GB,HITCH
2023111903,2958,2,9,LAC,11,GB,CROSS
2023111903,2003,3,8,LAC,10,GB,OUT
2023111903,3235,3,4,GB,12,GB,HITCH
2023111903,4310,3,6,LAC,30,LAC,GO
2023111903,2478,3,10,GB,25,GB,OUT
2023111903,2166,1,10,LAC,22,LAC,HITCH
2023111903,206,2,10,GB,42,GB,FLAT
2023111903,1604,1,10,GB,19,GB,SCREEN
2023111903,1728,3,12,GB,29,GB,HITCH
2023111903,3893,2,8,LAC,24,GB,GO
2023111903,2580,1,10,GB,48,GB,HITCH
2023111903,1541,3,5,LAC,47,LAC,HITCH
2023111903,1129,2,3,LAC,49,LAC,CORNER
2023111903,1909,2,7,LAC,21,GB,FLAT
2023111904,564,1,10,HOU,39,HOU,IN
2023111904,1356,2,9,HOU,42,HOU,HITCH
2023111904,3714,2,6,HOU,35,ARI,FLAT
2023111904,391,2,6,ARI,19,HOU,IN
2023111904,2371,2,6,HOU,47,ARI,HITCH
2023111904,1282,1,10,ARI,25,ARI,GO
2023111904,1011,2,8,HOU,27,HOU,HITCH
2023111904,666,3,6,ARI,20,HOU,POST
2023111904,1036,3,2,HOU,33,HOU,HITCH
2023111904,596,1,10,ARI,41,HOU,IN
2023111904,1790,3,1,HOU,35,HOU,OUT
2023111904,3540,2,11,ARI,26,HOU,OUT
2023111904,1309,1,10,HOU,25,HOU,IN
2023111904,1616,3,5,ARI,25,ARI,OUT
2023111904,1968,1,10,ARI,39,ARI,CROSS
2023111904,1413,2,8,ARI,44,HOU,HITCH
2023111904,3592,2,7,ARI,22,ARI,IN
2023111904,2945,2,13,HOU,33,ARI,HITCH
2023111904,3032,4,3,HOU,23,ARI,HITCH
2023111904,2427,2,10,HOU,39,ARI,OUT
2023111904,136,2,1,HOU,48,ARI,POST
2023111904,2095,2,5,HOU,30,HOU,FLAT
2023111904,3238,2,9,ARI,24,HOU,OUT
2023111904,1815,1,10,HOU,41,HOU,SLANT
2023111904,276,1,10,HOU,36,HOU,HITCH
2023111904,2194,3,17,HOU,48,HOU,OUT
2023111904,3771,2,15,HOU,34,ARI,HITCH
2023111904,3819,4,8,HOU,27,ARI,CORNER
2023111904,3689,1,10,HOU,39,ARI,HITCH
2023111904,799,1,10,,50,ARI,HITCH
2023111904,322,3,10,HOU,36,HOU,HITCH
2023111904,1179,1,10,ARI,21,HOU,OUT
2023111904,3639,3,12,ARI,17,ARI,HITCH
2023111904,1865,1,10,ARI,40,HOU,POST
2023111904,3423,4,4,HOU,45,ARI,POST
2023111904,3079,2,8,HOU,24,HOU,HITCH
2023111904,299,2,10,HOU,36,HOU,GO
2023111904,1483,3,1,ARI,19,HOU,IN
2023111904,1530,2,11,ARI,12,HOU,POST
2023111904,3468,2,8,HOU,47,HOU,OUT
2023111904,1840,2,3,HOU,48,HOU,HITCH
2023111904,461,1,10,ARI,15,ARI,FLAT
2023111904,2893,1,10,HOU,47,ARI,OUT
2023111904,3398,3,15,ARI,44,ARI,FLAT
2023111904,1943,1,10,ARI,27,ARI,CROSS
2023111904,3664,1,10,ARI,30,ARI,HITCH
2023111904,732,1,10,ARI,25,ARI,OUT
2023111904,643,2,6,ARI,20,HOU,HITCH
2023111904,3286,2,10,ARI,13,HOU,CROSS
2023111904,251,3,5,HOU,30,HOU,HITCH
2023111904,3493,3,3,ARI,48,HOU,POST
2023111904,2274,3,11,ARI,35,HOU,IN
2023111904,2848,1,10,ARI,43,ARI,FLAT
2023111905,553,1,10,TEN,21,JAX,FLAT
2023111905,866,3,5,TEN,42,TEN,HITCH
2023111905,1822,1,10,TEN,14,JAX,OUT
2023111905,2307,1,15,TEN,13,TEN,CROSS
2023111905,233,1,10,JAX,28,JAX,OUT
2023111905,2354,3,7,TEN,21,TEN,FLAT
2023111905,2450,1,10,JAX,33,JAX,OUT
2023111905,3383,2,2,JAX,2,TEN,FLAT
2023111905,528,1,10,TEN,41,JAX,GO
2023111905,285,3,5,JAX,33,JAX,OUT
2023111905,3038,3,7,TEN,33,JAX,HITCH
2023111905,1870,3,2,TEN,6,JAX,CROSS
2023111905,328,1,10,TEN,13,TEN,HITCH
2023111905,1719,2,10,JAX,42,JAX,HITCH
2023111905,2752,1,10,JAX,43,TEN,GO
2023111905,1550,3,7,TEN,24,TEN,HITCH
2023111905,1845,2,10,TEN,14,JAX,SLANT
2023111905,1744,3,2,,50,JAX,FLAT
2023111905,469,2,8,JAX,45,JAX,ANGLE
2023111905,1056,2,9,JAX,35,TEN,SCREEN
2023111905,2497,2,7,TEN,38,JAX,OUT
2023111905,390,1,10,JAX,38,TEN,CORNER
2023111905,1792,2,10,TEN,48,JAX,GO
2023111905,644,3,3,TEN,3,JAX,CORNER
2023111905,1695,1,10,JAX,42,JAX,OUT
2023111905,2168,4,4,TEN,40,JAX,FLAT
2023111905,2522,1,10,TEN,20,JAX,CROSS
2023111905,1243,2,10,JAX,24,JAX,HITCH
2023111905,208,3,10,JAX,14,JAX,HITCH
2023111905,2065,1,10,JAX,40,JAX,FLAT
2023111905,943,1,10,JAX,49,TEN,IN
2023111905,3013,2,10,TEN,36,JAX,HITCH
2023111905,2615,2,5,TEN,30,TEN,CROSS
2023111905,1220,1,10,JAX,24,JAX,GO
2023111905,3063,1,10,TEN,20,JAX,CROSS
2023111905,2905,3,9,JAX,26,JAX,CROSS
2023111906,2860,2,6,MIA,19,MIA,OUT
2023111906,2187,1,10,MIA,25,MIA,POST
2023111906,3174,2,3,LV,43,LV,CROSS
2023111906,1024,1,10,MIA,46,LV,POST
2023111906,1257,1,10,LV,29,MIA,FLAT
2023111906,2338,2,8,MIA,23,MIA,CORNER
2023111906,3860,2,13,MIA,31,LV,SCREEN
2023111906,3815,2,6,LV,41,LV,CROSS
2023111906,3102,2,4,LV,31,LV,FLAT
2023111906,4171,3,4,LV,13,LV,SLANT
2023111906,1506,3,7,LV,10,LV,CROSS
2023111906,838,2,6,MIA,44,MIA,POST
2023111906,2725,1,10,LV,25,LV,CROSS
2023111906,3149,1,10,LV,36,LV,HITCH
2023111906,2390,2,8,LV,44,MIA,CROSS
2023111906,2062,3,7,MIA,29,LV,SLANT
2023111906,2659,3,7,LV,23,MIA,OUT
2023111906,612,3,14,MIA,19,LV,HITCH
2023111906,55,1,10,LV,25,LV,FLAT
2023111906,886,2,10,LV,38,MIA,POST
2023111906,487,3,7,MIA,27,LV,FLAT
2023111906,4269,3,6,LV,41,LV,CORNER
2023111906,168,3,16,LV,36,LV,OUT
2023111906,4306,1,10,MIA,39,LV,IN
2023111906,2236,2,10,LV,32,LV,HITCH
2023111906,2437,2,9,LV,33,MIA,FLAT
2023111906,2942,1,10,LV,42,MIA,FLAT
2023111906,3752,2,10,LV,13,LV,OUT
2023111906,329,2,9,MIA,15,MIA,HITCH
2023111906,4196,1,10,LV,18,LV,IN
2023111906,4111,1,10,LV,7,LV,HITCH
2023111906,1633,1,10,LV,38,MIA,OUT
2023111906,587,2,13,MIA,18,LV,HITCH
2023111906,4329,2,10,MIA,39,LV,POST
2023111906,1608,1,10,,50,MIA,SLANT
2023111906,1180,3,7,MIA,38,MIA,POST
2023111906,2917,2,8,MIA,46,MIA,IN
2023111906,1658,1,10,LV,23,MIA,HITCH
2023111906,3469,2,16,MIA,44,LV,GO
2023111906,4221,1,10,LV,37,LV,ANGLE
2023111906,3551,3,16,MIA,44,LV,HITCH
2023111906,3417,2,10,,50,LV,FLAT
2023111906,863,1,10,LV,38,MIA,IN
2023111906,1315,1,10,LV,12,MIA,HITCH
2023111906,3885,3,6,MIA,24,LV,CROSS
2023111906,2636,2,7,LV,23,MIA,POST
2023111906,950,1,10,LV,25,LV,OUT
2023111906,3001,3,1,LV,33,MIA,ANGLE
2023111906,3678,3,15,MIA,26,MIA,FLAT
2023111906,143,2,20,LV,32,LV,SLANT
2023111906,2121,1,10,MIA,25,MIA,CROSS
2023111906,1710,1,10,LV,11,MIA,FLAT
2023111906,2772,3,1,LV,34,LV,CROSS
2023111906,1210,1,10,LV,41,MIA,HITCH
2023111906,1398,3,10,LV,12,MIA,CROSS
2023111906,1971,1,10,MIA,22,MIA,HITCH
2023111906,3576,4,3,MIA,31,LV,GO
2023111906,2462,3,7,LV,31,MIA,OUT
2023111906,4246,2,6,LV,41,LV,OUT
2023111906,557,1,20,MIA,25,LV,HITCH
2023111906,2507,1,10,LV,40,LV,IN
2023111906,4148,2,4,LV,13,LV,CORNER
2023111906,733,1,10,MIA,36,MIA,SCREEN
2023111906,2585,3,2,LV,45,MIA,SLANT
2023111907,1485,3,8,NYG,40,NYG,OUT
2023111907,1562,3,1,WAS,40,NYG,CROSS
2023111907,1104,1,10,NYG,25,NYG,SLANT
2023111907,3526,1,10,WAS,25,WAS,SCREEN
2023111907,1515,1,10,WAS,49,NYG,OUT
2023111907,2789,1,15,NYG,41,NYG,GO
2023111907,2025,1,10,NYG,25,NYG,OUT
2023111907,2943,2,10,WAS,41,WAS,SLANT
2023111907,3134,2,5,WAS,5,NYG,POST
2023111907,1794,1,10,NYG,25,WAS,FLAT
2023111907,1854,3,3,NYG,18,WAS,SLANT
2023111907,2075,3,12,NYG,23,NYG,IN
2023111907,3551,2,7,WAS,28,WAS,HITCH
2023111907,1278,4,2,WAS,34,NYG,CROSS
2023111907,3082,1,10,WAS,32,NYG,WHEEL
2023111907,2356,1,10,WAS,8,WAS,FLAT
2023111907,1184,2,10,NYG,42,NYG,IN
2023111907,4108,1,10,WAS,39,WAS,FLAT
2023111907,77,2,13,NYG,22,NYG,HITCH
2023111907,793,2,5,NYG,5,WAS,OUT
2023111907,1673,1,10,WAS,35,WAS,SLANT
2023111907,4053,1,10,WAS,19,WAS,OUT
2023111907,2725,1,10,NYG,25,NYG,GO
2023111907,2182,3,20,WAS,31,WAS,FLAT
2023111907,3719,3,1,NYG,30,WAS,SLANT
2023111907,389,3,11,NYG,12,NYG,HITCH
2023111907,533,2,13,WAS,48,NYG,CROSS
2023111907,3878,2,6,NYG,8,WAS,HITCH
2023111907,2565,1,10,NYG,43,WAS,HITCH
2023111907,3221,1,10,WAS,25,WAS,FLAT
2023111907,652,1,10,WAS,25,WAS,FLAT
2023111907,4192,2,10,WAS,44,WAS,CROSS
2023111907,1209,1,10,WAS,42,NYG,CROSS
2023111907,2612,1,10,NYG,29,WAS,GO
2023111907,1161,1,10,NYG,42,NYG,SCREEN
2023111907,307,1,10,WAS,35,WAS,POST
2023111907,472,1,10,WAS,47,WAS,CROSS
2023111907,1360,2,8,WAS,37,WAS,CROSS
2023111907,1136,2,3,NYG,32,NYG,CROSS
2023111907,102,3,10,NYG,25,NYG,OUT
2023111907,556,3,13,WAS,48,NYG,IN
2023111907,440,1,10,WAS,36,WAS,SLANT
2023111907,3837,1,10,NYG,12,WAS,FLAT
2023111907,3641,4,10,WAS,40,WAS,FLAT
2023111907,2137,1,10,WAS,41,WAS,SCREEN
2023111907,1747,2,1,NYG,44,WAS,ANGLE
2023111907,3671,1,10,NYG,39,WAS,HITCH
2023111907,746,1,10,NYG,34,WAS,CORNER
2023111907,979,1,10,WAS,26,WAS,OUT
2023111907,4083,2,4,WAS,25,WAS,CROSS
2023111907,584,1,10,WAS,24,NYG,WHEEL
2023111907,3157,3,5,WAS,5,NYG,FLAT
2023111907,4273,1,15,NYG,48,WAS,FLAT
2023111908,4016,2,17,SF,47,TB,FLAT
2023111908,108,1,10,SF,43,SF,SLANT
2023111908,463,3,7,TB,49,SF,ANGLE
2023111908,1254,3,15,TB,27,SF,ANGLE
2023111908,3345,2,5,SF,29,TB,POST
2023111908,3766,1,10,SF,32,SF,OUT
2023111908,1825,3,3,TB,10,SF,IN
2023111908,308,1,10,SF,20,SF,IN
2023111908,83,2,11,SF,19,SF,POST
2023111908,1322,1,10,TB,25,TB,FLAT
2023111908,666,2,4,TB,4,SF,FLAT
2023111908,3143,1,10,TB,32,TB,OUT
2023111908,3190,1,10,TB,44,TB,HITCH
2023111908,2041,3,3,TB,42,TB,GO
2023111908,2992,2,13,SF,27,SF,ANGLE
2023111908,1519,2,19,SF,45,TB,GO
2023111908,1369,1,10,TB,36,TB,OUT
2023111908,2530,2,14,SF,40,SF,IN
2023111908,3476,3,4,SF,12,TB,POST
2023111908,2727,1,10,TB,25,TB,HITCH
2023111908,3903,1,10,TB,47,TB,OUT
2023111908,1993,1,10,TB,35,TB,GO
2023111908,2663,2,3,TB,3,SF,CORNER
2023111908,3315,1,10,SF,34,TB,OUT
2023111908,2359,2,10,TB,33,TB,SLANT
2023111908,3290,3,10,SF,45,TB,IN
2023111908,3240,1,10,SF,45,TB,SCREEN
2023111908,2382,3,10,TB,33,TB,HITCH
2023111908,3416,1,10,SF,18,TB,OUT
2023111908,2478,1,10,SF,33,SF,FLAT
2023111908,2774,3,3,TB,32,TB,HITCH
2023111908,3391,4,5,SF,29,TB,CROSS
2023111908,1578,1,1,SF,1,TB,SLANT
2023111908,2304,1,10,TB,22,TB,FLAT
2023111908,131,2,10,SF,43,SF,ANGLE
2023111908,1649,1,10,SF,29,SF,GO
2023111908,3631,1,10,SF,13,TB,OUT
2023111908,259,3,7,TB,40,TB,GO
2023111908,438,2,11,SF,47,SF,IN
2023111908,3024,3,7,SF,33,SF,IN
2023111908,2819,1,10,TB,36,TB,POST
2023111908,2112,2,9,SF,3,SF,CROSS
2023111908,1795,2,8,TB,15,SF,FLAT
2023111908,2274,3,11,TB,9,TB,OUT
2023111908,3215,2,7,TB,47,TB,HITCH
2023111908,563,1,10,TB,37,SF,POST
2023111908,1187,1,10,TB,41,SF,IN
2023111908,207,1,10,TB,37,TB,CORNER
2023111908,3083,1,10,TB,20,TB,IN
2023111908,2142,1,10,SF,24,SF,GO
2023111908,3659,2,6,SF,9,TB,POST
2023111908,1758,1,10,TB,17,SF,SCREEN
2023111908,2016,2,10,TB,35,TB,SLANT
2023111908,3265,2,10,SF,45,TB,FLAT
2023111908,3113,2,10,TB,20,TB,OUT
2023111908,364,1,5,SF,40,SF,POST
2023111908,3446,2,4,SF,12,TB,POST
2023111908,1726,3,3,TB,27,SF,CROSS
2023111909,3813,1,10,NYJ,24,NYJ,ANGLE
2023111909,1214,3,13,NYJ,26,BUF,SLANT
2023111909,2247,1,10,BUF,20,NYJ,FLAT
2023111909,2511,2,1,BUF,45,BUF,CORNER
2023111909,2697,2,13,BUF,22,BUF,OUT
2023111909,2381,1,10,BUF,25,BUF,HITCH
2023111909,394,3,6,BUF,34,BUF,IN
2023111909,623,2,8,NYJ,12,BUF,OUT
2023111909,458,2,10,BUF,43,BUF,FLAT
2023111909,4223,1,10,NYJ,32,NYJ,FLAT
2023111909,4392,4,5,BUF,49,NYJ,HITCH
2023111909,2152,4,2,,50,NYJ,CROSS
2023111909,3216,2,10,NYJ,25,NYJ,IN
2023111909,1189,2,12,NYJ,25,BUF,FLAT
2023111909,1562,3,7,NYJ,38,BUF,CORNER
2023111909,1008,1,15,BUF,46,BUF,FLAT
2023111909,2757,2,9,BUF,48,BUF,FLAT
2023111909,758,2,10,NYJ,34,NYJ,FLAT
2023111909,949,2,10,BUF,36,BUF,ANGLE
2023111909,4369,3,5,BUF,49,NYJ,IN
2023111909,1863,2,5,NYJ,5,BUF,FLAT
2023111909,3126,2,5,BUF,19,BUF,GO
2023111909,239,1,10,NYJ,42,NYJ,OUT
2023111909,922,1,10,BUF,36,BUF,HITCH
2023111909,3527,3,5,BUF,47,NYJ,HITCH
2023111909,3502,2,10,NYJ,48,NYJ,HITCH
2023111909,4273,3,3,NYJ,39,NYJ,IN
2023111909,4248,2,8,NYJ,34,NYJ,IN
2023111909,2828,3,12,NYJ,39,BUF,CROSS
2023111909,3397,3,8,BUF,27,BUF,OUT
2023111909,4296,4,3,NYJ,39,NYJ,HITCH
2023111909,3843,2,10,NYJ,24,NYJ,HITCH
2023111909,282,3,20,NYJ,32,NYJ,GO
2023111909,1633,1,10,NYJ,9,NYJ,CROSS
2023111909,2272,1,9,BUF,9,NYJ,IN
2023111909,1539,2,7,NYJ,38,BUF,CROSS
2023111909,1956,2,9,NYJ,17,NYJ,GO
2023111909,576,2,4,NYJ,27,BUF,HITCH
2023111909,4321,1,10,NYJ,46,NYJ,ANGLE
2023111909,2853,4,1,NYJ,28,BUF,FLAT
2023111909,1695,1,15,NYJ,22,NYJ,HITCH
2023111909,3602,1,10,BUF,42,NYJ,OUT
2023111909,1087,2,16,BUF,45,BUF,IN
2023111909,2481,1,5,BUF,41,BUF,FLAT
2023111910,3721,1,10,LA,21,LA,IN
2023111910,1418,2,10,LA,25,LA,FLAT
2023111910,2019,1,10,SEA,25,SEA,HITCH
2023111910,1806,1,10,SEA,25,LA,CROSS
2023111910,1031,1,10,SEA,25,SEA,IN
2023111910,3746,1,10,SEA,47,LA,FLAT
2023111910,4050,2,7,SEA,7,LA,SLANT
2023111910,1890,3,4,SEA,4,LA,SLANT
2023111910,194,3,6,SEA,16,SEA,HITCH
2023111910,2607,3,13,LA,34,LA,FLAT
2023111910,942,2,8,SEA,4,SEA,IN
2023111910,3110,1,10,LA,32,LA,SCREEN
2023111910,866,4,2,SEA,2,LA,IN
2023111910,4155,1,10,SEA,25,SEA,HITCH
2023111910,2320,3,11,LA,47,SEA,FLAT
2023111910,1865,2,5,SEA,5,LA,CROSS
2023111910,2067,3,2,SEA,33,SEA,HITCH
2023111910,2461,3,15,LA,33,SEA,CROSS
2023111910,3453,1,16,SEA,16,LA,HITCH
2023111910,741,2,15,SEA,30,LA,HITCH
2023111910,2375,1,10,LA,28,SEA,GO
2023111910,4203,2,10,SEA,38,SEA,OUT
2023111910,2652,1,10,SEA,30,SEA,HITCH
2023111910,2883,1,16,LA,9,LA,WHEEL
2023111910,3678,3,11,SEA,24,SEA,GO
2023111910,2532,1,10,LA,25,LA,HITCH
2023111910,3061,3,9,SEA,37,SEA,GO
2023111910,1295,2,22,LA,38,SEA,OUT
2023111910,1054,2,10,SEA,25,SEA,FLAT
2023111910,3793,2,15,LA,48,LA,HITCH
2023111910,3391,2,6,SEA,23,LA,FLAT
2023111910,1270,1,20,LA,36,SEA,SCREEN
2023111910,3146,1,10,LA,44,LA,GO
2023111910,164,2,4,SEA,18,SEA,FLAT
2023111910,2906,2,16,LA,9,LA,IN
2023111910,3231,3,3,SEA,27,SEA,CORNER
2023111910,3177,1,10,SEA,20,SEA,FLAT
2023111910,521,2,8,LA,8,SEA,SLANT
2023111910,1165,3,1,LA,34,SEA,CROSS
2023111910,3916,2,13,SEA,32,LA,HITCH
2023111910,2431,2,20,LA,38,SEA,HITCH
2023111910,3280,1,10,LA,32,LA,HITCH
2023111910,2350,4,1,LA,37,SEA,FLAT
2023111910,4286,3,8,SEA,40,SEA,POST
2023111910,1722,1,10,LA,46,LA,CROSS
2023111910,1522,2,2,SEA,40,SEA,GO
2023111910,444,2,4,LA,28,SEA,HITCH
2023111910,390,3,5,LA,43,SEA,CROSS
2023111910,469,1,10,LA,21,SEA,OUT
2023111910,321,2,5,LA,43,SEA,GO
2023111911,1314,2,7,DEN,47,DEN,GO
2023111911,1670,1,10,DEN,20,DEN,CROSS
2023111911,3132,3,10,MIN,10,DEN,SLANT
2023111911,3489,1,10,DEN,27,MIN,FLAT
2023111911,1702,2,2,DEN,28,DEN,POST
2023111911,2009,3,20,DEN,15,DEN,FLAT
2023111911,763,2,7,DEN,33,MIN,OUT
2023111911,1063,2,8,MIN,31,MIN,SLANT
2023111911,3524,2,6,DEN,23,MIN,CROSS
2023111911,3785,1,10,MIN,45,DEN,ANGLE
2023111911,638,1,10,MIN,35,MIN,OUT
2023111911,1575,1,15,MIN,38,MIN,HITCH
2023111911,404,1,10,DEN,49,MIN,CROSS
2023111911,3881,3,4,MIN,22,DEN,FLAT
2023111911,1766,1,10,MIN,39,DEN,ANGLE
2023111911,1267,1,10,DEN,25,DEN,HITCH
2023111911,589,3,2,DEN,28,DEN,GO
2023111911,564,2,5,DEN,25,DEN,FLAT
2023111911,4162,4,25,MIN,21,MIN,POST
2023111911,165,1,10,MIN,30,DEN,HITCH
2023111911,2168,1,10,DEN,28,MIN,OUT
2023111911,1833,3,5,MIN,34,DEN,GO
2023111911,3254,3,4,MIN,31,MIN,IN
2023111911,3973,1,10,MIN,25,MIN,OUT
2023111911,100,2,6,MIN,29,MIN,CROSS
2023111911,3911,1,10,MIN,15,DEN,CORNER
2023111911,2321,2,8,DEN,10,MIN,IN
2023111911,4075,1,10,MIN,36,MIN,OUT
2023111911,3817,1,10,MIN,28,DEN,OUT
2023111911,2822,1,10,MIN,21,DEN,SCREEN
2023111911,2527,2,5,MIN,25,MIN,GO
2023111911,2457,3,3,DEN,32,DEN,GO
2023111911,3107,2,23,MIN,23,DEN,FLAT
2023111911,2596,3,2,DEN,38,MIN,HITCH
2023111911,3760,1,10,DEN,45,DEN,ANGLE
2023111911,1386,3,7,MIN,17,DEN,HITCH
2023111911,1727,1,10,DEN,47,DEN,HITCH
2023111911,1132,3,2,DEN,39,MIN,HITCH
2023111911,2405,1,10,DEN,25,DEN,FLAT
2023111911,938,1,10,DEN,25,DEN,HITCH
2023111911,1503,3,9,MIN,26,MIN,IN
2023111911,257,3,15,MIN,20,DEN,FLAT
2023111911,1361,2,6,MIN,16,DEN,FLAT
2023111911,374,2,9,MIN,41,MIN,IN
2023111911,3996,2,10,MIN,25,MIN,OUT
2023111911,2227,2,13,DEN,31,MIN,GO
2023111911,3400,3,20,DEN,48,MIN,FLAT
2023111911,3724,4,3,DEN,32,DEN,SLANT
2023111911,2094,2,1,MIN,40,MIN,OUT
2023112000,4032,3,2,KC,17,KC,OUT
2023112000,3075,2,10,PHI,25,KC,HITCH
2023112000,1727,2,19,PHI,16,PHI,FLAT
2023112000,3695,2,7,KC,28,KC,HITCH
2023112000,1128,3,4,KC,36,KC,CROSS
2023112000,2757,1,10,KC,25,KC,OUT
2023112000,480,3,3,PHI,3,KC,CROSS
2023112000,3311,2,9,KC,38,KC,HITCH
2023112000,544,1,10,PHI,25,PHI,CROSS
2023112000,4080,1,10,KC,21,KC,IN
2023112000,1045,2,9,KC,48,PHI,POST
2023112000,4207,4,25,KC,34,KC,GO
2023112000,3103,3,6,PHI,21,KC,OUT
2023112000,3359,1,10,PHI,45,KC,FLAT
2023112000,3414,3,4,PHI,39,KC,SLANT
2023112000,2666,2,10,KC,15,PHI,FLAT
2023112000,401,1,5,PHI,24,KC,SCREEN
2023112000,2544,1,10,PHI,39,PHI,HITCH
2023112000,2820,1,20,KC,32,KC,HITCH
2023112000,4007,2,5,KC,14,KC,HITCH
2023112000,1951,1,5,PHI,29,KC,FLAT
2023112000,3556,3,5,PHI,45,PHI,POST
2023112000,3384,2,8,PHI,43,KC,FLAT
2023112000,352,3,7,PHI,36,KC,SLANT
2023112000,1870,2,15,KC,49,KC,HITCH
2023112000,1369,2,17,PHI,23,PHI,FLAT
2023112000,3533,2,5,PHI,45,PHI,SCREEN
2023112000,3982,1,10,KC,9,KC,CROSS
2023112000,2272,3,3,KC,43,KC,IN
2023112000,2643,1,10,KC,15,PHI,GO
2023112000,56,1,10,KC,25,KC,OUT
2023112000,969,1,10,PHI,39,PHI,IN
2023112000,1626,3,3,PHI,4,KC,FLAT
2023112000,2495,3,7,KC,32,KC,GO
2023112000,1197,1,10,PHI,40,KC,SLANT
2023112000,4055,4,2,KC,17,KC,SLANT
2023112000,705,2,8,KC,32,PHI,HITCH
2023112000,4150,2,10,KC,49,KC,POST
2023112000,2446,2,10,KC,29,KC,HITCH
2023112000,1893,3,15,KC,49,KC,HITCH
2023112000,3581,1,10,KC,42,PHI,GO
2023112000,2901,2,8,PHI,44,KC,CORNER
2023112000,1462,2,7,PHI,42,KC,HITCH
2023112000,3157,1,10,PHI,14,KC,HITCH
2023112000,2574,2,10,PHI,39,PHI,HITCH
2023112000,3334,3,9,KC,38,KC,CORNER
2023112300,2401,2,9,GB,20,DET,CROSS
2023112300,2098,2,10,DET,16,DET,OUT
2023112300,2354,1,10,GB,49,DET,CORNER
2023112300,3621,1,10,GB,39,DET,OUT
2023112300,591,1,10,DET,44,GB,OUT
2023112300,1486,2,5,DET,45,GB,IN
2023112300,952,2,5,DET,21,DET,OUT
2023112300,3887,3,10,DET,42,GB,POST
2023112300,1236,2,1,DET,34,DET,OUT
2023112300,347,1,10,GB,38,DET,CORNER
2023112300,690,3,1,DET,9,GB,FLAT
2023112300,3644,2,10,GB,39,DET,CROSS
2023112300,2212,1,10,GB,44,GB,GO
2023112300,2771,2,4,DET,9,DET,OUT
2023112300,3424,2,10,DET,48,GB,OUT
2023112300,1556,3,5,DET,24,GB,CORNER
2023112300,401,2,7,GB,7,DET,POST
2023112300,2648,1,15,GB,42,GB,OUT
2023112300,2996,3,3,DET,16,GB,GO
2023112300,1978,2,10,DET,49,GB,FLAT
2023112300,2821,2,10,DET,17,DET,OUT
2023112300,2157,3,15,DET,11,DET,GO
2023112300,4033,3,4,DET,30,DET,OUT
2023112300,80,1,10,DET,22,GB,SLANT
2023112300,3743,4,7,GB,12,DET,OUT
2023112300,1533,2,5,DET,24,GB,OUT
2023112300,4010,2,4,DET,30,DET,HITCH
2023112300,2695,3,4,DET,47,GB,SLANT
2023112300,643,1,10,DET,18,GB,OUT
2023112300,1765,3,2,DET,39,DET,CROSS
2023112300,1828,2,21,DET,48,DET,OUT
2023112300,2552,1,10,GB,25,GB,ANGLE
2023112300,1361,1,10,GB,14,GB,FLAT
2023112300,3596,2,6,DET,23,DET,CROSS
2023112300,3268,2,12,GB,36,DET,ANGLE
2023112300,4083,1,10,DET,40,DET,HITCH
2023112300,4242,2,20,DET,42,DET,CROSS
2023112300,3940,1,10,DET,9,DET,CROSS
2023112300,1271,1,10,DET,40,DET,HITCH
2023112300,2971,2,17,DET,30,GB,IN
2023112300,1318,3,2,DET,48,DET,IN
2023112300,4272,1,10,GB,35,DET,POST
2023112300,55,1,10,GB,25,GB,GO
2023112300,2851,3,4,DET,23,DET,CORNER
2023112300,561,3,8,GB,47,GB,OUT
2023112300,4058,4,1,DET,33,DET,ANGLE
2023112300,1853,3,12,GB,43,DET,HITCH
2023112300,2075,1,10,DET,16,DET,IN
2023112300,1955,1,10,DET,49,GB,OUT
2023112300,3376,2,10,GB,39,GB,POST
2023112300,4155,3,1,DET,49,DET,OUT
2023112300,2599,3,2,GB,33,GB,CROSS
2023112300,1439,2,3,GB,43,GB,HITCH
2023112300,149,2,10,DET,10,GB,SLANT
2023112300,1072,3,7,DET,20,GB,CROSS
2023112300,487,2,6,GB,29,GB,HITCH
2023112300,3058,1,10,DET,25,DET,SLANT
2023112300,3970,1,10,DET,24,DET,OUT
2023112300,4120,2,5,DET,45,DET,ANGLE
2023112300,3454,3,5,DET,43,GB,OUT
2023112300,4297,1,10,GB,12,DET,GO
2023112300,266,3,7,DET,30,DET,CROSS
2023112301,3479,1,10,WAS,25,WAS,IN
2023112301,518,1,10,WAS,49,WAS,CROSS
2023112301,2455,1,10,WAS,34,WAS,OUT
2023112301,1353,1,10,DAL,39,DAL,HITCH
2023112301,2332,3,11,DAL,34,DAL,ANGLE
2023112301,1730,2,12,DAL,41,WAS,SLANT
2023112301,1777,2,10,DAL,29,WAS,CROSS
2023112301,3266,2,17,WAS,18,WAS,OUT
2023112301,1484,1,10,WAS,25,WAS,GO
2023112301,3605,4,4,DAL,35,WAS,OUT
2023112301,2505,1,10,DAL,48,WAS,HITCH
2023112301,1059,2,10,WAS,25,WAS,HITCH
2023112301,2662,3,11,DAL,40,DAL,GO
2023112301,1944,1,5,DAL,30,DAL,IN
2023112301,2711,1,10,WAS,20,WAS,HITCH
2023112301,3019,2,1,,50,DAL,OUT
2023112301,328,3,5,DAL,38,DAL,POST
2023112301,3582,3,4,DAL,35,WAS,SLANT
2023112301,1238,3,18,DAL,27,WAS,CROSS
2023112301,1507,2,10,WAS,25,WAS,HITCH
2023112301,1306,1,10,DAL,25,DAL,ANGLE
2023112301,3534,1,10,DAL,41,WAS,OUT
2023112301,3142,2,4,WAS,35,DAL,FLAT
2023112301,3557,2,10,DAL,41,WAS,HITCH
2023112301,3171,3,3,WAS,34,DAL,CROSS
2023112301,2967,3,11,DAL,16,DAL,POST
2023112301,1082,3,10,WAS,25,WAS,CORNER
2023112301,713,3,4,DAL,46,DAL,SLANT
2023112301,2309,2,11,DAL,34,DAL,GO
2023112301,3879,2,10,DAL,43,WAS,OUT
2023112301,3778,1,10,WAS,25,WAS,FLAT
2023112301,3301,3,17,WAS,18,WAS,HITCH
2023112301,493,2,4,WAS,39,WAS,OUT
2023112301,99,3,1,WAS,34,WAS,FLAT
2023112301,468,1,10,WAS,33,WAS,CROSS
2023112301,3831,3,7,WAS,28,WAS,GO
2023112301,2552,3,1,DAL,39,WAS,GO
2023112301,2132,2,10,WAS,25,WAS,OUT
2023112301,439,3,3,WAS,25,WAS,CROSS
2023112301,149,2,18,WAS,45,WAS,IN
2023112301,818,2,25,DAL,39,DAL,POST
2023112301,644,1,15,DAL,5,DAL,GO
2023112301,1134,1,10,DAL,45,WAS,SLANT
2023112301,3721,3,6,WAS,34,DAL,GO
2023112301,3393,3,1,WAS,15,DAL,CORNER
2023112301,543,2,2,DAL,43,WAS,FLAT
2023112301,738,1,10,WAS,46,DAL,CROSS
2023112301,217,1,10,DAL,15,DAL,HITCH
2023112301,3075,3,6,DAL,45,DAL,HITCH
2023112301,2026,1,10,WAS,38,DAL,GO
2023112301,2258,1,10,DAL,25,DAL,OUT
2023112301,2790,1,10,WAS,34,WAS,FLAT
2023112301,930,1,10,WAS,15,DAL,GO
2023112301,1400,2,8,WAS,47,DAL,SLANT
2023112301,1825,1,10,DAL,14,WAS,ANGLE
2023112301,2765,3,1,WAS,29,WAS,OUT
2023112301,2001,2,10,DAL,38,DAL,HITCH
2023112301,3368,2,9,WAS,23,DAL,CROSS
2023112301,3808,2,7,WAS,28,WAS,ANGLE
2023112301,566,3,2,DAL,43,WAS,CROSS
2023112301,2861,3,13,WAS,31,WAS,CROSS
2023112301,1800,3,10,DAL,29,WAS,HITCH
2023112301,305,2,5,DAL,38,DAL,GO
2023112301,2109,1,10,WAS,25,WAS,CROSS
2023112301,879,1,10,WAS,29,DAL,FLAT
2023112301,2944,2,11,DAL,16,DAL,OUT
2023112301,3504,1,10,WAS,35,WAS,OUT
2023112302,3194,1,10,SEA,13,SEA,FLAT
2023112302,1853,3,4,SEA,16,SF,FLAT
2023112302,3928,3,3,SF,43,SF,CROSS
2023112302,3396,1,10,SF,36,SF,CROSS
2023112302,3784,2,1,SF,21,SEA,GO
2023112302,1087,1,10,SEA,35,SEA,OUT
2023112302,1983,2,1,SEA,33,SEA,OUT
2023112302,1958,1,10,SEA,24,SEA,CROSS
2023112302,463,2,8,SF,24,SF,HITCH
2023112302,2256,1,10,SF,41,SEA,GO
2023112302,3105,3,11,SEA,45,SF,HITCH
2023112302,3655,1,10,SEA,47,SEA,OUT
2023112302,1271,3,10,SEA,2,SEA,SLANT
2023112302,2043,2,1,SF,49,SEA,SLANT
2023112302,3585,1,10,SEA,37,SEA,ANGLE
2023112302,2187,2,8,SEA,27,SEA,SLANT
2023112302,368,3,9,SF,32,SEA,IN
2023112302,535,1,18,SEA,38,SF,ANGLE
2023112302,2538,3,6,SF,29,SF,CROSS
2023112302,1403,3,9,SEA,35,SF,HITCH
2023112302,1473,3,6,SEA,20,SF,IN
2023112302,3514,2,7,SEA,28,SF,POST
2023112302,696,3,16,SEA,1,SEA,ANGLE
2023112302,2903,2,7,SF,7,SEA,HITCH
2023112302,488,1,10,SF,46,SF,CROSS
2023112302,345,2,9,SF,32,SEA,OUT
2023112302,2625,2,9,SEA,11,SEA,HITCH
2023112302,64,1,10,SF,29,SF,ANGLE
2023112302,1428,1,10,SEA,24,SF,CROSS
2023112302,3302,2,19,SEA,20,SEA,HITCH
2023112302,2398,2,10,SF,4,SF,ANGLE
2023112302,2648,3,9,SEA,11,SEA,GO
2023112302,2513,2,13,SF,22,SF,HITCH
2023112302,3754,1,10,SF,30,SEA,OUT
2023112302,3707,2,8,SF,41,SEA,ANGLE
2023112302,1333,1,10,SF,42,SF,POST
2023112302,2488,1,15,SF,20,SF,FLAT
2023112302,112,2,10,SF,43,SF,SCREEN
2023112302,2279,2,10,SF,41,SEA,SLANT
2023112302,2013,1,10,SEA,42,SEA,HITCH
2023112302,947,1,10,SEA,11,SF,ANGLE
2023112302,3630,3,16,SEA,31,SEA,GO
2023112302,208,2,7,SEA,13,SF,OUT
2023112302,89,1,10,SF,43,SF,CORNER
2023112302,862,2,8,SEA,17,SF,FLAT
2023112302,2375,1,10,SF,4,SF,IN
2023112302,815,3,7,SEA,26,SF,OUT
2023112400,391,3,8,MIA,28,MIA,GO
2023112400,3567,1,10,MIA,35,NYJ,FLAT
2023112400,2817,3,3,NYJ,28,MIA,CORNER
2023112400,730,2,7,MIA,47,MIA,CROSS
2023112400,3406,3,4,MIA,18,NYJ,FLAT
2023112400,1403,2,10,NYJ,36,NYJ,FLAT
2023112400,1977,2,10,MIA,36,MIA,OUT
2023112400,3103,1,10,NYJ,49,NYJ,HITCH
2023112400,3221,2,1,MIA,26,NYJ,HITCH
2023112400,3278,1,10,MIA,24,NYJ,IN
2023112400,2145,2,7,MIA,28,MIA,FLAT
2023112400,2370,3,15,NYJ,22,NYJ,SCREEN
2023112400,4079,3,6,NYJ,40,NYJ,ANGLE
2023112400,4136,2,3,MIA,46,NYJ,POST
2023112400,1772,1,10,MIA,27,MIA,OUT
2023112400,1714,3,1,NYJ,31,NYJ,FLAT
2023112400,921,2,15,NYJ,20,NYJ,HITCH
2023112400,192,3,12,NYJ,36,NYJ,OUT
2023112400,2950,1,10,NYJ,25,NYJ,ANGLE
2023112400,1660,1,15,NYJ,17,NYJ,SLANT
2023112400,443,2,2,NYJ,29,MIA,FLAT
2023112400,1235,3,6,NYJ,28,MIA,OUT
2023112400,1917,1,10,MIA,25,MIA,POST
2023112400,3713,2,1,MIA,9,NYJ,SLANT
2023112400,1085,3,5,MIA,45,MIA,IN
2023112400,2170,3,3,MIA,32,MIA,GO
2023112400,2489,3,3,MIA,15,MIA,HITCH
2023112400,2007,3,1,MIA,45,MIA,CROSS
2023112400,3597,2,10,MIA,35,NYJ,OUT
2023112400,657,3,10,NYJ,5,NYJ,SCREEN
2023112400,829,3,1,NYJ,20,MIA,CROSS
2023112400,4179,4,14,NYJ,43,NYJ,FLAT
2023112400,3976,2,19,NYJ,16,NYJ,FLAT
2023112400,4104,1,10,NYJ,47,NYJ,FLAT
2023112400,3738,1,1,MIA,1,NYJ,CROSS
2023112400,3196,1,10,MIA,35,NYJ,SLANT
2023112400,1166,3,5,NYJ,39,MIA,ANGLE
2023112400,2975,1,10,NYJ,38,NYJ,HITCH
2023112400,3171,4,3,MIA,44,NYJ,SLANT
2023112400,4031,1,10,NYJ,36,NYJ,OUT
2023112400,582,4,2,NYJ,4,MIA,GO
2023112400,799,2,6,NYJ,25,MIA,SCREEN
2023112400,1121,1,10,NYJ,44,MIA,CROSS
2023112400,277,1,10,MIA,26,MIA,FLAT
2023112400,3078,4,7,NYJ,41,NYJ,IN
2023112400,4054,2,10,NYJ,36,NYJ,OUT
2023112400,1503,2,4,MIA,24,MIA,POST
2023112400,1289,2,7,NYJ,7,MIA,FLAT
2023112400,3622,3,2,MIA,27,NYJ,SLANT
2023112400,4001,3,10,NYJ,25,NYJ,OUT
2023112400,135,1,10,NYJ,38,NYJ,SCREEN
2023112400,990,3,15,NYJ,20,NYJ,FLAT
2023112600,2097,2,8,NO,31,ATL,ANGLE
2023112600,1645,2,10,NO,42,NO,SLANT
2023112600,1720,3,11,ATL,49,NO,OUT
2023112600,3262,2,3,ATL,23,ATL,FLAT
2023112600,2005,2,10,,50,ATL,OUT
2023112600,1694,2,11,ATL,49,NO,OUT
2023112600,4102,1,10,ATL,42,NO,HITCH
2023112600,2860,2,22,ATL,27,NO,ANGLE
2023112600,614,1,10,ATL,36,ATL,POST
2023112600,1430,1,10,NO,14,ATL,CROSS
2023112600,3005,1,10,ATL,41,ATL,FLAT
2023112600,2205,1,10,NO,10,ATL,ANGLE
2023112600,3052,1,10,NO,47,ATL,GO
2023112600,873,2,9,ATL,18,NO,FLAT
2023112600,1245,1,10,ATL,22,ATL,POST
2023112600,1813,2,9,ATL,23,NO,WHEEL
2023112600,3596,2,10,ATL,25,NO,FLAT
2023112600,1783,1,20,ATL,34,NO,OUT
2023112600,818,2,20,NO,45,NO,GO
2023112600,728,1,10,NO,32,NO,CROSS
2023112600,152,1,10,ATL,35,ATL,FLAT
2023112600,2570,2,7,NO,34,NO,GO
2023112600,2652,2,8,NO,44,NO,FLAT
2023112600,3292,1,10,ATL,26,ATL,HITCH
2023112600,2323,2,9,ATL,26,ATL,IN
2023112600,1836,3,9,ATL,23,NO,HITCH
2023112600,4027,3,10,NO,25,NO,HITCH
2023112600,3621,3,6,ATL,21,NO,ANGLE
2023112600,3079,1,10,NO,46,NO,FLAT
2023112600,903,3,3,ATL,12,NO,SLANT
2023112600,4077,2,3,NO,45,NO,SLANT
2023112600,1142,2,11,ATL,38,NO,CROSS
2023112600,843,1,10,ATL,19,NO,FLAT
2023112600,3981,1,10,NO,25,NO,OUT
2023112600,4155,3,3,ATL,35,NO,SLANT
2023112600,4004,2,10,NO,25,NO,GO
2023112600,279,1,10,NO,16,NO,CROSS
2023112600,360,2,5,ATL,28,NO,CROSS
2023112600,101,3,8,NO,27,NO,CROSS
2023112600,206,3,5,ATL,40,ATL,HITCH
2023112600,1902,1,10,ATL,25,ATL,CROSS
2023112600,4052,1,10,NO,38,NO,SLANT
2023112600,476,2,7,ATL,7,NO,SLANT
2023112600,499,3,7,ATL,7,NO,SCREEN
2023112600,2602,3,7,NO,34,NO,HITCH
2023112600,795,1,20,NO,45,NO,OUT
2023112600,3361,3,6,ATL,45,ATL,FLAT
2023112600,1526,1,10,NO,25,NO,CROSS
2023112600,407,2,11,ATL,24,NO,HITCH
2023112600,1588,3,3,NO,32,NO,OUT
2023112600,1361,3,10,NO,41,ATL,IN
2023112600,3391,1,10,NO,26,ATL,WHEEL
2023112601,3402,3,11,CIN,22,PIT,HITCH
2023112601,2200,3,7,PIT,18,CIN,HITCH
2023112601,516,2,2,CIN,15,PIT,GO
2023112601,2628,1,10,CIN,25,CIN,IN
2023112601,3510,1,10,PIT,36,CIN,GO
2023112601,2309,3,5,PIT,41,PIT,OUT
2023112601,1734,1,10,PIT,35,PIT,HITCH
2023112601,3326,1,10,CIN,32,PIT,CROSS
2023112601,3103,3,6,CIN,16,PIT,OUT
2023112601,1530,2,9,CIN,12,CIN,CROSS
2023112601,413,3,13,PIT,38,PIT,POST
2023112601,1218,3,4,PIT,41,PIT,HITCH
2023112601,346,3,1,PIT,38,PIT,CROSS
2023112601,2999,2,15,PIT,30,PIT,OUT
2023112601,2846,1,10,PIT,22,PIT,CROSS
2023112601,2906,3,9,PIT,23,PIT,CROSS
2023112601,1833,2,17,PIT,44,PIT,HITCH
2023112601,2024,3,9,CIN,26,CIN,SLANT
2023112601,2403,1,10,CIN,39,PIT,GO
2023112601,3533,2,10,PIT,36,CIN,HITCH
2023112601,690,3,10,,50,CIN,FLAT
2023112601,1005,1,10,CIN,47,CIN,OUT
2023112601,904,2,10,CIN,23,PIT,GO
2023112601,2093,3,3,CIN,49,CIN,SLANT
2023112601,2170,2,9,PIT,20,CIN,HITCH
2023112601,1149,1,10,PIT,25,PIT,HITCH
2023112601,2286,2,5,PIT,41,PIT,POST
2023112601,1440,2,5,CIN,37,PIT,FLAT
2023112601,857,3,3,PIT,38,PIT,GO
2023112601,1288,2,6,CIN,24,CIN,FLAT
2023112601,1364,1,10,PIT,45,PIT,OUT
2023112601,1631,3,5,PIT,43,CIN,FLAT
2023112601,577,1,10,CIN,39,CIN,POST
2023112601,1709,2,6,PIT,24,PIT,HITCH
2023112601,280,1,10,PIT,29,PIT,HITCH
2023112601,1596,2,10,PIT,48,CIN,HITCH
2023112601,2118,1,10,PIT,46,CIN,GO
2023112601,2883,2,9,PIT,23,PIT,GO
2023112601,3558,3,2,PIT,28,CIN,HITCH
2023112601,3029,3,8,PIT,37,PIT,GO
2023112601,55,1,10,PIT,25,PIT,POST
2023112601,1679,1,10,PIT,20,PIT,HITCH
2023112601,1566,1,10,PIT,48,CIN,IN
2023112601,3169,1,10,CIN,25,CIN,OUT
2023112601,1030,2,4,PIT,47,CIN,IN
2023112601,2378,3,4,CIN,48,PIT,HITCH
2023112601,1085,2,5,PIT,11,CIN,FLAT
2023112601,3194,2,7,CIN,28,CIN,HITCH
2023112601,2475,3,6,CIN,25,PIT,OUT
2023112602,1983,2,3,JAX,47,JAX,OUT
2023112602,2689,2,5,HOU,5,JAX,IN
2023112602,3762,1,10,JAX,25,JAX,OUT
2023112602,55,1,10,HOU,25,HOU,HITCH
2023112602,2556,1,10,JAX,25,JAX,CROSS
2023112602,2791,3,1,HOU,1,JAX,SLANT
2023112602,3685,2,6,JAX,17,HOU,FLAT
2023112602,2166,2,10,JAX,16,JAX,FLAT
2023112602,3831,2,7,HOU,46,JAX,CROSS
2023112602,4114,2,19,JAX,46,HOU,CROSS
2023112602,1958,1,10,JAX,40,JAX,FLAT
2023112602,1433,1,15,JAX,20,JAX,FLAT
2023112602,3221,2,14,HOU,43,JAX,HITCH
2023112602,1753,1,10,JAX,45,HOU,OUT
2023112602,596,3,11,HOU,24,HOU,CORNER
2023112602,1571,3,15,HOU,30,JAX,GO
2023112602,2400,3,1,JAX,37,HOU,POST
2023112602,2987,2,11,JAX,10,JAX,ANGLE
2023112602,4037,2,25,HOU,32,HOU,HITCH
2023112602,1011,2,7,JAX,35,JAX,ANGLE
2023112602,2848,1,10,HOU,25,HOU,HITCH
2023112602,678,2,10,JAX,45,JAX,SLANT
2023112602,2189,3,10,JAX,16,JAX,OUT
2023112602,3605,1,10,HOU,45,HOU,HITCH
2023112602,3442,4,1,HOU,46,HOU,GO
2023112602,3116,1,10,JAX,49,JAX,HITCH
2023112602,1728,2,11,HOU,38,HOU,CROSS
2023112602,1502,3,5,HOU,33,JAX,HITCH
2023112602,3635,2,10,HOU,45,HOU,POST
2023112602,2608,2,10,HOU,30,JAX,IN
2023112602,3419,3,1,HOU,46,HOU,SLANT
2023112602,548,1,20,HOU,15,HOU,SLANT
2023112602,3196,1,20,HOU,49,JAX,OUT
2023112602,226,2,4,JAX,19,JAX,POST
2023112602,1830,2,9,JAX,31,HOU,CROSS
2023112602,4069,3,8,HOU,49,HOU,IN
2023112602,2375,2,4,JAX,40,HOU,CROSS
2023112602,2037,3,8,JAX,42,JAX,CROSS
2023112602,3710,3,6,JAX,17,HOU,HITCH
2023112602,1256,1,10,HOU,25,HOU,POST
2023112602,2343,1,10,JAX,46,HOU,ANGLE
2023112602,1805,1,10,JAX,32,HOU,CROSS
2023112602,3992,3,4,HOU,38,HOU,OUT
2023112602,3660,1,10,JAX,21,HOU,ANGLE
2023112602,80,1,10,HOU,41,HOU,FLAT
2023112602,2269,2,8,JAX,29,JAX,SLANT
2023112602,3561,3,13,HOU,37,JAX,CROSS
2023112602,365,3,11,HOU,47,JAX,CROSS
2023112602,2768,2,1,HOU,1,JAX,FLAT
2023112602,1350,2,7,JAX,7,HOU,IN
2023112602,4146,3,12,JAX,39,HOU,FLAT
2023112602,342,2,11,HOU,47,JAX,OUT
2023112602,3967,2,10,HOU,32,HOU,HITCH
2023112602,3516,1,10,HOU,34,JAX,GO
2023112602,3071,1,10,JAX,31,JAX,HITCH
2023112602,295,3,6,JAX,44,JAX,HITCH
2023112602,2895,2,6,JAX,47,HOU,HITCH
2023112602,3249,3,7,HOU,36,JAX,HITCH
2023112602,1666,2,6,HOU,29,HOU,ANGLE
2023112602,412,2,11,HOU,30,JAX,OUT
2023112602,2316,2,1,HOU,48,JAX,SLANT
2023112603,632,2,2,TB,42,IND,IN
2023112603,3363,2,9,IND,26,IND,IN
2023112603,219,3,3,IND,24,TB,HITCH
2023112603,3725,1,10,IND,29,TB,HITCH
2023112603,1354,1,2,TB,2,IND,FLAT
2023112603,2717,2,17,IND,47,TB,POST
2023112603,2239,4,3,TB,46,IND,SLANT
2023112603,3338,1,10,IND,25,IND,CROSS
2023112603,80,2,5,TB,30,TB,HITCH
2023112603,607,1,10,,50,IND,IN
2023112603,657,1,10,TB,37,IND,CROSS
2023112603,3164,2,10,IND,44,TB,OUT
2023112603,1692,1,1,IND,1,TB,CORNER
2023112603,548,2,1,IND,34,IND,HITCH
2023112603,2357,2,12,IND,23,IND,CROSS
2023112603,1304,2,8,TB,27,IND,GO
2023112603,1521,3,10,TB,25,TB,FLAT
2023112603,2421,1,10,IND,41,IND,SLANT
2023112603,1809,2,10,IND,25,IND,HITCH
2023112603,1667,2,7,IND,13,TB,FLAT
2023112603,1767,1,10,IND,25,IND,HITCH
2023112603,2930,2,11,TB,45,IND,SLANT
2023112603,4004,1,10,TB,35,TB,IN
2023112603,704,1,10,TB,19,IND,CROSS
2023112603,1329,1,10,TB,15,IND,FLAT
2023112603,2143,2,8,IND,38,IND,FLAT
2023112603,2740,3,17,IND,47,TB,HITCH
2023112603,813,1,10,TB,25,TB,OUT
2023112603,3199,3,10,IND,44,TB,OUT
2023112603,2960,3,6,TB,40,IND,SLANT
2023112603,3668,2,10,TB,25,TB,OUT
2023112603,105,3,1,TB,34,TB,CROSS
2023112603,3456,2,14,IND,38,IND,OUT
2023112603,444,3,3,IND,3,TB,CORNER
2023112603,2469,1,10,TB,31,IND,IN
2023112603,2214,3,10,IND,47,IND,IN
2023112603,523,1,10,IND,25,IND,HITCH
2023112603,1618,3,4,IND,14,IND,OUT
2023112603,2561,3,8,TB,18,IND,CROSS
2023112603,1234,4,1,IND,47,IND,OUT
2023112603,3222,4,10,IND,44,TB,CORNER
2023112603,937,2,7,TB,38,IND,SLANT
2023112603,2538,2,8,TB,18,IND,GO
2023112603,1209,3,10,IND,38,IND,IN
2023112603,3503,4,1,TB,49,IND,GO
2023112603,1566,1,10,IND,8,IND,SLANT
2023112603,3426,1,20,IND,32,IND,SCREEN
2023112603,2168,1,10,IND,47,IND,OUT
2023112603,2628,1,10,TB,25,TB,CROSS
2023112603,2058,3,14,IND,43,TB,OUT
2023112603,2382,3,6,IND,29,IND,HITCH
2023112603,299,3,10,IND,20,TB,POST
2023112603,174,1,10,IND,31,TB,GO
2023112603,2983,4,6,TB,40,IND,CROSS
2023112603,3750,2,2,IND,21,TB,OUT
2023112603,727,2,10,TB,19,IND,GO
2023112603,1832,3,10,IND,25,IND,IN
2023112603,876,1,10,TB,36,TB,HITCH
2023112604,1618,2,4,NYG,23,NE,SLANT
2023112604,3023,3,17,NYG,12,NYG,FLAT
2023112604,756,2,7,NYG,9,NYG,HITCH
2023112604,1990,1,10,NYG,23,NYG,HITCH
2023112604,3159,1,10,NE,35,NE,CROSS
2023112604,3315,2,21,NE,28,NYG,SLANT
2023112604,2359,1,10,NYG,35,NE,OUT
2023112604,656,3,7,NYG,37,NE,SLANT
2023112604,3574,2,7,NYG,25,NYG,IN
2023112604,1713,3,8,NE,24,NYG,CROSS
2023112604,319,1,10,NYG,24,NYG,GO
2023112604,2581,3,16,NYG,19,NYG,GO
2023112604,559,1,10,,50,NE,OUT
2023112604,1355,1,10,NE,8,NE,SCREEN
2023112604,111,1,10,NYG,45,NYG,CROSS
2023112604,1765,2,12,NE,14,NYG,FLAT
2023112604,3715,4,4,NYG,44,NE,FLAT
2023112604,3826,2,8,NYG,20,NE,FLAT
2023112604,1588,1,10,NYG,29,NE,SCREEN
2023112604,1069,3,7,NE,35,NYG,OUT
2023112604,1563,3,15,NYG,46,NE,SLANT
2023112604,2983,2,17,NYG,12,NYG,GO
2023112604,786,1,10,NYG,18,NYG,FLAT
2023112604,611,1,10,NYG,40,NE,HITCH
2023112604,2799,3,8,NE,32,NE,FLAT
2023112604,392,3,17,NYG,39,NYG,FLAT
2023112604,3692,3,4,NYG,44,NE,POST
2023112604,2658,3,20,,50,NYG,FLAT
2023112604,489,1,10,NE,39,NE,OUT
2023112604,2065,2,10,NYG,34,NYG,HITCH
2023112604,1250,1,10,NYG,42,NYG,GO
2023112604,874,1,10,NE,20,NE,ANGLE
2023112604,1866,1,10,NE,20,NE,GO
2023112604,1790,3,10,NE,12,NYG,IN
2023112604,3752,1,10,NYG,39,NE,HITCH
2023112604,270,3,7,NE,29,NE,SLANT
2023112604,950,2,7,NE,35,NE,CROSS
2023112604,3213,2,7,NE,29,NYG,FLAT
2023112604,1641,3,4,NYG,23,NE,ANGLE
2023112604,534,3,4,NE,45,NE,OUT
2023112604,1024,1,10,NE,38,NYG,GO
2023112605,2967,1,10,TEN,20,TEN,OUT
2023112605,634,1,10,CAR,26,TEN,WHEEL
2023112605,1666,1,10,CAR,20,CAR,FLAT
2023112605,173,1,10,CAR,20,CAR,CROSS
2023112605,1150,1,20,TEN,34,CAR,OUT
2023112605,3296,3,16,CAR,26,CAR,HITCH
2023112605,3355,1,10,TEN,26,TEN,IN
2023112605,1995,1,10,TEN,38,TEN,HITCH
2023112605,3029,1,10,TEN,39,TEN,CROSS
2023112605,3432,3,5,CAR,47,TEN,CROSS
2023112605,485,1,10,TEN,33,TEN,OUT
2023112605,1897,1,10,CAR,10,CAR,HITCH
2023112605,4029,3,15,CAR,15,CAR,ANGLE
2023112605,3760,2,9,TEN,17,TEN,OUT
2023112605,3979,1,10,CAR,20,CAR,FLAT
2023112605,1455,1,10,CAR,15,CAR,CROSS
2023112605,2018,2,10,TEN,38,TEN,FLAT
2023112605,2665,3,8,TEN,38,TEN,GO
2023112605,87,1,10,TEN,39,TEN,HITCH
2023112605,878,1,10,CAR,45,CAR,IN
2023112605,2400,1,10,TEN,38,CAR,ANGLE
2023112605,2059,3,1,TEN,47,TEN,CROSS
2023112605,62,1,10,TEN,20,TEN,SLANT
2023112605,2719,1,10,CAR,12,CAR,OUT
2023112605,2828,3,10,CAR,26,CAR,ANGLE
2023112605,2796,2,17,CAR,19,CAR,HITCH
2023112605,3074,3,4,TEN,45,TEN,HITCH
2023112605,532,3,3,TEN,40,TEN,OUT
2023112605,1823,3,4,TEN,39,TEN,WHEEL
2023112605,562,1,10,CAR,48,TEN,IN
2023112605,587,1,10,CAR,37,TEN,OUT
2023112605,2591,1,10,TEN,36,TEN,OUT
2023112605,1691,2,10,CAR,20,CAR,HITCH
2023112605,438,3,12,TEN,19,TEN,SLANT
2023112605,3531,3,4,CAR,15,CAR,GO
2023112605,1040,4,3,TEN,37,CAR,IN
2023112605,1952,3,2,CAR,18,CAR,CROSS
2023112605,3594,1,20,CAR,29,CAR,IN
2023112605,1501,3,10,CAR,15,CAR,POST
2023112605,342,2,5,TEN,14,TEN,OUT
2023112605,2258,1,10,CAR,40,CAR,CROSS
2023112605,1303,2,14,TEN,28,TEN,FLAT
2023112606,1174,3,2,ARI,13,LA,FLAT
2023112606,4230,1,10,ARI,33,ARI,IN
2023112606,3644,1,10,ARI,25,ARI,POST
2023112606,2829,1,10,ARI,41,ARI,CROSS
2023112606,485,1,10,LA,18,ARI,WHEEL
2023112606,2016,1,10,ARI,49,LA,FLAT
2023112606,1795,1,10,ARI,36,LA,CROSS
2023112606,1891,1,10,ARI,25,ARI,HITCH
2023112606,1705,4,2,ARI,48,ARI,OUT
2023112606,3086,3,5,ARI,35,LA,CROSS
2023112606,3835,1,10,LA,20,ARI,FLAT
2023112606,1735,1,10,ARI,48,LA,CROSS
2023112606,2073,1,10,ARI,48,ARI,SLANT
2023112606,2046,2,4,ARI,43,LA,IN
2023112606,1916,2,4,ARI,31,ARI,CROSS
2023112606,405,3,7,ARI,39,ARI,CROSS
2023112606,988,3,10,ARI,10,ARI,FLAT
2023112606,4280,3,1,ARI,42,ARI,CORNER
2023112606,100,3,8,LA,27,LA,GO
2023112606,715,1,10,LA,25,LA,OUT
2023112606,3315,3,3,ARI,3,LA,FLAT
2023112606,1658,2,9,ARI,41,ARI,HITCH
2023112606,2349,3,7,ARI,28,ARI,GO
2023112606,2854,1,10,LA,42,ARI,CROSS
2023112606,573,1,2,LA,2,ARI,SLANT
2023112606,767,2,4,LA,42,LA,HITCH
2023112606,965,2,10,ARI,10,ARI,GO
2023112606,1097,2,7,ARI,34,LA,OUT
2023112606,3155,3,5,ARI,23,LA,OUT
2023112606,333,2,7,ARI,28,ARI,ANGLE
2023112606,4085,1,10,ARI,20,ARI,SLANT
2023112606,3012,2,10,LA,46,LA,IN
2023112606,3912,1,6,LA,6,ARI,GO
2023112606,2475,1,34,ARI,14,ARI,SLANT
2023112606,460,1,10,LA,32,ARI,CROSS
2023112606,822,2,4,ARI,48,LA,HITCH
2023112606,2938,3,6,LA,38,ARI,HITCH
2023112606,2559,3,37,ARI,11,ARI,POST
2023112606,3775,3,4,LA,26,ARI,ANGLE
2023112606,942,1,10,ARI,10,ARI,SLANT
2023112606,4330,2,17,LA,39,ARI,OUT
2023112606,1765,2,3,ARI,41,LA,FLAT
2023112606,797,1,10,LA,46,LA,OUT
2023112606,4355,3,7,LA,29,ARI,GO
2023112606,217,1,10,ARI,14,LA,FLAT
2023112606,1946,3,4,ARI,31,ARI,GO
2023112606,2733,3,5,ARI,6,LA,SLANT
2023112606,2510,2,34,ARI,14,ARI,FLAT
2023112606,1290,1,10,ARI,25,ARI,CROSS
2023112606,2799,1,10,ARI,25,ARI,CROSS
2023112606,4390,4,7,LA,29,ARI,GO
2023112606,435,1,10,LA,44,ARI,CROSS
2023112606,3404,2,14,ARI,21,ARI,HITCH
2023112606,147,2,8,ARI,29,LA,GO
2023112606,4180,4,12,ARI,28,ARI,
2023112606,247,2,3,ARI,7,LA,FLAT
2023112606,380,2,6,ARI,40,ARI,FLAT
2023112606,4255,2,3,ARI,40,ARI,CROSS
2023112606,1127,1,10,ARI,21,LA,FLAT
2023112606,3529,3,5,ARI,33,LA,OUT
2023112606,2982,1,10,LA,46,LA,POST
2023112606,3860,2,4,LA,14,ARI,OUT
2023112606,55,1,10,LA,25,LA,FLAT
2023112606,1226,2,5,ARI,5,LA,SLANT
2023112606,4155,3,19,ARI,21,ARI,ANGLE
2023112606,3379,1,10,ARI,25,ARI,SCREEN
2023112607,3689,3,11,DEN,35,DEN,HITCH
2023112607,1984,1,10,CLE,45,CLE,FLAT
2023112607,3346,2,8,CLE,8,DEN,IN
2023112607,2440,1,10,CLE,21,CLE,HITCH
2023112607,2492,3,8,CLE,23,CLE,OUT
2023112607,3762,1,10,CLE,23,CLE,FLAT
2023112607,2131,1,10,DEN,32,CLE,IN
2023112607,2903,2,6,DEN,34,DEN,SLANT
2023112607,2544,1,10,CLE,47,CLE,CORNER
2023112607,328,1,5,CLE,31,DEN,CROSS
2023112607,1529,2,10,DEN,29,CLE,IN
2023112607,1840,1,25,DEN,28,DEN,IN
2023112607,3127,2,10,CLE,25,CLE,FLAT
2023112607,3888,3,14,DEN,33,CLE,CROSS
2023112607,634,3,5,CLE,45,CLE,SLANT
2023112607,4312,4,8,CLE,42,CLE,OUT
2023112607,4447,1,10,CLE,5,CLE,OUT
2023112607,2596,2,4,DEN,31,CLE,CROSS
2023112607,4169,1,10,CLE,25,CLE,OUT
2023112607,1618,2,11,DEN,18,CLE,GO
2023112607,378,3,8,CLE,34,DEN,IN
2023112607,3810,1,10,CLE,45,CLE,CORNER
2023112607,2781,4,2,DEN,2,CLE,FLAT
2023112607,4234,1,10,CLE,40,CLE,OUT
2023112607,4060,2,8,CLE,22,DEN,OUT
2023112607,4204,2,1,CLE,34,CLE,FLAT
2023112607,1129,3,7,CLE,45,DEN,HITCH
2023112607,1344,1,10,CLE,25,CLE,IN
2023112607,2878,1,10,DEN,30,DEN,ANGLE
2023112607,556,1,10,CLE,40,CLE,OUT
2023112607,686,1,10,,50,DEN,FLAT
2023112607,936,2,4,DEN,26,DEN,SLANT
2023112607,107,3,7,CLE,28,CLE,CROSS
2023112607,866,3,7,CLE,37,CLE,HITCH
2023112607,1947,1,10,CLE,27,CLE,OUT
2023112607,82,2,7,CLE,28,CLE,FLAT
2023112607,3104,1,10,CLE,25,CLE,CROSS
2023112607,2994,1,7,CLE,7,DEN,CROSS
2023112607,496,1,10,CLE,25,CLE,CROSS
2023112607,2101,1,10,DEN,43,CLE,FLAT
2023112607,4013,3,1,CLE,49,DEN,POST
2023112607,1641,3,11,DEN,18,CLE,HITCH
2023112607,4470,2,10,CLE,5,CLE,HITCH
2023112607,4287,3,20,CLE,30,CLE,FLAT
2023112607,1084,1,10,CLE,48,DEN,FLAT
2023112607,526,2,5,CLE,30,CLE,HITCH
2023112607,2727,2,4,DEN,4,CLE,GO
2023112607,1891,3,25,DEN,28,DEN,FLAT
2023112607,1707,1,10,DEN,25,DEN,CROSS
2023112607,3840,1,10,DEN,29,CLE,GO
2023112607,2328,1,10,DEN,25,DEN,FLAT
2023112607,1506,1,10,DEN,29,CLE,HITCH
2023112608,1996,1,10,LV,35,KC,CROSS
2023112608,925,1,10,LV,23,LV,SLANT
2023112608,245,3,5,KC,18,LV,CROSS
2023112608,2459,3,6,KC,16,LV,IN
2023112608,1123,1,10,LV,48,KC,HITCH
2023112608,3446,1,10,LV,41,LV,FLAT
2023112608,2382,3,4,LV,47,LV,GO
2023112608,637,1,10,KC,34,LV,FLAT
2023112608,2700,3,6,LV,39,KC,CROSS
2023112608,332,2,21,KC,14,KC,HITCH
2023112608,2781,2,5,LV,30,LV,FLAT
2023112608,2243,2,8,KC,42,KC,HITCH
2023112608,2021,2,9,LV,34,KC,HITCH
2023112608,2407,1,10,KC,20,LV,FLAT
2023112608,1774,1,10,LV,27,LV,OUT
2023112608,3147,3,10,LV,10,LV,OUT
2023112608,2956,1,10,KC,7,KC,GO
2023112608,2172,3,4,LV,31,LV,GO
2023112608,777,1,10,KC,20,KC,FLAT
2023112608,1616,1,10,LV,30,KC,GO
2023112608,463,3,6,LV,23,LV,GO
2023112608,2853,3,8,LV,46,LV,OUT
2023112608,3421,1,10,LV,25,LV,OUT
2023112608,1404,1,10,LV,36,LV,HITCH
2023112608,1500,1,10,KC,21,KC,FLAT
2023112608,2675,2,11,LV,44,KC,HITCH
2023112608,2650,1,20,KC,47,KC,SCREEN
2023112608,3476,2,8,LV,43,LV,FLAT
2023112608,510,2,8,LV,43,LV,HITCH
2023112608,612,2,5,KC,43,LV,SLANT
2023112608,1902,1,10,KC,37,KC,HITCH
2023112608,2306,1,10,LV,24,LV,FLAT
2023112608,173,3,3,KC,27,LV,HITCH
2023112608,1054,2,10,KC,29,KC,OUT
2023112608,1218,3,8,LV,16,KC,CROSS
2023112608,2525,1,10,KC,25,KC,CROSS
2023112608,99,3,2,LV,33,LV,CROSS
2023112608,3033,2,8,KC,28,KC,HITCH
2023112608,876,3,8,KC,33,KC,CORNER
2023112608,3124,2,10,LV,10,LV,HITCH
2023112608,3101,1,10,LV,10,LV,FLAT
2023112608,731,3,11,KC,22,LV,HITCH
2023112608,1877,2,6,KC,29,KC,CROSS
2023112609,3631,2,8,BUF,27,BUF,OUT
2023112609,1436,1,20,PHI,39,BUF,FLAT
2023112609,2891,3,10,PHI,30,BUF,POST
2023112609,5135,2,2,PHI,33,PHI,SCREEN
2023112609,4804,2,9,BUF,26,BUF,HITCH
2023112609,1829,2,8,BUF,41,BUF,CORNER
2023112609,3060,2,3,BUF,3,PHI,OUT
2023112609,1279,3,10,PHI,33,BUF,OUT
2023112609,301,1,10,BUF,44,BUF,FLAT
2023112609,3406,2,6,PHI,29,PHI,IN
2023112609,2513,3,6,PHI,13,BUF,CROSS
2023112609,4366,1,10,PHI,38,PHI,IN
2023112609,1007,1,10,BUF,25,BUF,ANGLE
2023112609,4421,2,4,BUF,45,PHI,HITCH
2023112609,2097,1,10,PHI,40,BUF,OUT
2023112609,2377,1,10,PHI,36,BUF,ANGLE
2023112609,4391,1,10,PHI,49,PHI,FLAT
2023112609,2239,3,16,PHI,16,BUF,GO
2023112609,4311,1,10,PHI,25,PHI,HITCH
2023112609,4336,2,1,PHI,34,PHI,FLAT
2023112609,2743,1,10,BUF,31,BUF,CROSS
2023112609,1032,2,4,BUF,31,BUF,GO
2023112609,1774,3,7,BUF,8,BUF,GO
2023112609,2283,1,10,PHI,24,PHI,HITCH
2023112609,2790,2,10,PHI,46,BUF,CROSS
2023112609,1082,1,10,BUF,43,BUF,OUT
2023112609,4142,3,4,PHI,33,BUF,OUT
2023112609,580,3,16,PHI,40,BUF,HITCH
2023112609,1348,1,10,PHI,25,PHI,HITCH
2023112609,5183,2,10,PHI,37,PHI,IN
2023112609,5258,3,3,BUF,39,PHI,OUT
2023112609,4827,3,9,BUF,26,BUF,IN
2023112609,1256,2,10,PHI,33,BUF,SCREEN
2023112609,3008,3,2,BUF,18,PHI,CROSS
2023112609,2845,1,10,PHI,30,BUF,ANGLE
2023112609,2002,1,10,BUF,33,BUF,HITCH
2023112609,4247,3,4,PHI,7,BUF,SLANT
2023112609,1742,2,13,BUF,2,BUF,ANGLE
2023112609,3545,2,5,BUF,15,PHI,POST
2023112609,2815,3,4,PHI,40,BUF,OUT
2023112609,5160,1,10,PHI,37,PHI,HITCH
2023112609,1155,2,10,PHI,44,BUF,SLANT
2023112609,1599,1,10,PHI,35,PHI,FLAT
2023112609,1107,2,2,PHI,49,BUF,IN
2023112609,5048,3,6,PHI,22,BUF,CORNER
2023112609,3197,1,10,BUF,43,BUF,FLAT
2023112609,504,2,6,PHI,30,BUF,WHEEL
2023112609,5235,2,3,BUF,39,PHI,IN
2023112609,4880,2,9,BUF,40,BUF,HITCH
2023112609,3968,3,7,PHI,35,PHI,POST
2023112609,420,2,7,PHI,43,BUF,SCREEN
2023112609,2030,2,10,BUF,33,BUF,HITCH
2023112609,1461,2,16,PHI,35,BUF,ANGLE
2023112609,687,2,12,PHI,25,PHI,POST
2023112609,1946,3,10,PHI,19,PHI,HITCH
2023112609,1486,3,9,PHI,28,BUF,GO
2023112609,1852,3,8,BUF,41,BUF,IN
2023112609,2127,2,2,PHI,32,BUF,GO
2023112609,4586,3,17,BUF,41,PHI,OUT
2023112609,2060,3,5,BUF,38,BUF,CORNER
2023112609,3798,1,10,BUF,25,BUF,HITCH
2023112609,324,2,10,BUF,44,BUF,FLAT
2023112609,2649,2,14,PHI,21,PHI,HITCH
2023112609,3845,2,14,BUF,39,BUF,GO
2023112609,2465,1,20,PHI,27,BUF,SLANT
2023112610,843,1,10,BAL,34,BAL,HITCH
2023112610,439,1,10,BAL,37,BAL,SLANT
2023112610,3621,1,10,BAL,25,BAL,ANGLE
2023112610,2865,2,12,LAC,49,LAC,HITCH
2023112610,124,1,10,BAL,39,LAC,FLAT
2023112610,1979,4,14,BAL,49,BAL,OUT
2023112610,1415,2,3,LAC,45,BAL,HITCH
2023112610,2791,3,1,LAC,49,LAC,FLAT
2023112610,3398,1,10,LAC,40,LAC,FLAT
2023112610,3724,1,15,BAL,48,BAL,SCREEN
2023112610,1830,2,5,LAC,30,LAC,HITCH
2023112610,3946,2,10,,50,LAC,CROSS
2023112610,1855,1,10,LAC,44,LAC,ANGLE
2023112610,2568,1,10,LAC,39,BAL,HITCH
2023112610,1805,1,10,LAC,25,LAC,SLANT
2023112610,3557,3,3,BAL,3,LAC,HITCH
2023112610,3032,2,10,BAL,39,LAC,SLANT
2023112610,1343,2,12,BAL,36,BAL,FLAT
2023112610,988,3,9,LAC,26,BAL,SLANT
2023112610,3971,3,6,BAL,46,LAC,SLANT
2023112610,965,2,9,LAC,26,BAL,HITCH
2023112610,3893,2,11,LAC,33,LAC,OUT
2023112610,3237,2,14,BAL,16,LAC,FLAT
2023112610,4178,1,10,LAC,46,LAC,GO
2023112610,710,3,10,LAC,21,LAC,POST
2023112610,1896,1,10,LAC,47,BAL,IN
2023112610,3534,2,3,BAL,3,LAC,CROSS
2023112610,99,3,5,LAC,30,LAC,CROSS
2023112610,3157,2,13,BAL,28,LAC,OUT
2023112610,2741,1,10,LAC,40,LAC,SLANT
2023112610,2616,3,15,LAC,44,BAL,IN
2023112610,2922,3,17,LAC,44,LAC,SLANT
2023112610,2659,1,10,LAC,15,LAC,OUT
2023112610,2241,3,11,LAC,30,BAL,GO
2023112610,4244,4,19,LAC,37,LAC,POST
2023112610,3487,2,4,BAL,12,LAC,FLAT
2023112610,918,1,10,LAC,41,BAL,SLANT
2023112610,1919,2,10,LAC,47,BAL,OUT
2023112610,4221,3,19,LAC,37,LAC,GO
2023112610,1204,2,17,LAC,13,LAC,CORNER
2023112610,888,1,10,BAL,45,BAL,FLAT
2023112610,2329,2,8,LAC,27,LAC,HITCH
2023112610,4148,1,10,LAC,25,LAC,OUT
2023112610,203,1,10,BAL,24,LAC,SLANT
2023112610,631,3,3,LAC,18,LAC,FLAT
2023112610,2482,2,22,BAL,38,BAL,CROSS
2023112610,2218,2,11,LAC,30,BAL,OUT
2023112610,1086,2,3,LAC,3,BAL,IN
2023112610,1390,1,10,BAL,48,BAL,SCREEN
2023112610,2105,2,8,BAL,27,BAL,HITCH
2023112610,2354,3,1,LAC,34,LAC,HITCH
2023112610,3749,2,9,LAC,46,BAL,ANGLE
2023112610,2691,1,10,LAC,29,LAC,FLAT
2023112610,3187,3,3,BAL,18,LAC,CROSS
2023112610,1587,2,7,LAC,30,LAC,HITCH
2023112610,3349,3,5,BAL,28,BAL,HITCH
2023112610,3009,1,10,BAL,39,LAC,HITCH
2023112610,486,1,10,BAL,49,BAL,SCREEN
2023112700,1730,1,10,MIN,49,MIN,HITCH
2023112700,2799,1,10,MIN,25,MIN,OUT
2023112700,986,2,15,CHI,43,CHI,FLAT
2023112700,3183,2,10,MIN,48,MIN,IN
2023112700,204,1,10,CHI,47,CHI,HITCH
2023112700,2045,4,7,MIN,49,MIN,OUT
2023112700,3809,3,10,MIN,49,CHI,POST
2023112700,397,1,10,MIN,38,MIN,GO
2023112700,1215,1,10,MIN,43,MIN,OUT
2023112700,1451,2,10,MIN,31,MIN,IN
2023112700,3439,1,10,CHI,36,CHI,HITCH
2023112700,608,2,27,CHI,45,CHI,HITCH
2023112700,2950,3,4,MIN,32,CHI,SLANT
2023112700,2854,3,5,MIN,30,MIN,IN
2023112700,2466,1,10,MIN,49,MIN,SCREEN
2023112700,3675,1,10,CHI,22,CHI,OUT
2023112700,110,3,1,CHI,32,CHI,HITCH
2023112700,3310,2,5,CHI,33,MIN,CROSS
2023112700,1419,1,10,MIN,31,MIN,FLAT
2023112700,3338,1,10,CHI,17,MIN,POST
2023112700,1705,2,9,MIN,21,MIN,GO
2023112700,2541,4,3,CHI,44,MIN,IN
2023112700,529,1,10,CHI,40,CHI,FLAT
2023112700,1493,3,6,MIN,35,MIN,HITCH
2023112700,3132,3,3,MIN,30,MIN,CROSS
2023112700,2641,3,3,MIN,49,CHI,OUT
2023112700,1990,2,18,MIN,38,MIN,HITCH
2023112700,1365,3,9,CHI,47,CHI,OUT
2023112700,2015,3,11,MIN,45,MIN,FLAT
2023112700,658,4,10,MIN,38,CHI,SLANT
2023112700,2516,3,6,CHI,47,MIN,CROSS
2023112700,890,2,12,MIN,35,MIN,CORNER
2023112700,1011,3,14,CHI,44,CHI,HITCH
2023112700,179,3,5,CHI,42,CHI,SCREEN
2023112700,2666,1,10,MIN,39,CHI,CROSS
2023112700,1262,3,4,MIN,49,MIN,IN
2023112700,3988,1,10,MIN,34,MIN,IN
2023112700,1156,2,10,MIN,33,MIN,OUT
2023112700,2491,2,11,MIN,48,MIN,HITCH
2023113000,159,3,2,SEA,42,DAL,CROSS
2023113000,1530,3,5,SEA,40,SEA,OUT
2023113000,1760,2,8,DAL,27,DAL,CROSS
2023113000,4812,3,3,SEA,14,DAL,GO
2023113000,263,2,10,SEA,12,DAL,CORNER
2023113000,1044,1,10,DAL,32,DAL,HITCH
2023113000,4585,1,10,SEA,25,SEA,HITCH
2023113000,1368,1,7,SEA,7,DAL,CROSS
2023113000,4233,1,10,SEA,45,SEA,POST
2023113000,1995,3,7,SEA,26,DAL,IN
2023113000,693,2,8,SEA,15,DAL,POST
2023113000,892,2,8,SEA,43,SEA,GO
2023113000,3669,4,2,SEA,30,DAL,OUT
2023113000,2407,1,10,DAL,47,SEA,OUT
2023113000,3236,2,8,SEA,30,DAL,HITCH
2023113000,4940,2,2,,50,SEA,OUT
2023113000,4408,2,10,SEA,28,DAL,SLANT
2023113000,4385,1,10,SEA,28,DAL,GO
2023113000,3560,3,7,SEA,28,SEA,OUT
2023113000,3616,2,7,SEA,35,DAL,OUT
2023113000,3537,2,7,SEA,28,SEA,GO
2023113000,2850,1,10,DAL,18,SEA,CROSS
2023113000,3974,1,10,SEA,17,DAL,FLAT
2023113000,2522,1,1,DAL,1,SEA,SLANT
2023113000,501,3,8,SEA,27,SEA,POST
2023113000,3822,2,3,DAL,3,SEA,CROSS
2023113000,2765,3,2,SEA,33,SEA,OUT
2023113000,823,3,7,SEA,28,SEA,OUT
2023113000,4655,3,4,SEA,49,SEA,HITCH
2023113000,1832,1,10,DAL,49,DAL,IN
2023113000,286,3,10,SEA,12,DAL,HITCH
2023113000,112,1,10,,50,DAL,SLANT
2023113000,3692,1,10,SEA,30,SEA,CROSS
2023113000,2343,1,5,SEA,48,SEA,CROSS
2023113000,2222,1,10,SEA,25,SEA,ANGLE
2023113000,757,1,10,SEA,25,SEA,FLAT
2023113000,4208,3,7,SEA,38,SEA,HITCH
2023113000,4915,1,10,SEA,42,SEA,FLAT
2023113000,4021,3,12,SEA,19,DAL,POST
2023113000,2267,3,3,SEA,32,SEA,OUT
2023113000,607,3,16,DAL,19,DAL,FLAT
2023113000,4433,3,3,SEA,21,DAL,OUT
2023113000,1507,2,5,SEA,40,SEA,SLANT
2023113000,1970,2,14,SEA,33,DAL,ANGLE
2023113000,4523,2,7,SEA,12,DAL,WHEEL
2023113000,240,1,10,SEA,12,DAL,SLANT
2023113000,1296,3,2,SEA,16,DAL,IN
2023113000,4326,1,10,DAL,46,DAL,OUT
2023113000,3431,1,6,SEA,6,DAL,SLANT
2023113000,4678,4,4,SEA,49,SEA,OUT
2023113000,1455,1,10,SEA,25,SEA,FLAT
2023113000,4963,3,2,,50,SEA,CROSS
2023113000,1594,1,9,DAL,9,SEA,CORNER
2023113000,3117,2,8,DAL,43,DAL,IN
2023113000,3644,3,5,SEA,33,DAL,CROSS
2023113000,2455,3,2,DAL,39,SEA,OUT
2023113000,4885,1,10,SEA,25,SEA,OUT
2023113000,2873,2,10,DAL,18,SEA,HITCH
2023113000,87,2,8,DAL,27,DAL,POST
2023113000,1244,1,10,SEA,24,DAL,SCREEN
2023113000,1391,2,7,SEA,7,DAL,CROSS
2023113000,1108,2,10,DAL,44,DAL,HITCH
2023113000,2740,2,8,SEA,27,SEA,CROSS
2023120300,276,2,1,NE,22,NE,FLAT
2023120300,2510,2,11,LAC,6,LAC,FLAT
2023120300,927,1,10,NE,39,LAC,CROSS
2023120300,977,3,9,NE,38,LAC,HITCH
2023120300,826,2,3,LAC,25,LAC,CROSS
2023120300,2859,2,5,NE,34,NE,GO
2023120300,728,2,4,NE,12,NE,OUT
2023120300,751,3,4,NE,12,NE,IN
2023120300,3718,4,8,NE,42,NE,IN
2023120300,1028,1,10,NE,9,NE,OUT
2023120300,2959,3,16,NE,37,NE,SLANT
2023120300,3204,1,10,NE,20,NE,ANGLE
2023120300,1270,3,6,NE,20,LAC,GO
2023120300,3449,2,9,LAC,49,LAC,FLAT
2023120300,3284,2,9,LAC,34,NE,OUT
2023120300,2111,2,10,LAC,25,LAC,GO
2023120300,2086,1,10,LAC,25,LAC,OUT
2023120300,2535,3,8,LAC,9,LAC,CORNER
2023120300,55,1,10,NE,25,NE,SLANT
2023120300,895,1,15,LAC,46,LAC,OUT
2023120300,2705,2,12,NE,36,LAC,FLAT
2023120300,3139,2,8,LAC,49,LAC,OUT
2023120300,3070,1,10,LAC,37,LAC,CROSS
2023120300,3380,1,15,LAC,33,LAC,HITCH
2023120300,1838,3,15,NE,4,NE,FLAT
2023120300,2794,1,10,NE,2,NE,GO
2023120300,2728,3,12,NE,36,LAC,CROSS
2023120300,794,1,10,LAC,18,LAC,FLAT
2023120300,2655,3,9,,50,LAC,POST
2023120300,3023,1,10,LAC,26,LAC,HITCH
2023120300,1896,1,10,NE,27,LAC,OUT
2023120300,3660,2,8,NE,42,NE,GO
2023120300,2885,3,5,NE,34,NE,IN
2023120300,1926,2,3,NE,20,LAC,GO
2023120300,1410,2,6,LAC,44,NE,GO
2023120300,1247,2,6,NE,20,LAC,GO
2023120300,1558,3,2,LAC,25,LAC,FLAT
2023120300,1658,1,10,LAC,42,LAC,HITCH
2023120300,369,2,14,NE,20,NE,HITCH
2023120300,1178,1,10,NE,36,LAC,HITCH
2023120300,1533,2,9,LAC,18,LAC,HITCH
2023120300,3695,3,8,NE,42,NE,IN
2023120300,2560,1,10,LAC,36,LAC,HITCH
2023120300,151,1,10,LAC,27,LAC,HITCH
2023120300,3522,1,10,NE,13,NE,IN
2023120300,2302,1,10,LAC,45,NE,GO
2023120300,2632,2,9,,50,LAC,IN
2023120300,3801,3,11,NE,43,LAC,CROSS
2023120300,1681,2,10,LAC,42,LAC,SLANT
2023120300,2134,3,10,LAC,25,LAC,SLANT
2023120300,3479,3,3,NE,45,LAC,HITCH
2023120300,2212,2,5,NE,23,NE,CROSS
2023120300,198,3,5,LAC,32,LAC,IN
2023120301,385,2,6,NO,13,DET,POST
2023120301,3843,1,10,NO,18,NO,ANGLE
2023120301,1502,2,14,DET,38,NO,OUT
2023120301,632,1,10,NO,25,DET,IN
2023120301,3783,3,10,DET,25,DET,FLAT
2023120301,2032,3,7,NO,48,DET,POST
2023120301,2724,1,10,NO,38,NO,HITCH
2023120301,529,3,11,NO,24,NO,HITCH
2023120301,1001,2,9,DET,48,NO,OUT
2023120301,1963,3,5,DET,35,DET,IN
2023120301,1326,3,4,NO,33,NO,FLAT
2023120301,1713,3,2,DET,33,DET,FLAT
2023120301,3753,2,16,DET,19,DET,OUT
2023120301,2673,3,15,DET,22,DET,IN
2023120301,4089,3,7,DET,43,DET,CROSS
2023120301,408,3,6,NO,13,DET,IN
2023120301,2492,3,12,DET,35,NO,GO
2023120301,3988,3,6,DET,40,NO,SLANT
2023120301,1938,2,16,DET,24,DET,SLANT
2023120301,4014,4,6,DET,40,NO,OUT
2023120301,2169,3,7,NO,8,DET,IN
2023120301,1790,2,7,NO,13,NO,OUT
2023120301,838,2,11,DET,33,DET,OUT
2023120301,2467,2,9,DET,32,NO,SCREEN
2023120301,4059,2,7,DET,43,DET,OUT
2023120301,3497,3,17,NO,48,NO,FLAT
2023120301,3058,1,10,DET,38,DET,CORNER
2023120301,923,1,10,NO,24,NO,OUT
2023120301,1586,2,6,DET,6,NO,POST
2023120301,3965,2,6,DET,40,NO,SLANT
2023120301,1038,3,9,DET,48,NO,CROSS
2023120301,2756,1,10,DET,34,NO,CROSS
2023120301,2420,2,10,NO,49,NO,CROSS
2023120301,1527,3,9,DET,33,NO,OUT
2023120301,1153,3,7,DET,36,DET,POST
2023120301,2298,1,10,NO,25,NO,HITCH
2023120301,2345,1,10,NO,37,NO,CROSS
2023120301,2146,2,7,NO,8,DET,GO
2023120301,186,2,6,DET,36,DET,CROSS
2023120301,494,2,11,NO,24,NO,OUT
2023120301,325,1,10,NO,25,NO,CROSS
2023120301,2370,2,10,NO,37,NO,ANGLE
2023120301,806,1,10,DET,34,DET,FLAT
2023120301,3000,1,10,DET,27,DET,CROSS
2023120301,607,2,10,DET,46,DET,CROSS
2023120301,3601,3,13,DET,32,NO,CORNER
2023120301,4165,3,9,NO,46,DET,CROSS
2023120301,3360,1,10,NO,25,NO,HITCH
2023120301,1373,2,11,NO,41,NO,HITCH
2023120301,1431,3,16,NO,36,NO,GO
2023120302,2060,2,6,NYJ,40,ATL,CROSS
2023120302,418,2,10,ATL,45,ATL,GO
2023120302,3858,3,5,ATL,14,ATL,CORNER
2023120302,4525,2,10,NYJ,37,NYJ,FLAT
2023120302,283,3,11,NYJ,14,NYJ,ANGLE
2023120302,3322,2,9,NYJ,43,NYJ,CROSS
2023120302,1476,3,6,ATL,21,NYJ,HITCH
2023120302,3463,3,6,ATL,36,ATL,HITCH
2023120302,1194,2,9,NYJ,36,ATL,OUT
2023120302,2085,1,10,NYJ,32,ATL,FLAT
2023120302,625,3,4,NYJ,45,NYJ,CORNER
2023120302,3646,2,15,NYJ,30,NYJ,SLANT
2023120302,2554,2,16,ATL,34,NYJ,GO
2023120302,104,3,8,ATL,27,ATL,OUT
2023120302,2923,2,7,NYJ,33,ATL,OUT
2023120302,2144,1,10,NYJ,25,ATL,HITCH
2023120302,4135,2,11,NYJ,29,NYJ,IN
2023120302,3005,3,10,NYJ,24,ATL,FLAT
2023120302,877,3,5,NYJ,38,NYJ,IN
2023120302,1768,2,11,ATL,24,ATL,HITCH
2023120302,4392,1,10,NYJ,7,NYJ,CORNER
2023120302,1545,2,9,ATL,13,NYJ,FLAT
2023120302,1978,3,7,NYJ,14,NYJ,GO
2023120302,2253,1,4,NYJ,4,ATL,IN
2023120302,2876,3,10,NYJ,48,ATL,OUT
2023120302,3074,1,10,NYJ,25,NYJ,CROSS
2023120302,3715,1,10,NYJ,49,NYJ,OUT
2023120302,174,3,14,ATL,39,ATL,HITCH
2023120302,2401,2,12,ATL,46,NYJ,FLAT
2023120302,1575,3,5,ATL,9,NYJ,OUT
2023120302,1001,3,6,ATL,14,ATL,OUT
2023120302,2344,1,10,NYJ,25,NYJ,GO
2023120302,3121,2,15,NYJ,20,NYJ,IN
2023120302,3588,1,10,NYJ,19,NYJ,OUT
2023120302,512,2,6,NYJ,13,NYJ,OUT
2023120302,1246,2,7,NYJ,20,ATL,GO
2023120302,1366,3,6,NYJ,29,NYJ,CROSS
2023120302,3977,3,20,NYJ,42,NYJ,HITCH
2023120302,3251,3,16,ATL,23,ATL,SLANT
2023120302,2746,3,4,ATL,31,ATL,FLAT
2023120302,2175,2,2,NYJ,17,ATL,OUT
2023120302,3813,1,10,ATL,9,ATL,GO
2023120302,4502,1,10,NYJ,37,NYJ,POST
2023120302,1391,1,10,NYJ,39,NYJ,GO
2023120302,1793,3,5,ATL,30,ATL,IN
2023120302,4415,2,10,NYJ,7,NYJ,GO
2023120302,3545,3,10,ATL,46,ATL,OUT
2023120302,4472,1,10,NYJ,12,NYJ,GO
2023120302,3669,3,15,NYJ,30,NYJ,SCREEN
2023120302,2449,4,3,ATL,37,NYJ,OUT
2023120302,395,1,10,ATL,45,ATL,FLAT
2023120303,3038,1,10,ARI,35,ARI,HITCH
2023120303,3873,2,2,ARI,2,PIT,HITCH
2023120303,1378,2,8,ARI,43,PIT,SLANT
2023120303,1945,3,5,PIT,22,ARI,SLANT
2023120303,3627,1,10,PIT,25,PIT,HITCH
2023120303,651,2,15,PIT,44,ARI,HITCH
2023120303,176,2,5,ARI,11,PIT,HITCH
2023120303,3826,1,5,ARI,30,PIT,POST
2023120303,317,3,10,ARI,29,ARI,OUT
2023120303,1197,3,14,ARI,44,ARI,GO
2023120303,2332,2,9,PIT,8,PIT,HITCH
2023120303,3699,2,7,PIT,40,PIT,OUT
2023120303,2267,3,4,ARI,31,ARI,CROSS
2023120303,2362,3,9,PIT,8,PIT,HITCH
2023120303,1999,2,5,PIT,5,ARI,POST
2023120303,2072,3,5,PIT,5,ARI,HITCH
2023120303,122,2,1,PIT,46,PIT,CORNER
2023120303,2994,3,6,ARI,27,PIT,GO
2023120303,1794,3,6,PIT,44,ARI,POST
2023120303,1589,1,10,ARI,1,ARI,FLAT
2023120303,2471,1,15,PIT,24,PIT,HITCH
2023120303,3652,2,2,PIT,33,PIT,ANGLE
2023120303,2850,1,10,PIT,48,PIT,POST
2023120303,484,1,10,ARI,35,ARI,SLANT
2023120303,2919,3,14,PIT,44,PIT,CORNER
2023120303,3226,3,12,ARI,43,ARI,GO
2023120303,801,1,10,PIT,37,PIT,FLAT
2023120303,1646,3,3,ARI,8,ARI,HITCH
2023120303,681,3,9,PIT,38,ARI,HITCH
2023120303,1472,3,3,ARI,15,PIT,HITCH
2023120303,2971,2,6,ARI,27,PIT,FLAT
2023120303,771,2,3,PIT,32,PIT,OUT
2023120303,2803,1,10,PIT,25,PIT,HITCH
2023120303,3747,2,10,,50,PIT,HITCH
2023120303,2523,1,10,PIT,21,ARI,WHEEL
2023120303,75,1,10,PIT,24,PIT,HITCH
2023120303,3494,1,10,PIT,33,ARI,FLAT
2023120304,1905,2,4,TB,37,TB,OUT
2023120304,538,2,10,CAR,45,TB,HITCH
2023120304,3960,1,10,TB,25,TB,OUT
2023120304,443,1,10,TB,43,TB,HITCH
2023120304,4035,3,11,TB,35,TB,OUT
2023120304,3367,1,10,TB,33,TB,ANGLE
2023120304,820,1,10,CAR,37,CAR,FLAT
2023120304,3827,4,6,TB,38,CAR,GO
2023120304,2108,1,10,TB,45,CAR,GO
2023120304,2334,3,11,CAR,24,CAR,HITCH
2023120304,3166,3,11,TB,29,TB,HITCH
2023120304,4152,4,1,CAR,40,CAR,OUT
2023120304,1626,3,8,TB,9,TB,IN
2023120304,3442,2,6,CAR,43,TB,GO
2023120304,2208,3,16,CAR,49,CAR,POST
2023120304,1880,1,10,TB,31,TB,OUT
2023120304,882,1,10,CAR,49,CAR,CROSS
2023120304,951,2,12,TB,24,CAR,FLAT
2023120304,790,3,4,CAR,31,CAR,OUT
2023120304,2429,3,9,TB,39,TB,CORNER
2023120304,3694,2,9,CAR,37,CAR,ANGLE
2023120304,1218,1,10,CAR,27,CAR,OUT
2023120304,254,3,13,TB,49,TB,SLANT
2023120304,354,3,10,CAR,15,CAR,OUT
2023120304,2004,3,19,TB,22,TB,ANGLE
2023120304,2501,1,15,CAR,15,CAR,OUT
2023120304,2618,2,10,TB,31,TB,IN
2023120304,490,3,4,TB,49,TB,IN
2023120304,2078,2,3,CAR,33,CAR,GO
2023120304,2894,1,10,TB,25,TB,POST
2023120304,565,3,10,CAR,45,TB,CORNER
2023120304,3719,3,3,CAR,43,CAR,OUT
2023120304,1850,1,10,TB,20,TB,OUT
2023120304,3293,2,10,CAR,34,CAR,HITCH
2023120304,2741,3,9,CAR,36,CAR,GO
2023120304,2588,1,10,TB,31,TB,CORNER
2023120304,1034,2,1,TB,2,CAR,HITCH
2023120304,3852,1,8,TB,8,CAR,CROSS
2023120304,77,2,2,TB,33,TB,OUT
2023120304,3059,3,10,CAR,25,CAR,IN
2023120304,1700,3,3,TB,29,TB,GO
2023120304,2131,2,10,TB,45,CAR,HITCH
2023120304,2788,2,2,TB,40,CAR,GO
2023120304,1371,3,8,TB,24,TB,GO
2023120304,3013,1,10,CAR,25,CAR,OUT
2023120304,2718,2,9,CAR,36,CAR,OUT
2023120304,4206,2,8,TB,45,TB,SLANT
2023120304,3804,3,6,TB,38,CAR,HITCH
2023120305,2693,3,8,IND,39,IND,SLANT
2023120305,2032,1,10,IND,34,IND,FLAT
2023120305,1884,3,3,TEN,32,TEN,IN
2023120305,2058,2,10,IND,34,IND,SLANT
2023120305,4340,1,10,TEN,21,TEN,OUT
2023120305,1606,1,10,IND,47,IND,GO
2023120305,1670,2,5,TEN,23,IND,HITCH
2023120305,5160,1,4,TEN,4,IND,SLANT
2023120305,1755,3,5,TEN,5,IND,CROSS
2023120305,2340,1,10,TEN,44,IND,SLANT
2023120305,84,2,7,TEN,39,TEN,CORNER
2023120305,1721,2,5,TEN,5,IND,HITCH
2023120305,2891,1,10,TEN,23,IND,HITCH
2023120305,3169,1,10,IND,20,IND,FLAT
2023120305,5186,2,4,TEN,4,IND,POST
2023120305,3776,2,5,TEN,41,TEN,CROSS
2023120305,4264,2,10,IND,30,IND,SLANT
2023120305,1243,3,5,IND,30,IND,OUT
2023120305,4166,2,12,TEN,30,TEN,HITCH
2023120305,1067,1,10,IND,10,TEN,GO
2023120305,1112,3,6,IND,6,TEN,IN
2023120305,3959,2,3,IND,3,TEN,POST
2023120305,568,3,8,TEN,49,TEN,GO
2023120305,2416,2,10,TEN,33,IND,HITCH
2023120305,5135,1,10,IND,41,IND,GO
2023120305,4189,3,12,TEN,30,TEN,SCREEN
2023120305,114,1,10,IND,22,TEN,GO
2023120305,2648,1,10,IND,37,IND,GO
2023120305,5057,1,10,IND,25,IND,HITCH
2023120305,4928,1,10,IND,38,TEN,CROSS
2023120305,2107,1,10,IND,48,IND,GO
2023120305,3709,2,1,TEN,34,TEN,IN
2023120305,3282,1,10,TEN,30,TEN,OUT
2023120305,4241,1,10,IND,30,IND,HITCH
2023120305,1645,1,10,TEN,28,IND,ANGLE
2023120305,4440,1,10,TEN,43,TEN,OUT
2023120305,1960,2,10,IND,12,IND,HITCH
2023120305,273,1,10,TEN,36,IND,POST
2023120305,232,2,8,IND,46,IND,FLAT
2023120305,388,1,10,TEN,36,TEN,ANGLE
2023120305,2914,2,10,TEN,23,IND,HITCH
2023120305,3809,1,10,IND,43,TEN,IN
2023120305,3481,2,10,TEN,25,TEN,OUT
2023120305,2863,3,8,TEN,37,IND,CROSS
2023120305,1543,1,10,IND,25,IND,SCREEN
2023120305,4061,3,8,IND,27,IND,FLAT
2023120305,3201,2,6,IND,24,IND,FLAT
2023120305,1985,1,10,IND,23,IND,OUT
2023120305,2601,1,10,IND,25,IND,OUT
2023120305,988,3,9,IND,33,TEN,OUT
2023120305,2363,2,10,TEN,44,IND,HITCH
2023120305,723,1,10,TEN,30,TEN,FLAT
2023120305,1445,1,10,IND,32,TEN,POST
2023120305,3117,3,6,TEN,29,TEN,FLAT
2023120305,4370,2,10,TEN,21,TEN,CORNER
2023120305,2743,2,7,TEN,46,IND,FLAT
2023120305,3339,3,10,TEN,30,TEN,FLAT
2023120305,1292,1,10,TEN,23,TEN,OUT
2023120306,192,1,10,WAS,39,WAS,ANGLE
2023120306,2564,1,10,MIA,20,WAS,IN
2023120306,2224,3,2,MIA,33,MIA,CROSS
2023120306,479,2,7,WAS,28,WAS,OUT
2023120306,2534,3,4,MIA,31,WAS,OUT
2023120306,2465,2,4,WAS,31,WAS,OUT
2023120306,1838,3,6,MIA,43,MIA,POST
2023120306,3120,3,5,WAS,40,MIA,ANGLE
2023120306,2249,1,10,MIA,38,MIA,FLAT
2023120306,603,3,4,MIA,36,MIA,POST
2023120306,1196,3,7,MIA,34,WAS,WHEEL
2023120306,1428,1,10,MIA,37,MIA,GO
2023120306,2609,3,8,MIA,18,WAS,FLAT
2023120306,672,2,14,WAS,40,MIA,SCREEN
2023120306,77,2,8,WAS,27,WAS,HITCH
2023120306,388,3,2,MIA,22,MIA,GO
2023120306,1480,3,7,MIA,40,MIA,GO
2023120306,3051,2,3,,50,MIA,CROSS
2023120306,2346,2,7,WAS,22,MIA,HITCH
2023120306,1620,1,10,MIA,43,WAS,CROSS
2023120306,261,2,10,MIA,47,WAS,FLAT
2023120306,2825,1,10,WAS,41,WAS,FLAT
2023120306,1980,3,12,WAS,20,MIA,IN
2023120306,2971,3,10,MIA,37,WAS,FLAT
2023120306,286,3,8,MIA,45,WAS,OUT
2023120306,2776,3,12,MIA,23,MIA,CORNER
2023120306,1173,2,7,MIA,34,WAS,CORNER
2023120306,1948,2,20,WAS,28,MIA,SCREEN
2023120306,2753,2,12,MIA,23,MIA,FLAT
2023120306,329,1,10,MIA,14,MIA,CROSS
2023120306,852,1,10,MIA,19,MIA,POST
2023120306,2296,2,7,WAS,38,MIA,HITCH
2023120307,1975,2,5,HOU,44,HOU,HITCH
2023120307,964,3,6,HOU,15,HOU,CORNER
2023120307,2468,3,3,DEN,31,DEN,FLAT
2023120307,2520,1,10,HOU,15,HOU,SLANT
2023120307,1671,2,6,HOU,40,DEN,GO
2023120307,1741,1,10,HOU,32,DEN,HITCH
2023120307,3790,2,9,HOU,30,DEN,FLAT
2023120307,3329,3,17,HOU,18,HOU,HITCH
2023120307,3873,1,10,HOU,21,DEN,ANGLE
2023120307,4040,3,8,HOU,8,DEN,GO
2023120307,233,1,10,DEN,47,HOU,HITCH
2023120307,146,1,10,DEN,18,DEN,GO
2023120307,1324,2,11,HOU,8,HOU,CROSS
2023120307,265,1,10,DEN,20,HOU,FLAT
2023120307,3660,1,10,DEN,20,DEN,POST
2023120307,345,3,1,DEN,11,HOU,FLAT
2023120307,3546,2,7,HOU,41,HOU,OUT
2023120307,495,1,10,HOU,22,HOU,GO
2023120307,2579,3,10,HOU,15,HOU,CORNER
2023120307,1694,3,6,HOU,40,DEN,FLAT
2023120307,719,1,3,DEN,3,HOU,GO
2023120307,3987,1,8,HOU,8,DEN,POST
2023120307,169,2,10,DEN,18,DEN,POST
2023120307,672,3,2,DEN,7,HOU,POST
2023120307,1208,1,10,DEN,44,DEN,GO
2023120307,3898,2,6,HOU,17,DEN,OUT
2023120307,3463,2,10,HOU,27,HOU,CROSS
2023120307,2443,2,8,DEN,26,DEN,ANGLE
2023120307,3411,2,6,DEN,36,DEN,GO
2023120307,2703,1,10,HOU,45,DEN,GO
2023120307,2246,3,11,HOU,39,HOU,POST
2023120307,1795,1,10,HOU,20,DEN,OUT
2023120307,2845,1,10,HOU,32,HOU,IN
2023120307,2798,2,5,HOU,26,HOU,HITCH
2023120307,1045,1,20,DEN,36,HOU,OUT
2023120307,559,2,8,DEN,24,HOU,OUT
2023120307,3064,2,3,DEN,3,HOU,OUT
2023120307,808,1,10,DEN,25,DEN,CROSS
2023120307,2992,2,10,DEN,21,HOU,CROSS
2023120307,3206,1,10,HOU,42,DEN,GO
2023120307,1450,3,2,HOU,40,HOU,POST
2023120307,2773,1,10,HOU,21,HOU,HITCH
2023120308,4254,4,5,CLE,30,CLE,HITCH
2023120308,2150,2,8,LA,27,LA,FLAT
2023120308,1178,2,10,CLE,33,CLE,OUT
2023120308,2564,2,7,LA,38,LA,FLAT
2023120308,1607,3,8,LA,33,LA,HITCH
2023120308,1467,3,4,,50,CLE,SLANT
2023120308,169,3,14,CLE,35,CLE,POST
2023120308,1816,3,7,LA,41,LA,SLANT
2023120308,686,2,1,LA,30,LA,POST
2023120308,4564,2,21,CLE,14,CLE,HITCH
2023120308,1410,1,10,CLE,44,CLE,FLAT
2023120308,2182,3,2,LA,33,LA,HITCH
2023120308,600,3,3,CLE,32,CLE,IN
2023120308,483,3,7,CLE,26,LA,OUT
2023120308,2692,3,3,CLE,27,CLE,CROSS
2023120308,3668,1,10,LA,36,CLE,HITCH
2023120308,2207,1,10,LA,47,LA,FLAT
2023120308,3333,2,20,CLE,40,LA,CORNER
2023120308,3449,1,10,CLE,25,CLE,FLAT
2023120308,1326,2,10,LA,15,LA,FLAT
2023120308,2884,3,4,LA,45,CLE,HITCH
2023120308,2594,3,3,LA,42,LA,GO
2023120308,241,2,4,LA,24,CLE,FLAT
2023120308,3923,3,19,LA,16,LA,ANGLE
2023120308,2290,1,10,CLE,26,LA,OUT
2023120308,2069,3,9,LA,22,CLE,POST
2023120308,2997,1,15,LA,31,CLE,HITCH
2023120308,1866,1,10,CLE,20,CLE,GO
2023120308,649,1,10,LA,21,LA,FLAT
2023120308,4030,2,7,CLE,21,LA,CROSS
2023120308,1032,1,10,CLE,28,LA,GO
2023120308,4104,3,3,CLE,3,LA,HITCH
2023120308,3889,2,19,LA,16,LA,GO
2023120308,2370,1,10,CLE,12,LA,ANGLE
2023120308,2635,1,10,CLE,20,CLE,GO
2023120308,3974,1,10,CLE,21,CLE,CORNER
2023120308,929,2,5,LA,25,LA,POST
2023120308,798,2,10,CLE,48,CLE,FLAT
2023120308,4231,3,5,CLE,30,CLE,HITCH
2023120308,1676,2,9,CLE,3,CLE,HITCH
2023120308,1442,2,10,CLE,44,CLE,HITCH
2023120308,453,2,10,CLE,29,LA,FLAT
2023120308,1090,3,10,CLE,28,LA,SLANT
2023120308,146,2,14,CLE,35,CLE,GO
2023120308,1522,1,10,LA,11,LA,CORNER
2023120308,888,1,10,LA,20,LA,HITCH
2023120308,750,1,10,CLE,25,CLE,POST
2023120308,1230,2,16,CLE,38,CLE,POST
2023120308,3620,1,10,,50,CLE,OUT
2023120308,194,1,10,LA,43,CLE,ANGLE
2023120308,4279,1,10,CLE,30,LA,OUT
2023120308,363,1,10,LA,38,LA,HITCH
2023120308,2320,2,4,CLE,20,LA,CORNER
2023120308,3067,3,6,LA,6,CLE,OUT
2023120308,775,1,10,CLE,48,CLE,CROSS
2023120308,2230,2,10,LA,47,LA,CROSS
2023120308,3144,1,10,LA,25,LA,CROSS
2023120308,2859,2,10,CLE,49,CLE,HITCH
2023120308,2771,1,10,CLE,49,CLE,CROSS
2023120308,3472,2,10,CLE,25,CLE,HITCH
2023120308,3562,2,10,CLE,36,CLE,HITCH
2023120308,3271,1,15,CLE,35,LA,FLAT
2023120308,1711,3,9,CLE,3,CLE,GO
2023120308,3385,2,7,CLE,7,LA,OUT
2023120308,3693,2,6,LA,32,CLE,FLAT
2023120308,3768,1,8,LA,8,CLE,CROSS
2023120308,55,1,10,CLE,25,CLE,HITCH
2023120308,2717,1,10,CLE,35,CLE,OUT
2023120308,823,3,14,CLE,44,CLE,POST
2023120308,2260,3,4,CLE,47,LA,FLAT
2023120309,3646,2,2,SF,2,PHI,OUT
2023120309,528,3,3,PHI,33,PHI,SLANT
2023120309,3477,1,10,SF,20,PHI,HITCH
2023120309,853,2,14,SF,21,SF,SLANT
2023120309,2068,2,5,SF,30,SF,IN
2023120309,292,3,7,SF,8,PHI,GO
2023120309,3198,3,5,PHI,18,SF,OUT
2023120309,100,3,9,PHI,26,PHI,SLANT
2023120309,2965,1,10,SF,37,SF,ANGLE
2023120309,667,1,10,SF,29,PHI,OUT
2023120309,1122,2,15,SF,10,SF,OUT
2023120309,4090,4,12,SF,30,PHI,GO
2023120309,3537,1,8,SF,8,PHI,OUT
2023120309,1678,1,10,SF,26,SF,IN
2023120309,697,1,10,SF,18,PHI,HITCH
2023120309,1759,1,10,PHI,37,SF,OUT
2023120309,3867,2,10,PHI,15,PHI,ANGLE
2023120309,4042,2,9,SF,27,PHI,ANGLE
2023120309,637,3,5,SF,35,PHI,HITCH
2023120309,3623,1,2,SF,2,PHI,FLAT
2023120309,1524,1,10,PHI,37,PHI,FLAT
2023120309,2425,2,5,SF,37,PHI,HITCH
2023120309,1224,3,1,SF,34,SF,CROSS
2023120309,1271,1,10,PHI,42,SF,CROSS
2023120309,2116,1,10,SF,48,SF,CROSS
2023120309,2317,3,7,PHI,45,PHI,HITCH
2023120309,3963,3,10,PHI,45,PHI,FLAT
2023120309,2684,3,7,SF,26,SF,OUT
2023120309,3993,1,10,SF,28,PHI,ANGLE
2023120309,3507,2,3,SF,13,PHI,IN
2023120309,3427,2,6,SF,45,PHI,HITCH
2023120309,1172,1,10,SF,25,SF,OUT
2023120309,2091,3,5,SF,30,SF,SLANT
2023120309,1147,3,3,SF,22,SF,OUT
2023120309,3168,2,9,PHI,22,SF,OUT
2023120309,1387,3,2,PHI,2,SF,CROSS
2023120309,2518,3,12,SF,14,PHI,HITCH
2023120309,3272,1,10,PHI,29,PHI,HITCH
2023120309,1330,2,4,PHI,4,SF,CROSS
2023120309,3331,2,10,PHI,41,PHI,FLAT
2023120309,147,2,8,SF,34,PHI,IN
2023120309,3452,1,10,SF,39,PHI,IN
2023120309,2163,3,3,PHI,45,SF,GO
2023120309,55,1,10,PHI,25,PHI,ANGLE
2023120309,3832,1,10,PHI,15,PHI,HITCH
2023120309,3077,3,9,PHI,44,SF,HITCH
2023120309,1784,1,10,PHI,24,SF,POST
2023120309,3892,1,10,PHI,30,PHI,CROSS
2023120309,2853,2,8,PHI,27,PHI,OUT
2023120309,2736,1,10,PHI,48,SF,IN
2023120309,1549,2,8,PHI,39,PHI,CORNER
2023120309,2395,1,20,PHI,48,PHI,HITCH
2023120309,742,3,21,SF,29,PHI,HITCH
2023120309,560,1,10,,50,PHI,HITCH
2023120310,3451,1,10,GB,49,KC,GO
2023120310,3976,1,10,,50,KC,GO
2023120310,3133,2,16,GB,17,GB,CORNER
2023120310,2888,1,16,GB,41,GB,GO
2023120310,1079,2,9,KC,26,KC,FLAT
2023120310,1151,2,8,KC,38,KC,CROSS
2023120310,2144,1,10,GB,33,GB,FLAT
2023120310,3253,2,10,KC,33,GB,HITCH
2023120310,2911,2,16,GB,41,GB,GO
2023120310,2673,2,2,GB,2,KC,SCREEN
2023120310,490,1,10,KC,41,KC,FLAT
2023120310,3999,2,10,,50,KC,SCREEN
2023120310,868,2,8,GB,46,GB,CROSS
2023120310,102,1,10,GB,37,GB,HITCH
2023120310,562,1,10,GB,46,KC,IN
2023120310,515,2,3,KC,48,KC,FLAT
2023120310,2434,1,10,KC,46,KC,OUT
2023120310,1477,2,8,GB,25,GB,SLANT
2023120310,3392,1,10,KC,25,KC,CROSS
2023120310,2231,3,8,GB,49,GB,HITCH
2023120310,2839,2,5,GB,40,GB,OUT
2023120310,221,2,5,KC,29,GB,FLAT
2023120310,648,3,11,GB,47,KC,HITCH
2023120310,1360,2,16,GB,18,KC,SLANT
2023120310,3871,1,10,GB,45,KC,FLAT
2023120310,4024,3,2,GB,42,KC,HITCH
2023120310,1938,3,18,KC,38,KC,POST
2023120310,3230,1,10,KC,33,GB,HITCH
2023120310,3542,1,10,GB,48,GB,SCREEN
2023120310,303,3,4,KC,14,GB,SLANT
2023120310,1104,3,4,KC,31,KC,IN
2023120310,2696,3,2,GB,2,KC,FLAT
2023120310,3028,3,8,KC,21,KC,HITCH
2023120310,2809,1,10,GB,35,GB,HITCH
2023120310,3798,1,10,KC,30,KC,FLAT
2023120310,970,2,5,KC,9,GB,CROSS
2023120310,1509,3,3,GB,30,GB,OUT
2023120310,2303,2,11,KC,12,GB,POST
2023120310,2206,2,8,GB,49,GB,SCREEN
2023120310,1777,1,10,KC,25,KC,CORNER
2023120310,1000,3,5,KC,9,GB,IN
2023120310,360,2,1,KC,1,GB,FLAT
2023120310,3185,1,10,KC,43,GB,HITCH
2023120310,816,1,10,GB,25,GB,CROSS
2023120310,1614,1,15,KC,37,GB,ANGLE
2023120310,1252,1,10,GB,22,KC,SLANT
2023120310,2256,4,1,KC,44,GB,CORNER
2023120310,4054,1,10,GB,33,KC,GO
2023120310,3005,2,8,KC,21,KC,GO
2023120400,3901,2,5,CIN,47,JAX,FLAT
2023120400,3162,3,3,JAX,10,CIN,SLANT
2023120400,1167,2,14,JAX,32,JAX,HITCH
2023120400,3375,1,10,CIN,47,JAX,CROSS
2023120400,2380,2,13,CIN,33,JAX,GO
2023120400,1378,1,10,CIN,25,CIN,HITCH
2023120400,1945,1,10,JAX,32,JAX,CROSS
2023120400,970,1,10,JAX,20,CIN,POST
2023120400,1606,2,7,JAX,16,CIN,CROSS
2023120400,4462,2,8,CIN,30,CIN,IN
2023120400,132,1,10,CIN,32,CIN,FLAT
2023120400,107,3,4,CIN,28,CIN,OUT
2023120400,2865,2,9,JAX,10,JAX,HITCH
2023120400,3529,1,10,CIN,38,CIN,FLAT
2023120400,1803,3,9,JAX,38,JAX,GO
2023120400,3185,4,3,JAX,10,CIN,OUT
2023120400,4323,2,14,JAX,48,JAX,HITCH
2023120400,1728,1,10,JAX,25,JAX,ANGLE
2023120400,260,1,10,JAX,49,JAX,CORNER
2023120400,1403,1,10,CIN,36,CIN,CROSS
2023120400,3063,1,10,JAX,41,CIN,CROSS
2023120400,3876,1,10,JAX,48,JAX,HITCH
2023120400,1753,1,10,JAX,37,JAX,HITCH
2023120400,351,2,6,CIN,11,JAX,SCREEN
2023120400,2409,1,10,CIN,15,JAX,FLAT
2023120400,2457,3,9,CIN,14,JAX,POST
2023120400,574,1,10,JAX,39,CIN,SCREEN
2023120400,1547,3,5,JAX,29,CIN,OUT
2023120400,2064,2,9,CIN,17,CIN,HITCH
2023120400,3851,3,1,JAX,34,JAX,HITCH
2023120400,2210,2,12,JAX,37,JAX,GO
2023120400,914,1,10,JAX,44,CIN,FLAT
2023120400,1060,1,10,JAX,25,JAX,FLAT
2023120400,1472,3,1,JAX,43,CIN,FLAT
2023120400,2089,3,2,CIN,24,CIN,GO
2023120400,4548,3,10,CIN,47,CIN,OUT
2023120400,2160,1,10,JAX,16,JAX,CROSS
2023120400,4605,2,9,JAX,41,CIN,SCREEN
2023120400,215,3,7,JAX,48,CIN,IN
2023120400,3453,2,15,CIN,28,JAX,FLAT
2023120400,4119,2,7,CIN,46,CIN,SCREEN
2023120400,3293,1,10,JAX,25,JAX,CORNER
2023120400,942,2,10,JAX,44,CIN,IN
2023120400,1968,2,10,JAX,32,JAX,HITCH
2023120400,2257,3,7,JAX,42,JAX,OUT
2023120400,679,1,10,JAX,47,JAX,CORNER
2023120400,1284,2,10,CIN,43,JAX,GO
2023120400,4239,3,6,JAX,29,JAX,OUT
2023120400,3708,3,22,JAX,44,CIN,OUT
2023120400,3931,1,10,CIN,28,JAX,HITCH
2023120400,2958,3,13,JAX,6,JAX,GO
2023120400,502,1,10,CIN,16,CIN,SCREEN
2023120400,3137,2,13,JAX,20,CIN,HITCH
2023120400,2589,2,7,CIN,7,JAX,CROSS
2023120400,4087,1,10,CIN,43,CIN,ANGLE
2023120400,3821,2,1,JAX,34,JAX,GO
2023120400,889,1,10,CIN,31,CIN,CORNER
2023120400,4214,2,8,JAX,27,JAX,FLAT
2023120400,864,3,4,CIN,14,CIN,OUT
2023120700,4016,1,10,PIT,13,PIT,HITCH
2023120700,3011,3,2,NE,15,NE,HITCH
2023120700,2333,3,10,PIT,30,PIT,FLAT
2023120700,3322,3,9,NE,37,NE,FLAT
2023120700,2217,1,10,PIT,17,PIT,FLAT
2023120700,2432,2,9,NE,44,PIT,HITCH
2023120700,1637,1,10,PIT,49,PIT,FLAT
2023120700,3716,2,10,PIT,27,PIT,ANGLE
2023120700,842,2,10,PIT,45,NE,SLANT
2023120700,2264,3,4,PIT,23,PIT,HITCH
2023120700,1412,3,5,PIT,25,PIT,GO
2023120700,416,1,10,NE,39,PIT,HITCH
2023120700,794,1,10,NE,38,NE,CROSS
2023120700,542,1,10,NE,25,NE,GO
2023120700,3529,3,3,PIT,38,PIT,HITCH
2023120700,2820,1,10,NE,43,NE,CROSS
2023120700,2709,3,6,PIT,30,PIT,CROSS
2023120700,236,2,7,PIT,11,NE,FLAT
2023120700,3370,1,10,PIT,20,PIT,FLAT
2023120700,3741,1,10,PIT,41,PIT,HITCH
2023120700,769,1,10,NE,27,NE,OUT
2023120700,3794,3,2,PIT,49,PIT,SLANT
2023120700,1985,3,7,NE,35,NE,HITCH
2023120700,2569,1,20,NE,26,NE,SCREEN
2023120700,3231,1,10,NE,25,NE,FLAT
2023120700,4046,1,10,PIT,37,PIT,GO
2023120700,1533,1,10,PIT,24,NE,GO
2023120700,3817,4,2,PIT,49,PIT,GO
2023120700,1955,2,7,NE,35,NE,OUT
2023120700,1180,2,15,PIT,20,PIT,HITCH
2023120700,1893,2,6,NE,15,NE,OUT
2023120700,1508,3,3,NE,48,NE,SLANT
2023120700,1094,2,7,PIT,8,NE,POST
2023120700,1483,2,7,NE,44,NE,CROSS
2023120700,1205,3,8,PIT,27,PIT,OUT
2023120700,674,1,10,PIT,21,PIT,HITCH
2023120700,3425,3,5,PIT,25,PIT,IN
2023120700,2959,1,10,NE,7,NE,SCREEN
2023120700,865,3,10,PIT,45,NE,HITCH
2023120700,82,2,10,NE,25,NE,FLAT
2023120700,1930,1,10,NE,32,NE,OUT
2023120700,943,2,6,PIT,19,PIT,CROSS
2023120700,3076,2,4,NE,20,PIT,FLAT
2023120700,2934,4,2,NE,8,PIT,FLAT
2023120700,1312,3,11,NE,27,NE,FLAT
2023120700,107,1,10,NE,37,NE,CORNER
2023120700,2655,1,10,PIT,26,PIT,HITCH
2023120700,3764,2,10,PIT,41,PIT,HITCH
2023120700,3693,1,10,PIT,27,PIT,HITCH
2023120700,1789,2,5,NE,25,PIT,POST
2023120700,3479,1,10,PIT,31,PIT,HITCH
2023120700,1277,2,11,NE,27,NE,ANGLE
2023121000,149,3,3,TB,44,TB,CROSS
2023121000,2582,3,11,ATL,30,ATL,IN
2023121000,4348,1,10,,50,ATL,OUT
2023121000,1176,2,9,TB,26,TB,ANGLE
2023121000,4119,1,10,ATL,47,TB,CORNER
2023121000,124,2,8,TB,39,TB,CROSS
2023121000,1028,1,10,ATL,41,ATL,OUT
2023121000,707,1,10,TB,25,TB,SLANT
2023121000,77,2,4,TB,31,TB,IN
2023121000,752,3,8,TB,27,TB,POST
2023121000,565,4,1,TB,11,ATL,FLAT
2023121000,3045,3,9,ATL,48,ATL,FLAT
2023121000,2324,2,10,ATL,46,ATL,POST
2023121000,1428,2,10,TB,35,ATL,OUT
2023121000,4291,1,10,ATL,25,ATL,FLAT
2023121000,4142,2,10,ATL,47,TB,HITCH
2023121000,1083,2,9,TB,36,ATL,GO
2023121000,1724,3,8,TB,36,TB,IN
2023121000,1875,2,2,TB,34,ATL,SLANT
2023121000,2193,1,10,TB,7,TB,CROSS
2023121000,3379,1,10,ATL,47,ATL,HITCH
2023121000,1838,1,10,TB,42,ATL,OUT
2023121000,196,2,9,ATL,44,TB,SLANT
2023121000,3630,1,10,ATL,26,TB,GO
2023121000,1369,1,10,ATL,47,ATL,OUT
2023121000,3158,3,5,TB,25,TB,IN
2023121000,641,3,2,TB,2,ATL,FLAT
2023121000,2557,2,15,ATL,26,ATL,HITCH
2023121000,2449,3,6,TB,13,TB,CROSS
2023121000,2746,3,5,ATL,40,TB,SLANT
2023121000,3022,2,9,ATL,48,ATL,POST
2023121000,4316,2,1,ATL,34,ATL,IN
2023121000,2024,2,2,ATL,33,ATL,HITCH
2023121000,3578,1,10,ATL,37,TB,CROSS
2023121000,3675,3,4,ATL,20,TB,POST
2023121000,540,3,3,TB,13,ATL,FLAT
2023121000,1322,3,4,ATL,44,TB,FLAT
2023121000,311,2,6,ATL,29,ATL,FLAT
2023121000,2793,2,9,ATL,31,TB,CROSS
2023121000,3769,1,10,ATL,25,ATL,GO
2023121000,4165,3,10,ATL,47,TB,CORNER
2023121000,4426,2,10,TB,31,ATL,POST
2023121000,395,3,8,ATL,42,ATL,CORNER
2023121000,2347,3,10,ATL,46,ATL,POST
2023121000,2294,1,10,ATL,46,ATL,GO
2023121000,2895,2,9,ATL,26,ATL,FLAT
2023121000,972,2,4,ATL,31,ATL,FLAT
2023121000,2534,1,15,ATL,26,ATL,SLANT
2023121000,1523,2,6,TB,44,TB,GO
2023121000,1813,2,14,ATL,43,ATL,IN
2023121000,1245,3,4,TB,42,TB,OUT
2023121000,2920,3,6,ATL,29,ATL,HITCH
2023121000,4378,2,10,,50,ATL,POST
2023121000,2132,3,10,ATL,44,ATL,HITCH
2023121001,4906,3,9,LA,26,LA,HITCH
2023121001,2419,1,10,LA,25,LA,FLAT
2023121001,2881,3,11,LA,34,LA,FLAT
2023121001,1895,1,10,BAL,38,LA,CROSS
2023121001,4773,3,6,BAL,29,BAL,OUT
2023121001,3845,1,10,BAL,43,LA,CROSS
2023121001,3613,3,8,LA,27,LA,POST
2023121001,3944,2,5,BAL,5,LA,HITCH
2023121001,4521,1,10,BAL,22,LA,SCREEN
2023121001,1138,3,6,BAL,6,LA,OUT
2023121001,3382,2,10,BAL,47,BAL,FLAT
2023121001,1279,3,7,BAL,39,BAL,HITCH
2023121001,2447,2,12,LA,23,LA,OUT
2023121001,3075,2,10,LA,29,LA,HITCH
2023121001,435,1,9,BAL,9,LA,OUT
2023121001,872,1,10,BAL,46,BAL,GO
2023121001,2185,1,10,LA,28,BAL,HITCH
2023121001,4388,3,17,LA,21,BAL,IN
2023121001,3433,2,8,LA,40,BAL,OUT
2023121001,481,3,9,BAL,9,LA,GO
2023121001,1251,2,7,BAL,39,BAL,SLANT
2023121001,3314,3,5,BAL,41,BAL,HITCH
2023121001,996,3,2,LA,33,LA,GO
2023121001,1758,1,15,BAL,20,BAL,POST
2023121001,2160,2,3,LA,42,BAL,OUT
2023121001,1870,3,15,LA,44,LA,SLANT
2023121001,4145,2,1,BAL,46,BAL,HITCH
2023121001,1563,1,10,BAL,25,LA,CROSS
2023121001,2293,3,9,LA,17,BAL,OUT
2023121001,4590,3,6,BAL,18,LA,GO
2023121001,3892,2,7,BAL,17,LA,FLAT
2023121001,4170,1,10,,50,BAL,HITCH
2023121001,4218,2,10,LA,39,BAL,IN
2023121001,84,2,7,BAL,18,BAL,FLAT
2023121001,2020,1,10,BAL,25,BAL,SLANT
2023121001,547,1,10,BAL,25,BAL,POST
2023121001,3820,1,10,LA,36,LA,GO
2023121001,4081,2,10,BAL,25,BAL,OUT
2023121001,690,1,10,LA,8,LA,SLANT
2023121001,4750,2,6,BAL,29,BAL,SLANT
2023121001,3480,2,7,LA,20,BAL,CROSS
2023121001,4466,2,10,LA,25,LA,OUT
2023121001,4266,2,10,LA,25,BAL,CROSS
2023121001,114,1,10,BAL,26,BAL,FLAT
2023121001,4296,3,4,LA,19,BAL,HITCH
2023121001,2073,1,10,BAL,37,BAL,OUT
2023121001,570,2,10,BAL,25,BAL,GO
2023121001,1304,1,10,LA,46,BAL,GO
2023121001,1032,1,10,BAL,30,LA,CROSS
2023121001,2213,2,10,LA,28,BAL,IN
2023121001,595,1,10,BAL,45,BAL,POST
2023121001,3100,3,4,LA,35,LA,CORNER
2023121001,3713,3,4,BAL,34,BAL,HITCH
2023121001,3568,1,10,LA,25,LA,POST
2023121001,2043,2,10,BAL,25,BAL,CROSS
2023121001,2955,2,5,BAL,15,BAL,FLAT
2023121001,1390,2,7,LA,28,LA,IN
2023121001,4496,1,10,LA,44,LA,GO
2023121001,4859,2,4,LA,31,LA,FLAT
2023121001,745,2,10,LA,25,LA,CROSS
2023121001,1533,3,4,LA,41,LA,CROSS
2023121001,2125,1,10,LA,49,BAL,HITCH
2023121001,4058,1,10,BAL,25,BAL,FLAT
2023121001,3359,1,10,BAL,47,BAL,IN
2023121002,3853,2,10,CHI,31,DET,IN
2023121002,84,2,9,CHI,32,CHI,ANGLE
2023121002,3948,2,8,CHI,40,CHI,IN
2023121002,1063,1,10,CHI,12,CHI,CROSS
2023121002,3197,2,6,DET,25,CHI,OUT
2023121002,2165,2,6,DET,48,CHI,HITCH
2023121002,1328,4,3,CHI,38,DET,IN
2023121002,2513,3,15,DET,20,DET,ANGLE
2023121002,3242,1,9,DET,9,CHI,FLAT
2023121002,1009,4,10,CHI,35,DET,CORNER
2023121002,658,1,10,CHI,41,CHI,HITCH
2023121002,4104,2,20,DET,42,DET,CROSS
2023121002,2307,1,10,DET,18,CHI,HITCH
2023121002,131,1,10,DET,49,CHI,FLAT
2023121002,369,1,10,DET,45,DET,FLAT
2023121002,3635,1,10,DET,25,DET,FLAT
2023121002,3474,2,6,DET,26,CHI,OUT
2023121002,1896,1,10,CHI,25,CHI,CORNER
2023121002,1985,1,10,DET,25,DET,CROSS
2023121002,3497,3,6,DET,26,CHI,SLANT
2023121002,1823,2,5,CHI,8,DET,POST
2023121002,3021,4,13,DET,38,CHI,GO
2023121002,2467,1,15,DET,20,DET,CROSS
2023121002,344,3,3,DET,32,DET,POST
2023121002,2757,3,11,DET,16,DET,IN
2023121002,3800,1,10,CHI,31,DET,HITCH
2023121002,2632,2,15,CHI,43,CHI,HITCH
2023121002,2490,2,15,DET,20,DET,CROSS
2023121002,3378,2,8,DET,27,DET,FLAT
2023121002,2888,1,10,DET,35,CHI,FLAT
2023121002,1617,3,2,CHI,45,DET,HITCH
2023121002,2190,1,10,DET,37,CHI,CROSS
2023121002,1798,1,10,CHI,13,DET,HITCH
2023121002,3403,3,10,DET,25,DET,HITCH
2023121002,3752,2,10,CHI,41,DET,SLANT
2023121002,2238,3,8,DET,35,CHI,OUT
2023121002,2213,2,10,DET,37,CHI,OUT
2023121002,2032,3,6,DET,29,DET,CORNER
2023121002,1592,2,6,CHI,49,DET,OUT
2023121002,3348,1,10,DET,25,DET,FLAT
2023121002,2863,3,3,DET,43,CHI,OUT
2023121002,428,2,21,DET,34,DET,OUT
2023121002,4052,1,10,DET,25,DET,IN
2023121002,2840,2,3,DET,43,CHI,CROSS
2023121002,3544,2,11,DET,19,CHI,CROSS
2023121002,3569,3,2,DET,10,CHI,FLAT
2023121002,3896,4,17,CHI,38,DET,IN
2023121002,938,1,15,CHI,40,DET,HITCH
2023121002,2607,1,20,CHI,38,CHI,FLAT
2023121003,3639,1,10,IND,37,IND,HITCH
2023121003,1880,1,10,CIN,40,CIN,FLAT
2023121003,2565,3,9,IND,23,CIN,OUT
2023121003,2379,2,10,IND,38,IND,IN
2023121003,2402,3,10,IND,38,IND,IN
2023121003,2134,2,6,CIN,29,CIN,IN
2023121003,529,1,10,IND,25,IND,HITCH
2023121003,1476,2,10,CIN,32,IND,SLANT
2023121003,3241,1,10,IND,25,IND,HITCH
2023121003,1322,3,14,IND,17,IND,FLAT
2023121003,1823,1,10,CIN,25,CIN,HITCH
2023121003,1759,2,4,CIN,31,CIN,HITCH
2023121003,271,2,5,IND,25,IND,IN
2023121003,1428,3,11,CIN,44,IND,SLANT
2023121003,1358,1,10,IND,41,IND,CORNER
2023121003,3703,1,25,IND,32,IND,HITCH
2023121003,3614,2,1,IND,32,IND,FLAT
2023121003,2518,1,10,IND,24,CIN,FLAT
2023121003,101,3,8,IND,27,IND,FLAT
2023121003,3266,1,10,IND,37,IND,HITCH
2023121003,1453,1,10,CIN,32,IND,GO
2023121003,1299,2,14,IND,17,IND,FLAT
2023121003,2159,1,10,IND,45,CIN,OUT
2023121003,3728,2,17,IND,40,IND,ANGLE
2023121003,172,2,6,CIN,23,CIN,OUT
2023121003,954,1,10,IND,16,CIN,CORNER
2023121003,2846,3,6,IND,29,IND,HITCH
2023121003,343,3,2,IND,45,IND,OUT
2023121003,3589,1,10,IND,23,IND,HITCH
2023121003,3291,2,2,IND,45,IND,GO
2023121003,239,1,10,IND,20,IND,OUT
2023121003,3024,3,6,IND,44,CIN,FLAT
2023121003,759,2,16,CIN,24,IND,GO
2023121003,2322,2,12,IND,23,IND,FLAT
2023121003,1383,1,10,CIN,43,IND,GO
2023121003,386,1,10,CIN,8,CIN,HITCH
2023121003,3316,1,10,CIN,24,IND,HITCH
2023121003,782,3,16,CIN,24,IND,FLAT
2023121003,76,2,17,IND,18,IND,SLANT
2023121003,318,2,13,IND,34,IND,IN
2023121003,1664,4,1,CIN,2,IND,CORNER
2023121003,621,2,10,CIN,39,IND,OUT
2023121003,2645,3,7,IND,10,CIN,FLAT
2023121003,3375,1,20,CIN,20,IND,FLAT
2023121003,1000,3,10,IND,16,CIN,FLAT
2023121003,899,3,2,CIN,36,CIN,FLAT
2023121003,2493,2,9,CIN,30,CIN,GO
2023121003,440,2,3,CIN,32,CIN,IN
2023121003,554,1,10,IND,38,IND,CROSS
2023121003,2969,1,10,IND,48,CIN,IN
2023121003,2233,2,8,IND,11,CIN,HITCH
2023121003,2821,2,10,IND,25,IND,OUT
2023121004,150,2,9,JAX,42,CLE,FLAT
2023121004,1364,1,10,JAX,22,JAX,POST
2023121004,3982,1,10,JAX,25,JAX,HITCH
2023121004,2588,1,10,CLE,25,CLE,OUT
2023121004,4672,1,10,JAX,31,JAX,HITCH
2023121004,4068,3,4,CLE,48,JAX,CROSS
2023121004,4601,3,7,JAX,42,CLE,CROSS
2023121004,1494,3,4,JAX,37,CLE,HITCH
2023121004,1570,3,2,,50,JAX,SLANT
2023121004,1680,1,10,CLE,5,CLE,SLANT
2023121004,277,2,11,JAX,15,JAX,HITCH
2023121004,2611,2,10,CLE,25,CLE,FLAT
2023121004,3201,3,20,JAX,15,JAX,OUT
2023121004,1293,2,5,JAX,30,CLE,CROSS
2023121004,1083,1,5,JAX,39,JAX,CROSS
2023121004,843,3,8,JAX,20,JAX,SLANT
2023121004,3384,3,12,CLE,17,JAX,OUT
2023121004,1196,1,10,CLE,28,CLE,GO
2023121004,357,1,10,CLE,31,CLE,OUT
2023121004,4140,1,10,CLE,23,JAX,GO
2023121004,3796,2,10,JAX,6,JAX,HITCH
2023121004,1153,3,10,JAX,34,JAX,CROSS
2023121004,4163,2,10,CLE,23,JAX,OUT
2023121004,2194,1,10,CLE,24,JAX,POST
2023121004,3572,2,10,CLE,25,CLE,HITCH
2023121004,2859,2,16,JAX,19,JAX,CORNER
2023121004,3627,1,10,CLE,41,CLE,HITCH
2023121004,5019,2,1,CLE,31,JAX,POST
2023121004,1917,2,7,CLE,28,CLE,HITCH
2023121004,4841,3,10,JAX,37,CLE,SLANT
2023121004,4483,3,6,CLE,47,CLE,OUT
2023121004,4962,1,10,JAX,48,JAX,FLAT
2023121004,4711,2,10,JAX,31,JAX,OUT
2023121004,475,1,10,JAX,16,JAX,SLANT
2023121004,4298,1,10,CLE,29,CLE,IN
2023121004,2169,2,13,CLE,47,JAX,GO
2023121004,4929,2,5,JAX,30,JAX,ANGLE
2023121004,3597,3,7,CLE,28,CLE,OUT
2023121004,3312,1,10,CLE,25,JAX,HITCH
2023121004,2522,2,10,JAX,23,JAX,HITCH
2023121004,3652,1,10,JAX,49,CLE,FLAT
2023121004,4198,3,6,CLE,19,JAX,GO
2023121004,5170,3,2,CLE,2,JAX,SLANT
2023121004,2313,2,8,CLE,21,CLE,HITCH
2023121004,2434,3,11,CLE,35,CLE,HITCH
2023121004,2669,2,10,CLE,36,CLE,FLAT
2023121004,5117,1,2,CLE,2,JAX,OUT
2023121004,2283,1,10,CLE,19,CLE,FLAT
2023121004,788,1,10,JAX,18,JAX,FLAT
2023121004,2694,3,1,CLE,45,CLE,HITCH
2023121004,2906,3,21,JAX,14,JAX,SLANT
2023121004,1759,2,8,CLE,10,JAX,CORNER
2023121004,1391,1,10,CLE,25,CLE,HITCH
2023121004,4994,1,10,CLE,40,JAX,FLAT
2023121004,4758,4,3,JAX,38,JAX,CROSS
2023121004,5147,2,2,CLE,2,JAX,HITCH
2023121004,3703,3,5,JAX,44,CLE,SLANT
2023121004,3042,1,10,JAX,11,CLE,OUT
2023121004,3918,4,3,JAX,41,CLE,HITCH
2023121004,2046,2,7,JAX,47,JAX,OUT
2023121004,1845,1,15,CLE,20,CLE,OUT
2023121004,4115,2,6,CLE,35,JAX,SLANT
2023121004,1246,1,10,CLE,45,CLE,IN
2023121004,820,2,8,JAX,20,JAX,HITCH
2023121004,103,1,10,CLE,43,CLE,POST
2023121004,4401,2,6,CLE,47,CLE,FLAT
2023121004,175,3,1,JAX,34,CLE,CORNER
2023121004,1029,2,9,JAX,23,JAX,HITCH
2023121004,3848,1,10,JAX,48,CLE,SLANT
2023121004,3895,3,3,JAX,41,CLE,GO
2023121004,4556,1,10,JAX,45,CLE,GO
2023121004,4642,1,10,JAX,20,JAX,OUT
2023121004,2969,2,10,JAX,22,CLE,CROSS
2023121005,3636,2,4,CAR,4,NO,CORNER
2023121005,2450,2,6,CAR,28,CAR,SLANT
2023121005,3183,1,10,NO,45,CAR,FLAT
2023121005,190,2,2,CAR,48,NO,HITCH
2023121005,3931,2,2,NO,24,CAR,GO
2023121005,1999,1,10,NO,45,CAR,GO
2023121005,1922,2,3,CAR,47,NO,HITCH
2023121005,1510,3,2,CAR,26,CAR,POST
2023121005,2473,3,6,CAR,28,CAR,CORNER
2023121005,3277,4,1,NO,36,CAR,HITCH
2023121005,2368,2,10,CAR,14,CAR,CROSS
2023121005,1345,1,10,NO,36,NO,HITCH
2023121005,3468,1,10,CAR,24,CAR,GO
2023121005,2022,2,10,NO,45,CAR,POST
2023121005,1749,1,5,NO,49,CAR,HITCH
2023121005,755,1,10,CAR,44,NO,HITCH
2023121005,86,2,7,CAR,18,CAR,GO
2023121005,2836,2,5,CAR,49,CAR,POST
2023121005,574,2,8,CAR,34,NO,OUT
2023121005,2288,3,14,NO,44,NO,GO
2023121005,215,1,10,CAR,45,NO,FLAT
2023121005,3722,2,9,CAR,26,CAR,HITCH
2023121005,1073,1,10,CAR,47,CAR,SLANT
2023121005,119,3,7,CAR,18,CAR,GO
2023121005,1862,4,2,NO,46,CAR,GO
2023121005,1208,3,8,NO,29,CAR,POST
2023121005,2503,1,10,CAR,47,CAR,OUT
2023121005,3029,3,8,NO,33,NO,HITCH
2023121005,3377,3,9,CAR,19,NO,HITCH
2023121005,1830,3,8,CAR,48,CAR,FLAT
2023121005,2045,3,10,NO,45,CAR,OUT
2023121005,3300,1,10,NO,36,NO,POST
2023121005,1892,1,10,NO,46,NO,OUT
2023121005,3402,1,7,CAR,7,NO,SLANT
2023121005,2263,2,8,,50,NO,FLAT
2023121005,3248,3,4,NO,39,CAR,FLAT
2023121005,3823,1,10,CAR,45,CAR,HITCH
2023121005,500,1,10,CAR,31,CAR,IN
2023121005,1410,3,5,NO,41,NO,FLAT
2023121005,2238,1,10,NO,48,NO,SCREEN
2023121005,1274,1,10,NO,25,NO,HITCH
2023121005,3876,3,1,NO,46,CAR,OUT
2023121005,1154,1,10,NO,31,CAR,SLANT
2023121005,3906,1,10,NO,32,CAR,HITCH
2023121005,262,3,1,CAR,36,NO,SCREEN
2023121005,3537,4,10,CAR,24,CAR,GO
2023121005,2975,1,10,NO,31,NO,FLAT
2023121006,2739,3,6,HOU,29,HOU,CROSS
2023121006,2931,1,10,NYJ,31,HOU,FLAT
2023121006,3442,4,2,HOU,33,HOU,POST
2023121006,3419,3,2,HOU,33,HOU,OUT
2023121006,580,1,10,HOU,32,HOU,ANGLE
2023121006,2085,2,3,NYJ,32,NYJ,HITCH
2023121006,2060,1,10,NYJ,25,NYJ,CROSS
2023121006,308,2,3,NYJ,34,NYJ,GO
2023121006,127,2,12,HOU,39,HOU,IN
2023121006,751,2,17,NYJ,20,NYJ,ANGLE
2023121006,2480,3,9,NYJ,32,NYJ,GO
2023121006,1218,1,10,NYJ,36,NYJ,FLAT
2023121006,3839,1,10,HOU,25,HOU,ANGLE
2023121006,3644,3,4,HOU,31,HOU,HITCH
2023121006,2901,1,10,HOU,43,HOU,CROSS
2023121006,248,3,8,NYJ,11,NYJ,OUT
2023121006,3671,4,4,HOU,31,HOU,POST
2023121006,1270,2,15,HOU,44,NYJ,ANGLE
2023121006,2296,1,10,HOU,25,HOU,CROSS
2023121006,2583,2,7,HOU,26,NYJ,HITCH
2023121006,1912,2,19,HOU,31,HOU,IN
2023121006,2184,2,12,HOU,40,NYJ,IN
2023121006,2811,2,6,NYJ,23,NYJ,CROSS
2023121006,3485,2,17,HOU,39,NYJ,OUT
2023121006,2413,2,15,NYJ,26,NYJ,GO
2023121006,1400,3,3,HOU,9,HOU,IN
2023121006,1661,3,9,HOU,6,HOU,OUT
2023121006,1840,1,10,HOU,25,HOU,OUT
2023121006,3233,2,19,HOU,29,NYJ,FLAT
2023121006,3161,1,10,NYJ,38,NYJ,FLAT
2023121006,3616,2,10,HOU,25,HOU,CROSS
2023121006,1162,3,7,NYJ,27,NYJ,SCREEN
2023121006,77,2,7,HOU,28,HOU,CROSS
2023121006,3394,2,10,HOU,25,HOU,IN
2023121006,1756,3,9,NYJ,47,NYJ,HITCH
2023121006,3862,2,10,HOU,25,HOU,OUT
2023121006,1495,3,8,NYJ,47,NYJ,CROSS
2023121006,3907,4,9,HOU,26,HOU,OUT
2023121006,3136,3,3,NYJ,32,NYJ,FLAT
2023121006,2232,1,10,HOU,15,NYJ,CROSS
2023121006,2207,3,12,HOU,40,NYJ,IN
2023121006,2608,3,1,HOU,20,NYJ,CROSS
2023121006,2113,1,10,NYJ,46,NYJ,OUT
2023121006,3308,3,3,HOU,3,NYJ,FLAT
2023121006,555,3,4,HOU,26,HOU,OUT
2023121006,2716,2,6,HOU,29,HOU,POST
2023121006,1062,3,12,HOU,25,HOU,GO
2023121006,3258,1,10,HOU,10,NYJ,OUT
2023121007,1944,2,4,MIN,20,MIN,FLAT
2023121007,1027,1,10,MIN,21,MIN,HITCH
2023121007,837,2,19,MIN,34,MIN,IN
2023121007,4041,1,10,LV,31,LV,HITCH
2023121007,2539,2,9,LV,17,LV,FLAT
2023121007,3552,3,7,MIN,29,MIN,OUT
2023121007,1974,3,4,MIN,20,MIN,IN
2023121007,2611,2,8,LV,30,LV,HITCH
2023121007,1150,2,5,LV,41,MIN,FLAT
2023121007,3895,1,10,LV,25,LV,SLANT
2023121007,2173,3,7,MIN,49,LV,CROSS
2023121007,2732,1,10,MIN,32,MIN,CROSS
2023121007,3341,3,17,MIN,49,MIN,IN
2023121007,1761,1,10,LV,22,LV,HITCH
2023121007,626,2,22,LV,34,LV,HITCH
2023121007,485,1,10,LV,34,LV,SLANT
2023121007,2029,2,20,MIN,15,MIN,GO
2023121007,3732,1,10,LV,22,MIN,CROSS
2023121007,1399,3,1,LV,48,LV,SCREEN
2023121007,651,3,17,LV,39,LV,SLANT
2023121007,3529,2,7,MIN,29,MIN,GO
2023121007,3707,3,6,LV,42,MIN,OUT
2023121007,2198,1,10,MIN,11,LV,SCREEN
2023121007,1786,1,10,LV,36,LV,SLANT
2023121007,109,3,4,LV,26,LV,ANGLE
2023121007,1197,4,2,LV,38,MIN,CROSS
2023121007,2390,2,5,MIN,33,MIN,FLAT
2023121007,3318,2,17,MIN,49,MIN,IN
2023121007,1103,3,4,MIN,39,MIN,IN
2023121007,1247,2,8,LV,31,MIN,GO
2023121007,3622,3,3,MIN,48,MIN,FLAT
2023121007,3442,3,4,LV,19,LV,FLAT
2023121007,1277,3,8,LV,31,MIN,IN
2023121007,2321,2,10,MIN,16,MIN,HITCH
2023121007,3504,1,10,MIN,26,MIN,FLAT
2023121007,2983,2,10,LV,11,LV,FLAT
2023121007,62,1,10,LV,20,LV,HITCH
2023121007,253,1,10,MIN,42,LV,GO
2023121007,401,2,5,MIN,25,MIN,HITCH
2023121007,3760,2,17,LV,29,MIN,HITCH
2023121007,1633,2,3,LV,42,MIN,HITCH
2023121007,228,1,10,LV,46,LV,HITCH
2023121007,2885,2,15,MIN,38,MIN,HITCH
2023121007,1816,2,10,LV,36,LV,ANGLE
2023121007,1367,2,8,LV,41,LV,OUT
2023121007,1496,1,10,MIN,24,MIN,CROSS
2023121007,2564,3,2,LV,24,LV,SCREEN
2023121007,3008,3,4,LV,17,LV,HITCH
2023121007,1442,1,10,MIN,10,MIN,OUT
2023121007,3240,1,10,MIN,30,MIN,CROSS
2023121008,2904,1,10,SEA,25,SEA,CORNER
2023121008,2829,2,9,SEA,44,SF,GO
2023121008,1467,1,10,SEA,45,SEA,FLAT
2023121008,3286,3,7,SF,44,SF,HITCH
2023121008,1977,3,10,SEA,31,SEA,HITCH
2023121008,2436,1,10,SEA,30,SF,POST
2023121008,1358,2,18,SF,39,SF,ANGLE
2023121008,2107,2,12,SF,41,SF,FLAT
2023121008,652,2,10,SF,8,SF,IN
2023121008,2762,1,10,SF,25,SF,OUT
2023121008,2503,2,9,SEA,17,SF,FLAT
2023121008,2953,2,4,SF,44,SF,CROSS
2023121008,3381,1,10,SEA,44,SEA,OUT
2023121008,2690,1,10,SF,25,SEA,HITCH
2023121008,1134,2,8,SEA,39,SEA,CROSS
2023121008,459,3,8,SF,27,SF,IN
2023121008,2655,1,10,SEA,49,SEA,GO
2023121008,174,1,10,SEA,35,SEA,GO
2023121008,204,2,10,SEA,35,SEA,HITCH
2023121008,1770,3,8,SEA,45,SF,IN
2023121008,2278,3,8,SEA,15,SEA,CROSS
2023121008,3520,2,9,SF,44,SEA,OUT
2023121008,1738,2,13,,50,SF,HITCH
2023121008,1442,1,10,SEA,25,SEA,OUT
2023121008,1071,1,10,SEA,48,SF,HITCH
2023121008,3356,1,10,SEA,32,SEA,SLANT
2023121008,3206,3,11,SF,29,SF,SLANT
2023121008,1517,3,6,SEA,49,SEA,FLAT
2023121008,2082,1,20,SF,33,SF,SLANT
2023121008,3659,3,7,SF,32,SF,CORNER
2023121008,826,2,14,SF,18,SEA,FLAT
2023121008,1237,3,9,SEA,48,SEA,CROSS
2023121008,3074,2,6,SEA,39,SEA,IN
2023121008,3495,1,10,SF,45,SEA,SCREEN
2023121008,2404,1,10,SF,25,SF,IN
2023121008,326,3,6,SF,40,SEA,OUT
2023121008,1383,3,11,SF,46,SF,CROSS
2023121008,1046,2,9,SF,41,SF,SLANT
2023121008,1642,3,2,SF,23,SF,HITCH
2023121008,2528,3,6,SEA,14,SF,HITCH
2023121008,1279,1,10,SF,17,SF,SLANT
2023121008,675,3,10,SF,8,SF,ANGLE
2023121008,978,1,10,SF,15,SF,POST
2023121008,1954,2,10,SEA,31,SEA,OUT
2023121008,3027,1,19,SEA,11,SEA,POST
2023121008,356,1,10,SF,31,SEA,GO
2023121009,816,1,10,BUF,27,BUF,HITCH
2023121009,1478,2,9,BUF,8,BUF,OUT
2023121009,771,3,12,KC,23,KC,FLAT
2023121009,3087,3,2,KC,34,KC,OUT
2023121009,1728,1,10,BUF,38,KC,SLANT
2023121009,1527,1,10,BUF,20,BUF,OUT
2023121009,2776,1,10,BUF,33,KC,OUT
2023121009,3444,2,8,BUF,10,KC,HITCH
2023121009,2657,1,10,KC,25,KC,HITCH
2023121009,371,1,10,KC,12,KC,FLAT
2023121009,4427,1,10,BUF,49,KC,HITCH
2023121009,2926,1,10,BUF,26,BUF,FLAT
2023121009,536,2,6,KC,49,BUF,SLANT
2023121009,3057,2,10,KC,26,KC,IN
2023121009,4208,1,10,KC,22,BUF,SCREEN
2023121009,4337,1,10,KC,25,KC,OUT
2023121009,2830,2,9,BUF,10,KC,OUT
2023121009,1395,3,12,BUF,39,KC,CORNER
2023121009,1072,4,1,KC,14,BUF,FLAT
2023121009,1817,1,25,BUF,41,KC,SLANT
2023121009,1372,2,12,BUF,39,KC,FLAT
2023121009,2031,1,10,BUF,25,BUF,ANGLE
2023121009,3175,2,10,KC,42,KC,IN
2023121009,3594,3,9,BUF,26,BUF,ANGLE
2023121009,2682,1,10,KC,40,KC,OUT
2023121009,1644,3,4,BUF,43,BUF,CORNER
2023121009,2109,1,10,BUF,43,BUF,SLANT
2023121009,299,2,9,KC,40,BUF,IN
2023121009,3571,2,9,BUF,26,BUF,CROSS
2023121009,3152,1,10,KC,42,KC,IN
2023121009,2855,3,3,BUF,4,KC,POST
2023121009,1877,3,1,BUF,17,KC,FLAT
2023121009,2502,1,20,KC,26,BUF,HITCH
2023121009,2331,1,10,BUF,25,BUF,POST
2023121009,3022,1,10,KC,26,KC,FLAT
2023121009,106,1,10,KC,37,KC,HITCH
2023121009,1272,2,18,KC,22,KC,POST
2023121009,3234,2,10,KC,48,BUF,HITCH
2023121009,153,1,10,BUF,49,KC,CROSS
2023121009,2079,3,5,BUF,30,BUF,ANGLE
2023121009,1320,1,10,KC,45,KC,CORNER
2023121009,2973,3,3,BUF,33,BUF,SLANT
2023121009,1612,2,15,BUF,32,BUF,OUT
2023121009,4362,2,3,KC,32,KC,GO
2023121009,942,2,10,,50,BUF,WHEEL
2023121009,77,2,5,KC,30,KC,HITCH
2023121009,247,1,10,BUF,47,BUF,ANGLE
2023121009,644,2,8,KC,25,BUF,WHEEL
2023121009,4254,3,10,KC,22,BUF,IN
2023121009,2056,2,5,BUF,30,BUF,GO
2023121009,4037,3,6,BUF,35,BUF,CROSS
2023121009,1914,1,10,BUF,13,KC,POST
2023121009,2134,2,1,KC,48,BUF,CORNER
2023121009,1295,3,18,KC,22,KC,CROSS
2023121009,4231,2,10,KC,22,BUF,GO
2023121009,1937,2,10,BUF,13,KC,FLAT
2023121009,1703,2,5,BUF,47,KC,HITCH
2023121010,99,1,10,LAC,37,LAC,CROSS
2023121010,1991,2,1,,50,DEN,CROSS
2023121010,1241,1,10,DEN,45,DEN,GO
2023121010,322,3,3,DEN,6,LAC,POST
2023121010,2740,1,10,LAC,25,LAC,OUT
2023121010,4071,1,10,DEN,49,LAC,FLAT
2023121010,3258,1,10,LAC,49,LAC,OUT
2023121010,1966,1,10,DEN,41,DEN,OUT
2023121010,3945,3,1,LAC,10,DEN,CORNER
2023121010,297,2,12,DEN,15,LAC,IN
2023121010,2797,3,4,LAC,31,LAC,OUT
2023121010,3087,2,4,LAC,15,LAC,ANGLE
2023121010,1434,1,10,LAC,49,LAC,FLAT
2023121010,1536,3,16,DEN,43,LAC,FLAT
2023121010,1753,1,10,LAC,24,LAC,FLAT
2023121010,2036,1,10,LAC,45,DEN,CORNER
2023121010,3334,4,8,DEN,49,LAC,IN
2023121010,3281,2,10,LAC,49,LAC,OUT
2023121010,1783,2,7,LAC,27,LAC,HITCH
2023121010,1362,2,4,LAC,24,LAC,HITCH
2023121010,3582,1,3,DEN,3,LAC,FLAT
2023121010,4141,3,17,LAC,44,LAC,GO
2023121010,4016,1,10,LAC,16,LAC,OUT
2023121010,3112,1,10,LAC,24,LAC,SLANT
2023121010,3160,2,10,LAC,37,LAC,HITCH
2023121010,1459,2,7,DEN,48,LAC,IN
2023121010,1595,1,10,DEN,30,DEN,GO
2023121010,196,1,10,DEN,9,DEN,OUT
2023121010,3726,3,8,DEN,47,DEN,FLAT
2023121010,2456,2,7,LAC,40,LAC,HITCH
2023121010,390,1,10,DEN,19,DEN,SLANT
2023121010,710,1,10,LAC,25,LAC,HITCH
2023121010,437,1,10,DEN,31,DEN,CROSS
2023121010,2635,3,2,DEN,48,DEN,FLAT
2023121010,3773,2,7,LAC,41,DEN,FLAT
2023121010,3486,2,1,LAC,15,LAC,GO
2023121010,487,1,10,LAC,48,DEN,CROSS
2023121010,1941,2,7,DEN,33,DEN,FLAT
2023121010,1409,2,11,LAC,31,LAC,ANGLE
2023121010,2665,1,10,LAC,46,DEN,GO
2023121010,1104,2,10,LAC,27,LAC,IN
2023121010,4046,1,10,LAC,38,LAC,CROSS
2023121010,599,2,7,LAC,12,LAC,IN
2023121010,462,2,5,DEN,36,DEN,FLAT
2023121010,3228,4,4,LAC,43,LAC,OUT
2023121010,2107,2,5,LAC,5,DEN,CORNER
2023121010,3062,1,10,LAC,9,LAC,FLAT
2023121010,3137,1,10,LAC,37,LAC,OUT
2023121010,534,3,5,LAC,43,DEN,FLAT
2023121010,1911,1,10,DEN,30,DEN,FLAT
2023121010,1051,2,5,LAC,18,LAC,FLAT
2023121010,3311,3,8,DEN,49,LAC,CROSS
2023121010,3511,1,10,DEN,28,LAC,POST
2023121011,3976,1,10,PHI,42,PHI,HITCH
2023121011,3091,1,10,DAL,36,DAL,SLANT
2023121011,845,3,2,PHI,44,DAL,SLANT
2023121011,4006,1,10,DAL,47,PHI,SLANT
2023121011,4203,3,5,DAL,17,DAL,GO
2023121011,3342,1,10,PHI,25,PHI,SLANT
2023121011,2124,2,16,DAL,30,DAL,HITCH
2023121011,2721,2,9,DAL,38,DAL,GO
2023121011,2744,3,9,DAL,38,DAL,FLAT
2023121011,2074,2,7,DAL,28,DAL,HITCH
2023121011,292,3,2,PHI,13,DAL,IN
2023121011,598,3,16,PHI,49,PHI,POST
2023121011,1788,2,3,PHI,32,PHI,HITCH
2023121011,1637,2,1,PHI,1,DAL,OUT
2023121011,468,2,10,PHI,45,PHI,IN
2023121011,2275,1,1,PHI,1,DAL,GO
2023121011,3918,1,10,PHI,25,PHI,OUT
2023121011,2044,1,10,DAL,25,DAL,FLAT
2023121011,1315,3,5,DAL,34,PHI,GO
2023121011,2658,1,10,PHI,49,PHI,SLANT
2023121011,3503,3,11,DAL,33,PHI,IN
2023121011,3701,2,6,DAL,45,DAL,HITCH
2023121011,539,2,11,DAL,46,PHI,HITCH
2023121011,1035,1,20,PHI,42,DAL,OUT
2023121011,64,1,10,DAL,25,DAL,FLAT
2023121011,3780,2,7,PHI,42,DAL,FLAT
2023121011,4111,1,10,DAL,35,PHI,SLANT
2023121011,1290,2,14,DAL,43,PHI,HITCH
2023121011,1214,3,2,PHI,33,PHI,CORNER
2023121011,1403,2,7,DAL,28,DAL,GO
2023121011,1453,2,6,PHI,41,DAL,FLAT
2023121011,1884,2,11,DAL,42,PHI,GO
2023121011,1081,3,20,PHI,42,DAL,HITCH
2023121011,2305,2,1,PHI,1,DAL,SLANT
2023121011,3480,2,11,DAL,33,PHI,GO
2023121011,753,2,9,DAL,22,DAL,OUT
2023121011,3951,2,4,PHI,31,PHI,HITCH
2023121011,445,1,10,PHI,45,PHI,GO
2023121011,3595,2,7,DAL,32,DAL,CROSS
2023121011,728,1,15,DAL,16,DAL,IN
2023121011,3139,3,6,DAL,40,DAL,IN
2023121011,1058,2,20,PHI,42,DAL,SLANT
2023121011,3654,3,4,DAL,35,DAL,CROSS
2023121011,2228,2,6,PHI,31,DAL,POST
2023121011,3528,4,8,DAL,30,PHI,CROSS
2023121011,2857,3,6,PHI,31,PHI,IN
2023121011,3433,1,10,DAL,47,PHI,FLAT
2023121011,1909,1,10,DAL,18,PHI,FLAT
2023121011,262,2,10,PHI,21,DAL,FLAT
2023121011,239,1,10,PHI,21,DAL,OUT
2023121011,2922,1,10,DAL,45,DAL,CROSS
2023121011,2395,2,4,PHI,31,PHI,OUT
2023121011,2805,1,10,PHI,27,PHI,OUT
2023121011,776,3,9,DAL,22,DAL,OUT
2023121100,2915,2,15,TEN,43,TEN,GO
2023121100,3267,1,10,MIA,28,MIA,OUT
2023121100,2456,3,2,TEN,2,MIA,GO
2023121100,3680,1,10,MIA,32,MIA,FLAT
2023121100,2573,3,5,TEN,30,TEN,OUT
2023121100,1785,1,10,MIA,31,MIA,SCREEN
2023121100,3775,1,20,MIA,37,MIA,IN
2023121100,3341,1,5,TEN,44,MIA,CROSS
2023121100,4775,2,10,MIA,37,MIA,HITCH
2023121100,2734,2,4,MIA,15,MIA,GO
2023121100,3033,3,6,MIA,36,TEN,WHEEL
2023121100,3705,2,10,MIA,32,MIA,IN
2023121100,2263,1,10,TEN,49,MIA,HITCH
2023121100,297,1,10,TEN,33,MIA,SLANT
2023121100,738,1,10,MIA,30,MIA,HITCH
2023121100,791,2,16,MIA,37,MIA,SLANT
2023121100,1560,2,15,TEN,35,MIA,IN
2023121100,2100,2,10,MIA,10,TEN,SLANT
2023121100,994,1,10,TEN,14,TEN,CROSS
2023121100,4138,3,4,TEN,31,TEN,CROSS
2023121100,4334,1,3,MIA,3,TEN,HITCH
2023121100,2697,1,10,MIA,9,MIA,FLAT
2023121100,1068,2,5,TEN,30,TEN,OUT
2023121100,945,3,7,TEN,42,MIA,SLANT
2023121100,3366,1,10,TEN,31,MIA,CORNER
2023121100,474,2,11,TEN,6,TEN,POST
2023121100,2757,3,4,MIA,15,MIA,GO
2023121100,578,2,7,TEN,28,TEN,IN
2023121100,4506,1,10,TEN,36,TEN,CROSS
2023121100,2233,3,2,MIA,29,MIA,GO
2023121100,103,3,10,TEN,25,TEN,SLANT
2023121100,4299,2,2,MIA,26,TEN,CORNER
2023121100,4722,2,3,MIA,33,MIA,OUT
2023121100,2654,3,7,TEN,41,TEN,GO
2023121100,3581,3,11,TEN,45,TEN,SCREEN
2023121100,4752,1,10,MIA,37,MIA,FLAT
2023121100,190,2,10,MIA,28,MIA,POST
2023121100,2868,1,10,TEN,48,TEN,GO
2023121100,1839,2,7,MIA,34,MIA,HITCH
2023121100,4269,1,10,MIA,34,TEN,ANGLE
2023121100,3798,2,20,MIA,37,MIA,OUT
2023121100,2045,1,15,TEN,45,TEN,GO
2023121100,3163,3,5,MIA,5,TEN,SLANT
2023121100,1911,1,10,TEN,21,TEN,SLANT
2023121100,272,3,6,MIA,48,MIA,CORNER
2023121100,1862,3,7,MIA,34,MIA,IN
2023121100,1177,1,10,TEN,48,TEN,IN
2023121100,4697,1,10,MIA,26,MIA,CROSS
2023121100,4090,1,10,TEN,25,TEN,OUT
2023121100,1936,2,3,TEN,28,TEN,GO
2023121101,1602,3,6,NYG,44,NYG,CROSS
2023121101,4108,2,5,NYG,30,NYG,ANGLE
2023121101,2357,1,10,GB,31,NYG,SCREEN
2023121101,229,3,3,GB,43,GB,OUT
2023121101,3950,2,6,NYG,6,GB,IN
2023121101,116,1,10,GB,36,GB,FLAT
2023121101,2804,3,9,NYG,26,NYG,FLAT
2023121101,1306,3,5,GB,46,GB,OUT
2023121101,2528,2,7,GB,48,GB,FLAT
2023121101,1237,1,10,GB,25,GB,FLAT
2023121101,3561,2,6,NYG,37,GB,HITCH
2023121101,272,1,10,NYG,21,NYG,OUT
2023121101,815,4,1,GB,47,GB,FLAT
2023121101,2003,1,10,NYG,24,GB,FLAT
2023121101,2659,3,10,NYG,14,GB,CORNER
2023121101,3868,2,4,NYG,16,GB,GO
2023121101,2907,1,10,GB,36,NYG,GO
2023121101,845,1,10,GB,48,GB,ANGLE
2023121101,518,2,10,GB,7,GB,HITCH
2023121101,4137,1,10,NYG,37,NYG,HITCH
2023121101,4028,3,6,NYG,6,GB,OUT
2023121101,429,3,8,NYG,47,NYG,CORNER
2023121101,3531,1,10,NYG,41,GB,FLAT
2023121101,3201,1,10,NYG,42,GB,POST
2023121101,3843,1,10,NYG,22,GB,IN
2023121101,3420,2,10,NYG,35,NYG,HITCH
2023121101,686,3,11,GB,33,NYG,SCREEN
2023121101,2985,3,7,GB,8,NYG,POST
2023121101,1697,2,7,NYG,46,GB,GO
2023121101,3107,3,5,GB,30,GB,HITCH
2023121101,1956,1,10,NYG,44,GB,OUT
2023121101,2553,3,17,GB,38,GB,HITCH
2023121101,1833,2,6,GB,21,GB,HITCH
2023121101,4167,2,1,NYG,46,NYG,CORNER
2023121101,783,3,6,GB,42,GB,CROSS
2023121101,3586,1,10,NYG,30,GB,OUT
2023121101,2028,2,4,NYG,18,GB,OUT
2023121101,4083,1,10,NYG,25,NYG,HITCH
2023121101,3499,1,10,GB,16,GB,GO
2023121101,3898,3,4,NYG,16,GB,FLAT
2023121101,1100,2,10,NYG,39,NYG,POST
2023121101,1768,3,3,GB,49,NYG,FLAT
2023121101,2725,1,10,NYG,25,NYG,OUT
2023121101,3636,3,10,NYG,30,GB,GO
2023121101,3248,2,6,NYG,24,GB,FLAT
2023121101,543,3,5,GB,12,GB,IN
2023121101,1520,1,10,NYG,40,NYG,OUT
2023121400,1879,3,2,LV,43,LV,SLANT
2023121400,2967,3,5,LV,27,LV,OUT
2023121400,1622,2,7,LAC,11,LV,FLAT
2023121400,365,2,6,LAC,38,LV,POST
2023121400,3746,1,10,LV,23,LV,HITCH
2023121400,2806,1,10,LAC,10,LAC,FLAT
2023121400,3235,3,4,LAC,49,LAC,HITCH
2023121400,4092,3,3,LV,6,LAC,HITCH
2023121400,1245,3,10,LV,18,LV,ANGLE
2023121400,2596,2,3,LAC,3,LV,OUT
2023121400,918,3,1,LAC,22,LV,GO
2023121400,2147,1,10,LAC,49,LV,HITCH
2023121400,2546,1,10,LAC,18,LV,SCREEN
2023121400,2571,1,8,LAC,8,LV,OUT
2023121400,260,2,10,LV,46,LV,HITCH
2023121400,1904,1,10,LAC,33,LV,HITCH
2023121400,708,1,10,LAC,30,LV,CROSS
2023121400,2467,1,10,LAC,38,LV,HITCH
2023121400,3655,2,10,LV,38,LAC,CROSS
2023121400,2420,2,6,LV,29,LV,IN
2023121400,1480,1,10,LV,30,LV,CROSS
2023121400,390,1,10,LAC,14,LV,OUT
2023121400,237,1,10,LV,46,LV,OUT
2023121400,3585,1,10,,50,LAC,SCREEN
2023121400,1028,1,20,LAC,17,LAC,HITCH
2023121400,3037,3,8,LV,34,LV,ANGLE
2023121400,1354,2,4,LAC,27,LAC,HITCH
2023121400,3494,3,4,LAC,31,LAC,CROSS
2023121400,110,3,3,LAC,36,LAC,HITCH
2023121400,660,2,8,LAC,40,LV,GO
2023121400,3771,2,3,LV,30,LV,OUT
2023121400,2197,1,10,LAC,34,LV,CROSS
2023121400,436,3,10,LAC,14,LV,HITCH
2023121400,192,2,2,LV,40,LV,GO
2023121400,2172,2,1,LAC,40,LV,FLAT
2023121400,683,3,8,LAC,40,LV,HITCH
2023121400,3115,2,5,LAC,25,LAC,HITCH
2023121400,2664,1,10,LAC,21,LAC,GO
2023121400,551,1,10,LAC,35,LAC,SCREEN
2023121400,3210,2,10,LAC,43,LAC,FLAT
2023121400,2860,3,4,LAC,16,LAC,FLAT
2023121400,1093,1,10,LAC,38,LAC,CROSS
2023121400,1751,2,22,LAC,13,LAC,GO
2023121400,2490,2,10,LAC,38,LV,OUT
2023121400,3901,3,5,,50,LAC,HITCH
2023121400,2007,1,10,LAC,25,LAC,FLAT
2023121400,1408,2,7,LAC,36,LAC,CROSS
2023121400,3187,1,10,LAC,43,LAC,GO
2023121400,1854,2,7,LV,38,LV,OUT
2023121400,3680,1,10,LV,13,LAC,GO
2023121400,2274,1,10,LAC,20,LV,POST
2023121400,871,1,15,LAC,36,LV,HITCH
2023121709,3472,1,10,ATL,25,CAR,OUT
2023121709,3281,2,9,CAR,6,CAR,CORNER
2023121709,1201,1,10,ATL,42,ATL,FLAT
2023121709,3072,2,12,CAR,40,ATL,GO
2023121709,2118,4,7,ATL,36,CAR,SLANT
2023121709,2997,2,7,ATL,49,ATL,OUT
2023121709,2202,2,9,ATL,31,ATL,CORNER
2023121709,1832,1,10,ATL,10,CAR,FLAT
2023121709,1320,3,7,CAR,42,ATL,GO
2023121709,2225,3,9,ATL,31,ATL,CORNER
2023121709,2686,2,10,ATL,20,ATL,FLAT
2023121709,84,2,8,ATL,25,ATL,ANGLE
2023121709,1747,2,16,ATL,49,CAR,HITCH
2023121709,468,3,11,ATL,33,ATL,FLAT
2023121709,2868,3,4,ATL,7,CAR,SLANT
2023121709,175,1,10,ATL,49,ATL,CROSS
2023121709,1093,2,11,CAR,30,CAR,FLAT
2023121709,348,2,10,ATL,42,CAR,SLANT
2023121709,594,3,4,CAR,43,CAR,OUT
2023121709,1263,1,10,CAR,45,ATL,FLAT
2023121709,3395,3,3,CAR,37,CAR,CORNER
2023121709,3020,3,7,ATL,49,ATL,OUT
2023121709,1777,3,3,ATL,36,CAR,GO
2023121709,3546,1,10,ATL,15,CAR,FLAT
2023121709,534,1,10,CAR,37,CAR,OUT
2023121709,2769,2,7,ATL,21,CAR,SCREEN
2023121709,2093,3,20,ATL,49,CAR,FLAT
2023121709,2616,3,18,ATL,48,CAR,GO
2023121709,1440,3,6,CAR,12,CAR,OUT
2023121709,3178,3,3,CAR,21,ATL,FLAT
2023121709,1233,2,7,ATL,45,ATL,OUT
2023121709,1807,1,10,ATL,26,CAR,GO
2023121709,1489,1,10,ATL,37,ATL,CROSS
2023121709,2282,2,13,CAR,48,ATL,FLAT
2023121709,1669,3,7,CAR,43,CAR,OUT
2023121600,1397,3,8,CIN,25,MIN,SLANT
2023121600,3245,1,10,MIN,19,CIN,CROSS
2023121600,2972,2,8,MIN,27,MIN,POST
2023121600,2428,2,7,CIN,40,CIN,OUT
2023121600,3028,3,13,MIN,22,MIN,HITCH
2023121600,2798,1,10,MIN,45,CIN,HITCH
2023121600,1245,2,7,MIN,31,MIN,CROSS
2023121600,4217,1,10,MIN,37,MIN,IN
2023121600,599,3,1,CIN,17,MIN,FLAT
2023121600,1049,3,15,CIN,44,CIN,GO
2023121600,3400,1,10,MIN,25,MIN,IN
2023121600,2748,3,1,CIN,34,CIN,FLAT
2023121600,2773,1,10,CIN,41,CIN,GO
2023121600,3689,2,6,CIN,42,CIN,FLAT
2023121600,2723,2,4,CIN,31,CIN,FLAT
2023121600,2628,3,4,CIN,21,MIN,IN
2023121600,690,1,10,CIN,25,CIN,OUT
2023121600,1910,2,10,CIN,30,CIN,GO
2023121600,821,2,7,MIN,22,MIN,ANGLE
2023121600,3079,1,10,CIN,37,CIN,FLAT
2023121600,4362,2,9,CIN,43,CIN,CROSS
2023121600,2188,2,6,CIN,49,MIN,OUT
2023121600,202,2,6,MIN,46,CIN,GO
2023121600,3639,1,10,CIN,25,CIN,IN
2023121600,2527,2,5,CIN,34,MIN,OUT
2023121600,3582,1,1,CIN,1,MIN,CROSS
2023121600,1544,3,3,CIN,24,CIN,HITCH
2023121600,1352,1,10,CIN,27,MIN,CROSS
2023121600,1280,1,10,MIN,43,MIN,CROSS
2023121600,3821,3,3,MIN,26,CIN,SCREEN
2023121600,1148,2,9,MIN,17,MIN,HITCH
2023121600,2893,1,10,MIN,13,CIN,CORNER
2023121600,266,2,6,MIN,17,CIN,FLAT
2023121600,2848,2,8,MIN,29,CIN,IN
2023121600,2477,2,6,MIN,47,MIN,OUT
2023121600,130,2,11,CIN,37,CIN,FLAT
2023121600,439,1,10,MIN,36,MIN,IN
2023121600,1327,2,2,CIN,30,MIN,FLAT
2023121600,3664,1,10,CIN,38,CIN,SCREEN
2023121600,1783,1,10,CIN,25,MIN,HITCH
2023121600,3741,2,7,MIN,46,CIN,IN
2023121600,1713,2,4,MIN,40,MIN,POST
2023121600,2136,2,7,MIN,35,MIN,OUT
2023121600,3138,1,10,MIN,46,CIN,IN
2023121600,4168,3,18,CIN,17,CIN,HITCH
2023121600,1683,1,10,MIN,34,MIN,OUT
2023121600,508,1,10,CIN,36,MIN,HITCH
2023121600,2258,3,8,CIN,37,MIN,CROSS
2023121600,3220,3,21,MIN,43,CIN,IN
2023121600,962,1,10,CIN,49,CIN,FLAT
2023121600,4385,3,9,CIN,43,CIN,IN
2023121600,3508,1,10,CIN,44,MIN,OUT
2023121600,1195,3,14,MIN,12,MIN,SLANT
2023121600,177,1,10,,50,CIN,IN
2023121600,2603,2,6,CIN,23,MIN,FLAT
2023121600,1466,3,9,CIN,14,MIN,CROSS
2023121600,4264,2,9,,50,MIN,HITCH
2023121600,2398,1,10,CIN,37,CIN,SCREEN
2023121710,4562,3,15,CLE,47,CLE,CROSS
2023121710,1453,3,5,CLE,5,CHI,OUT
2023121710,2225,2,11,CHI,26,CHI,IN
2023121710,1892,2,13,CHI,22,CHI,HITCH
2023121710,3733,3,13,CHI,18,CLE,CROSS
2023121710,3275,1,10,CLE,49,CLE,FLAT
2023121710,2317,1,10,CLE,43,CHI,FLAT
2023121710,2190,1,10,CHI,27,CHI,SCREEN
2023121710,3298,2,10,CLE,49,CLE,FLAT
2023121710,3373,1,10,CHI,20,CLE,GO
2023121710,4297,2,4,CLE,49,CLE,CROSS
2023121710,1430,2,5,CLE,5,CHI,OUT
2023121710,1755,1,10,CHI,14,CLE,CROSS
2023121710,584,1,13,CLE,34,CLE,HITCH
2023121710,2756,3,4,CLE,31,CLE,CROSS
2023121710,2420,3,4,CLE,37,CHI,SLANT
2023121710,1084,1,15,CHI,35,CHI,GO
2023121710,774,3,2,CHI,27,CHI,GO
2023121710,1574,1,10,CLE,28,CLE,ANGLE
2023121710,3061,1,10,CLE,25,CLE,FLAT
2023121710,1917,3,4,CHI,31,CHI,IN
2023121710,1549,2,7,CLE,19,CLE,HITCH
2023121710,998,3,8,CLE,21,CLE,OUT
2023121710,2970,2,11,CLE,27,CHI,HITCH
2023121710,2287,2,4,CLE,48,CHI,OUT
2023121710,300,3,13,CHI,13,CHI,SCREEN
2023121710,2342,2,9,CLE,42,CHI,OUT
2023121710,3710,2,13,CHI,18,CLE,HITCH
2023121710,4179,2,8,CLE,22,CLE,HITCH
2023121710,2856,1,10,CHI,47,CHI,FLAT
2023121710,3400,1,10,CHI,35,CHI,OUT
2023121710,1806,2,2,CHI,2,CLE,OUT
2023121710,1976,1,10,CLE,28,CLE,IN
2023121710,2623,1,10,CLE,40,CLE,HITCH
2023121710,3504,2,8,CLE,40,CHI,HITCH
2023121710,1599,2,7,CLE,31,CLE,HITCH
2023121710,3930,3,17,CLE,18,CLE,FLAT
2023121710,3622,1,15,CLE,28,CLE,POST
2023121710,2067,2,15,CLE,34,CLE,HITCH
2023121710,1622,3,7,CLE,31,CLE,POST
2023121710,374,2,1,CHI,46,CLE,GO
2023121710,2908,1,10,CLE,41,CHI,FLAT
2023121710,100,3,4,CLE,31,CLE,SLANT
2023121710,4262,1,10,CLE,43,CLE,FLAT
2023121710,1657,1,10,CHI,27,CLE,HITCH
2023121710,4748,2,10,CHI,25,CHI,OUT
2023121710,2250,1,10,CHI,46,CHI,SCREEN
2023121710,206,3,8,CLE,44,CLE,CROSS
2023121710,4399,3,15,CHI,20,CHI,FLAT
2023121710,4450,1,10,CLE,21,CLE,CORNER
2023121710,721,1,10,CHI,19,CHI,OUT
2023121710,149,1,5,CLE,47,CLE,FLAT
2023121710,2001,1,10,CLE,39,CLE,HITCH
2023121710,3250,1,10,CLE,30,CLE,SLANT
2023121710,3647,1,10,CHI,15,CLE,HITCH
2023121710,248,1,10,CHI,16,CHI,GO
2023121710,2995,3,7,CLE,23,CHI,GO
2023121710,4514,1,15,CLE,47,CLE,POST
2023121710,1244,2,8,CLE,11,CLE,GO
2023121710,935,1,10,CLE,19,CLE,HITCH
2023121710,3084,2,10,CLE,25,CLE,POST
2023121602,3542,1,10,DEN,38,DEN,ANGLE
2023121602,1294,1,10,DET,39,DET,GO
2023121602,2678,1,10,DEN,25,DEN,HITCH
2023121602,3824,2,8,DEN,42,DET,CROSS
2023121602,612,1,10,DET,39,DET,HITCH
2023121602,1114,1,10,DEN,40,DET,IN
2023121602,1948,3,7,DEN,15,DET,SLANT
2023121602,3574,1,10,DEN,49,DEN,SLANT
2023121602,1743,1,10,DET,29,DET,CROSS
2023121602,3443,1,10,DET,23,DET,OUT
2023121602,3301,2,9,DEN,26,DEN,POST
2023121602,1139,1,10,DEN,19,DET,CROSS
2023121602,3372,3,10,DEN,44,DEN,GO
2023121602,1378,2,17,DEN,27,DET,OUT
2023121602,2881,1,9,DET,9,DEN,GO
2023121602,1089,3,5,DEN,47,DET,HITCH
2023121602,1431,2,9,DEN,9,DET,ANGLE
2023121602,995,1,10,DET,31,DET,IN
2023121602,2904,2,9,DET,9,DEN,ANGLE
2023121602,3978,4,2,DEN,10,DET,IN
2023121602,3602,1,10,DET,36,DEN,IN
2023121602,1918,2,7,DEN,15,DET,CORNER
2023121602,115,1,10,DET,46,DET,POST
2023121602,1628,2,8,DEN,34,DEN,FLAT
2023121602,476,3,9,DEN,21,DEN,HITCH
2023121602,1408,1,9,DEN,9,DET,POST
2023121602,2442,1,10,DET,25,DET,IN
2023121602,3084,2,3,DET,32,DET,CROSS
2023121602,1502,1,10,DEN,21,DEN,FLAT
2023121602,2467,1,10,DEN,49,DET,OUT
2023121602,2262,3,4,DET,11,DEN,FLAT
2023121602,1718,2,8,DET,21,DET,HITCH
2023121602,3627,1,10,DET,22,DEN,OUT
2023121602,2774,1,10,DET,40,DEN,POST
2023121602,205,1,10,DEN,29,DEN,SLANT
2023121602,903,3,4,DEN,46,DEN,HITCH
2023121602,1064,2,10,DET,48,DET,IN
2023121602,2856,1,10,DET,21,DEN,CROSS
2023121602,694,3,10,DEN,49,DET,GO
2023121602,3650,2,10,DET,22,DEN,CROSS
2023121602,2826,3,10,DET,40,DEN,HITCH
2023121602,90,2,10,DET,25,DET,OUT
2023121602,587,2,12,DET,25,DET,IN
2023121602,1893,1,10,DEN,18,DET,CROSS
2023121602,664,2,9,DEN,48,DET,FLAT
2023121602,2314,2,3,DET,3,DEN,CORNER
2023121602,2187,2,8,DET,31,DEN,IN
2023121602,138,2,10,DET,46,DET,FLAT
2023121602,163,3,6,,50,DET,OUT
2023121602,2749,1,10,DEN,36,DEN,CROSS
2023121602,1766,2,10,DET,29,DET,IN
2023121602,2614,3,3,DEN,3,DET,IN
2023121601,2181,1,10,PIT,25,PIT,HITCH
2023121601,2987,2,3,PIT,48,PIT,HITCH
2023121601,1378,1,16,,50,PIT,POST
2023121601,1056,2,10,IND,25,IND,POST
2023121601,969,2,4,IND,4,PIT,FLAT
2023121601,3650,3,17,PIT,29,PIT,OUT
2023121601,1202,2,16,PIT,16,IND,FLAT
2023121601,3907,2,13,PIT,30,PIT,OUT
2023121601,1954,2,8,PIT,28,PIT,CROSS
2023121601,1753,3,1,PIT,1,IND,POST
2023121601,240,1,10,IND,47,IND,OUT
2023121601,210,3,2,IND,39,IND,OUT
2023121601,2124,2,10,PIT,14,IND,CROSS
2023121601,1979,3,3,PIT,33,PIT,HITCH
2023121601,1489,1,10,IND,46,IND,CROSS
2023121601,2940,3,19,PIT,16,PIT,HITCH
2023121601,2708,1,10,PIT,20,IND,FLAT
2023121601,2227,3,10,PIT,25,PIT,OUT
2023121601,354,3,13,PIT,45,IND,SLANT
2023121601,3449,3,6,PIT,13,IND,SLANT
2023121601,3537,2,10,PIT,25,PIT,FLAT
2023121601,180,2,9,IND,32,IND,CROSS
2023121601,823,2,7,IND,28,IND,HITCH
2023121601,2756,3,7,PIT,17,IND,SLANT
2023121601,454,3,3,IND,47,PIT,HITCH
2023121601,2528,1,10,PIT,18,IND,CORNER
2023121601,1722,2,8,PIT,8,IND,FLAT
2023121601,571,2,9,IND,22,PIT,IN
2023121601,2733,2,7,PIT,17,IND,CORNER
2023121601,1808,4,1,PIT,1,IND,CROSS
2023121601,524,3,6,IND,38,PIT,IN
2023121601,400,1,10,PIT,46,PIT,HITCH
2023121601,1884,3,4,PIT,8,PIT,OUT
2023121601,3680,4,10,PIT,36,PIT,OUT
2023121601,2335,3,2,IND,33,IND,HITCH
2023121601,2028,1,10,IND,26,IND,IN
2023121601,3710,1,10,IND,49,PIT,POST
2023121601,155,1,10,IND,31,IND,FLAT
2023121601,2310,2,5,IND,30,IND,FLAT
2023121601,2204,2,10,PIT,25,PIT,POST
2023121601,2101,1,10,PIT,14,IND,POST
2023121601,1525,2,10,IND,46,IND,POST
2023121601,3562,1,10,PIT,36,PIT,HITCH
2023121601,2585,1,10,PIT,25,PIT,HITCH
2023121700,2468,2,5,TB,20,GB,OUT
2023121700,878,3,6,GB,19,TB,GO
2023121700,2318,1,10,TB,48,GB,CROSS
2023121700,56,1,10,TB,25,TB,OUT
2023121700,1954,3,7,GB,28,GB,CORNER
2023121700,1648,1,10,TB,42,TB,POST
2023121700,2846,2,2,GB,2,TB,FLAT
2023121700,3128,2,7,TB,18,GB,FLAT
2023121700,1113,3,9,TB,22,GB,OUT
2023121700,1364,2,10,GB,36,GB,CROSS
2023121700,2293,3,5,GB,30,GB,SLANT
2023121700,3430,1,10,GB,22,GB,HITCH
2023121700,3455,1,10,GB,34,GB,HITCH
2023121700,317,1,10,GB,25,GB,OUT
2023121700,3330,3,4,TB,48,TB,OUT
2023121700,413,3,6,TB,44,GB,OUT
2023121700,2618,1,10,TB,25,TB,GO
2023121700,962,2,12,GB,23,GB,HITCH
2023121700,2443,1,20,TB,35,GB,GO
2023121700,2985,1,10,GB,49,GB,HITCH
2023121700,3527,2,2,TB,43,GB,SLANT
2023121700,3261,3,4,TB,31,TB,IN
2023121700,2359,2,8,TB,46,GB,CORNER
2023121700,2710,2,8,GB,38,TB,SLANT
2023121700,781,1,10,TB,38,TB,SLANT
2023121700,1623,1,10,TB,26,TB,OUT
2023121700,3153,3,4,TB,15,GB,CROSS
2023121700,1036,1,10,GB,41,GB,GO
2023121700,1341,1,10,GB,36,GB,OUT
2023121700,2382,3,8,TB,46,GB,POST
2023121700,3575,2,10,TB,30,GB,OUT
2023121700,2062,3,6,TB,38,TB,IN
2023121700,2553,3,14,TB,17,GB,CORNER
2023121700,2910,1,10,GB,25,GB,FLAT
2023121700,1088,2,10,TB,23,GB,FLAT
2023121700,2663,2,18,TB,39,TB,POST
2023121700,1741,2,29,TB,48,TB,OUT
2023121700,2814,1,2,GB,2,TB,OUT
2023121700,2182,2,5,GB,26,TB,WHEEL
2023121700,1466,3,11,GB,46,GB,CROSS
2023121700,1566,2,9,TB,12,TB,OUT
2023121700,2789,2,7,GB,24,TB,POST
2023121700,182,3,4,GB,31,TB,HITCH
2023121700,2039,2,6,TB,38,TB,CORNER
2023121700,3502,1,10,GB,49,GB,HITCH
2023121700,806,1,10,GB,48,TB,CROSS
2023121700,108,2,7,TB,39,TB,ANGLE
2023121700,2268,2,10,GB,25,GB,OUT
2023121700,2498,1,10,TB,13,GB,FLAT
2023121700,2523,2,13,TB,16,GB,FLAT
2023121700,1598,3,3,TB,18,TB,HITCH
2023121700,2109,2,12,GB,46,TB,SLANT
2023121700,3598,3,10,TB,30,GB,OUT
2023121701,2913,3,13,NYJ,47,MIA,FLAT
2023121701,299,3,6,NYJ,16,NYJ,OUT
2023121701,2538,1,10,NYJ,25,NYJ,HITCH
2023121701,2831,3,4,MIA,47,MIA,FLAT
2023121701,3563,2,4,NYJ,19,NYJ,FLAT
2023121701,1624,3,4,MIA,26,MIA,IN
2023121701,1787,3,7,NYJ,32,MIA,IN
2023121701,1907,1,10,NYJ,25,NYJ,OUT
2023121701,1991,2,10,NYJ,36,NYJ,CORNER
2023121701,1687,2,6,NYJ,47,MIA,IN
2023121701,3638,2,9,NYJ,28,NYJ,OUT
2023121701,2172,2,19,NYJ,16,NYJ,IN
2023121701,545,1,10,NYJ,36,NYJ,GO
2023121701,2745,1,10,MIA,33,NYJ,CORNER
2023121701,3198,1,10,NYJ,38,NYJ,OUT
2023121701,3613,1,10,NYJ,27,NYJ,FLAT
2023121701,1144,2,8,NYJ,47,MIA,FLAT
2023121701,593,3,4,NYJ,42,NYJ,CROSS
2023121701,2585,3,3,NYJ,32,NYJ,OUT
2023121701,3148,1,10,NYJ,25,NYJ,FLAT
2023121701,737,2,7,NYJ,26,MIA,HITCH
2023121701,3221,2,10,NYJ,38,NYJ,SLANT
2023121701,1594,2,7,MIA,23,MIA,SCREEN
2023121701,1387,2,10,NYJ,25,NYJ,OUT
2023121701,1936,2,5,NYJ,30,NYJ,ANGLE
2023121701,2686,2,9,MIA,43,NYJ,HITCH
2023121701,3661,3,9,NYJ,28,NYJ,IN
2023121701,1453,1,10,NYJ,35,NYJ,CORNER
2023121701,81,2,2,MIA,33,MIA,SCREEN
2023121701,904,3,15,NYJ,24,MIA,IN
2023121701,3732,3,10,NYJ,37,NYJ,GO
2023121701,2195,3,19,NYJ,16,NYJ,OUT
2023121701,2888,2,12,NYJ,46,MIA,SCREEN
2023121701,3686,1,10,NYJ,37,NYJ,OUT
2023121701,1742,1,10,NYJ,35,MIA,OUT
2023121701,3755,4,10,NYJ,37,NYJ,CORNER
2023121701,1300,1,10,MIA,40,MIA,GO
2023121701,509,3,6,NYJ,29,NYJ,IN
2023121701,3246,1,10,MIA,41,NYJ,SLANT
2023121701,685,3,3,NYJ,34,MIA,FLAT
2023121701,3304,2,13,MIA,44,NYJ,IN
2023121701,3588,3,6,NYJ,17,NYJ,HITCH
2023121701,1710,3,6,NYJ,47,MIA,OUT
2023121701,2639,1,15,NYJ,38,NYJ,HITCH
2023121701,2333,4,5,NYJ,45,MIA,SLANT
2023121702,3613,3,1,NYG,17,NYG,CROSS
2023121702,2010,1,10,NO,32,NO,HITCH
2023121702,1574,1,10,NYG,40,NYG,SLANT
2023121702,1378,2,7,NO,17,NO,HITCH
2023121702,2975,3,16,NYG,39,NO,HITCH
2023121702,178,2,10,NYG,40,NYG,FLAT
2023121702,55,1,10,NYG,25,NYG,GO
2023121702,1432,1,10,NO,27,NO,CROSS
2023121702,582,3,5,NO,37,NO,CROSS
2023121702,886,2,12,NYG,23,NYG,SLANT
2023121702,3243,2,5,NYG,43,NYG,OUT
2023121702,3333,2,18,NYG,46,NYG,FLAT
2023121702,2267,3,3,NYG,42,NO,OUT
2023121702,3643,1,10,NYG,36,NYG,GO
2023121702,3125,1,1,NYG,1,NO,CORNER
2023121702,3563,1,10,NYG,8,NYG,FLAT
2023121702,2596,2,10,NYG,39,NO,FLAT
2023121702,3809,3,19,NO,40,NYG,HITCH
2023121702,949,1,10,NO,32,NO,FLAT
2023121702,2542,1,10,NO,43,NO,IN
2023121702,1638,3,22,NYG,28,NYG,FLAT
2023121702,3588,2,7,NYG,11,NYG,SLANT
2023121702,651,2,9,NYG,45,NO,OUT
2023121702,1286,2,11,NO,36,NYG,GO
2023121702,1101,1,10,NYG,10,NYG,SLANT
2023121702,3191,1,10,NYG,25,NYG,CROSS
2023121702,1901,2,10,NO,29,NYG,ANGLE
2023121702,3666,2,10,NYG,36,NYG,FLAT
2023121702,1836,2,4,NO,34,NYG,HITCH
2023121702,2292,1,10,NYG,34,NO,SLANT
2023121702,359,2,7,NO,23,NO,CROSS
2023121702,1730,3,5,NO,47,NYG,FLAT
2023121702,1871,1,10,NO,29,NYG,ANGLE
2023121702,208,1,10,NO,43,NYG,CROSS
2023121702,3484,2,8,NYG,41,NO,GO
2023121702,3719,4,10,NYG,36,NYG,CROSS
2023121702,704,2,10,NYG,30,NO,POST
2023121702,3358,3,14,,50,NYG,SCREEN
2023121702,1020,2,7,NYG,48,NO,FLAT
2023121702,2066,2,20,NO,22,NO,HITCH
2023121702,1209,3,12,NYG,22,NYG,POST
2023121702,2113,1,10,NO,43,NO,HITCH
2023121702,557,2,9,NO,33,NO,FLAT
2023121702,3383,4,8,NO,44,NYG,HITCH
2023121702,3834,4,10,NO,31,NYG,HITCH
2023121702,3288,4,2,NYG,46,NYG,CROSS
2023121702,382,3,7,NO,23,NO,HITCH
2023121702,1261,1,10,NO,35,NYG,SCREEN
2023121702,3066,2,7,NYG,7,NO,FLAT
2023121702,2317,1,10,NYG,23,NO,GO
2023121702,2908,1,20,NYG,43,NO,CROSS
2023121702,3747,1,10,NO,31,NYG,FLAT
2023121702,780,3,4,NYG,7,NO,IN
2023121702,334,1,10,NO,20,NO,FLAT
2023121703,4227,3,20,TEN,38,TEN,GO
2023121703,756,1,10,TEN,25,TEN,IN
2023121703,4421,1,10,TEN,47,TEN,GO
2023121703,150,1,10,TEN,17,TEN,FLAT
2023121703,1630,2,9,TEN,45,HOU,CROSS
2023121703,4536,1,10,HOU,20,HOU,ANGLE
2023121703,4160,3,10,TEN,25,TEN,GO
2023121703,4008,1,10,HOU,45,HOU,CROSS
2023121703,534,1,10,HOU,28,HOU,CROSS
2023121703,2752,2,8,TEN,26,TEN,CROSS
2023121703,1973,3,8,TEN,27,TEN,SLANT
2023121703,3034,2,7,HOU,43,TEN,POST
2023121703,3801,2,15,HOU,35,HOU,OUT
2023121703,2030,2,8,TEN,40,TEN,CORNER
2023121703,1184,3,12,HOU,11,HOU,HITCH
2023121703,55,1,10,HOU,25,HOU,HITCH
2023121703,652,3,4,HOU,45,HOU,CROSS
2023121703,3484,3,3,TEN,3,HOU,IN
2023121703,1948,2,12,TEN,23,TEN,OUT
2023121703,2780,1,10,TEN,48,TEN,FLAT
2023121703,310,2,13,HOU,37,TEN,FLAT
2023121703,2182,3,8,TEN,45,HOU,OUT
2023121703,1813,2,1,TEN,5,HOU,POST
2023121703,564,2,5,HOU,33,HOU,OUT
2023121703,2562,1,10,TEN,36,HOU,SCREEN
2023121703,937,3,10,HOU,20,HOU,IN
2023121703,3824,3,15,HOU,35,HOU,GO
2023121703,3680,3,6,TEN,43,TEN,CROSS
2023121703,3643,2,10,TEN,39,TEN,FLAT
2023121703,803,2,15,TEN,40,TEN,IN
2023121703,3571,2,8,TEN,27,TEN,POST
2023121703,3754,1,10,HOU,40,HOU,FLAT
2023121703,1788,1,10,TEN,14,HOU,IN
2023121703,3594,3,8,TEN,27,TEN,HITCH
2023121703,2102,1,10,TEN,47,HOU,FLAT
2023121703,263,2,8,TEN,29,TEN,POST
2023121703,2410,2,17,TEN,18,TEN,GO
2023121703,1390,2,5,TEN,11,TEN,FLAT
2023121703,3878,1,10,TEN,29,TEN,CORNER
2023121703,3983,1,10,HOU,30,HOU,HITCH
2023121703,3301,2,7,HOU,43,HOU,OUT
2023121703,3326,1,10,TEN,49,HOU,OUT
2023121703,1053,3,10,HOU,40,HOU,ANGLE
2023121703,3251,2,10,HOU,21,HOU,POST
2023121703,338,3,10,HOU,34,TEN,GO
2023121703,2216,1,10,TEN,29,HOU,SLANT
2023121703,3228,1,10,HOU,21,HOU,IN
2023121703,2827,3,8,,50,TEN,OUT
2023121704,2282,1,10,ARI,25,ARI,CROSS
2023121704,123,2,5,ARI,30,ARI,FLAT
2023121704,317,1,10,SF,25,SF,OUT
2023121704,3980,2,9,SF,34,ARI,FLAT
2023121704,3566,4,6,ARI,29,ARI,HITCH
2023121704,1547,1,10,ARI,38,SF,FLAT
2023121704,3907,2,7,,50,ARI,GO
2023121704,3108,3,2,ARI,33,ARI,SCREEN
2023121704,3188,3,13,ARI,36,ARI,FLAT
2023121704,942,3,22,ARI,48,ARI,SCREEN
2023121704,386,1,10,SF,47,SF,GO
2023121704,2668,3,7,SF,14,ARI,OUT
2023121704,2170,2,11,SF,24,SF,CROSS
2023121704,2643,2,11,SF,18,ARI,HITCH
2023121704,3955,1,10,SF,35,ARI,OUT
2023121704,697,4,3,SF,42,ARI,HITCH
2023121704,2762,3,9,SF,9,ARI,GO
2023121704,1944,1,10,SF,12,SF,HITCH
2023121704,1784,1,10,ARI,25,ARI,HITCH
2023121704,3877,1,10,ARI,47,ARI,OUT
2023121704,3663,2,8,ARI,45,SF,CROSS
2023121704,3930,3,7,,50,ARI,OUT
2023121704,1351,3,10,SF,31,ARI,ANGLE
2023121704,2537,1,10,ARI,22,ARI,FLAT
2023121704,3602,1,10,ARI,36,ARI,IN
2023121704,2835,1,10,SF,40,SF,CROSS
2023121704,2562,2,8,ARI,24,ARI,OUT
2023121704,2024,2,10,SF,32,SF,POST
2023121704,409,2,10,SF,47,SF,CROSS
2023121704,1666,3,2,ARI,25,SF,CROSS
2023121704,1969,2,3,SF,19,SF,OUT
2023121704,1508,1,10,SF,38,SF,ANGLE
2023121704,3543,3,6,ARI,29,ARI,GO
2023121704,4042,1,9,SF,9,ARI,FLAT
2023121704,3800,1,10,ARI,25,ARI,POST
2023121704,3213,4,3,ARI,46,ARI,SLANT
2023121704,1055,3,12,SF,23,SF,ANGLE
2023121704,2193,3,11,SF,24,SF,POST
2023121704,2698,1,5,SF,5,ARI,CROSS
2023121704,1994,1,10,SF,32,SF,HITCH
2023121704,1720,2,5,ARI,5,SF,ANGLE
2023121704,3520,2,6,ARI,29,ARI,OUT
2023121704,488,1,10,ARI,12,SF,CROSS
2023121704,3138,1,10,ARI,39,ARI,ANGLE
2023121704,4012,3,1,SF,26,ARI,OUT
2023121704,1010,1,10,SF,25,SF,IN
2023121704,3429,2,9,ARI,19,SF,GO
2023121704,153,1,10,ARI,41,ARI,CORNER
2023121704,582,2,10,ARI,25,ARI,GO
2023121704,2218,1,10,ARI,41,SF,WHEEL
2023121704,2858,2,10,SF,40,SF,HITCH
2023121705,2734,1,10,LA,24,WAS,CORNER
2023121705,2994,3,3,WAS,42,LA,IN
2023121705,624,1,20,WAS,37,WAS,HITCH
2023121705,3843,1,10,WAS,35,WAS,OUT
2023121705,975,3,5,LA,37,LA,OUT
2023121705,2843,1,10,LA,25,LA,OUT
2023121705,1867,1,10,WAS,39,WAS,FLAT
2023121705,4143,2,3,LA,3,WAS,IN
2023121705,751,2,2,LA,13,WAS,HITCH
2023121705,1892,2,10,WAS,39,WAS,HITCH
2023121705,462,1,10,WAS,25,WAS,FLAT
2023121705,1547,1,10,WAS,26,WAS,POST
2023121705,3627,1,10,WAS,47,WAS,FLAT
2023121705,699,4,2,LA,45,WAS,CROSS
2023121705,2445,2,12,WAS,49,WAS,HITCH
2023121705,3652,2,7,,50,WAS,OUT
2023121705,903,3,6,LA,16,LA,OUT
2023121705,2704,4,3,LA,41,WAS,HITCH
2023121705,273,1,10,WAS,32,LA,OUT
2023121705,107,3,4,WAS,31,WAS,OUT
2023121705,1675,3,4,WAS,32,WAS,CROSS
2023121705,2470,3,5,LA,44,WAS,GO
2023121705,853,2,13,LA,9,LA,OUT
2023121705,2573,3,13,LA,9,LA,OUT
2023121705,3117,3,6,WAS,13,WAS,GO
2023121705,4196,4,3,LA,3,WAS,POST
2023121705,1074,1,10,WAS,33,LA,CROSS
2023121705,1407,3,4,WAS,11,LA,ANGLE
2023121705,3372,1,10,WAS,25,WAS,HITCH
2023121705,174,1,15,LA,14,LA,SCREEN
2023121705,2622,1,10,LA,48,WAS,OUT
2023121705,3702,2,1,LA,29,WAS,GO
2023121705,3550,3,6,WAS,25,LA,CROSS
2023121705,3217,2,1,WAS,42,LA,IN
2023121705,1796,1,10,LA,49,LA,FLAT
2023121705,221,3,9,LA,20,LA,IN
2023121705,3172,1,10,LA,49,LA,CROSS
2023121705,1737,1,10,LA,28,LA,FLAT
2023121705,3873,1,10,LA,49,WAS,GO
2023121705,3520,2,10,WAS,29,LA,FLAT
2023121705,2378,2,2,WAS,44,WAS,SLANT
2023121705,2868,2,8,LA,27,LA,HITCH
2023121705,4048,3,11,LA,11,WAS,CROSS
2023121705,3269,2,9,WAS,23,LA,WHEEL
2023121705,492,2,2,WAS,33,WAS,FLAT
2023121705,1570,2,10,WAS,26,WAS,FLAT
2023121705,2253,1,10,LA,38,LA,GO
2023121705,1311,3,5,WAS,48,LA,HITCH
2023121705,2779,3,5,LA,19,WAS,CORNER
2023121705,1027,2,8,WAS,47,LA,FLAT
2023121705,3677,1,10,LA,38,WAS,HITCH
2023121706,690,3,3,BUF,20,BUF,HITCH
2023121706,1588,2,6,BUF,40,BUF,HITCH
2023121706,172,1,10,DAL,40,BUF,IN
2023121706,3160,2,10,DAL,43,DAL,FLAT
2023121706,3584,3,2,BUF,28,DAL,FLAT
2023121706,3402,1,10,DAL,36,DAL,OUT
2023121706,3452,1,10,BUF,49,DAL,CROSS
2023121706,942,2,8,BUF,26,BUF,SLANT
2023121706,3524,1,10,BUF,36,DAL,GO
2023121706,2609,3,5,DAL,5,BUF,FLAT
2023121706,81,2,8,BUF,27,BUF,FLAT
2023121706,1931,2,2,DAL,33,DAL,OUT
2023121706,3121,1,10,DAL,43,DAL,OUT
2023121706,783,2,10,DAL,34,DAL,ANGLE
2023121706,2118,1,10,DAL,18,DAL,HITCH
2023121706,1033,1,10,BUF,41,BUF,FLAT
2023121706,433,2,6,DAL,29,DAL,POST
2023121706,749,1,10,DAL,34,DAL,HITCH
2023121706,2004,3,6,DAL,39,DAL,OUT
2023121706,1179,1,10,DAL,18,BUF,WHEEL
2023121706,3027,1,10,DAL,25,DAL,FLAT
2023121706,1979,2,10,DAL,35,DAL,ANGLE
2023121706,667,2,3,BUF,20,BUF,GO
2023121706,1056,2,10,BUF,41,BUF,OUT
2023121706,3427,2,7,DAL,39,DAL,OUT
2023121706,3547,2,10,BUF,36,DAL,OUT
2023121706,1352,3,4,BUF,48,DAL,CORNER
2023121706,489,1,10,DAL,42,DAL,SLANT
2023121706,2362,1,10,BUF,41,BUF,FLAT
2023121706,3057,2,5,DAL,30,DAL,POST
2023121706,3629,1,10,BUF,22,DAL,SLANT
2023121706,3084,3,5,DAL,30,DAL,OUT
2023121706,2881,2,8,DAL,46,BUF,CROSS
2023121706,3377,2,1,DAL,29,DAL,SLANT
2023121706,3345,1,10,DAL,20,DAL,HITCH
2023121706,1956,1,10,DAL,35,DAL,OUT
2023121706,2187,1,10,DAL,30,DAL,HITCH
2023121706,1327,2,8,DAL,48,DAL,HITCH
2023121706,3212,4,5,DAL,48,DAL,HITCH
2023121801,1814,3,10,PHI,40,PHI,HITCH
2023121801,1732,1,10,PHI,25,PHI,HITCH
2023121801,2295,2,6,PHI,28,SEA,FLAT
2023121801,748,3,10,SEA,27,SEA,HITCH
2023121801,2416,2,1,PHI,34,PHI,CROSS
2023121801,1863,1,10,SEA,19,SEA,HITCH
2023121801,2196,2,3,SEA,42,SEA,FLAT
2023121801,4106,1,10,PHI,45,PHI,GO
2023121801,2733,1,10,SEA,25,SEA,POST
2023121801,2546,3,9,SEA,44,PHI,OUT
2023121801,1095,2,6,SEA,45,PHI,HITCH
2023121801,723,2,16,SEA,21,SEA,HITCH
2023121801,651,3,10,PHI,12,PHI,HITCH
2023121801,3815,2,5,SEA,31,SEA,HITCH
2023121801,2386,1,10,PHI,25,PHI,OUT
2023121801,3350,1,10,PHI,25,PHI,SLANT
2023121801,129,3,9,PHI,39,PHI,HITCH
2023121801,3893,2,10,SEA,37,SEA,HITCH
2023121801,3737,1,10,SEA,8,SEA,HITCH
2023121801,1650,3,7,PHI,11,SEA,CROSS
2023121801,3974,2,10,PHI,29,SEA,SLANT
2023121801,3997,3,10,PHI,29,SEA,GO
2023121801,3097,2,6,PHI,34,SEA,CROSS
2023121801,2908,3,8,PHI,23,PHI,GO
2023121801,3422,1,10,SEA,45,PHI,POST
2023121801,2621,3,3,SEA,26,PHI,OUT
2023121801,1999,1,10,PHI,32,PHI,OUT
2023121801,3501,3,5,SEA,25,SEA,IN
2023121801,3870,1,10,SEA,37,SEA,GO
2023121801,1627,2,7,PHI,11,SEA,OUT
2023121801,530,3,9,SEA,26,SEA,SLANT
2023121801,3760,2,10,SEA,8,SEA,POST
2023121801,1469,1,10,PHI,45,SEA,HITCH
2023121801,2596,2,13,SEA,36,PHI,HITCH
2023121801,3785,1,10,SEA,26,SEA,OUT
2023121801,977,2,10,PHI,29,PHI,IN
2023121801,209,3,6,SEA,39,PHI,HITCH
2023121801,773,1,10,SEA,39,SEA,OUT
2023121801,3916,3,10,SEA,37,SEA,GO
2023121801,483,1,15,SEA,20,SEA,FLAT
2023121801,1566,3,10,PHI,27,SEA,IN
2023121801,604,2,5,PHI,17,PHI,GO
2023121801,849,3,6,SEA,43,SEA,FLAT
2023121801,1543,2,10,PHI,27,SEA,OUT
2023121801,3072,1,10,PHI,38,SEA,FLAT
2023121801,3397,2,5,PHI,45,PHI,HITCH
2023121801,1208,4,4,SEA,18,PHI,HITCH
2023121801,4054,1,10,PHI,25,PHI,OUT
2023121708,3657,2,10,JAX,32,JAX,ANGLE
2023121708,96,2,4,JAX,27,JAX,HITCH
2023121708,1282,3,1,BAL,22,JAX,FLAT
2023121708,2135,1,10,BAL,36,BAL,CORNER
2023121708,1257,2,10,BAL,31,JAX,OUT
2023121708,889,1,10,,50,JAX,HITCH
2023121708,1353,2,17,BAL,23,JAX,OUT
2023121708,3730,2,10,BAL,44,JAX,HITCH
2023121708,2342,2,10,JAX,12,JAX,HITCH
2023121708,119,3,4,JAX,27,JAX,ANGLE
2023121708,1049,1,10,BAL,45,BAL,FLAT
2023121708,1692,1,10,JAX,17,BAL,GO
2023121708,649,2,12,BAL,37,JAX,FLAT
2023121708,1771,2,16,JAX,16,BAL,GO
2023121708,1842,1,10,JAX,41,JAX,GO
2023121708,2892,2,6,JAX,30,BAL,POST
2023121708,590,1,10,JAX,37,JAX,POST
2023121708,3855,1,10,BAL,13,JAX,SLANT
2023121708,3753,3,10,BAL,44,JAX,OUT
2023121708,1155,2,11,JAX,47,JAX,HITCH
2023121708,3707,1,10,BAL,44,JAX,POST
2023121708,3559,3,7,JAX,16,BAL,GO
2023121708,3459,2,10,JAX,25,JAX,POST
2023121708,3878,2,10,BAL,13,JAX,POST
2023121708,3972,4,10,BAL,13,JAX,HITCH
2023121708,1449,2,10,BAL,40,BAL,FLAT
2023121708,2621,3,7,JAX,38,BAL,GO
2023121708,439,2,9,JAX,13,BAL,SCREEN
2023121708,1103,2,4,JAX,38,BAL,HITCH
2023121708,1005,3,6,BAL,36,JAX,CROSS
2023121708,3062,3,2,JAX,33,JAX,HITCH
2023121708,2238,2,14,BAL,44,BAL,HITCH
2023121708,3436,1,10,JAX,25,JAX,GO
2023121708,1924,1,10,BAL,40,JAX,OUT
2023121708,1584,3,6,JAX,44,BAL,IN
2023121708,3913,3,10,BAL,13,JAX,OUT
2023121708,3037,2,9,JAX,26,JAX,HITCH
2023121708,2419,2,6,JAX,35,JAX,GO
2023121708,191,3,6,JAX,44,JAX,IN
2023121708,3370,3,7,JAX,7,BAL,CROSS
2023121708,1479,3,10,BAL,40,BAL,OUT
2023121708,288,1,10,BAL,31,BAL,HITCH
2023121708,263,2,8,BAL,13,BAL,HITCH
2023121708,2716,2,7,JAX,13,JAX,ANGLE
2023121708,3175,2,5,BAL,42,BAL,FLAT
2023121708,1180,3,6,BAL,48,JAX,HITCH
2023121708,1865,2,10,JAX,41,JAX,HITCH
2023121708,2367,3,2,JAX,20,JAX,SLANT
2023121708,313,2,1,BAL,40,BAL,IN
2023121708,1609,1,10,JAX,30,BAL,OUT
2023121708,1205,4,2,BAL,44,JAX,OUT
2023121708,3805,1,10,BAL,25,JAX,POST
2023121708,2003,1,5,BAL,5,JAX,FLAT
2023121711,2635,1,10,KC,26,KC,POST
2023121711,1378,1,10,KC,25,KC,HITCH
2023121711,2875,3,13,NE,22,NE,SLANT
2023121711,125,3,8,NE,15,NE,SLANT
2023121711,3626,3,4,KC,31,KC,CROSS
2023121711,2411,2,6,NE,6,KC,ANGLE
2023121711,100,2,11,NE,12,NE,HITCH
2023121711,3448,1,10,KC,24,KC,HITCH
2023121711,503,1,10,KC,28,NE,CROSS
2023121711,652,1,10,KC,31,KC,HITCH
2023121711,3256,1,10,KC,27,KC,HITCH
2023121711,1262,2,9,KC,23,NE,FLAT
2023121711,2276,3,7,NE,11,KC,CORNER
2023121711,363,1,10,NE,29,NE,FLAT
2023121711,2743,3,13,NE,40,KC,FLAT
2023121711,2151,3,10,NE,43,KC,OUT
2023121711,2198,2,9,NE,31,KC,OUT
2023121711,2349,1,10,NE,21,NE,IN
2023121711,3087,2,3,NE,42,NE,CROSS
2023121711,317,3,11,NE,26,KC,ANGLE
2023121711,2504,2,5,NE,40,NE,HITCH
2023121711,1150,1,10,KC,48,NE,FLAT
2023121711,3403,3,11,NE,26,NE,CROSS
2023121711,475,2,7,KC,37,NE,IN
2023121711,2926,1,10,KC,26,KC,GO
2023121711,743,1,10,NE,15,KC,OUT
2023121711,3226,2,7,KC,18,KC,FLAT
2023121711,3110,3,3,NE,42,NE,FLAT
2023121711,1643,3,8,KC,27,KC,CORNER
2023121711,1089,2,17,NE,32,NE,HITCH
2023121711,400,2,8,NE,31,NE,IN
2023121711,2228,1,10,NE,14,KC,POST
2023121711,2101,1,10,NE,43,KC,GO
2023121711,3883,3,4,NE,7,NE,ANGLE
2023121711,425,1,10,NE,40,NE,HITCH
2023121711,1215,3,5,KC,43,NE,GO
2023121711,1986,1,10,KC,25,KC,HITCH
2023121711,1857,2,8,NE,8,KC,FLAT
2023121711,1314,4,2,KC,16,NE,CORNER
2023121711,844,1,10,NE,25,NE,OUT
2023121711,2381,1,7,NE,7,KC,FLAT
2023121711,1717,3,9,NE,41,KC,POST
2023121711,2984,3,9,KC,27,KC,IN
2023121711,450,1,10,KC,40,NE,CROSS
2023121711,1114,3,12,NE,37,NE,IN
2023121711,3913,4,4,NE,7,NE,SLANT
2023121711,168,1,10,KC,38,KC,CORNER
2023122100,3562,3,2,LA,5,NO,GO
2023122100,1032,2,6,NO,20,LA,OUT
2023122100,437,2,5,NO,40,LA,CROSS
2023122100,3168,2,8,NO,19,LA,CROSS
2023122100,935,3,5,LA,39,NO,IN
2023122100,3013,2,15,LA,26,LA,OUT
2023122100,1343,1,10,LA,32,LA,CROSS
2023122100,2182,1,10,LA,25,LA,GO
2023122100,910,2,8,LA,42,NO,ANGLE
2023122100,78,2,8,NO,27,NO,OUT
2023122100,843,3,6,,50,NO,HITCH
2023122100,3321,1,10,NO,36,NO,IN
2023122100,1571,1,10,NO,37,NO,GO
2023122100,2891,3,7,LA,34,NO,HITCH
2023122100,1713,2,5,LA,30,LA,OUT
2023122100,1450,2,10,LA,48,LA,OUT
2023122100,1101,3,2,NO,2,LA,OUT
2023122100,2578,3,6,NO,46,NO,CROSS
2023122100,3852,2,10,LA,35,NO,GO
2023122100,357,2,6,LA,38,LA,IN
2023122100,2207,1,10,NO,34,LA,FLAT
2023122100,3643,1,10,LA,17,LA,OUT
2023122100,820,2,6,,50,NO,HITCH
2023122100,657,3,2,NO,2,LA,FLAT
2023122100,1839,2,5,LA,42,NO,SLANT
2023122100,1185,1,10,NO,25,NO,HITCH
2023122100,2262,1,10,NO,22,LA,CORNER
2023122100,3445,2,13,LA,40,NO,IN
2023122100,208,2,7,LA,31,NO,IN
2023122100,1210,1,10,NO,39,NO,OUT
2023122100,2100,1,10,NO,25,NO,GO
2023122100,467,1,10,NO,25,LA,OUT
2023122100,2496,3,6,NO,29,NO,HITCH
2023122100,103,1,10,NO,38,NO,IN
2023122100,680,4,2,NO,2,LA,HITCH
2023122100,2762,1,10,NO,25,NO,IN
2023122100,2868,2,7,LA,34,NO,HITCH
2023122100,1874,3,5,LA,42,NO,ANGLE
2023122100,1688,1,10,LA,25,LA,HITCH
2023122100,1814,1,10,LA,47,NO,SLANT
2023122100,3191,3,8,NO,19,LA,OUT
2023122100,1527,3,2,NO,28,LA,SLANT
2023122100,1630,2,12,LA,45,NO,POST
2023122100,2816,2,9,LA,46,NO,HITCH
2023122100,1945,1,10,NO,26,LA,FLAT
2023122100,1402,3,4,LA,38,LA,IN
2023122100,2632,2,3,NO,34,LA,CROSS
2023122100,773,2,5,NO,30,NO,HITCH
2023122100,1982,2,6,NO,22,LA,IN
2023122100,3470,3,6,LA,33,NO,HITCH
2023122100,2292,2,10,NO,22,LA,GO
2023122100,3266,1,10,NO,25,NO,FLAT
2023122100,380,3,6,LA,38,LA,CROSS
2023122100,3107,3,1,,50,LA,CROSS
2023122100,3532,2,7,LA,10,NO,OUT
2023122100,3346,1,10,,50,NO,OUT
2023122100,1497,2,7,NO,33,LA,FLAT
2023122100,2926,4,7,LA,34,NO,CROSS
2023122100,2036,2,3,NO,4,LA,SLANT
2023122100,1920,1,10,LA,42,LA,HITCH
2023122100,1897,4,5,LA,42,NO,OUT
2023122100,300,2,3,LA,12,LA,FLAT
2023122100,1789,1,10,NO,35,NO,POST
2023122100,161,1,10,,50,NO,HITCH
2023122100,2555,2,6,NO,46,NO,FLAT
2023122100,978,1,10,LA,48,LA,POST
2023122300,1972,3,5,CIN,30,PIT,HITCH
2023122300,2580,3,10,PIT,37,CIN,SCREEN
2023122300,254,2,4,PIT,14,PIT,SLANT
2023122300,1158,1,10,CIN,7,CIN,HITCH
2023122300,1919,1,10,CIN,35,PIT,FLAT
2023122300,2464,3,2,CIN,33,CIN,IN
2023122300,1813,2,20,PIT,16,PIT,CROSS
2023122300,2300,1,10,PIT,25,PIT,FLAT
2023122300,1564,4,1,PIT,5,CIN,OUT
2023122300,1257,1,10,CIN,14,PIT,GO
2023122300,3635,3,12,CIN,23,PIT,OUT
2023122300,2525,1,10,PIT,37,CIN,ANGLE
2023122300,358,3,3,CIN,32,CIN,IN
2023122300,2143,1,10,PIT,37,PIT,OUT
2023122300,127,1,10,CIN,41,CIN,FLAT
2023122300,1090,2,10,CIN,41,PIT,GO
2023122300,1230,1,10,CIN,18,CIN,CROSS
2023122300,3752,3,5,CIN,30,CIN,IN
2023122300,430,1,10,PIT,29,CIN,FLAT
2023122300,3097,3,15,PIT,17,CIN,ANGLE
2023122300,1726,3,10,PIT,16,PIT,OUT
2023122300,2439,2,10,CIN,25,CIN,HITCH
2023122300,2605,4,5,PIT,32,CIN,CORNER
2023122300,405,2,6,PIT,41,CIN,GO
2023122300,717,2,6,CIN,33,PIT,GO
2023122300,2990,2,8,PIT,27,CIN,HITCH
2023122300,1462,1,10,PIT,28,CIN,IN
2023122300,3443,2,19,CIN,26,CIN,IN
2023122300,102,3,1,CIN,34,CIN,HITCH
2023122300,2682,3,12,PIT,30,PIT,OUT
2023122300,1790,1,20,PIT,16,PIT,ANGLE
2023122300,2195,3,2,PIT,45,PIT,HITCH
2023122300,1949,2,5,CIN,30,PIT,OUT
2023122300,1838,3,15,PIT,21,PIT,GO
2023122300,2804,1,10,PIT,40,CIN,HITCH
2023122300,1407,2,6,CIN,29,CIN,POST
2023122300,670,3,5,PIT,45,PIT,OUT
2023122300,2839,2,4,PIT,34,CIN,GO
2023122300,333,2,9,CIN,26,CIN,HITCH
2023122300,2352,3,1,PIT,34,PIT,GO
2023122300,2238,1,10,CIN,20,CIN,SLANT
2023122300,157,2,12,CIN,39,CIN,OUT
2023122300,796,1,6,CIN,6,PIT,CROSS
2023122300,3297,3,4,PIT,31,PIT,GO
2023122300,1703,2,10,PIT,16,PIT,GO
2023122300,1487,1,10,PIT,14,CIN,HITCH
2023122300,2489,1,10,CIN,47,CIN,FLAT
2023122300,509,2,9,PIT,16,CIN,CROSS
2023122300,1512,2,1,PIT,5,CIN,SCREEN
2023122300,3025,3,8,PIT,27,CIN,OUT
2023122300,2779,2,6,CIN,49,CIN,OUT
2023122300,1616,1,10,PIT,5,PIT,FLAT
2023122300,2960,1,10,PIT,29,CIN,FLAT
2023122300,1432,1,10,PIT,42,CIN,OUT
2023122300,2557,2,10,PIT,37,CIN,SLANT
2023122300,601,2,2,PIT,28,PIT,OUT
2023122301,2536,3,3,BUF,32,BUF,CROSS
2023122301,969,1,10,BUF,27,LAC,CROSS
2023122301,1234,2,17,BUF,33,BUF,HITCH
2023122301,3785,3,8,LAC,45,BUF,OUT
2023122301,423,2,9,BUF,32,LAC,GO
2023122301,1797,2,6,LAC,44,BUF,HITCH
2023122301,2221,2,7,BUF,13,BUF,GO
2023122301,2899,2,8,LAC,38,LAC,HITCH
2023122301,1049,2,8,BUF,10,LAC,SCREEN
2023122301,3864,3,4,LAC,28,BUF,GO
2023122301,1579,1,10,LAC,32,LAC,GO
2023122301,3547,2,9,BUF,31,LAC,CROSS
2023122301,159,2,8,BUF,41,BUF,CROSS
2023122301,225,1,10,LAC,8,LAC,FLAT
2023122301,3419,3,18,BUF,33,LAC,CROSS
2023122301,700,3,5,BUF,41,BUF,HITCH
2023122301,2924,1,10,,50,LAC,SLANT
2023122301,1716,1,10,BUF,37,BUF,HITCH
2023122301,4111,3,19,LAC,21,LAC,IN
2023122301,3289,1,10,BUF,48,LAC,HITCH
2023122301,2374,1,15,BUF,22,LAC,FLAT
2023122301,371,3,7,LAC,48,LAC,OUT
2023122301,2803,2,10,LAC,25,LAC,HITCH
2023122301,294,2,9,LAC,24,LAC,GO
2023122301,446,3,9,BUF,32,LAC,GO
2023122301,2832,3,2,LAC,33,LAC,HITCH
2023122301,3715,2,7,BUF,45,BUF,HITCH
2023122301,2947,2,10,,50,LAC,OUT
2023122301,3312,2,10,BUF,48,LAC,GO
2023122301,4088,2,19,LAC,21,LAC,GO
2023122301,2113,2,8,BUF,40,LAC,OUT
2023122301,3394,2,22,BUF,37,LAC,SLANT
2023122301,2615,3,4,BUF,42,BUF,SLANT
2023122301,2640,1,10,LAC,42,BUF,GO
2023122301,1330,2,6,LAC,8,LAC,HITCH
2023122301,3021,3,7,BUF,29,LAC,HITCH
2023122301,631,2,7,BUF,19,BUF,GO
2023122301,1259,3,10,BUF,40,BUF,FLAT
2023122301,3668,1,10,BUF,25,BUF,HITCH
2023122301,525,3,2,BUF,2,LAC,FLAT
2023122301,1409,1,10,BUF,43,BUF,HITCH
2023122301,3762,2,8,LAC,45,BUF,POST
2023122301,2399,2,13,BUF,20,LAC,FLAT
2023122301,2590,2,10,BUF,36,BUF,SLANT
2023122301,182,3,8,BUF,41,BUF,IN
2023122301,2027,1,10,LAC,25,LAC,HITCH
2023122402,3081,3,2,ATL,44,ATL,HITCH
2023122402,3934,4,17,IND,18,IND,GO
2023122402,1413,3,10,IND,34,IND,IN
2023122402,636,3,5,IND,30,IND,FLAT
2023122402,55,1,10,IND,25,IND,CROSS
2023122402,4180,2,4,IND,46,IND,HITCH
2023122402,3564,3,3,ATL,45,ATL,FLAT
2023122402,3487,4,5,ATL,38,IND,IN
2023122402,1686,3,5,IND,31,ATL,FLAT
2023122402,2091,3,4,ATL,45,ATL,OUT
2023122402,4205,1,10,ATL,47,IND,GO
2023122402,847,1,10,ATL,3,ATL,CROSS
2023122402,3418,1,10,ATL,43,IND,HITCH
2023122402,1587,3,2,IND,38,ATL,FLAT
2023122402,476,3,6,ATL,29,ATL,HITCH
2023122402,2378,2,5,ATL,40,ATL,FLAT
2023122402,150,2,6,IND,46,IND,SLANT
2023122402,1310,1,10,IND,22,IND,IN
2023122402,4230,1,10,ATL,31,IND,ANGLE
2023122402,2326,2,14,ATL,21,ATL,FLAT
2023122402,1054,2,7,IND,21,IND,HITCH
2023122402,2043,1,10,ATL,39,ATL,HITCH
2023122402,3658,3,10,IND,16,IND,POST
2023122402,1770,1,10,IND,25,ATL,HITCH
2023122402,2593,3,5,IND,30,IND,CROSS
2023122402,4155,1,10,IND,40,IND,SLANT
2023122402,2896,3,21,ATL,26,IND,HITCH
2023122402,3222,3,9,IND,23,ATL,GO
2023122402,1842,3,4,IND,4,ATL,OUT
2023122402,3106,1,10,ATL,49,ATL,HITCH
2023122402,2066,2,10,ATL,39,ATL,HITCH
2023122402,3510,1,10,ATL,38,ATL,FLAT
2023122402,3341,2,10,IND,37,IND,HITCH
2023122402,1817,2,8,IND,8,ATL,IN
2023122402,2735,3,5,IND,45,IND,CROSS
2023122402,428,1,10,ATL,25,ATL,ANGLE
2023122402,1557,2,13,IND,49,ATL,FLAT
2023122402,729,2,10,,50,IND,CORNER
2023122402,1612,1,10,IND,36,ATL,HITCH
2023122402,3635,2,10,IND,16,IND,GO
2023122402,2018,1,10,ATL,25,ATL,HITCH
2023122402,2148,2,3,IND,42,ATL,SLANT
2023122402,671,1,10,IND,36,IND,FLAT
2023122402,78,2,10,IND,25,IND,CROSS
2023122402,1532,1,10,IND,46,ATL,CROSS
2023122402,1367,1,10,IND,34,IND,CROSS
2023122402,3288,1,10,IND,25,IND,OUT
2023122402,2568,2,8,IND,27,IND,HITCH
2023122402,3318,1,10,IND,37,IND,CROSS
2023122402,175,1,10,ATL,47,IND,SLANT
2023122402,453,2,6,ATL,29,ATL,HITCH
2023122402,3388,4,1,IND,46,IND,CROSS
2023122403,1215,3,5,,50,CAR,POST
2023122403,3873,2,10,CAR,30,CAR,FLAT
2023122403,1890,3,10,CAR,34,GB,CROSS
2023122403,601,2,5,CAR,36,CAR,GO
2023122403,2171,1,10,GB,37,GB,POST
2023122403,118,3,8,CAR,17,CAR,OUT
2023122403,3428,1,10,GB,45,CAR,OUT
2023122403,2064,2,10,CAR,23,CAR,IN
2023122403,394,1,10,CAR,46,GB,FLAT
2023122403,1734,2,10,GB,40,GB,HITCH
2023122403,3783,2,4,GB,31,GB,FLAT
2023122403,1146,3,7,CAR,26,CAR,POST
2023122403,3607,1,10,GB,11,CAR,POST
2023122403,73,1,10,CAR,15,CAR,FLAT
2023122403,2535,2,7,GB,44,CAR,CORNER
2023122403,1781,2,6,CAR,42,GB,FLAT
2023122403,4186,2,10,CAR,33,GB,OUT
2023122403,3898,3,2,CAR,38,CAR,CORNER
2023122403,1323,1,10,GB,25,GB,IN
2023122403,2087,3,10,CAR,23,CAR,OUT
2023122403,3403,2,10,CAR,40,CAR,HITCH
2023122403,3279,1,10,GB,11,GB,CROSS
2023122403,3331,3,9,GB,12,GB,HITCH
2023122403,1566,1,10,CAR,25,CAR,FLAT
2023122403,3055,3,5,CAR,5,GB,OUT
2023122403,1591,1,10,CAR,36,CAR,SLANT
2023122403,1123,2,7,CAR,26,CAR,IN
2023122403,661,2,10,GB,34,CAR,OUT
2023122403,4341,1,10,CAR,25,CAR,CORNER
2023122403,2414,2,8,CAR,30,CAR,HITCH
2023122403,1860,2,10,CAR,34,GB,ANGLE
2023122403,2194,2,10,GB,37,GB,SLANT
2023122403,4371,1,10,CAR,47,CAR,POST
2023122403,928,3,7,CAR,10,GB,HITCH
2023122403,2041,1,10,CAR,23,CAR,CORNER
2023122403,3941,1,10,GB,27,CAR,POST
2023122403,3154,1,10,CAR,37,CAR,HITCH
2023122403,3534,2,17,GB,45,CAR,FLAT
2023122403,3559,3,12,GB,40,CAR,POST
2023122403,1828,1,10,CAR,34,GB,FLAT
2023122403,1977,3,8,CAR,21,GB,POST
2023122403,232,3,9,CAR,33,CAR,OUT
2023122403,815,1,10,CAR,40,GB,HITCH
2023122403,2830,1,10,GB,34,GB,HITCH
2023122403,1500,3,7,CAR,35,GB,OUT
2023122403,2569,3,7,GB,44,CAR,CROSS
2023122403,702,3,10,GB,34,CAR,OUT
2023122403,4065,3,4,GB,31,GB,GO
2023122403,2339,3,17,GB,18,GB,FLAT
2023122404,4222,2,1,CLE,1,HOU,FLAT
2023122404,4066,4,10,HOU,47,HOU,SLANT
2023122404,492,3,4,CLE,17,CLE,HITCH
2023122404,433,1,10,CLE,11,CLE,HITCH
2023122404,4720,2,10,HOU,47,HOU,HITCH
2023122404,3489,2,3,HOU,39,HOU,CROSS
2023122404,2884,1,5,HOU,12,CLE,POST
2023122404,4124,2,10,CLE,39,HOU,ANGLE
2023122404,2570,3,1,CLE,15,CLE,SLANT
2023122404,2069,1,10,HOU,16,HOU,OUT
2023122404,4342,2,7,HOU,26,CLE,HITCH
2023122404,2116,3,1,HOU,25,HOU,SLANT
2023122404,3862,2,10,CLE,17,HOU,SLANT
2023122404,3805,1,10,CLE,35,HOU,CORNER
2023122404,2042,2,8,CLE,36,CLE,CORNER
2023122404,4536,1,10,HOU,17,HOU,FLAT
2023122404,2738,2,9,CLE,49,CLE,CROSS
2023122404,3934,3,5,CLE,5,HOU,OUT
2023122404,3100,1,10,CLE,49,CLE,GO
2023122404,4149,1,10,CLE,29,HOU,POST
2023122404,4582,3,10,HOU,17,HOU,IN
2023122404,1230,1,10,CLE,25,CLE,GO
2023122404,3888,1,5,CLE,5,HOU,OUT
2023122404,1347,1,10,CLE,25,CLE,GO
2023122404,4687,1,10,HOU,47,HOU,GO
2023122404,3536,4,2,HOU,40,HOU,CROSS
2023122404,778,1,10,CLE,21,CLE,CORNER
2023122404,2513,1,10,CLE,6,CLE,HITCH
2023122404,2953,1,7,HOU,7,CLE,POST
2023122404,868,3,6,CLE,47,CLE,FLAT
2023122404,3702,1,10,HOU,39,HOU,OUT
2023122404,3271,2,6,HOU,14,CLE,HITCH
2023122404,691,2,14,HOU,30,HOU,SCREEN
2023122404,2644,1,10,CLE,35,CLE,FLAT
2023122404,2144,1,10,HOU,29,HOU,HITCH
2023122404,2433,2,20,HOU,40,HOU,FLAT
2023122404,3224,4,5,HOU,25,CLE,HITCH
2023122404,2463,3,12,HOU,48,HOU,OUT
2023122404,1642,1,11,HOU,36,HOU,SLANT
2023122404,561,3,10,CLE,23,CLE,FLAT
2023122404,4614,1,10,HOU,29,HOU,SLANT
2023122404,1503,2,11,HOU,32,HOU,SLANT
2023122404,3319,4,5,HOU,13,CLE,OUT
2023122404,4394,4,7,HOU,26,CLE,OUT
2023122404,1783,3,10,,50,CLE,CROSS
2023122404,1808,1,10,HOU,32,CLE,OUT
2023122404,4043,3,10,HOU,47,HOU,SLANT
2023122404,3755,3,10,HOU,39,HOU,HITCH
2023122404,2176,2,4,HOU,35,HOU,FLAT
2023122404,3830,1,10,CLE,17,HOU,GO
2023122404,4743,3,10,HOU,47,HOU,SCREEN
2023122404,224,1,10,HOU,27,HOU,ANGLE
2023122404,68,1,10,CLE,41,CLE,POST
2023122404,3780,1,10,HOU,49,HOU,CORNER
2023122404,3732,2,10,HOU,39,HOU,SLANT
2023122404,2545,2,6,CLE,10,CLE,HITCH
2023122404,2260,1,10,HOU,18,CLE,GO
2023122404,3911,2,5,CLE,5,HOU,IN
2023122404,1855,2,12,HOU,21,CLE,GO
2023122404,2235,1,10,HOU,41,CLE,GO
2023122404,3050,2,8,HOU,23,HOU,POST
2023122404,1101,2,15,HOU,37,HOU,CROSS
2023122404,2830,4,8,HOU,30,CLE,CORNER
2023122404,2691,3,3,CLE,42,CLE,FLAT
2023122404,3137,1,10,HOU,30,CLE,POST
2023122404,4559,2,10,HOU,17,HOU,IN
2023122404,3460,1,10,HOU,32,HOU,HITCH
2023122404,2313,3,10,HOU,18,CLE,GO
2023122404,4662,3,2,HOU,37,HOU,FLAT
2023122404,124,2,4,HOU,4,CLE,POST
2023122404,716,3,9,HOU,35,HOU,WHEEL
2023122404,4094,1,10,CLE,39,HOU,ANGLE
2023122405,1048,3,4,DET,26,DET,SCREEN
2023122405,3302,3,8,MIN,25,DET,SLANT
2023122405,3327,1,10,MIN,14,DET,FLAT
2023122405,2095,1,10,DET,46,MIN,OUT
2023122405,3561,1,10,DET,35,DET,FLAT
2023122405,3696,1,10,MIN,30,MIN,OUT
2023122405,2268,1,10,DET,25,DET,CROSS
2023122405,55,1,10,DET,25,DET,POST
2023122405,3352,2,4,MIN,8,DET,OUT
2023122405,535,1,10,DET,28,MIN,HITCH
2023122405,2070,2,3,MIN,32,MIN,POST
2023122405,770,1,10,DET,25,DET,HITCH
2023122405,4249,1,10,MIN,12,MIN,CROSS
2023122405,3529,3,18,MIN,17,MIN,GO
2023122405,3615,3,7,DET,38,DET,CROSS
2023122405,1835,2,21,MIN,4,MIN,OUT
2023122405,2485,1,6,DET,6,MIN,CORNER
2023122405,582,3,2,DET,20,MIN,POST
2023122405,2989,3,8,MIN,27,MIN,CROSS
2023122405,3779,1,10,DET,32,MIN,GO
2023122405,124,1,10,MIN,48,DET,FLAT
2023122405,259,2,12,MIN,31,DET,OUT
2023122405,1339,2,26,DET,34,DET,FLAT
2023122405,924,3,15,MIN,47,MIN,HITCH
2023122405,505,1,10,DET,42,MIN,CROSS
2023122405,3493,2,9,MIN,26,MIN,CROSS
2023122405,2875,2,1,MIN,1,DET,IN
2023122405,2138,3,19,MIN,45,MIN,POST
2023122405,2710,3,8,MIN,41,DET,CROSS
2023122405,795,2,10,DET,25,DET,IN
2023122405,4405,2,10,MIN,44,MIN,CORNER
2023122405,686,1,2,DET,2,MIN,FLAT
2023122405,2211,1,10,DET,26,MIN,GO
2023122405,2604,2,4,DET,49,DET,OUT
2023122405,1540,1,10,MIN,22,DET,OUT
2023122405,1865,3,7,MIN,18,MIN,CORNER
2023122405,2634,1,10,MIN,43,DET,FLAT
2023122405,2460,2,7,MIN,47,MIN,POST
2023122405,176,3,5,MIN,43,DET,HITCH
2023122405,949,4,2,DET,40,MIN,CROSS
2023122405,3375,3,4,MIN,8,DET,FLAT
2023122405,976,1,10,DET,20,DET,SCREEN
2023122405,2045,1,10,MIN,25,MIN,HITCH
2023122405,329,2,10,MIN,16,DET,OUT
2023122405,4435,1,10,DET,30,MIN,POST
2023122405,3743,2,15,MIN,25,MIN,POST
2023122405,2757,1,10,MIN,16,DET,HITCH
2023122405,1270,2,6,DET,41,DET,ANGLE
2023122405,2966,2,8,MIN,27,MIN,CROSS
2023122405,475,1,10,MIN,25,MIN,FLAT
2023122405,1421,1,10,MIN,32,DET,HITCH
2023122405,3809,1,9,DET,9,MIN,POST
2023122405,2323,2,10,DET,36,DET,FLAT
2023122405,2549,1,10,DET,25,DET,OUT
2023122405,3034,1,10,DET,17,DET,FLAT
2023122405,4272,2,10,MIN,12,MIN,POST
2023122405,1122,2,9,MIN,31,MIN,HITCH
2023122405,3158,2,10,DET,48,DET,OUT
2023122405,3225,2,6,MIN,33,DET,FLAT
2023122405,4357,3,27,MIN,16,MIN,CORNER
2023122405,2293,1,10,DET,36,DET,CROSS
2023122405,3093,3,4,DET,23,DET,POST
2023122405,1216,1,10,DET,22,DET,HITCH
2023122405,2413,2,9,MIN,20,MIN,POST
2023122406,4269,1,10,NYJ,41,WAS,IN
2023122406,608,1,10,WAS,42,NYJ,SLANT
2023122406,813,2,10,NYJ,45,WAS,CORNER
2023122406,4799,1,10,NYJ,33,NYJ,HITCH
2023122406,4824,2,2,NYJ,41,NYJ,OUT
2023122406,2772,3,7,NYJ,41,NYJ,FLAT
2023122406,4632,3,20,NYJ,37,NYJ,SLANT
2023122406,1349,1,10,NYJ,17,NYJ,CROSS
2023122406,3939,1,1,NYJ,1,WAS,CROSS
2023122406,2080,3,3,NYJ,36,NYJ,OUT
2023122406,4092,2,10,NYJ,36,NYJ,HITCH
2023122406,4480,3,4,NYJ,31,NYJ,FLAT
2023122406,4432,1,10,NYJ,25,NYJ,OUT
2023122406,4457,2,4,NYJ,31,NYJ,OUT
2023122406,4951,3,7,WAS,36,NYJ,OUT
2023122406,2866,2,6,WAS,10,WAS,HITCH
2023122406,422,3,8,WAS,8,NYJ,SLANT
2023122406,186,3,7,WAS,7,NYJ,GO
2023122406,2945,1,10,NYJ,39,NYJ,OUT
2023122406,1173,2,10,WAS,47,WAS,FLAT
2023122406,106,1,10,WAS,24,NYJ,FLAT
2023122406,1653,2,1,WAS,10,NYJ,CROSS
2023122406,3832,1,10,WAS,38,WAS,CROSS
2023122406,3634,2,22,NYJ,28,NYJ,FLAT
2023122406,2178,1,10,WAS,43,NYJ,HITCH
2023122406,2417,3,10,WAS,25,WAS,OUT
2023122406,2371,1,10,WAS,25,WAS,SLANT
2023122406,1865,2,14,WAS,32,WAS,OUT
2023122406,4115,3,10,NYJ,36,NYJ,CORNER
2023122406,4906,1,10,WAS,39,NYJ,SLANT
2023122406,3880,1,10,NYJ,33,WAS,HITCH
2023122406,2505,1,15,NYJ,17,NYJ,CROSS
2023122406,1198,3,3,NYJ,46,WAS,CROSS
2023122406,790,1,10,NYJ,45,WAS,FLAT
2023122406,4342,2,1,NYJ,2,WAS,FLAT
2023122406,1755,3,9,WAS,9,NYJ,GO
2023122406,923,1,10,NYJ,22,NYJ,HITCH
2023122406,2394,2,10,WAS,25,WAS,OUT
2023122406,3228,2,6,WAS,6,NYJ,HITCH
2023122406,161,2,8,WAS,8,NYJ,OUT
2023122406,3377,1,10,NYJ,13,WAS,GO
2023122406,3855,2,10,WAS,38,WAS,HITCH
2023122406,3124,1,10,WAS,29,WAS,SLANT
2023122406,5017,1,10,WAS,25,WAS,HITCH
2023122406,948,1,10,NYJ,32,NYJ,SLANT
2023122406,1372,2,10,NYJ,17,NYJ,SLANT
2023122406,2997,3,3,NYJ,46,NYJ,FLAT
2023122406,4881,1,10,NYJ,47,NYJ,OUT
2023122406,79,2,10,WAS,25,WAS,FLAT
2023122406,252,1,10,WAS,25,WAS,POST
2023122406,1395,3,10,NYJ,17,NYJ,HITCH
2023122406,3147,2,10,WAS,29,WAS,ANGLE
2023122406,3735,1,10,WAS,23,WAS,HITCH
2023122406,3352,3,4,NYJ,23,WAS,HITCH
2023122406,1732,2,9,WAS,9,NYJ,HITCH
2023122406,4527,1,10,NYJ,36,NYJ,OUT
2023122406,3609,1,25,NYJ,25,NYJ,HITCH
2023122406,2153,2,9,NYJ,42,NYJ,HITCH
2023122406,3422,3,12,NYJ,15,WAS,POST
2023122406,4609,2,20,NYJ,37,NYJ,GO
2023122407,693,2,10,SEA,48,TEN,HITCH
2023122407,3845,2,10,,50,SEA,HITCH
2023122407,1861,2,10,TEN,39,SEA,FLAT
2023122407,3006,2,9,TEN,11,SEA,GO
2023122407,1884,3,10,TEN,39,SEA,FLAT
2023122407,3779,3,14,SEA,32,SEA,POST
2023122407,1790,2,4,TEN,47,SEA,OUT
2023122407,1838,1,10,TEN,39,SEA,OUT
2023122407,1225,2,9,TEN,15,SEA,FLAT
2023122407,661,1,10,SEA,48,TEN,CROSS
2023122407,1478,2,9,SEA,38,TEN,OUT
2023122407,2338,2,8,TEN,9,SEA,CORNER
2023122407,2032,1,10,TEN,27,TEN,FLAT
2023122407,1171,2,6,TEN,42,SEA,HITCH
2023122407,206,2,8,SEA,40,SEA,HITCH
2023122407,1958,1,10,TEN,6,TEN,HITCH
2023122407,294,2,7,TEN,48,SEA,OUT
2023122407,3222,2,6,TEN,40,TEN,CROSS
2023122407,2361,3,8,TEN,9,SEA,HITCH
2023122407,3684,2,6,SEA,29,SEA,SLANT
2023122407,2570,3,7,TEN,47,TEN,OUT
2023122407,3927,1,10,TEN,38,SEA,SLANT
2023122407,4178,2,14,TEN,21,TEN,HITCH
2023122407,406,3,11,TEN,42,SEA,HITCH
2023122407,3952,2,7,TEN,35,SEA,HITCH
2023122407,3982,1,10,TEN,27,SEA,OUT
2023122407,2698,1,10,SEA,4,SEA,HITCH
2023122407,3468,2,17,SEA,32,TEN,ANGLE
2023122407,3170,3,3,TEN,32,TEN,FLAT
2023122407,1026,2,8,SEA,25,TEN,SLANT
2023122407,2239,3,6,TEN,40,SEA,SLANT
2023122407,2959,3,3,TEN,24,SEA,SLANT
2023122407,2286,2,10,TEN,30,SEA,OUT
2023122407,2867,2,4,SEA,48,SEA,HITCH
2023122407,614,3,9,TEN,26,TEN,SLANT
2023122407,1813,3,4,TEN,47,SEA,CROSS
2023122407,2644,3,8,SEA,42,TEN,CROSS
2023122407,1325,1,10,TEN,25,TEN,CROSS
2023122407,4283,2,20,TEN,40,TEN,FLAT
2023122407,1722,3,10,SEA,23,SEA,HITCH
2023122407,3707,3,6,SEA,29,SEA,OUT
2023122407,1051,1,10,SEA,12,TEN,CORNER
2023122407,4233,2,10,TEN,38,TEN,CROSS
2023122407,4090,3,5,TEN,5,SEA,HITCH
2023122408,669,1,10,JAX,45,TB,IN
2023122408,100,3,7,TB,28,TB,HITCH
2023122408,3894,1,10,TB,41,JAX,HITCH
2023122408,2073,2,7,JAX,25,JAX,HITCH
2023122408,474,3,6,JAX,36,JAX,OUT
2023122408,3541,1,10,TB,23,JAX,FLAT
2023122408,588,3,15,TB,47,JAX,GO
2023122408,1019,3,12,JAX,35,JAX,POST
2023122408,837,2,6,JAX,10,TB,CROSS
2023122408,3919,1,10,TB,28,JAX,OUT
2023122408,3669,4,19,TB,19,JAX,GO
2023122408,1802,1,10,JAX,22,TB,POST
2023122408,644,2,4,,50,TB,IN
2023122408,1551,1,10,JAX,36,JAX,HITCH
2023122408,1174,3,20,TB,36,JAX,FLAT
2023122408,2957,1,10,TB,24,JAX,CROSS
2023122408,3352,3,12,JAX,36,TB,SLANT
2023122408,1252,2,7,TB,45,TB,HITCH
2023122408,3400,1,10,JAX,27,JAX,HITCH
2023122408,946,1,10,JAX,25,JAX,HITCH
2023122408,2337,2,10,,50,JAX,HITCH
2023122408,3516,2,4,TB,38,JAX,POST
2023122408,2314,1,10,,50,JAX,SCREEN
2023122408,1777,3,5,JAX,38,TB,SLANT
2023122408,1610,1,10,TB,35,TB,FLAT
2023122408,3215,2,8,JAX,20,JAX,HITCH
2023122408,3864,1,10,JAX,49,JAX,OUT
2023122408,1747,2,15,JAX,48,TB,OUT
2023122408,1503,1,10,JAX,23,JAX,HITCH
2023122408,2832,3,1,JAX,49,JAX,IN
2023122408,2907,1,10,TB,36,JAX,OUT
2023122408,3139,3,15,TB,20,TB,HITCH
2023122408,4169,3,8,JAX,42,TB,SLANT
2023122408,4039,1,1,TB,1,JAX,GO
2023122408,2774,1,10,JAX,40,JAX,HITCH
2023122408,1724,1,15,JAX,48,TB,IN
2023122408,1670,1,10,TB,46,TB,OUT
2023122408,2415,3,8,TB,35,JAX,GO
2023122408,2289,1,10,JAX,25,JAX,IN
2023122408,2150,2,6,JAX,33,TB,FLAT
2023122408,1428,3,11,JAX,20,TB,FLAT
2023122408,1873,1,10,JAX,20,JAX,POST
2023122408,2536,3,9,TB,41,TB,HITCH
2023122408,1526,2,10,JAX,23,JAX,HITCH
2023122408,1583,2,5,JAX,41,JAX,POST
2023122408,1640,2,5,TB,40,TB,OUT
2023122408,565,2,15,TB,47,JAX,GO
2023122408,882,1,3,JAX,3,TB,OUT
2023122408,2882,1,10,TB,49,JAX,HITCH
2023122408,509,1,10,JAX,47,JAX,FLAT
2023122408,1220,1,10,TB,42,TB,HITCH
2023122408,327,2,12,JAX,12,TB,FLAT
2023122408,3190,1,10,JAX,18,JAX,HITCH
2023122408,2605,3,2,JAX,36,TB,FLAT
2023122408,2198,1,10,JAX,27,TB,GO
2023122408,2462,4,13,TB,40,JAX,OUT
2023122408,3571,2,8,TB,21,JAX,HITCH
2023122408,4245,3,7,JAX,25,TB,OUT
2023122408,3596,1,10,TB,10,JAX,HITCH
2023122408,2982,2,4,TB,18,JAX,IN
2023122408,1100,3,7,TB,39,JAX,HITCH
2023122408,2173,3,6,JAX,33,TB,OUT
2023122408,3466,1,10,JAX,42,JAX,OUT
2023122408,1327,3,5,JAX,34,TB,SLANT
2023122408,3377,4,2,JAX,26,TB,CROSS
2023122408,258,3,7,JAX,41,TB,CORNER
2023122408,1896,2,10,JAX,20,JAX,OUT
2023122408,3491,1,10,TB,44,JAX,IN
2023122409,1457,1,10,ARI,25,ARI,CROSS
2023122409,1862,1,10,ARI,34,ARI,HITCH
2023122409,1393,3,1,ARI,1,CHI,CORNER
2023122409,1148,2,15,ARI,20,ARI,FLAT
2023122409,3104,3,18,ARI,17,ARI,SLANT
2023122409,880,3,3,ARI,46,CHI,OUT
2023122409,2923,1,10,ARI,49,CHI,OUT
2023122409,360,1,10,CHI,26,CHI,POST
2023122409,3081,2,18,ARI,17,ARI,GO
2023122409,810,2,8,CHI,27,CHI,CORNER
2023122409,2993,3,6,ARI,31,CHI,FLAT
2023122409,639,3,1,ARI,34,ARI,FLAT
2023122409,2091,3,10,CHI,24,CHI,IN
2023122409,286,2,19,ARI,14,ARI,SCREEN
2023122409,3997,3,4,ARI,21,CHI,HITCH
2023122409,3877,2,6,ARI,27,ARI,ANGLE
2023122409,1741,2,10,CHI,25,CHI,HITCH
2023122409,1319,2,5,ARI,36,CHI,CROSS
2023122409,148,3,2,CHI,47,CHI,OUT
2023122409,1223,1,10,CHI,46,CHI,OUT
2023122409,1504,1,10,ARI,49,ARI,OUT
2023122409,3713,2,6,CHI,29,CHI,HITCH
2023122409,3430,2,6,ARI,24,ARI,ANGLE
2023122409,4254,3,9,CHI,46,ARI,FLAT
2023122409,1171,3,15,ARI,20,ARI,FLAT
2023122409,3583,1,10,CHI,43,ARI,CROSS
2023122409,4181,1,10,ARI,42,ARI,OUT
2023122409,1887,2,6,ARI,38,ARI,FLAT
2023122409,2757,3,10,ARI,23,ARI,FLAT
2023122409,1718,1,10,CHI,25,CHI,OUT
2023122409,3487,2,11,ARI,43,ARI,FLAT
2023122409,716,3,4,,50,ARI,GO
2023122409,2615,2,16,CHI,38,CHI,FLAT
2023122409,671,1,10,ARI,44,ARI,HITCH
2023122409,3923,4,6,ARI,27,ARI,GO
2023122409,2405,3,10,CHI,39,ARI,FLAT
2023122409,589,1,10,ARI,25,ARI,CROSS
2023122409,2650,3,16,CHI,38,CHI,OUT
2023122409,84,1,10,CHI,39,CHI,HITCH
2023122409,1554,3,6,CHI,47,ARI,HITCH
2023122409,3782,1,10,ARI,9,ARI,ANGLE
2023122409,3631,3,5,CHI,38,ARI,CROSS
2023122409,3900,3,6,ARI,27,ARI,OUT
2023122409,2066,2,20,CHI,14,CHI,ANGLE
2023122409,3370,1,10,ARI,14,CHI,WHEEL
2023122409,3852,1,10,ARI,23,ARI,ANGLE
2023122409,3807,2,3,ARI,16,ARI,OUT
2023122409,2832,2,9,CHI,21,CHI,ANGLE
2023122409,1769,3,10,CHI,25,CHI,FLAT
2023122409,2168,1,10,ARI,20,ARI,IN
2023122409,1654,3,3,CHI,16,ARI,FLAT
2023122409,4229,2,10,CHI,47,ARI,FLAT
2023122410,3415,1,10,DAL,49,DAL,FLAT
2023122410,2636,1,10,MIA,25,MIA,HITCH
2023122410,3497,4,2,MIA,43,DAL,HITCH
2023122410,1861,1,10,DAL,18,MIA,HITCH
2023122410,1524,3,5,DAL,34,MIA,OUT
2023122410,3893,2,1,DAL,45,MIA,HITCH
2023122410,2453,2,4,DAL,31,DAL,GO
2023122410,1734,1,10,MIA,40,MIA,WHEEL
2023122410,3638,2,4,MIA,4,DAL,CORNER
2023122410,2141,3,9,MIA,40,MIA,POST
2023122410,203,1,15,DAL,45,DAL,SLANT
2023122410,3661,3,4,MIA,4,DAL,CROSS
2023122410,2332,2,9,DAL,42,MIA,HITCH
2023122410,2744,3,8,DAL,34,MIA,OUT
2023122410,932,1,10,MIA,43,MIA,IN
2023122410,3522,1,10,MIA,32,DAL,HITCH
2023122410,2213,2,9,DAL,3,DAL,OUT
2023122410,349,4,2,MIA,31,DAL,FLAT
2023122410,2823,3,7,DAL,17,MIA,OUT
2023122410,655,1,10,DAL,36,MIA,HITCH
2023122410,551,3,9,MIA,3,MIA,GO
2023122410,3227,2,3,MIA,32,MIA,OUT
2023122410,112,1,10,DAL,40,DAL,CROSS
2023122410,820,2,6,MIA,49,DAL,SLANT
2023122410,55,1,10,DAL,25,DAL,OUT
2023122410,2278,1,10,MIA,40,MIA,POST
2023122410,2691,1,10,DAL,36,MIA,CORNER
2023122410,907,2,10,MIA,25,MIA,IN
2023122410,1477,1,10,DAL,39,MIA,CROSS
2023122410,625,3,3,DAL,40,MIA,FLAT
2023122410,1452,2,4,MIA,41,MIA,POST
2023122410,1811,2,1,DAL,36,MIA,HITCH
2023122410,1939,1,4,DAL,4,MIA,FLAT
2023122410,1836,1,10,DAL,28,MIA,SLANT
2023122410,3385,3,6,DAL,35,DAL,OUT
2023122410,3861,1,10,MIA,46,MIA,SLANT
2023122410,2661,1,10,MIA,43,MIA,GO
2023122410,3569,1,10,MIA,21,DAL,HITCH
2023122410,3761,3,8,MIA,8,DAL,OUT
2023122410,3092,1,10,MIA,22,DAL,HITCH
2023122410,1757,2,10,MIA,40,MIA,HITCH
2023122410,2568,3,16,MIA,30,DAL,FLAT
2023122410,2428,1,10,DAL,25,DAL,OUT
2023122410,504,2,4,MIA,8,MIA,GO
2023122410,1191,4,5,DAL,5,MIA,GO
2023122410,773,1,10,DAL,25,DAL,CROSS
2023122410,2236,3,9,DAL,3,DAL,HITCH
2023122410,3945,2,10,DAL,40,MIA,CROSS
2023122410,3474,3,2,MIA,43,DAL,CROSS
2023122410,2929,1,10,DAL,35,DAL,FLAT
2023122410,2904,2,7,DAL,28,DAL,OUT
2023122410,3922,1,10,DAL,40,MIA,POST
2023122410,1056,1,10,DAL,14,MIA,FLAT
2023122410,3738,2,8,MIA,8,DAL,GO
2023122410,295,2,10,MIA,39,DAL,OUT
2023122410,884,1,10,MIA,25,MIA,OUT
2023122410,1709,1,10,MIA,29,MIA,HITCH
2023122411,2124,2,9,DEN,28,NE,OUT
2023122411,3192,1,10,DEN,41,DEN,CROSS
2023122411,2240,1,10,DEN,25,DEN,IN
2023122411,2025,3,19,DEN,22,DEN,FLAT
2023122411,548,1,10,NE,25,DEN,SCREEN
2023122411,999,3,7,DEN,17,NE,CROSS
2023122411,3099,1,10,DEN,30,DEN,HITCH
2023122411,4208,2,5,DEN,42,NE,SLANT
2023122411,2422,3,6,NE,35,NE,SLANT
2023122411,860,2,20,NE,39,NE,GO
2023122411,2368,1,10,NE,31,NE,SCREEN
2023122411,3305,2,14,NE,16,DEN,OUT
2023122411,3568,1,10,DEN,49,DEN,SCREEN
2023122411,1662,1,10,DEN,26,NE,CROSS
2023122411,622,2,3,NE,7,DEN,FLAT
2023122411,3872,1,10,NE,25,NE,ANGLE
2023122411,3720,1,10,NE,27,DEN,GO
2023122411,3814,3,4,NE,21,DEN,HITCH
2023122411,3636,1,10,NE,40,DEN,GO
2023122411,810,3,2,NE,44,NE,FLAT
2023122411,4057,3,13,DEN,36,DEN,GO
2023122411,3330,3,1,NE,3,DEN,CROSS
2023122411,1829,2,1,DEN,46,DEN,SCREEN
2023122411,2508,2,13,DEN,12,DEN,SCREEN
2023122411,2070,1,10,NE,30,NE,CROSS
2023122411,2713,3,9,DEN,11,NE,POST
2023122411,1804,1,10,DEN,37,DEN,ANGLE
2023122411,1141,1,10,NE,38,DEN,FLAT
2023122411,2287,2,8,DEN,40,DEN,IN
2023122411,3447,3,7,NE,28,NE,SLANT
2023122411,393,3,6,NE,42,DEN,GO
2023122411,738,2,6,NE,29,NE,HITCH
2023122411,1364,1,10,DEN,23,DEN,FLAT
2023122411,2602,2,10,DEN,42,NE,GO
2023122411,3692,3,10,NE,40,DEN,CROSS
2023122411,4183,1,10,DEN,47,NE,ANGLE
2023122411,293,3,7,NE,5,NE,OUT
2023122411,3538,1,10,DEN,34,DEN,CROSS
2023122411,3491,1,10,DEN,22,DEN,OUT
2023122411,3669,2,10,NE,40,DEN,SCREEN
2023122411,1116,1,10,NE,49,DEN,ANGLE
2023122411,1576,1,10,NE,37,NE,GO
2023122411,1630,2,6,DEN,39,NE,SLANT
2023122411,3789,2,20,NE,37,DEN,HITCH
2023122411,2176,2,10,DEN,15,NE,FLAT
2023122411,1310,2,10,DEN,13,DEN,SCREEN
2023122411,3067,1,10,DEN,17,DEN,ANGLE
2023122411,3422,2,9,NE,26,NE,ANGLE
2023122411,1691,2,6,DEN,22,NE,GO
2023122411,131,3,2,NE,2,DEN,OUT
2023122411,2665,1,20,DEN,22,NE,OUT
2023122411,1866,1,10,NE,47,DEN,FLAT
2023122411,1192,1,10,NE,39,NE,HITCH
2023122411,4151,3,3,NE,26,NE,GO
2023122500,1642,1,10,KC,25,KC,HITCH
2023122500,470,1,10,LV,18,LV,CROSS
2023122500,1290,3,3,KC,48,KC,OUT
2023122500,572,1,10,LV,42,LV,OUT
2023122500,3920,1,10,KC,42,KC,SCREEN
2023122500,2680,4,5,LV,43,KC,CORNER
2023122500,520,1,10,LV,28,LV,FLAT
2023122500,1991,2,10,LV,41,KC,FLAT
2023122500,3235,1,10,LV,49,KC,OUT
2023122500,3582,3,7,LV,7,KC,HITCH
2023122500,2657,3,5,LV,43,KC,SLANT
2023122500,1086,2,10,LV,25,LV,HITCH
2023122500,1109,3,10,LV,25,LV,CORNER
2023122500,1516,2,7,LV,39,LV,GO
2023122500,3851,2,5,KC,36,KC,FLAT
2023122500,3163,2,3,KC,31,KC,FLAT
2023122500,3210,2,3,KC,46,KC,HITCH
2023122500,2875,3,9,KC,20,KC,IN
2023122500,3118,1,10,KC,24,KC,OUT
2023122500,1959,1,10,LV,41,KC,FLAT
2023122500,3755,3,4,LV,25,LV,HITCH
2023122500,602,1,10,KC,45,LV,HITCH
2023122500,1771,2,1,KC,34,KC,HITCH
2023122500,2328,3,7,LV,48,LV,GO
2023122500,2850,2,14,KC,15,KC,ANGLE
2023122500,3379,2,10,LV,49,KC,ANGLE
2023122500,4032,3,7,LV,7,KC,IN
2023122500,997,3,13,KC,22,KC,HITCH
2023122500,3612,4,7,LV,7,KC,OUT
2023122500,285,1,10,LV,46,KC,OUT
2023122500,1047,1,10,LV,25,LV,CROSS
2023122500,722,2,14,KC,16,LV,OUT
2023122500,3052,3,10,KC,17,LV,HITCH
2023122500,625,2,10,KC,45,LV,SLANT
2023122500,1340,1,10,LV,23,KC,SCREEN
2023122500,4009,2,7,LV,7,KC,CROSS
2023122500,3950,2,6,KC,46,KC,IN
2023122500,2094,3,10,LV,23,KC,FLAT
2023122500,2016,3,3,LV,34,KC,CORNER
2023122500,495,2,4,LV,24,LV,HITCH
2023122500,1818,2,5,KC,48,KC,HITCH
2023122500,2714,1,10,LV,43,LV,FLAT
2023122500,2463,1,10,KC,21,KC,HITCH
2023122500,771,3,5,KC,7,LV,FLAT
2023122500,1211,3,10,KC,26,KC,CROSS
2023122500,1181,2,10,KC,26,KC,OUT
2023122501,1322,2,10,NYG,36,PHI,POST
2023122501,2439,1,10,PHI,25,PHI,FLAT
2023122501,1995,1,10,PHI,44,PHI,FLAT
2023122501,3784,3,3,PHI,49,PHI,CROSS
2023122501,1214,3,5,NYG,30,NYG,FLAT
2023122501,684,2,5,PHI,36,PHI,OUT
2023122501,3206,2,20,NYG,28,PHI,OUT
2023122501,3364,1,20,PHI,26,PHI,HITCH
2023122501,4391,2,10,PHI,48,NYG,FLAT
2023122501,3050,1,10,NYG,33,PHI,IN
2023122501,311,1,10,NYG,36,NYG,FLAT
2023122501,941,3,3,NYG,17,PHI,CROSS
2023122501,918,2,3,NYG,17,PHI,FLAT
2023122501,4421,3,8,PHI,46,NYG,GO
2023122501,2755,3,4,PHI,45,NYG,OUT
2023122501,893,1,10,NYG,24,PHI,HITCH
2023122501,3687,3,1,PHI,42,NYG,CORNER
2023122501,1570,3,14,PHI,15,PHI,HITCH
2023122501,4343,3,10,NYG,40,NYG,SLANT
2023122501,3510,2,7,NYG,17,PHI,SLANT
2023122501,3436,3,20,PHI,26,PHI,GO
2023122501,3025,1,10,NYG,47,PHI,IN
2023122501,1078,3,5,NYG,5,PHI,OUT
2023122501,1911,3,8,PHI,28,NYG,ANGLE
2023122501,1863,1,10,PHI,30,NYG,FLAT
2023122501,2822,1,10,PHI,6,PHI,IN
2023122501,2686,2,12,NYG,37,NYG,HITCH
2023122501,2973,1,10,PHI,28,PHI,FLAT
2023122501,2882,3,6,PHI,10,PHI,FLAT
2023122501,1619,1,10,NYG,37,NYG,OUT
2023122501,709,1,10,NYG,47,PHI,HITCH
2023122501,3115,3,4,NYG,27,PHI,OUT
2023122501,3275,1,10,PHI,25,PHI,OUT
2023122501,503,3,7,PHI,34,NYG,SLANT
2023122501,3618,2,6,NYG,29,NYG,GO
2023122501,1958,1,10,PHI,25,PHI,FLAT
2023122501,1888,2,8,PHI,28,NYG,HITCH
2023122501,336,1,10,,50,NYG,FLAT
2023122501,632,1,15,PHI,13,PHI,OUT
2023122501,868,4,5,NYG,30,PHI,IN
2023122501,2151,3,6,NYG,28,PHI,OUT
2023122501,3710,4,1,PHI,42,NYG,FLAT
2023122501,3176,1,20,NYG,28,PHI,SLANT
2023122501,1299,1,10,NYG,36,PHI,HITCH
2023122502,1933,1,20,BAL,15,BAL,OUT
2023122502,3188,1,10,SF,25,SF,IN
2023122502,1267,1,10,SF,21,BAL,HITCH
2023122502,485,2,5,SF,40,SF,OUT
2023122502,3793,3,4,BAL,22,SF,OUT
2023122502,4419,4,17,BAL,17,SF,POST
2023122502,1315,3,4,SF,15,BAL,CROSS
2023122502,781,1,10,BAL,38,BAL,SCREEN
2023122502,1386,3,10,SF,10,BAL,HITCH
2023122502,1602,2,13,SF,23,BAL,CROSS
2023122502,2766,1,10,SF,36,SF,CROSS
2023122502,2718,1,10,SF,16,SF,SLANT
2023122502,2210,2,16,SF,41,BAL,CORNER
2023122502,1363,2,10,SF,10,BAL,POST
2023122502,2366,2,9,SF,26,SF,FLAT
2023122502,157,1,10,SF,11,SF,FLAT
2023122502,3871,3,5,BAL,12,SF,POST
2023122502,1625,3,13,SF,23,BAL,HITCH
2023122502,2956,1,10,BAL,22,BAL,OUT
2023122502,4055,2,19,SF,27,SF,FLAT
2023122502,3028,2,9,SF,20,BAL,CROSS
2023122502,3764,2,13,BAL,31,SF,SLANT
2023122502,1113,2,7,SF,48,SF,WHEEL
2023122502,3340,3,11,BAL,45,SF,FLAT
2023122502,751,1,10,BAL,25,BAL,OUT
2023122502,3656,3,10,SF,22,SF,HITCH
2023122502,1506,2,8,SF,27,SF,SCREEN
2023122502,4108,4,9,SF,37,SF,HITCH
2023122502,2640,1,9,SF,9,BAL,POST
2023122502,4213,3,1,BAL,45,SF,SLANT
2023122502,330,2,5,BAL,13,BAL,HITCH
2023122502,4085,3,9,SF,37,SF,OUT
2023122502,3574,1,10,SF,10,SF,ANGLE
2023122502,1192,2,8,BAL,49,BAL,SLANT
2023122502,1040,1,10,SF,25,SF,IN
2023122502,114,3,8,BAL,33,BAL,OUT
2023122502,91,2,8,BAL,33,BAL,SLANT
2023122502,2391,3,5,SF,30,SF,CROSS
2023122502,3610,1,10,SF,22,SF,SLANT
2023122502,186,2,7,SF,14,SF,SLANT
2023122502,2490,1,10,SF,44,BAL,ANGLE
2023122502,241,1,10,BAL,28,SF,IN
2023122502,209,3,7,SF,14,SF,POST
2023122502,3363,4,11,BAL,45,SF,FLAT
2023122502,2074,2,8,BAL,40,BAL,OUT
2023122502,4263,2,3,BAL,14,SF,GO
2023122502,2981,1,10,SF,44,BAL,ANGLE
2023122502,515,1,10,BAL,42,SF,OUT
2023122502,2549,2,6,SF,6,BAL,OUT
2023122502,4238,1,10,BAL,21,SF,SLANT
2023122502,1779,1,10,SF,44,SF,ANGLE
2023122502,2174,1,25,,50,BAL,HITCH
2023122502,2818,3,6,SF,40,SF,SLANT
2023122502,685,3,9,BAL,27,SF,OUT
2023122502,3711,2,15,SF,39,SF,HITCH
2023122502,3848,2,5,BAL,12,SF,ANGLE
2023122502,353,3,5,BAL,13,BAL,OUT
2023122502,2104,1,10,BAL,48,BAL,POST
2023122502,2044,1,10,BAL,38,BAL,FLAT
2023122502,2260,1,10,SF,11,BAL,POST
2023122502,274,1,10,BAL,15,SF,CROSS
2023122502,3823,1,10,BAL,17,SF,OUT
2023122502,2741,2,10,SF,16,SF,IN
2023122502,4190,2,1,BAL,45,SF,OUT
2023122502,972,3,8,SF,12,BAL,SCREEN
2023122502,1531,3,5,SF,30,SF,HITCH
2023122800,613,2,18,CLE,44,CLE,HITCH
2023122800,3024,1,15,CLE,49,NYJ,HITCH
2023122800,4097,2,14,NYJ,19,NYJ,FLAT
2023122800,1279,1,5,CLE,40,CLE,FLAT
2023122800,2154,2,4,NYJ,31,NYJ,HITCH
2023122800,2797,3,9,CLE,17,CLE,OUT
2023122800,3689,2,4,CLE,29,NYJ,SLANT
2023122800,2179,1,10,NYJ,41,NYJ,OUT
2023122800,1483,3,3,CLE,28,CLE,GO
2023122800,2594,3,8,CLE,8,NYJ,SLANT
2023122800,1508,1,10,NYJ,48,CLE,CORNER
2023122800,4122,3,9,NYJ,24,NYJ,OUT
2023122800,432,3,5,CLE,21,NYJ,CROSS
2023122800,1998,2,7,CLE,28,CLE,HITCH
2023122800,1649,3,8,NYJ,8,CLE,OUT
2023122800,1342,2,8,NYJ,37,NYJ,GO
2023122800,4440,1,10,NYJ,35,NYJ,FLAT
2023122800,209,2,11,NYJ,35,CLE,CROSS
2023122800,4520,1,10,NYJ,49,NYJ,FLAT
2023122800,3832,2,17,CLE,27,NYJ,ANGLE
2023122800,3776,1,10,CLE,20,NYJ,FLAT
2023122800,3114,1,10,CLE,10,CLE,CORNER
2023122800,1555,2,6,NYJ,16,CLE,HITCH
2023122800,4463,2,10,NYJ,35,NYJ,ANGLE
2023122800,3463,3,6,CLE,39,NYJ,SLANT
2023122800,3144,2,10,CLE,10,CLE,GO
2023122800,1141,3,16,NYJ,32,NYJ,ANGLE
2023122800,320,2,8,NYJ,27,NYJ,GO
2023122800,4628,4,1,CLE,32,NYJ,GO
2023122800,2129,1,5,NYJ,30,NYJ,ANGLE
2023122800,4009,3,10,CLE,25,CLE,CROSS
2023122800,1094,2,11,NYJ,37,NYJ,HITCH
2023122800,2033,1,10,,50,CLE,HITCH
2023122800,4343,1,10,NYJ,22,NYJ,FLAT
2023122800,234,1,7,NYJ,7,CLE,FLAT
2023122800,4545,1,10,CLE,41,NYJ,ANGLE
2023122800,3049,2,11,CLE,45,NYJ,HITCH
2023122800,1602,1,8,NYJ,8,CLE,FLAT
2023122800,2906,3,6,NYJ,37,NYJ,FLAT
2023122800,2931,1,10,NYJ,45,NYJ,FLAT
2023122800,501,1,10,CLE,25,CLE,FLAT
2023122800,2849,1,10,NYJ,33,NYJ,OUT
2023122800,138,3,15,CLE,20,CLE,HITCH
2023122800,1421,1,10,CLE,21,CLE,CROSS
2023122800,2524,2,9,CLE,30,NYJ,POST
2023122800,858,4,4,NYJ,6,CLE,POST
2023122800,752,1,10,NYJ,12,CLE,IN
2023122800,4415,3,6,NYJ,26,NYJ,HITCH
2023122800,932,1,10,NYJ,19,NYJ,IN
2023122800,4570,2,9,CLE,40,NYJ,ANGLE
2023122800,4495,3,2,NYJ,43,NYJ,OUT
2023122800,638,3,12,,50,CLE,CROSS
2023122800,4368,2,2,NYJ,30,NYJ,OUT
2023122800,3958,1,10,CLE,25,CLE,OUT
2023122800,3391,1,10,CLE,43,NYJ,HITCH
2023122800,1801,1,10,CLE,18,CLE,FLAT
2023122800,2211,2,3,NYJ,48,NYJ,FLAT
2023123000,1549,1,10,DAL,5,DAL,FLAT
2023123000,1916,1,10,DAL,9,DAL,HITCH
2023123000,2735,3,8,DET,33,DAL,SLANT
2023123000,4062,2,10,DAL,11,DET,OUT
2023123000,3740,1,25,DET,44,DAL,SLANT
2023123000,3943,2,10,DAL,40,DET,HITCH
2023123000,428,1,10,DET,38,DAL,OUT
2023123000,1521,4,4,DAL,4,DET,IN
2023123000,403,3,4,DAL,31,DAL,OUT
2023123000,1813,1,10,DET,40,DET,OUT
2023123000,2120,2,12,DAL,34,DAL,ANGLE
2023123000,1089,1,10,DAL,46,DAL,CORNER
2023123000,2712,2,8,DET,33,DAL,IN
2023123000,1303,2,2,DET,28,DET,CROSS
2023123000,481,3,4,DET,32,DAL,OUT
2023123000,2314,4,2,DAL,41,DET,FLAT
2023123000,1032,1,10,DET,42,DET,OUT
2023123000,1143,2,5,DET,28,DAL,CROSS
2023123000,458,2,4,DET,32,DAL,GO
2023123000,78,2,10,DET,25,DET,OUT
2023123000,1603,1,10,DAL,21,DAL,CROSS
2023123000,2339,1,10,DAL,37,DET,HITCH
2023123000,126,1,10,DET,36,DET,IN
2023123000,1471,2,5,DAL,5,DET,IN
2023123000,356,1,10,DAL,25,DAL,ANGLE
2023123000,3041,1,10,DAL,25,DAL,HITCH
2023123000,1731,3,22,DAL,27,DAL,FLAT
2023123000,4014,3,10,DAL,26,DET,IN
2023123000,916,1,15,DAL,15,DAL,FLAT
2023123000,3661,1,10,DET,26,DET,OUT
2023123000,820,2,10,DET,25,DET,HITCH
2023123000,675,2,13,DAL,8,DAL,GO
2023123000,698,3,13,DAL,8,DAL,POST
2023123000,2408,2,13,DAL,24,DET,CROSS
2023123000,3119,3,5,DAL,41,DAL,GO
2023123000,3071,1,10,DAL,36,DAL,HITCH
2023123000,2876,2,12,DET,23,DET,POST
2023123000,2926,2,12,DAL,16,DET,OUT
2023123000,3870,1,10,DET,25,DET,HITCH
2023123000,3479,2,10,DAL,31,DAL,ANGLE
2023123000,3240,2,4,DET,8,DAL,CORNER
2023123000,941,2,15,DAL,15,DAL,GO
2023123000,1326,3,2,DET,28,DET,CROSS
2023123000,3895,1,10,DET,35,DET,POST
2023123000,2048,2,12,DAL,23,DAL,SLANT
2023123000,3991,2,10,DAL,26,DET,HITCH
2023123000,3171,2,5,DET,33,DAL,HITCH
2023123000,1246,1,5,DET,5,DAL,OUT
2023123000,3795,3,14,DET,33,DAL,SLANT
2023123000,2073,3,8,DAL,27,DAL,SLANT
2023123000,2951,3,3,DAL,7,DET,OUT
2023123000,231,1,10,DAL,23,DET,FLAT
2023123000,2687,1,10,DET,35,DAL,FLAT
2023123000,3502,3,10,DAL,31,DAL,SLANT
2023123000,2143,3,12,DAL,34,DAL,HITCH
2023123000,3636,1,10,DET,11,DET,CROSS
2023123000,1633,2,4,DAL,27,DAL,OUT
2023123000,2655,3,11,DET,49,DAL,SLANT
2023123000,101,3,10,DET,25,DET,IN
2023123000,3304,1,10,DET,25,DET,CROSS
2023123101,2040,1,10,MIA,25,MIA,SCREEN
2023123101,2065,2,9,MIA,26,MIA,FLAT
2023123101,428,1,10,BAL,37,BAL,CORNER
2023123101,2946,1,10,MIA,22,MIA,CROSS
2023123101,2568,3,15,MIA,31,MIA,SCREEN
2023123101,475,2,6,MIA,34,BAL,HITCH
2023123101,2672,2,10,BAL,23,BAL,CROSS
2023123101,1941,3,7,MIA,35,BAL,HITCH
2023123101,2400,1,7,MIA,7,BAL,CROSS
2023123101,3380,1,10,BAL,25,BAL,CROSS
2023123101,3173,3,11,BAL,30,MIA,OUT
2023123101,1724,1,10,BAL,25,BAL,GO
2023123101,3405,1,10,BAL,36,BAL,SLANT
2023123101,2785,1,10,MIA,46,MIA,POST
2023123101,903,1,10,MIA,15,MIA,HITCH
2023123101,1486,3,7,MIA,34,MIA,POST
2023123101,237,3,8,BAL,8,MIA,IN
2023123101,2695,3,10,BAL,23,BAL,OUT
2023123101,1830,1,10,MIA,40,MIA,GO
2023123101,2149,2,10,MIA,39,MIA,SLANT
2023123101,500,1,10,MIA,20,BAL,WHEEL
2023123101,3198,4,4,BAL,23,MIA,OUT
2023123101,1132,1,10,BAL,21,BAL,CROSS
2023123101,3102,3,5,BAL,48,MIA,GO
2023123101,2090,3,4,MIA,31,MIA,SLANT
2023123101,2126,1,10,MIA,39,MIA,WHEEL
2023123101,135,1,10,BAL,39,MIA,OUT
2023123101,968,3,5,MIA,20,MIA,POST
2023123101,1855,1,10,BAL,44,MIA,POST
2023123101,308,1,10,BAL,25,BAL,GO
2023123101,1282,2,8,MIA,34,BAL,GO
2023123101,672,3,6,BAL,8,MIA,POST
2023123101,1038,3,11,MIA,41,MIA,HITCH
2023123101,2822,1,10,BAL,37,BAL,FLAT
2023123101,3150,2,11,BAL,30,MIA,CORNER
2023123101,1556,3,5,BAL,45,MIA,GO
2023123101,3984,3,19,MIA,19,BAL,CORNER
2023123101,1579,4,5,BAL,45,MIA,GO
2023123101,214,2,8,BAL,8,MIA,OUT
2023123101,576,1,10,MIA,27,MIA,POST
2023123101,1976,4,7,MIA,35,BAL,CROSS
2023123101,1654,3,10,BAL,20,MIA,OUT
2023123101,106,2,9,MIA,49,MIA,POST
2023123101,3518,3,4,MIA,4,BAL,CROSS
2023123101,796,1,20,BAL,29,BAL,OUT
2023123102,2089,2,8,NE,13,NE,HITCH
2023123102,2962,3,15,BUF,40,NE,OUT
2023123102,2155,1,10,NE,45,NE,OUT
2023123102,1258,2,6,NE,46,BUF,WHEEL
2023123102,853,2,10,NE,25,NE,FLAT
2023123102,2185,2,2,BUF,47,NE,IN
2023123102,1940,2,8,BUF,45,BUF,HITCH
2023123102,2024,1,16,,50,BUF,GO
2023123102,158,3,6,BUF,29,BUF,CORNER
2023123102,1579,3,6,NE,29,NE,ANGLE
2023123102,2557,1,10,BUF,36,BUF,CROSS
2023123102,610,3,10,BUF,38,BUF,OUT
2023123102,1625,1,10,NE,35,NE,POST
2023123102,3773,3,6,NE,7,NE,IN
2023123102,1388,2,10,NE,20,NE,CROSS
2023123102,3365,1,10,BUF,30,NE,OUT
2023123102,456,3,5,NE,27,NE,CROSS
2023123102,3636,2,5,BUF,45,BUF,POST
2023123102,1465,3,11,NE,34,NE,GO
2023123102,668,1,10,NE,16,NE,SLANT
2023123102,1281,3,6,NE,46,BUF,CROSS
2023123102,201,1,10,NE,18,NE,HITCH
2023123102,2806,1,10,NE,40,NE,OUT
2023123102,2232,2,10,BUF,32,NE,GO
2023123102,3340,1,10,NE,31,NE,GO
2023123102,3880,3,7,NE,46,BUF,SLANT
2023123102,3589,2,3,BUF,35,BUF,SCREEN
2023123102,2374,3,2,BUF,45,BUF,OUT
2023123102,1023,3,6,NE,6,BUF,CORNER
2023123102,1821,1,10,BUF,18,BUF,HITCH
2023123102,3927,2,10,NE,35,BUF,HITCH
2023123102,1893,3,8,BUF,34,BUF,IN
2023123102,299,2,6,NE,17,BUF,HITCH
2023123102,3037,1,10,BUF,12,BUF,POST
2023123102,2255,3,10,BUF,32,NE,HITCH
2023123102,1870,2,8,BUF,34,BUF,HITCH
2023123102,2759,2,11,NE,24,NE,HITCH
2023123102,2315,1,10,BUF,37,BUF,HITCH
2023123102,2532,2,14,BUF,21,BUF,IN
2023123102,3542,2,14,BUF,10,BUF,IN
2023123103,2723,1,10,ATL,42,CHI,CROSS
2023123103,2455,3,7,CHI,19,ATL,HITCH
2023123103,2843,2,10,ATL,39,ATL,OUT
2023123103,2122,1,3,ATL,3,CHI,GO
2023123103,2632,2,11,CHI,47,CHI,CROSS
2023123103,3285,3,7,CHI,49,ATL,HITCH
2023123103,3589,1,10,ATL,20,ATL,OUT
2023123103,326,3,9,ATL,27,CHI,ANGLE
2023123103,4118,2,5,ATL,41,ATL,ANGLE
2023123103,1424,2,10,ATL,36,CHI,CROSS
2023123103,3046,3,6,ATL,29,CHI,HITCH
2023123103,3321,1,10,CHI,29,ATL,HITCH
2023123103,55,1,10,ATL,25,ATL,CROSS
2023123103,2813,1,10,ATL,39,ATL,ANGLE
2023123103,4143,1,10,ATL,47,ATL,HITCH
2023123103,3802,3,4,ATL,24,CHI,CORNER
2023123103,3262,2,7,CHI,49,ATL,POST
2023123103,3540,3,15,CHI,41,CHI,FLAT
2023123103,380,2,6,ATL,6,CHI,FLAT
2023123103,1109,3,10,CHI,25,CHI,FLAT
2023123103,1858,3,8,ATL,29,ATL,HITCH
2023123103,3779,2,4,ATL,24,CHI,WHEEL
2023123103,1319,3,8,CHI,27,CHI,HITCH
2023123103,3906,3,17,ATL,18,ATL,HITCH
2023123103,2258,1,10,ATL,25,ATL,FLAT
2023123103,1371,1,10,CHI,48,CHI,CROSS
2023123103,2315,1,10,ATL,40,ATL,HITCH
2023123103,779,3,7,CHI,35,CHI,GO
2023123103,3430,1,10,CHI,25,CHI,CROSS
2023123103,4093,1,10,ATL,36,ATL,HITCH
2023123103,3929,4,17,ATL,18,ATL,POST
2023123103,1202,2,8,ATL,30,ATL,IN
2023123103,910,2,7,ATL,19,CHI,CROSS
2023123103,167,3,17,CHI,39,ATL,SLANT
2023123103,2367,3,1,ATL,49,ATL,CORNER
2023123103,410,3,7,ATL,7,CHI,CORNER
2023123103,2174,3,4,ATL,4,CHI,CROSS
2023123103,599,1,10,CHI,48,ATL,CROSS
2023123103,112,1,10,CHI,32,ATL,GO
2023123103,1655,3,9,ATL,26,ATL,OUT
2023123103,2998,1,10,ATL,33,CHI,POST
2023123103,3619,2,10,ATL,20,ATL,OUT
2023123103,3346,2,5,CHI,24,ATL,HITCH
2023123103,221,1,10,CHI,40,CHI,GO
2023123103,3195,1,10,ATL,36,ATL,IN
2023123103,2528,1,10,CHI,33,CHI,CROSS
2023123103,668,3,6,CHI,24,ATL,GO
2023123103,1401,1,10,ATL,36,CHI,FLAT
2023123103,2968,2,20,CHI,44,CHI,CROSS
2023123103,2053,1,10,CHI,25,CHI,POST
2023123104,184,2,6,HOU,36,HOU,FLAT
2023123104,2968,3,22,HOU,33,HOU,OUT
2023123104,2834,2,3,HOU,27,HOU,FLAT
2023123104,80,2,6,TEN,29,TEN,GO
2023123104,862,2,6,HOU,20,HOU,FLAT
2023123104,1073,1,10,TEN,12,HOU,CROSS
2023123104,683,3,15,HOU,48,TEN,CROSS
2023123104,2452,2,7,HOU,34,TEN,FLAT
2023123104,1801,1,10,HOU,46,TEN,FLAT
2023123104,780,3,5,HOU,11,HOU,OUT
2023123104,2403,4,2,HOU,44,TEN,FLAT
2023123104,1878,3,27,TEN,47,TEN,OUT
2023123104,3077,1,10,TEN,33,TEN,OUT
2023123104,907,1,10,HOU,27,HOU,OUT
2023123104,2715,4,3,HOU,3,TEN,OUT
2023123104,638,1,10,HOU,43,TEN,HITCH
2023123104,2011,1,10,HOU,32,HOU,OUT
2023123104,1048,3,8,TEN,25,HOU,OUT
2023123104,1964,1,10,HOU,20,HOU,FLAT
2023123104,2925,1,10,HOU,45,HOU,OUT
2023123104,2657,2,9,HOU,9,TEN,CROSS
2023123104,1023,2,8,TEN,25,HOU,FLAT
2023123104,2192,2,6,TEN,9,HOU,CROSS
2023123104,755,2,8,HOU,8,HOU,FLAT
2023123104,1341,1,10,HOU,36,HOU,OUT
2023123104,2767,2,6,HOU,8,HOU,CROSS
2023123104,3052,2,8,TEN,12,TEN,HITCH
2023123104,281,1,10,TEN,43,HOU,OUT
2023123104,1769,1,10,TEN,22,TEN,POST
2023123104,613,4,1,TEN,45,TEN,CROSS
2023123104,2036,1,10,,50,HOU,CROSS
2023123104,1229,2,10,TEN,25,TEN,OUT
2023123104,2500,1,10,HOU,18,TEN,CROSS
2023123104,103,3,6,TEN,29,TEN,OUT
2023123104,1404,2,5,TEN,38,HOU,OUT
2023123104,2083,1,10,TEN,39,HOU,HITCH
2023123104,209,3,3,HOU,39,HOU,HITCH
2023123104,428,3,10,TEN,10,HOU,POST
2023123104,1682,2,12,HOU,29,HOU,IN
2023123104,2475,3,7,HOU,34,TEN,HITCH
2023123104,1290,3,11,TEN,24,TEN,SCREEN
2023123104,2131,1,10,TEN,24,HOU,OUT
2023123105,317,2,8,LV,42,LV,FLAT
2023123105,947,1,10,IND,47,LV,CROSS
2023123105,1207,2,14,IND,23,IND,OUT
2023123105,1124,3,8,IND,8,IND,HITCH
2023123105,3501,1,10,IND,19,LV,HITCH
2023123105,2402,3,4,IND,4,LV,HITCH
2023123105,922,2,10,LV,40,LV,CROSS
2023123105,2672,1,10,LV,20,IND,GO
2023123105,1842,3,14,IND,48,LV,OUT
2023123105,1629,2,3,IND,40,IND,ANGLE
2023123105,789,1,10,IND,6,IND,HITCH
2023123105,3554,3,6,IND,15,LV,GO
2023123105,2051,1,10,LV,35,LV,IN
2023123105,3936,2,6,LV,49,LV,HITCH
2023123105,746,3,5,LV,38,LV,IN
2023123105,2562,1,10,LV,48,IND,FLAT
2023123105,2636,4,2,LV,40,IND,HITCH
2023123105,3889,1,10,LV,25,LV,HITCH
2023123105,994,3,1,IND,38,LV,CROSS
2023123105,3412,4,10,LV,38,LV,OUT
2023123105,3991,1,10,IND,20,LV,CROSS
2023123105,2537,1,10,IND,38,IND,FLAT
2023123105,2988,1,10,LV,49,LV,OUT
2023123105,600,2,10,IND,25,IND,IN
2023123105,1819,2,14,IND,48,LV,HITCH
2023123105,1232,3,11,IND,26,IND,SCREEN
2023123105,3471,1,10,IND,33,LV,HITCH
2023123105,1182,1,20,IND,17,IND,HITCH
2023123105,100,3,5,IND,30,IND,CORNER
2023123105,4023,1,10,IND,10,LV,CROSS
2023123105,3961,1,10,IND,35,LV,HITCH
2023123105,1453,3,1,IND,43,LV,CORNER
2023123105,3531,2,6,IND,15,LV,GO
2023123105,2512,3,10,IND,25,IND,HITCH
2023123105,265,2,9,LV,26,LV,FLAT
2023123105,892,1,10,LV,40,LV,CORNER
2023123105,1384,3,4,LV,43,LV,SLANT
2023123105,4099,4,1,IND,1,LV,FLAT
2023123105,3366,2,10,LV,38,LV,GO
2023123105,511,3,9,IND,21,LV,HITCH
2023123105,3441,1,10,IND,46,LV,OUT
2023123105,415,3,16,IND,40,LV,ANGLE
2023123105,3043,3,4,IND,45,LV,HITCH
2023123105,819,2,10,IND,6,IND,HITCH
2023123105,2489,2,10,IND,25,IND,GO
2023123105,4052,2,10,IND,10,LV,SLANT
2023123105,1767,1,10,LV,42,LV,HITCH
2023123105,3013,2,10,LV,49,LV,FLAT
2023123105,2252,1,10,IND,26,LV,FLAT
2023123105,3343,1,10,LV,38,LV,SLANT
2023123105,2224,2,8,IND,34,LV,HITCH
2023123105,2926,2,10,LV,37,LV,HITCH
2023123105,3389,3,10,LV,38,LV,HITCH
2023123105,3318,1,10,LV,25,LV,SLANT
2023123105,1604,1,10,IND,33,IND,FLAT
2023123105,1654,3,1,IND,42,IND,POST
2023123105,235,1,10,LV,25,LV,SCREEN
2023123105,716,2,12,LV,31,LV,OUT
2023123106,2798,1,10,JAX,48,CAR,OUT
2023123106,1871,3,4,CAR,48,CAR,FLAT
2023123106,1015,1,10,CAR,48,JAX,FLAT
2023123106,1065,3,3,CAR,41,JAX,FLAT
2023123106,487,1,10,CAR,42,CAR,FLAT
2023123106,3418,1,10,CAR,25,CAR,FLAT
2023123106,2872,4,12,,50,CAR,HITCH
2023123106,3493,2,2,CAR,45,CAR,IN
2023123106,134,1,10,CAR,41,JAX,OUT
2023123106,983,1,10,JAX,38,JAX,HITCH
2023123106,1090,4,1,CAR,39,JAX,HITCH
2023123106,2212,3,2,CAR,33,CAR,CORNER
2023123106,2897,1,10,JAX,32,CAR,POST
2023123106,579,3,3,JAX,38,CAR,HITCH
2023123106,1722,2,10,JAX,27,JAX,HITCH
2023123106,602,4,3,JAX,38,CAR,OUT
2023123106,921,2,8,CAR,24,CAR,IN
2023123106,1536,3,6,CAR,6,JAX,HITCH
2023123106,1210,2,13,CAR,16,JAX,IN
2023123106,2743,3,6,CAR,41,CAR,HITCH
2023123106,2647,1,10,CAR,37,CAR,OUT
2023123106,3174,3,10,CAR,10,CAR,HITCH
2023123106,843,3,4,JAX,49,JAX,HITCH
2023123106,1478,1,7,CAR,7,JAX,CROSS
2023123106,3443,2,3,CAR,32,CAR,ANGLE
2023123106,3128,1,10,CAR,10,CAR,FLAT
2023123106,415,1,10,CAR,25,CAR,HITCH
2023123106,2773,4,2,CAR,45,CAR,FLAT
2023123106,2984,3,7,JAX,29,CAR,GO
2023123106,1453,2,5,JAX,45,JAX,GO
2023123106,1841,2,4,CAR,48,CAR,OUT
2023123106,2290,2,10,JAX,17,JAX,IN
2023123106,1160,3,10,CAR,35,JAX,SLANT
2023123106,186,3,4,CAR,35,JAX,HITCH
2023123106,329,2,9,CAR,10,JAX,OUT
2023123106,2476,3,5,CAR,28,JAX,OUT
2023123106,1811,1,10,CAR,42,CAR,FLAT
2023123106,233,2,8,CAR,21,JAX,HITCH
2023123106,3468,1,10,CAR,37,CAR,ANGLE
2023123106,462,3,2,CAR,33,CAR,OUT
2023123106,2187,2,7,CAR,28,CAR,FLAT
2023123106,2370,2,11,JAX,42,JAX,OUT
2023123106,109,3,1,JAX,49,JAX,SLANT
2023123106,3151,2,10,CAR,10,CAR,POST
2023123106,1699,1,10,JAX,27,JAX,HITCH
2023123107,2423,3,4,LA,18,LA,HITCH
2023123107,2677,2,8,LA,23,LA,IN
2023123107,1343,3,16,NYG,14,NYG,FLAT
2023123107,3912,2,11,NYG,27,NYG,CROSS
2023123107,3241,3,13,LA,13,NYG,POST
2023123107,1514,2,10,NYG,38,NYG,HITCH
2023123107,643,2,6,LA,46,LA,FLAT
2023123107,1318,2,21,NYG,9,NYG,HITCH
2023123107,3544,2,6,NYG,40,NYG,CROSS
2023123107,443,1,10,NYG,21,NYG,HITCH
2023123107,2219,2,11,NYG,24,NYG,IN
2023123107,3696,2,6,LA,38,LA,IN
2023123107,1956,1,10,LA,27,LA,HITCH
2023123107,2956,1,10,LA,37,LA,CROSS
2023123107,587,2,5,LA,33,LA,HITCH
2023123107,1417,2,9,LA,26,LA,SLANT
2023123107,1668,2,1,NYG,24,LA,FLAT
2023123107,3719,3,6,LA,38,LA,IN
2023123107,3112,1,10,LA,23,NYG,WHEEL
2023123107,1464,2,9,LA,42,LA,IN
2023123107,86,1,10,LA,39,LA,HITCH
2023123107,1041,2,12,LA,48,NYG,OUT
2023123107,1011,1,20,NYG,44,NYG,HITCH
2023123107,3448,1,10,NYG,25,NYG,HITCH
2023123107,1070,3,6,LA,42,NYG,GO
2023123107,1539,3,5,NYG,43,NYG,HITCH
2023123107,210,2,6,NYG,36,LA,OUT
2023123107,3589,2,19,NYG,49,NYG,HITCH
2023123107,56,1,10,LA,25,LA,FLAT
2023123107,111,2,3,LA,46,LA,OUT
2023123107,262,2,11,NYG,29,LA,POST
2023123107,823,1,10,NYG,25,NYG,FLAT
2023123107,2826,1,10,NYG,20,NYG,GO
2023123107,3509,1,20,NYG,26,NYG,CROSS
2023123107,1162,1,10,LA,25,LA,HITCH
2023123107,3642,4,1,LA,33,NYG,CROSS
2023123107,2244,3,4,NYG,31,NYG,OUT
2023123107,3935,3,11,NYG,27,NYG,HITCH
2023123107,3773,1,10,NYG,17,NYG,ANGLE
2023123107,2400,2,4,LA,18,LA,HITCH
2023123107,1780,2,5,NYG,5,LA,OUT
2023123107,3213,2,20,LA,20,NYG,IN
2023123107,562,1,10,LA,28,LA,OUT
2023123107,1239,3,8,LA,42,LA,GO
2023123107,2363,1,10,LA,12,LA,CROSS
2023123107,4280,1,10,NYG,35,NYG,ANGLE
2023123107,3330,2,5,LA,30,LA,CORNER
2023123107,1757,1,5,NYG,5,LA,GO
2023123107,2605,3,9,NYG,40,NYG,FLAT
2023123107,933,3,4,NYG,47,NYG,OUT
2023123107,1618,2,6,NYG,42,LA,HITCH
2023123107,3887,1,20,NYG,18,NYG,HITCH
2023123107,1929,1,10,NYG,39,NYG,GO
2023123107,2514,1,10,NYG,25,NYG,HITCH
2023123107,4370,3,12,LA,36,NYG,IN
2023123107,1997,1,10,LA,43,NYG,SLANT
2023123107,3023,2,6,LA,30,NYG,CROSS
2023123107,1207,2,16,LA,34,LA,SCREEN
2023123107,500,3,6,NYG,25,NYG,GO
2023123107,2909,2,6,LA,29,LA,FLAT
2023123107,3612,3,19,NYG,49,NYG,FLAT
2023123107,2801,3,10,NYG,9,NYG,GO
2023123107,371,4,3,NYG,21,LA,IN
2023123107,141,1,10,,50,LA,CROSS
2023123107,346,3,11,NYG,29,LA,HITCH
2023123108,1218,3,2,ARI,46,ARI,SLANT
2023123108,1674,3,2,PHI,33,PHI,SLANT
2023123108,1626,1,10,PHI,25,PHI,OUT
2023123108,151,1,10,ARI,26,ARI,FLAT
2023123108,898,3,8,ARI,35,ARI,IN
2023123108,303,3,6,PHI,32,ARI,SLANT
2023123108,1789,2,1,ARI,39,PHI,GO
2023123108,522,1,10,PHI,25,PHI,HITCH
2023123108,1432,3,2,PHI,23,ARI,FLAT
2023123108,2221,2,6,PHI,6,ARI,FLAT
2023123108,2508,2,10,PHI,45,ARI,OUT
2023123108,278,2,10,PHI,36,ARI,OUT
2023123108,2545,1,10,PHI,33,ARI,SLANT
2023123108,1938,2,10,ARI,25,ARI,ANGLE
2023123108,3279,4,4,PHI,5,ARI,SLANT
2023123108,1649,2,10,PHI,25,PHI,HITCH
2023123108,2307,2,10,PHI,25,PHI,FLAT
2023123108,750,2,8,ARI,12,PHI,CROSS
2023123108,2428,2,6,ARI,27,ARI,HITCH
2023123108,3813,1,10,PHI,25,PHI,FLAT
2023123108,3256,3,4,PHI,5,ARI,IN
2023123108,100,3,2,PHI,33,PHI,FLAT
2023123108,2828,2,5,ARI,31,PHI,CROSS
2023123108,1734,2,10,PHI,42,PHI,HITCH
2023123108,225,3,4,PHI,42,ARI,OUT
2023123108,1915,1,10,ARI,25,ARI,FLAT
2023123108,1048,3,7,PHI,24,ARI,IN
2023123108,3843,2,5,PHI,30,PHI,FLAT
2023123108,1764,1,10,ARI,48,PHI,HITCH
2023123108,2624,1,5,PHI,5,ARI,ANGLE
2023123108,3675,2,4,ARI,49,ARI,OUT
2023123108,3705,1,10,PHI,41,ARI,OUT
2023123108,599,3,3,PHI,48,PHI,CROSS
2023123108,2065,1,10,ARI,35,ARI,FLAT
2023123108,944,1,10,ARI,46,ARI,POST
2023123108,456,3,10,PHI,10,ARI,FLAT
2023123108,3209,1,10,PHI,11,ARI,HITCH
2023123108,2332,3,5,PHI,30,PHI,GO
2023123108,1819,3,1,ARI,39,PHI,CORNER
2023123108,3621,2,9,ARI,31,ARI,CROSS
2023123108,2117,1,10,PHI,43,ARI,OUT
2023123108,3900,1,10,PHI,49,PHI,CORNER
2023123108,1702,1,10,PHI,42,PHI,FLAT
2023123108,3381,2,9,ARI,38,PHI,SLANT
2023123108,991,1,10,PHI,27,ARI,HITCH
2023123108,2152,1,10,PHI,32,ARI,SLANT
2023123109,3920,2,3,NO,47,TB,POST
2023123109,278,1,10,TB,20,NO,CROSS
2023123109,460,2,5,TB,30,TB,CROSS
2023123109,2848,3,4,NO,25,NO,HITCH
2023123109,1639,2,10,TB,25,TB,OUT
2023123109,3453,1,10,NO,37,NO,CROSS
2023123109,62,1,10,NO,27,NO,HITCH
2023123109,3389,1,10,NO,22,TB,POST
2023123109,3168,3,8,NO,48,NO,HITCH
2023123109,3240,1,10,TB,44,TB,CROSS
2023123109,1616,1,10,TB,25,TB,HITCH
2023123109,1451,3,7,TB,45,NO,HITCH
2023123109,3057,2,10,TB,35,TB,FLAT
2023123109,2282,3,9,TB,23,TB,HITCH
2023123109,1740,2,4,TB,40,NO,GO
2023123109,1234,1,10,TB,19,TB,OUT
2023123109,1828,2,11,TB,32,NO,IN
2023123109,1520,3,7,TB,29,NO,HITCH
2023123109,1086,3,8,NO,4,NO,GO
2023123109,2097,1,15,NO,29,NO,FLAT
2023123109,3883,1,10,TB,46,TB,FLAT
2023123109,562,2,7,NO,35,NO,HITCH
2023123109,1314,3,13,TB,16,TB,FLAT
2023123109,766,3,9,TB,28,TB,POST
2023123109,2416,1,10,NO,45,NO,IN
2023123109,2728,3,13,TB,41,TB,FLAT
2023123109,1768,3,4,TB,40,NO,OUT
2023123109,1552,1,10,TB,22,NO,GO
2023123109,2015,3,6,TB,29,TB,CROSS
2023123109,1369,1,10,NO,40,NO,FLAT
2023123109,2977,1,10,TB,24,TB,ANGLE
2023123109,2653,2,9,TB,26,TB,SLANT
2023123109,3364,4,6,NO,38,TB,POST
2023123109,2144,3,12,NO,32,NO,ANGLE
2023123109,209,3,7,TB,42,NO,OUT
2023123109,3741,1,10,TB,25,TB,GO
2023123109,2935,3,6,NO,37,NO,GO
2023123109,117,1,10,NO,42,NO,OUT
2023123109,631,1,10,TB,11,TB,IN
2023123109,3114,1,10,NO,46,NO,SLANT
2023123109,2678,1,10,TB,44,TB,OUT
2023123109,3210,1,10,TB,9,TB,CORNER
2023123109,3034,1,10,TB,35,TB,CROSS
2023123109,2506,1,10,TB,14,NO,FLAT
2023123109,3009,2,5,TB,29,TB,OUT
2023123109,374,3,4,TB,4,NO,IN
2023123109,1428,2,7,TB,45,NO,HITCH
2023123109,1853,3,6,TB,27,NO,HITCH
2023123109,3087,1,10,TB,45,TB,OUT
2023123109,976,2,7,NO,36,TB,CORNER
2023123109,2235,1,20,TB,12,TB,ANGLE
2023123109,1970,1,10,TB,25,TB,GO
2023123109,184,2,12,TB,47,NO,HITCH
2023123110,1370,2,3,SF,3,WAS,OUT
2023123110,2870,2,9,WAS,17,SF,SLANT
2023123110,914,1,10,SF,30,WAS,FLAT
2023123110,631,1,10,WAS,28,SF,IN
2023123110,815,1,10,SF,41,WAS,HITCH
2023123110,2251,1,10,WAS,25,WAS,HITCH
2023123110,1244,2,9,WAS,33,WAS,ANGLE
2023123110,3098,2,5,WAS,16,SF,OUT
2023123110,559,1,10,WAS,46,SF,OUT
2023123110,1662,3,4,WAS,4,SF,OUT
2023123110,3145,2,7,WAS,7,SF,HITCH
2023123110,2019,2,4,WAS,49,SF,OUT
2023123110,2357,2,20,WAS,26,WAS,CORNER
2023123110,1877,1,10,SF,17,SF,POST
2023123110,1457,1,10,SF,25,SF,CORNER
2023123110,1039,1,10,SF,31,SF,ANGLE
2023123110,1812,2,9,WAS,26,WAS,OUT
2023123110,2957,1,10,WAS,25,WAS,HITCH
2023123110,2600,3,8,SF,11,WAS,IN
2023123110,1393,3,3,SF,3,WAS,GO
2023123110,2765,1,10,SF,44,SF,GO
2023123110,3214,1,10,WAS,2,WAS,FLAT
2023123110,249,1,10,WAS,29,SF,ANGLE
2023123110,3530,4,8,WAS,20,WAS,FLAT
2023123110,2678,2,4,SF,26,SF,HITCH
2023123110,1108,3,5,SF,48,SF,OUT
2023123110,2740,2,8,SF,35,SF,IN
2023123110,3507,3,8,WAS,20,WAS,GO
2023123110,459,3,8,WAS,27,WAS,HITCH
2023123110,121,2,8,SF,38,SF,OUT
2023123110,2986,2,4,WAS,31,WAS,HITCH
2023123110,387,1,10,WAS,25,WAS,HITCH
2023123110,168,1,10,SF,47,SF,OUT
2023123110,606,3,9,WAS,45,SF,OUT
2023123110,1274,3,2,WAS,40,WAS,GO
2023123110,2893,3,9,WAS,17,SF,HITCH
2023123110,1928,2,10,SF,17,SF,ANGLE
2023123110,1487,1,10,SF,43,SF,POST
2023123110,3239,2,11,WAS,1,WAS,ANGLE
2023123111,1215,1,10,SEA,36,SEA,POST
2023123111,1909,1,10,PIT,20,PIT,OUT
2023123111,2157,1,13,PIT,33,SEA,FLAT
2023123111,2552,3,17,SEA,29,SEA,ANGLE
2023123111,2207,3,4,PIT,24,SEA,OUT
2023123111,2012,1,10,SEA,35,SEA,CROSS
2023123111,156,1,10,SEA,46,PIT,IN
2023123111,364,1,10,PIT,20,PIT,OUT
2023123111,1802,1,10,SEA,25,SEA,HITCH
2023123111,1333,1,10,PIT,11,SEA,GO
2023123111,1668,3,4,SEA,15,PIT,OUT
2023123111,3055,3,6,PIT,44,PIT,CORNER
2023123111,2769,2,10,SEA,14,SEA,POST
2023123111,2841,1,10,PIT,29,SEA,FLAT
2023123111,902,2,6,SEA,43,SEA,HITCH
2023123111,3575,2,5,SEA,46,SEA,ANGLE
2023123111,1837,2,10,SEA,25,SEA,ANGLE
2023123111,1405,3,11,PIT,12,SEA,POST
2023123111,1308,1,10,PIT,32,SEA,SLANT
2023123111,3651,2,12,PIT,41,SEA,HITCH
2023123111,3729,1,5,PIT,5,SEA,HITCH
2023123111,835,3,3,SEA,32,SEA,OUT
2023123111,1934,2,5,PIT,25,PIT,FLAT
2023123111,321,3,9,SEA,42,SEA,HITCH
2023123111,1518,3,4,PIT,31,PIT,FLAT
2023123111,99,3,5,PIT,30,PIT,OUT
2023123111,787,1,10,SEA,25,SEA,OUT
2023123111,2886,3,12,PIT,31,SEA,SLANT
2023123111,3525,1,10,SEA,26,SEA,HITCH
2023123111,3841,1,10,SEA,44,PIT,SLANT
2023123111,3134,3,5,SEA,17,PIT,ANGLE
2023123111,810,2,10,SEA,25,SEA,ANGLE
2023123111,239,4,5,SEA,41,PIT,GO
2023123111,3704,1,10,PIT,23,SEA,CORNER
2023123111,2307,1,15,PIT,24,PIT,HITCH
2023123111,3550,1,10,SEA,41,SEA,ANGLE
2023123111,2182,2,9,PIT,29,SEA,HITCH
2023123111,204,3,5,SEA,41,PIT,CROSS
2023123111,3676,3,2,PIT,31,SEA,ANGLE
2023123111,679,2,9,SEA,30,PIT,HITCH
2023123111,2403,1,10,SEA,46,PIT,CROSS
2023123111,2701,3,14,PIT,29,PIT,HITCH
2023123112,4266,3,8,DEN,43,LAC,HITCH
2023123112,3445,2,11,LAC,11,DEN,SLANT
2023123112,1402,2,6,DEN,29,DEN,FLAT
2023123112,779,2,4,LAC,31,LAC,HITCH
2023123112,3645,4,5,LAC,46,LAC,SLANT
2023123112,3544,1,10,LAC,25,LAC,OUT
2023123112,4243,2,8,DEN,43,LAC,GO
2023123112,1454,1,10,DEN,44,DEN,GO
2023123112,288,3,10,DEN,34,DEN,OUT
2023123112,1864,3,4,LAC,25,DEN,SLANT
2023123112,2506,2,7,DEN,43,DEN,FLAT
2023123112,2313,1,10,LAC,33,DEN,FLAT
2023123112,1937,1,10,LAC,25,LAC,HITCH
2023123112,2194,3,14,LAC,48,LAC,HITCH
2023123112,2091,1,10,DEN,48,LAC,FLAT
2023123112,3744,1,10,DEN,37,LAC,OUT
2023123112,2276,1,10,DEN,26,DEN,CROSS
2023123112,2653,1,10,LAC,20,LAC,POST
2023123112,2706,1,10,LAC,42,LAC,HITCH
2023123112,3052,1,10,LAC,12,LAC,HITCH
2023123112,849,3,5,DEN,49,LAC,POST
2023123112,1291,2,8,DEN,18,LAC,WHEEL
2023123112,3866,2,10,DEN,40,DEN,FLAT
2023123112,1573,1,10,LAC,25,LAC,FLAT
2023123112,979,2,1,DEN,33,DEN,POST
2023123112,630,2,9,LAC,15,DEN,HITCH
2023123112,946,1,10,DEN,24,DEN,FLAT
2023123112,1239,2,7,DEN,47,LAC,OUT
2023123112,253,2,10,DEN,34,DEN,IN
2023123112,514,2,8,DEN,48,DEN,IN
2023123112,1509,3,8,DEN,46,DEN,IN
2023123112,1314,3,8,DEN,18,LAC,GO
2023123112,4107,2,8,LAC,22,LAC,IN
2023123112,2982,2,8,DEN,49,DEN,CORNER
2023123112,3597,2,10,LAC,41,LAC,OUT
2023123112,1683,2,15,LAC,30,LAC,FLAT
2023123112,826,2,5,DEN,49,LAC,IN
2023123112,4132,1,10,LAC,37,LAC,GO
2023123112,1972,2,10,LAC,25,LAC,HITCH
2023123112,3791,3,7,DEN,34,LAC,FLAT
2023123112,3077,2,6,LAC,16,LAC,SCREEN
2023123112,4073,1,10,LAC,20,LAC,FLAT
2023123112,2457,3,10,DEN,25,DEN,IN
2023123112,2867,2,7,DEN,28,DEN,SLANT
2023123112,4155,2,10,LAC,37,LAC,SLANT
2023123112,2169,2,17,LAC,45,LAC,OUT
2023123112,1708,3,11,LAC,34,LAC,HITCH
2023123112,3620,3,10,LAC,41,LAC,HITCH
2023123112,2432,2,13,DEN,22,DEN,ANGLE
2023123112,3275,2,8,LAC,36,DEN,IN
2023123112,3574,1,10,LAC,41,LAC,CROSS
2023123112,1046,1,10,DEN,35,DEN,HITCH
2023123112,1170,1,10,LAC,40,LAC,SLANT
2023123112,186,3,1,DEN,29,DEN,ANGLE
2023123112,1658,1,20,LAC,25,LAC,CROSS
2023123112,99,3,2,LAC,33,LAC,HITCH
2023123112,1819,1,10,LAC,31,DEN,HITCH
2023123113,2255,2,9,KC,45,CIN,CROSS
2023123113,2741,2,10,CIN,44,CIN,HITCH
2023123113,2974,3,3,CIN,4,KC,FLAT
2023123113,398,3,10,KC,20,CIN,IN
2023123113,3526,2,20,CIN,15,CIN,OUT
2023123113,2462,3,4,KC,15,KC,CORNER
2023123113,55,1,10,CIN,25,CIN,OUT
2023123113,240,1,10,KC,42,CIN,FLAT
2023123113,2437,2,10,KC,9,KC,HITCH
2023123113,3824,4,18,CIN,32,CIN,POST
2023123113,1623,3,11,CIN,24,CIN,OUT
2023123113,2060,3,8,KC,27,KC,CROSS
2023123113,2138,2,5,CIN,22,CIN,OUT
2023123113,2208,2,6,CIN,40,CIN,HITCH
2023123113,1925,1,10,CIN,36,CIN,OUT
2023123113,2407,1,10,KC,9,KC,GO
2023123113,3066,2,8,CIN,27,CIN,GO
2023123113,488,2,1,KC,34,KC,FLAT
2023123113,3089,3,8,CIN,27,CIN,OUT
2023123113,328,3,7,KC,39,CIN,IN
2023123113,1020,1,10,KC,25,KC,FLAT
2023123113,2625,3,7,CIN,12,KC,FLAT
2023123113,2532,1,10,CIN,39,KC,OUT
2023123113,2849,2,8,KC,11,KC,HITCH
2023123113,626,3,8,CIN,8,KC,POST
2023123113,2885,1,10,KC,22,KC,GO
2023123113,513,1,10,KC,37,KC,CROSS
2023123113,1170,3,2,KC,16,CIN,OUT
2023123113,1512,3,7,CIN,36,KC,OUT
2023123113,1774,3,3,CIN,24,KC,CROSS
2023123113,1749,2,9,CIN,30,KC,FLAT
2023123113,1405,1,10,KC,24,KC,HITCH
2023123113,2602,2,7,CIN,12,KC,CROSS
2023123113,2161,3,5,CIN,22,CIN,HITCH
2023123113,1724,1,15,CIN,36,KC,HITCH
2023123113,712,2,7,CIN,28,CIN,FLAT
2023123113,956,2,7,KC,7,CIN,FLAT
2023123113,3228,2,10,KC,45,KC,OUT
2023123113,909,2,8,KC,16,CIN,FLAT
2023123113,2555,2,10,CIN,39,KC,SLANT
2023123113,3724,1,10,CIN,25,CIN,SLANT
2023123113,3933,4,27,CIN,38,CIN,GO
2023123113,3658,3,8,CIN,35,KC,OUT
2023123113,1460,1,10,CIN,39,KC,CROSS
2023123113,2766,3,4,,50,CIN,IN
2023123113,742,3,2,CIN,33,CIN,CORNER
2023123113,3427,3,5,CIN,29,KC,FLAT
2023123113,855,2,9,KC,29,CIN,FLAT
2023123113,3903,3,27,CIN,38,CIN,IN
2023123113,188,1,10,CIN,46,CIN,FLAT
2023123114,1249,3,16,GB,45,MIN,FLAT
2023123114,931,2,8,GB,39,GB,CROSS
2023123114,2340,2,28,,50,MIN,HITCH
2023123114,1080,4,1,MIN,24,GB,CORNER
2023123114,199,3,1,MIN,32,MIN,CROSS
2023123114,1437,1,10,MIN,33,GB,FLAT
2023123114,1878,3,1,GB,21,GB,POST
2023123114,2592,1,10,,50,GB,FLAT
2023123114,3186,1,10,MIN,44,GB,FLAT
2023123114,1412,1,10,MIN,46,GB,FLAT
2023123114,3618,2,10,GB,29,MIN,OUT
2023123114,364,1,10,GB,44,GB,FLAT
2023123114,1139,2,6,MIN,28,MIN,OUT
2023123114,3545,1,10,GB,41,MIN,ANGLE
2023123114,3161,2,3,GB,44,GB,SLANT
2023123114,1382,2,4,GB,39,GB,OUT
2023123114,2544,2,8,GB,37,GB,GO
2023123114,2368,3,14,GB,36,MIN,POST
2023123114,62,1,10,GB,20,GB,POST
2023123114,3710,2,4,GB,10,MIN,CORNER
2023123114,3021,2,6,GB,6,MIN,CROSS
2023123114,2445,3,3,GB,8,MIN,FLAT
2023123114,3685,1,10,GB,16,MIN,IN
2023123114,3595,1,10,GB,29,MIN,CORNER
2023123114,417,3,3,MIN,49,GB,IN
2023123114,3114,2,6,GB,29,GB,HITCH
2023123114,654,2,10,MIN,33,GB,POST
2023123114,3260,2,10,MIN,33,GB,FLAT
2023123114,602,2,7,MIN,28,MIN,CROSS
2023123114,2644,2,9,MIN,39,GB,FLAT
2023123114,240,1,10,GB,20,GB,FLAT
2023123114,3439,1,10,MIN,23,MIN,OUT
2023123114,1174,1,10,MIN,41,MIN,IN
2023123114,3487,3,5,MIN,28,MIN,HITCH
2023123114,815,2,4,MIN,44,MIN,GO
2023123114,2567,3,8,GB,37,GB,HITCH
2023123114,2922,3,5,MIN,22,MIN,IN
2023123114,1634,1,10,MIN,19,MIN,FLAT
2023123114,514,3,8,MIN,16,GB,HITCH
2023123114,2735,1,10,MIN,18,GB,SCREEN
2023123114,3924,3,6,GB,33,GB,POST
2023123114,2017,1,10,MIN,25,GB,IN
2023123114,2040,2,10,MIN,25,GB,SLANT
2023123114,3285,3,7,MIN,30,GB,HITCH
2023123114,1927,1,10,MIN,38,MIN,FLAT
2023123114,309,3,3,GB,27,GB,OUT
2023123114,3756,4,4,GB,10,MIN,GO
2023123114,3648,3,10,GB,29,MIN,FLAT
2023123114,3570,2,5,GB,36,MIN,CROSS
2023123114,334,1,10,GB,31,GB,FLAT
2023123114,3733,3,4,GB,10,MIN,GO
2023123114,2169,1,10,MIN,43,MIN,HITCH
2023123114,2400,1,10,GB,15,MIN,FLAT
2023123114,3359,3,3,MIN,12,GB,SCREEN
2023123114,629,1,10,MIN,33,GB,SCREEN
2023123114,1734,3,16,MIN,36,MIN,IN
2023123114,107,3,7,GB,23,GB,OUT
2023123114,1987,1,10,MIN,37,GB,OUT
2023123114,2782,3,1,MIN,9,GB,CROSS
2023123114,3464,2,5,MIN,28,MIN,IN
2024010712,2140,1,10,SEA,39,SEA,FLAT
2024010712,3210,3,7,SEA,28,SEA,IN
2024010712,1318,2,7,ARI,19,SEA,CROSS
2024010712,345,2,9,SEA,8,SEA,HITCH
2024010712,3808,2,10,ARI,25,ARI,SLANT
2024010712,834,2,10,SEA,30,SEA,OUT
2024010712,3858,2,11,ARI,45,ARI,ANGLE
2024010712,3629,1,10,SEA,33,SEA,ANGLE
2024010712,857,3,10,SEA,30,SEA,HITCH
2024010712,2874,3,10,SEA,46,ARI,HITCH
2024010712,3300,1,10,ARI,26,ARI,FLAT
2024010712,3392,3,11,ARI,40,ARI,GO
2024010712,402,1,10,SEA,30,SEA,OUT
2024010712,1534,1,10,SEA,44,ARI,CROSS
2024010712,2281,1,10,ARI,46,ARI,CORNER
2024010712,1589,2,8,SEA,14,ARI,OUT
2024010712,1824,1,10,SEA,45,SEA,SLANT
2024010712,471,1,10,ARI,42,SEA,FLAT
2024010712,2480,3,12,SEA,34,SEA,FLAT
2024010712,1890,2,3,ARI,48,SEA,HITCH
2024010712,763,3,6,SEA,24,SEA,OUT
2024010712,3883,3,8,ARI,48,ARI,HITCH
2024010712,185,1,10,SEA,47,ARI,CROSS
2024010712,1271,3,8,SEA,41,SEA,POST
2024010712,273,3,15,ARI,48,ARI,HITCH
2024010712,3654,2,5,SEA,38,SEA,ANGLE
2024010712,545,3,4,ARI,15,SEA,SLANT
2024010712,920,1,10,ARI,16,ARI,FLAT
2024010712,2628,3,8,SEA,48,ARI,CROSS
2024010712,655,3,6,ARI,29,ARI,CROSS
2024010712,2256,2,11,ARI,12,ARI,FLAT
2024010712,3833,1,10,ARI,46,ARI,FLAT
2024010712,1487,1,10,ARI,44,ARI,CROSS
2024010712,3093,4,3,SEA,8,ARI,GO
2024010712,3785,1,10,ARI,25,ARI,CROSS
2024010712,3068,3,13,SEA,18,ARI,IN
2024010712,1382,1,10,ARI,25,ARI,SLANT
2024010712,2707,2,8,SEA,4,SEA,OUT
2024010712,3679,1,10,ARI,49,SEA,ANGLE
2024010712,3704,1,10,ARI,34,SEA,POST
2024010712,1407,2,3,ARI,32,ARI,FLAT
2024010600,3120,3,6,PIT,47,PIT,OUT
2024010600,1089,3,8,BAL,33,PIT,FLAT
2024010600,1502,3,9,BAL,30,BAL,CROSS
2024010600,1679,3,6,PIT,44,PIT,OUT
2024010600,783,2,5,PIT,42,PIT,SCREEN
2024010600,2451,2,10,BAL,18,BAL,HITCH
2024010600,705,3,7,BAL,28,BAL,OUT
2024010600,1371,2,8,PIT,12,PIT,ANGLE
2024010600,495,2,5,BAL,28,PIT,CROSS
2024010600,2756,3,4,PIT,29,PIT,POST
2024010600,2498,2,8,BAL,32,BAL,IN
2024010600,3506,1,10,BAL,25,BAL,IN
2024010600,2571,3,9,BAL,49,BAL,FLAT
2024010600,1467,2,9,BAL,30,BAL,ANGLE
2024010600,2428,1,10,BAL,18,BAL,OUT
2024010600,3617,3,1,PIT,42,BAL,FLAT
2024010600,106,3,1,PIT,34,PIT,HITCH
2024010600,1810,2,19,BAL,42,PIT,HITCH
2024010600,1189,3,3,BAL,40,BAL,HITCH
2024010600,3691,1,10,PIT,25,BAL,HITCH
2024010600,682,2,7,BAL,28,BAL,HITCH
2024010600,2922,2,9,BAL,36,BAL,FLAT
2024010600,2875,3,6,BAL,29,BAL,SLANT
2024010600,1137,1,10,BAL,33,BAL,WHEEL
2024010600,3355,3,3,BAL,8,PIT,FLAT
2024010600,1709,1,10,BAL,43,PIT,OUT
2024010600,1571,2,12,PIT,27,BAL,GO
2024010600,77,2,8,PIT,27,PIT,FLAT
2024010600,178,3,4,PIT,47,PIT,POST
2024010600,1989,3,16,BAL,19,BAL,IN
2024010600,3536,2,5,BAL,30,BAL,ANGLE
2024010600,808,3,3,PIT,44,PIT,GO
2024010600,448,2,2,BAL,35,PIT,CROSS
2024010600,275,3,3,BAL,26,BAL,WHEEL
2024010600,3565,1,10,BAL,49,BAL,HITCH
2024010600,3020,3,8,PIT,49,BAL,IN
2024010600,250,2,8,BAL,21,BAL,HITCH
2024010705,328,1,10,CAR,37,CAR,IN
2024010705,153,3,9,TB,42,TB,SLANT
2024010705,2440,2,7,TB,11,TB,HITCH
2024010705,2975,1,10,CAR,21,TB,SLANT
2024010705,80,2,3,TB,32,TB,SLANT
2024010705,55,1,10,TB,25,TB,HITCH
2024010705,1884,2,3,CAR,49,TB,FLAT
2024010705,1596,3,8,CAR,25,CAR,FLAT
2024010705,1042,3,4,TB,43,CAR,GO
2024010705,2346,2,12,CAR,44,CAR,GO
2024010705,2612,3,5,TB,49,CAR,OUT
2024010705,130,2,9,TB,42,TB,POST
2024010705,1936,1,10,CAR,45,TB,FLAT
2024010705,1859,1,10,TB,44,TB,HITCH
2024010705,812,2,15,TB,31,TB,CROSS
2024010705,995,1,10,TB,49,CAR,HITCH
2024010705,3199,1,10,CAR,48,CAR,HITCH
2024010705,1973,2,2,CAR,37,TB,OUT
2024010705,200,2,9,CAR,47,TB,HITCH
2024010705,3130,2,6,CAR,41,CAR,OUT
2024010705,2587,2,9,CAR,47,CAR,CROSS
2024010705,519,3,5,TB,39,TB,GO
2024010705,1715,3,10,TB,26,TB,HITCH
2024010705,1683,2,10,TB,26,TB,OUT
2024010705,1385,2,1,CAR,45,TB,FLAT
2024010705,418,1,10,TB,22,TB,FLAT
2024010705,3000,2,4,CAR,15,TB,CROSS
2024010705,3462,3,5,CAR,36,TB,POST
2024010705,2874,2,9,TB,43,TB,OUT
2024010705,1561,2,8,CAR,25,CAR,CROSS
2024010705,494,2,10,TB,34,TB,HITCH
2024010705,2709,4,5,TB,38,CAR,SLANT
2024010705,1115,1,10,TB,20,TB,HITCH
2024010705,1215,1,10,CAR,21,CAR,OUT
2024010705,223,3,9,CAR,47,TB,CORNER
2024010705,2027,2,16,CAR,39,TB,SLANT
2024010705,1462,3,9,CAR,24,TB,CROSS
2024010705,789,1,15,TB,31,TB,GO
2024010705,1816,3,9,CAR,21,CAR,HITCH
2024010705,560,1,10,CAR,20,CAR,CROSS
2024010701,3256,3,4,CIN,31,CLE,OUT
2024010701,1078,1,5,CLE,43,CIN,CROSS
2024010701,2476,1,10,CLE,24,CIN,CROSS
2024010701,3177,1,10,CLE,45,CLE,CROSS
2024010701,711,1,10,CLE,23,CIN,HITCH
2024010701,2580,2,7,CLE,7,CIN,CROSS
2024010701,795,1,6,CLE,6,CIN,FLAT
2024010701,1955,2,10,CIN,42,CLE,HITCH
2024010701,2692,1,10,CLE,36,CLE,WHEEL
2024010701,1548,2,16,CIN,12,CIN,HITCH
2024010701,1925,1,10,CIN,42,CLE,SLANT
2024010701,275,2,8,CLE,26,CLE,SLANT
2024010701,1354,3,8,CLE,45,CLE,GO
2024010701,206,3,4,CLE,33,CIN,CROSS
2024010701,1215,2,3,CLE,3,CIN,CROSS
2024010701,1000,2,6,CIN,29,CIN,OUT
2024010701,2667,2,10,CLE,25,CLE,HITCH
2024010701,183,2,4,CLE,33,CIN,CROSS
2024010701,2171,3,4,CIN,48,CLE,SLANT
2024010701,3282,4,4,CIN,31,CLE,CORNER
2024010701,2876,3,8,CIN,19,CIN,FLAT
2024010701,395,3,9,CIN,41,CIN,GO
2024010701,107,3,4,CLE,29,CLE,GO
2024010701,2921,1,10,CLE,38,CLE,FLAT
2024010701,1397,1,10,CIN,4,CIN,HITCH
2024010701,3588,1,10,CIN,43,CLE,OUT
2024010701,1280,1,10,CLE,25,CLE,GO
2024010701,3440,1,10,CLE,25,CLE,FLAT
2024010701,3611,2,10,CIN,43,CLE,FLAT
2024010701,1726,3,8,CLE,32,CIN,SCREEN
2024010701,2533,3,18,CLE,32,CIN,POST
2024010701,3636,1,10,CIN,24,CLE,GO
2024010701,2382,3,4,CLE,40,CIN,HITCH
2024010701,2023,1,10,CIN,23,CIN,CROSS
2024010701,2357,2,13,CLE,49,CIN,HITCH
2024010701,926,3,10,CLE,25,CLE,CORNER
2024010701,3033,3,19,CLE,49,CLE,FLAT
2024010701,3487,3,6,CLE,29,CLE,HITCH
2024010701,233,1,10,CLE,24,CLE,CROSS
2024010701,765,3,8,CLE,21,CIN,GO
2024010701,3112,2,12,CIN,9,CIN,HITCH
2024010701,420,1,10,CLE,24,CIN,HITCH
2024010701,1678,1,10,CLE,34,CIN,OUT
2024010703,4084,1,10,MIN,10,MIN,HITCH
2024010703,3454,2,13,MIN,40,DET,HITCH
2024010703,1110,1,10,DET,39,MIN,GO
2024010703,654,1,10,DET,46,DET,HITCH
2024010703,1465,3,8,DET,38,DET,CROSS
2024010703,3778,3,9,MIN,44,MIN,HITCH
2024010703,2856,3,2,MIN,49,DET,IN
2024010703,3132,2,5,DET,30,DET,GO
2024010703,3033,4,1,DET,38,MIN,POST
2024010703,2897,1,10,MIN,20,MIN,CROSS
2024010703,147,1,10,MIN,10,MIN,CROSS
2024010703,2998,3,10,DET,47,MIN,OUT
2024010703,2601,1,1,MIN,1,DET,POST
2024010703,3893,1,10,DET,26,MIN,CROSS
2024010703,1549,2,7,MIN,5,MIN,FLAT
2024010703,1684,3,18,MIN,28,MIN,IN
2024010703,1958,1,10,MIN,18,MIN,CORNER
2024010703,3733,1,10,MIN,43,MIN,FLAT
2024010703,544,3,17,MIN,18,MIN,FLAT
2024010703,2973,2,12,DET,49,MIN,FLAT
2024010703,1735,1,10,DET,18,DET,OUT
2024010703,1609,2,4,MIN,31,MIN,OUT
2024010703,267,2,10,MIN,32,MIN,HITCH
2024010703,3479,1,10,MIN,16,DET,POST
2024010703,1186,1,10,DET,30,MIN,IN
2024010703,341,1,10,DET,48,DET,GO
2024010703,427,2,2,MIN,2,DET,OUT
2024010703,2515,1,10,MIN,28,DET,
2024010703,104,3,6,DET,29,DET,CROSS
2024010703,2381,1,10,DET,29,DET,HITCH
2024010703,3238,1,10,DET,42,MIN,GO
2024010703,1862,2,2,DET,37,DET,FLAT
2024010703,3213,2,6,MIN,29,MIN,CORNER
2024010703,4132,3,5,MIN,15,MIN,IN
2024010703,2211,2,9,MIN,26,MIN,HITCH
2024010703,2333,3,3,DET,31,MIN,IN
2024010703,3383,2,4,DET,45,DET,HITCH
2024010703,2356,4,3,DET,31,MIN,IN
2024010703,701,3,1,MIN,45,DET,CROSS
2024010703,2013,1,10,DET,36,MIN,FLAT
2024010703,624,2,8,DET,38,DET,OUT
2024010703,1052,3,13,MIN,43,MIN,CROSS
2024010703,1787,3,4,DET,24,DET,IN
2024010703,3868,2,4,DET,40,MIN,POST
2024010703,2093,3,19,DET,31,MIN,HITCH
2024010703,3664,1,10,MIN,32,MIN,CROSS
2024010703,1442,2,8,DET,38,DET,CORNER
2024010703,1988,1,10,MIN,44,MIN,POST
2024010703,3916,2,10,DET,26,MIN,OUT
2024010703,1395,2,9,DET,27,DET,IN
2024010703,1661,2,18,MIN,28,MIN,CORNER
2024010703,937,2,30,MIN,14,MIN,GO
2024010703,2415,1,10,DET,43,DET,GO
2024010703,2063,2,19,DET,31,MIN,OUT
2024010703,2236,1,10,MIN,38,MIN,CROSS
2024010703,4109,2,5,MIN,15,MIN,OUT
2024010703,2460,3,6,DET,47,DET,CROSS
2024010706,1782,3,3,CHI,12,GB,SLANT
2024010706,455,1,10,CHI,30,GB,HITCH
2024010706,2285,3,7,CHI,45,CHI,SLANT
2024010706,2420,3,10,GB,17,CHI,OUT
2024010706,1103,2,3,CHI,41,CHI,OUT
2024010706,956,1,10,CHI,19,GB,HITCH
2024010706,1261,2,12,GB,19,CHI,SLANT
2024010706,1713,2,3,CHI,23,GB,HITCH
2024010706,1438,2,1,CHI,29,GB,OUT
2024010706,2586,3,4,CHI,7,GB,POST
2024010706,902,3,5,CHI,41,GB,IN
2024010706,1406,1,10,CHI,38,GB,FLAT
2024010706,1629,1,10,GB,36,GB,OUT
2024010706,3086,1,10,GB,40,GB,SCREEN
2024010706,2310,1,10,GB,44,CHI,HITCH
2024010706,408,2,9,GB,37,GB,OUT
2024010706,588,1,10,CHI,31,CHI,OUT
2024010706,2504,1,10,GB,28,GB,GO
2024010706,2375,1,10,GB,17,CHI,SCREEN
2024010706,1461,3,1,CHI,29,GB,HITCH
2024010706,524,2,6,CHI,15,GB,IN
2024010706,84,2,12,CHI,29,CHI,HITCH
2024010706,361,3,6,GB,29,GB,SLANT
2024010706,1486,1,10,CHI,22,GB,GO
2024010706,3147,3,7,GB,43,GB,FLAT
2024010706,1356,1,10,GB,25,GB,HITCH
2024010706,1214,3,4,,50,CHI,CROSS
2024010706,2724,2,6,CHI,36,CHI,FLAT
2024010706,2992,2,13,GB,3,GB,HITCH
2024010706,783,2,6,GB,12,GB,IN
2024010706,1516,2,10,CHI,22,GB,OUT
2024010706,3017,3,2,GB,14,GB,CROSS
2024010706,1381,1,10,GB,49,GB,ANGLE
2024010706,2141,2,6,GB,46,GB,HITCH
2024010706,178,1,10,GB,44,CHI,HITCH
2024010706,153,2,6,CHI,47,CHI,CROSS
2024010706,338,2,6,GB,29,GB,OUT
2024010706,2062,1,10,GB,32,GB,OUT
2024010706,625,1,10,CHI,43,CHI,HITCH
2024010601,2237,1,10,HOU,25,HOU,OUT
2024010601,1280,3,4,HOU,36,HOU,HITCH
2024010601,3282,1,10,HOU,27,HOU,OUT
2024010601,2437,2,6,IND,28,IND,CORNER
2024010601,2566,3,8,HOU,27,HOU,CORNER
2024010601,3432,1,20,HOU,40,HOU,HITCH
2024010601,782,2,10,IND,28,IND,SLANT
2024010601,167,1,10,IND,46,IND,HITCH
2024010601,474,1,10,IND,23,IND,IN
2024010601,1702,3,1,IND,1,HOU,IN
2024010601,1418,1,10,IND,11,IND,POST
2024010601,112,1,10,IND,34,IND,OUT
2024010601,1255,2,9,HOU,31,HOU,FLAT
2024010601,759,1,10,IND,28,IND,CROSS
2024010601,3349,2,20,HOU,28,HOU,OUT
2024010601,3576,2,13,IND,30,HOU,IN
2024010601,142,2,5,IND,39,IND,CROSS
2024010601,3744,2,10,HOU,48,IND,HITCH
2024010601,3697,2,11,IND,24,IND,OUT
2024010601,2950,2,9,IND,26,IND,HITCH
2024010601,3457,2,14,HOU,46,HOU,POST
2024010601,1350,3,7,HOU,44,HOU,SLANT
2024010601,875,1,10,HOU,35,HOU,GO
2024010601,1950,2,15,HOU,44,IND,GO
2024010601,1555,2,3,,50,HOU,CROSS
2024010601,2866,3,2,IND,33,HOU,IN
2024010601,302,3,4,HOU,14,IND,FLAT
2024010601,991,3,10,HOU,47,HOU,SLANT
2024010601,1305,1,10,HOU,41,HOU,OUT
2024010601,3374,3,3,HOU,45,HOU,OUT
2024010601,3207,3,9,HOU,22,IND,HITCH
2024010601,641,1,10,HOU,35,HOU,OUT
2024010601,898,2,10,HOU,35,HOU,HITCH
2024010601,2997,2,14,IND,34,IND,OUT
2024010601,403,1,10,HOU,25,HOU,POST
2024010709,701,2,11,LAC,38,LAC,HITCH
2024010709,1914,3,1,KC,35,KC,CROSS
2024010709,1085,3,7,KC,31,KC,SLANT
2024010709,1752,2,10,KC,39,LAC,CORNER
2024010709,1775,3,10,KC,39,LAC,OUT
2024010709,1236,1,10,LAC,20,LAC,SLANT
2024010709,2156,1,10,KC,44,LAC,SLANT
2024010709,2052,1,10,LAC,24,LAC,IN
2024010709,804,2,6,KC,36,KC,HITCH
2024010709,3516,1,10,LAC,14,LAC,FLAT
2024010709,1523,1,10,LAC,41,KC,CROSS
2024010709,3149,1,10,LAC,8,LAC,CROSS
2024010709,507,3,3,KC,17,LAC,IN
2024010709,4330,4,2,LAC,33,LAC,GO
2024010709,242,2,9,LAC,39,LAC,GO
2024010709,2075,2,10,LAC,24,LAC,FLAT
2024010709,3757,4,6,KC,38,LAC,OUT
2024010709,3466,3,10,KC,35,KC,FLAT
2024010709,1334,1,10,KC,30,KC,FLAT
2024010709,1592,3,4,LAC,4,KC,FLAT
2024010709,726,3,3,LAC,46,LAC,GO
2024010709,2027,1,10,LAC,12,LAC,OUT
2024010709,1877,2,8,KC,28,KC,OUT
2024010709,1168,2,15,KC,36,KC,FLAT
2024010709,437,3,2,KC,31,LAC,HITCH
2024010709,2220,3,2,KC,36,LAC,CROSS
2024010709,1418,1,10,KC,45,KC,OUT
2024010709,4262,2,20,LAC,15,LAC,OUT
2024010709,1366,2,7,KC,33,KC,OUT
2024010709,2255,1,10,KC,22,LAC,GO
2024010709,3598,1,10,LAC,42,LAC,GO
2024010709,3621,2,10,LAC,42,LAC,FLAT
2024010709,1970,2,10,KC,49,KC,OUT
2024010709,3789,1,10,KC,27,LAC,ANGLE
2024010709,3646,3,1,KC,49,LAC,FLAT
2024010709,1463,3,5,,50,KC,HITCH
2024010709,3719,3,6,KC,38,LAC,OUT
2024010709,265,3,9,LAC,39,LAC,SLANT
2024010709,3902,2,1,KC,1,LAC,HITCH
2024010709,2704,3,6,LAC,19,LAC,SLANT
2024010709,2188,2,6,KC,40,LAC,CROSS
2024010709,1729,1,10,KC,39,LAC,HITCH
2024010709,2500,2,7,KC,20,KC,WHEEL
2024010709,3573,1,10,LAC,24,LAC,GO
2024010709,2603,3,15,KC,40,KC,HITCH
2024010709,3245,2,7,LAC,45,LAC,FLAT
2024010709,2000,3,10,KC,49,KC,POST
2024010709,2729,1,10,LAC,44,LAC,CROSS
2024010709,2826,3,8,KC,42,LAC,CROSS
2024010709,1944,1,10,KC,49,KC,FLAT
2024010709,100,3,4,KC,31,KC,POST
2024010709,143,1,10,LAC,25,LAC,HITCH
2024010709,3443,2,10,KC,35,KC,HITCH
2024010709,412,2,15,KC,44,LAC,FLAT
2024010709,484,2,3,KC,17,LAC,GO
2024010708,2731,3,3,LV,49,DEN,SLANT
2024010708,835,2,10,LV,45,DEN,ANGLE
2024010708,1085,1,10,LV,25,LV,SCREEN
2024010708,3465,2,11,LV,48,LV,FLAT
2024010708,3324,2,10,LV,25,LV,FLAT
2024010708,110,3,11,DEN,31,DEN,OUT
2024010708,2028,2,10,DEN,15,LV,ANGLE
2024010708,292,1,10,DEN,22,DEN,SCREEN
2024010708,3418,3,8,LV,38,LV,HITCH
2024010708,603,1,10,DEN,28,LV,HITCH
2024010708,1602,2,11,LV,20,LV,OUT
2024010708,1179,1,10,DEN,35,LV,OUT
2024010708,672,2,7,DEN,11,LV,FLAT
2024010708,1154,1,10,DEN,45,LV,HITCH
2024010708,2108,2,3,DEN,3,LV,OUT
2024010708,3797,1,10,DEN,46,DEN,ANGLE
2024010708,3717,2,3,DEN,32,DEN,GO
2024010708,340,3,9,DEN,23,DEN,CROSS
2024010708,782,2,7,DEN,19,DEN,CROSS
2024010708,2326,1,10,DEN,29,DEN,ANGLE
2024010708,3126,3,10,,50,DEN,GO
2024010708,949,2,10,LV,22,DEN,OUT
2024010708,974,3,2,LV,14,DEN,HITCH
2024010708,1717,1,20,DEN,29,DEN,FLAT
2024010708,3349,3,6,LV,29,LV,SLANT
2024010708,1998,1,10,DEN,15,LV,OUT
2024010708,1479,1,10,DEN,36,DEN,FLAT
2024010708,1765,3,15,DEN,34,DEN,IN
2024010708,440,1,10,LV,38,LV,FLAT
2024010708,3687,1,10,DEN,25,DEN,FLAT
2024010708,197,3,16,LV,15,LV,SLANT
2024010708,2053,3,3,DEN,8,LV,HITCH
2024010708,63,1,10,DEN,32,DEN,FLAT
2024010708,2785,2,10,LV,43,DEN,ANGLE
2024010708,1019,2,22,LV,24,DEN,CROSS
2024010708,1950,1,10,LV,38,LV,OUT
2024010708,2499,1,10,LV,20,LV,CROSS
2024010708,1973,2,10,LV,38,LV,GO
2024010708,2756,1,10,LV,43,DEN,GO
2024010708,2996,1,10,DEN,33,LV,GO
2024010708,2684,1,10,DEN,44,DEN,ANGLE
2024010708,3151,1,3,LV,3,DEN,FLAT
2024010708,3619,3,3,DEN,3,LV,HITCH
2024010708,2810,3,3,LV,36,DEN,GO
2024010708,578,3,8,DEN,38,LV,OUT
2024010708,317,2,9,DEN,23,DEN,HITCH
2024010708,174,2,16,LV,15,LV,HITCH
2024010708,2659,1,10,DEN,23,DEN,CROSS
2024010708,3765,4,10,DEN,25,DEN,HITCH
2024010708,3055,1,10,DEN,25,DEN,CROSS
2024010708,902,2,8,LV,31,DEN,ANGLE
2024010708,1925,3,7,LV,31,LV,CROSS
2024010708,1893,2,18,LV,20,LV,HITCH
2024010708,2951,3,9,,50,LV,OUT
2024010713,3227,1,10,BUF,26,BUF,HITCH
2024010713,1211,1,10,BUF,25,BUF,GO
2024010713,1864,2,10,BUF,42,BUF,SLANT
2024010713,965,3,6,MIA,24,MIA,HITCH
2024010713,2827,1,10,MIA,27,MIA,GO
2024010713,1533,2,7,MIA,43,MIA,GO
2024010713,3570,1,10,BUF,26,BUF,FLAT
2024010713,2498,2,9,BUF,25,BUF,IN
2024010713,55,1,10,MIA,25,MIA,CORNER
2024010713,3175,3,9,MIA,26,MIA,CROSS
2024010713,1037,3,14,MIA,27,MIA,POST
2024010713,2298,2,9,BUF,48,BUF,OUT
2024010713,1973,2,10,MIA,23,BUF,WHEEL
2024010713,3836,3,10,MIA,46,BUF,SLANT
2024010713,1786,1,10,BUF,25,BUF,HITCH
2024010713,2774,2,13,MIA,21,BUF,IN
2024010713,2658,2,8,MIA,43,BUF,SLANT
2024010713,291,2,4,BUF,36,BUF,CORNER
2024010713,3515,3,7,MIA,28,MIA,POST
2024010713,3403,2,5,MIA,5,BUF,FLAT
2024010713,2727,2,7,MIA,31,BUF,CROSS
2024010713,746,1,10,BUF,11,BUF,GO
2024010713,2611,3,3,BUF,44,BUF,CROSS
2024010713,158,3,7,MIA,44,MIA,GO
2024010713,2085,1,10,MIA,11,BUF,IN
2024010713,1811,2,4,BUF,31,BUF,HITCH
2024010713,3351,2,6,MIA,31,BUF,GO
2024010713,3296,1,10,BUF,39,BUF,GO
2024010713,574,1,9,MIA,4,MIA,SLANT
2024010713,1943,1,10,MIA,23,BUF,FLAT
2024010713,3906,1,10,MIA,37,MIA,HITCH
2024010713,1344,2,7,MIA,43,BUF,GO
2024010713,3026,3,24,MIA,28,MIA,CROSS
2024010713,436,2,5,MIA,5,BUF,CROSS
2024010713,345,1,10,MIA,21,BUF,ANGLE
2024010713,133,2,14,MIA,37,MIA,HITCH
2024010713,2420,3,3,MIA,22,MIA,OUT
2024010713,1609,3,3,BUF,36,MIA,CORNER
2024010713,266,1,10,BUF,30,BUF,HITCH
2024010713,1918,1,10,MIA,40,BUF,HITCH
2024010713,3467,1,10,MIA,25,MIA,POST
2024010713,3326,1,10,MIA,35,BUF,ANGLE
2024010713,3995,1,10,BUF,40,MIA,CORNER
2024010713,696,3,8,BUF,46,MIA,OUT
2024010713,195,1,10,BUF,16,BUF,HITCH
2024010713,4018,2,10,BUF,40,MIA,OUT
2024010713,2586,2,7,BUF,40,BUF,HITCH
2024010713,2905,1,15,MIA,37,MIA,POST
2024010713,599,1,10,MIA,22,MIA,GO
2024010713,1722,3,1,BUF,3,MIA,OUT
2024010713,3490,2,10,MIA,25,MIA,HITCH
2024010713,2395,2,5,MIA,20,MIA,CROSS
2024010713,3936,2,3,MIA,44,MIA,OUT
2024010713,821,2,5,MIA,38,BUF,IN
2024010713,459,3,5,MIA,5,BUF,HITCH
2024010704,3793,2,8,NE,32,NE,ANGLE
2024010704,1711,1,10,NYJ,46,NYJ,CROSS
2024010704,1944,2,10,NE,39,NE,POST
2024010704,3870,3,7,NE,45,NE,OUT
2024010704,3632,2,9,NE,42,NE,IN
2024010704,100,3,8,NE,27,NE,WHEEL
2024010704,1678,2,4,NYJ,42,NYJ,SCREEN
2024010704,808,1,10,NE,25,NE,HITCH
2024010704,3081,4,1,NE,45,NE,GO
2024010704,1212,2,8,NYJ,16,NE,FLAT
2024010704,3564,2,26,NE,24,NE,GO
2024010704,2481,2,7,NE,36,NE,HITCH
2024010704,1921,1,10,NE,39,NE,GO
2024010704,1478,3,7,NE,22,NYJ,OUT
2024010704,965,3,8,NYJ,16,NYJ,IN
2024010704,393,3,8,NYJ,38,NYJ,CROSS
2024010704,3838,2,18,NE,34,NE,ANGLE
2024010704,2504,3,7,NE,36,NE,OUT
2024010704,1455,2,7,NE,22,NYJ,GO
2024010704,1354,2,11,NYJ,21,NYJ,GO
2024010704,487,3,8,NE,5,NE,HITCH
2024010704,3185,2,6,NE,30,NYJ,FLAT
2024010704,3155,1,10,NE,34,NYJ,SCREEN
2024010704,1870,3,10,NE,31,NYJ,GO
2024010704,1104,3,4,NE,44,NE,GO
2024010704,2821,3,14,NE,28,NE,OUT
2024010704,1593,3,6,NE,29,NE,FLAT
2024010704,2224,1,10,NE,48,NE,GO
2024010704,3374,2,10,NE,23,NE,SCREEN
2024010704,1079,2,9,NE,39,NE,OUT
2024010704,149,1,10,NYJ,23,NYJ,GO
2024010704,742,3,3,NE,3,NYJ,GO
2024010704,2427,1,10,NE,18,NE,OUT
2024010704,710,2,10,NE,10,NYJ,IN
2024010704,3768,1,10,NE,30,NE,ANGLE
2024010704,3009,1,10,NE,36,NE,GO
2024010704,1242,3,4,NYJ,12,NE,CORNER
2024010704,2385,3,4,NYJ,26,NYJ,OUT
2024010704,833,2,4,NE,31,NE,POST
2024010700,272,1,10,NO,18,ATL,CROSS
2024010700,3073,4,2,NO,2,ATL,FLAT
2024010700,578,2,1,ATL,21,NO,CROSS
2024010700,3434,1,10,ATL,25,ATL,HITCH
2024010700,3770,2,10,NO,19,NO,FLAT
2024010700,247,3,5,ATL,26,ATL,GO
2024010700,983,1,10,ATL,34,NO,FLAT
2024010700,1981,2,10,ATL,25,ATL,CORNER
2024010700,3687,3,6,ATL,29,ATL,SLANT
2024010700,814,1,10,NO,38,NO,OUT
2024010700,3578,1,6,ATL,6,NO,CORNER
2024010700,85,1,10,NO,36,NO,OUT
2024010700,916,2,9,ATL,44,NO,SLANT
2024010700,3222,1,10,ATL,40,NO,SCREEN
2024010700,4124,1,10,ATL,44,ATL,FLAT
2024010700,4183,2,4,NO,38,ATL,FLAT
2024010700,1448,2,11,NO,32,NO,SLANT
2024010700,212,2,11,ATL,20,ATL,FLAT
2024010700,1040,3,8,ATL,32,NO,CROSS
2024010700,2816,3,9,ATL,43,ATL,CORNER
2024010700,2340,3,8,ATL,27,ATL,OUT
2024010700,2202,2,8,NO,18,ATL,SLANT
2024010700,476,2,11,NO,24,NO,OUT
2024010700,1813,1,10,ATL,11,NO,FLAT
2024010700,2929,1,10,NO,23,ATL,FLAT
2024010700,2041,2,2,NO,48,ATL,GO
2024010700,4208,1,10,NO,33,ATL,IN
2024010700,2110,1,10,NO,31,ATL,OUT
2024010700,3148,3,8,NO,4,NO,GO
2024010700,1707,2,2,ATL,30,NO,OUT
2024010700,1345,3,11,ATL,24,ATL,FLAT
2024010700,2873,2,9,NO,35,ATL,FLAT
2024010700,2660,2,10,ATL,39,NO,POST
2024010700,1495,2,12,NO,46,NO,OUT
2024010700,1933,1,10,ATL,25,ATL,POST
2024010700,2608,2,7,NO,41,NO,OUT
2024010700,2396,2,11,ATL,26,NO,GO
2024010700,2140,2,6,NO,27,ATL,SLANT
2024010700,2516,3,1,ATL,34,ATL,GO
2024010700,689,2,6,ATL,29,ATL,WHEEL
2024010700,1066,4,2,ATL,26,NO,HITCH
2024010700,869,3,7,NO,41,NO,OUT
2024010700,2724,1,10,ATL,25,ATL,CROSS
2024010700,2165,1,10,NO,20,ATL,FLAT
2024010700,1320,2,16,ATL,19,ATL,FLAT
2024010700,2073,3,2,NO,48,ATL,CROSS
2024010700,2011,1,10,ATL,44,ATL,FLAT
2024010700,2793,2,9,ATL,43,ATL,HITCH
2024010700,603,1,10,ATL,18,NO,GO
2024010700,846,2,7,NO,41,NO,IN
2024010711,1821,1,10,PHI,19,NYG,OUT
2024010711,2396,3,8,NYG,39,PHI,GO
2024010711,1537,2,11,PHI,45,NYG,GO
2024010711,3626,3,4,PHI,43,NYG,IN
2024010711,315,1,10,NYG,27,NYG,SLANT
2024010711,397,1,10,PHI,19,NYG,HITCH
2024010711,1275,3,11,PHI,28,NYG,CORNER
2024010711,790,3,6,NYG,31,NYG,SLANT
2024010711,2115,1,10,PHI,12,NYG,POST
2024010711,2020,2,10,NYG,36,NYG,OUT
2024010711,994,2,10,PHI,41,PHI,GO
2024010711,606,1,10,NYG,39,PHI,FLAT
2024010711,3554,2,9,NYG,36,NYG,CROSS
2024010711,629,2,10,NYG,39,PHI,CROSS
2024010711,2875,3,10,PHI,39,PHI,FLAT
2024010711,2852,2,10,PHI,39,PHI,FLAT
2024010711,2829,1,10,PHI,39,PHI,IN
2024010711,1742,1,10,NYG,27,NYG,FLAT
2024010711,3806,1,10,PHI,25,PHI,OUT
2024010711,1874,1,10,PHI,25,PHI,OUT
2024010711,347,1,10,PHI,40,NYG,HITCH
2024010711,559,1,10,PHI,25,PHI,OUT
2024010711,167,1,10,PHI,17,PHI,HITCH
2024010711,3088,1,10,NYG,25,NYG,HITCH
2024010711,1468,1,10,NYG,45,NYG,HITCH
2024010711,3422,1,10,NYG,38,PHI,IN
2024010711,1997,1,10,NYG,36,NYG,CROSS
2024010711,124,3,13,NYG,40,NYG,GO
2024010711,1919,3,8,PHI,27,PHI,GO
2024010711,3277,1,10,PHI,19,PHI,OUT
2024010711,1041,3,15,PHI,36,PHI,OUT
2024010711,2276,1,10,PHI,34,PHI,SLANT
2024010711,1089,1,10,PHI,48,NYG,FLAT
2024010711,2045,3,10,NYG,36,NYG,GO
2024010711,1691,3,20,PHI,17,PHI,HITCH
2024010711,3981,2,8,PHI,37,PHI,CROSS
2024010711,2580,3,3,NYG,22,NYG,CROSS
2024010711,3352,1,10,NYG,49,PHI,IN
2024010711,3447,1,10,NYG,16,PHI,GO
2024010711,2251,1,10,PHI,23,PHI,CROSS
2024010711,2697,3,17,NYG,32,NYG,OUT
2024010711,1245,2,15,PHI,32,NYG,SLANT
2024010711,839,1,10,PHI,14,PHI,IN
2024010711,698,2,9,NYG,27,PHI,SLANT
2024010711,1562,1,10,PHI,22,NYG,HITCH
2024010711,372,2,2,PHI,32,NYG,IN
2024010711,3375,2,10,NYG,49,PHI,HITCH
2024010711,3579,1,10,PHI,49,NYG,HITCH
2024010711,55,1,10,NYG,25,NYG,IN
2024010711,3302,1,10,PHI,29,PHI,FLAT
2024010711,3159,1,10,NYG,38,NYG,CROSS
2024010711,2905,1,10,,50,PHI,GO
2024010711,3327,1,10,PHI,40,PHI,OUT
2024010711,3507,1,10,NYG,25,NYG,CROSS
2024010711,3022,3,9,NYG,18,PHI,CORNER
2024010711,3182,2,10,NYG,38,NYG,GO
2024010711,1191,2,4,PHI,31,NYG,HITCH
2024010711,1789,3,2,NYG,35,NYG,GO
2024010710,1370,3,8,LA,20,SF,OUT
2024010710,2678,3,14,SF,34,SF,CORNER
2024010710,1733,2,5,SF,28,SF,ANGLE
2024010710,908,1,10,LA,37,SF,IN
2024010710,1319,1,20,LA,32,SF,IN
2024010710,796,1,10,SF,36,SF,GO
2024010710,1596,3,4,LA,46,LA,OUT
2024010710,569,1,10,SF,24,LA,CROSS
2024010710,3357,1,10,SF,25,SF,HITCH
2024010710,544,4,2,SF,34,LA,HITCH
2024010710,2772,3,11,LA,18,LA,IN
2024010710,1882,3,4,LA,5,SF,IN
2024010710,2182,2,2,LA,44,LA,HITCH
2024010710,85,2,4,SF,31,SF,HITCH
2024010710,2387,3,17,SF,33,LA,GO
2024010710,154,3,4,LA,43,SF,HITCH
2024010710,1342,2,20,LA,32,SF,ANGLE
2024010710,201,2,5,LA,33,SF,ANGLE
2024010710,1426,1,10,LA,28,LA,FLAT
2024010710,2496,3,8,SF,8,LA,CORNER
2024010710,2653,2,17,SF,31,SF,HITCH
2024010710,2817,1,10,LA,35,LA,FLAT
2024010710,2342,1,10,SF,26,LA,FLAT
2024010710,1800,2,5,SF,41,SF,OUT
2024010710,1765,1,10,SF,36,SF,OUT
2024010710,614,3,5,SF,19,LA,GO
2024010710,2749,2,11,LA,18,LA,HITCH
2024010710,725,1,20,SF,15,SF,IN
2024010710,841,1,10,LA,48,SF,CROSS
2024010710,3273,4,2,SF,15,LA,OUT
2024010710,2981,3,4,SF,35,LA,CROSS
2024010710,431,1,10,LA,39,LA,IN
2024010710,401,2,5,LA,30,LA,HITCH
2024010710,3688,2,10,SF,22,SF,IN
2024010710,248,1,10,LA,15,SF,SLANT
2024010710,1674,2,3,SF,17,SF,OUT
2024010710,3653,1,10,SF,22,SF,CORNER
2024010710,1507,1,10,LA,40,LA,FLAT
2024010710,1532,2,9,LA,41,LA,GO
2024010710,55,1,10,SF,25,SF,OUT
2024010710,1963,2,10,LA,25,LA,SLANT
2024010702,2773,4,7,TEN,33,JAX,CROSS
2024010702,1528,3,3,JAX,36,JAX,SLANT
2024010702,4013,4,2,JAX,33,JAX,OUT
2024010702,1967,2,2,TEN,47,JAX,HITCH
2024010702,1679,2,7,JAX,28,TEN,HITCH
2024010702,1100,3,6,JAX,35,JAX,POST
2024010702,3581,1,7,TEN,7,JAX,OUT
2024010702,3185,2,10,TEN,14,JAX,GO
2024010702,2703,1,10,TEN,36,JAX,HITCH
2024010702,1999,1,10,TEN,38,TEN,OUT
2024010702,1011,3,2,JAX,20,JAX,OUT
2024010702,2623,1,10,TEN,45,JAX,HITCH
2024010702,3960,2,2,JAX,33,JAX,POST
2024010702,2462,1,10,JAX,29,JAX,CROSS
2024010702,77,2,10,JAX,25,JAX,HITCH
2024010702,2748,3,11,TEN,37,JAX,OUT
2024010702,3083,2,7,TEN,24,JAX,OUT
2024010702,1213,1,10,TEN,25,TEN,POST
2024010702,1260,2,2,TEN,49,TEN,CROSS
2024010702,3408,2,5,TEN,23,JAX,FLAT
2024010702,2159,1,10,TEN,38,JAX,ANGLE
2024010702,767,1,10,TEN,26,TEN,FLAT
2024010702,3990,3,2,JAX,33,JAX,HITCH
2024010702,1832,1,10,JAX,20,JAX,HITCH
2024010702,2522,3,6,JAX,33,JAX,OUT
2024010702,3534,2,9,TEN,17,JAX,SLANT
2024010702,648,2,15,JAX,23,JAX,OUT
2024010702,1327,2,7,JAX,26,TEN,GO
2024010702,3732,1,10,TEN,11,TEN,CROSS
2024010702,1704,3,1,JAX,22,TEN,FLAT
2024010702,1350,3,7,JAX,26,TEN,HITCH
2024010702,2389,2,6,JAX,6,TEN,POST
2024010702,623,1,20,JAX,18,JAX,HITCH
2024010702,3294,3,6,TEN,29,TEN,OUT
2024010702,2052,1,10,TEN,48,TEN,OUT
2024010702,3502,1,20,TEN,28,JAX,HITCH
2024010702,2027,2,10,TEN,38,TEN,ANGLE
2024010702,1942,1,10,JAX,45,JAX,HITCH
2024010702,2956,2,5,JAX,42,JAX,OUT
2024010702,3242,1,10,TEN,25,TEN,FLAT
2024010702,2492,2,9,JAX,30,JAX,FLAT
2024010702,2646,2,10,TEN,45,JAX,HITCH
2024010702,2873,3,7,TEN,32,TEN,CROSS
2024010702,2102,3,14,TEN,44,TEN,HITCH
2024010702,3604,2,7,TEN,7,JAX,OUT
2024010702,204,2,2,TEN,46,JAX,HITCH
2024010702,945,1,10,JAX,12,JAX,FLAT
2024010702,3354,2,6,TEN,43,TEN,IN
2024010702,673,3,7,JAX,31,JAX,CORNER
2024010702,3058,1,10,TEN,27,JAX,FLAT
2024010702,372,1,10,TEN,37,TEN,OUT
2024010702,2184,1,10,TEN,25,JAX,FLAT
2024010707,1773,1,10,WAS,25,WAS,OUT
2024010707,2323,2,6,DAL,41,DAL,OUT
2024010707,3283,3,1,WAS,36,DAL,SCREEN
2024010707,800,2,10,DAL,20,WAS,GO
2024010707,968,4,1,DAL,1,WAS,FLAT
2024010707,121,3,1,WAS,49,WAS,CORNER
2024010707,1123,1,10,DAL,46,DAL,OUT
2024010707,2131,1,4,WAS,4,DAL,CROSS
2024010707,1584,1,10,WAS,48,DAL,FLAT
2024010707,2511,1,5,WAS,5,DAL,CROSS
2024010707,1996,1,10,DAL,35,DAL,FLAT
2024010707,2985,2,8,WAS,44,WAS,FLAT
2024010707,3010,1,10,DAL,44,WAS,GO
2024010707,1205,1,10,WAS,45,WAS,CORNER
2024010707,2536,2,6,WAS,6,DAL,POST
2024010707,3622,1,10,DAL,43,DAL,FLAT
2024010707,443,2,7,WAS,15,DAL,WHEEL
2024010707,1153,1,10,WAS,43,DAL,ANGLE
2024010707,690,2,10,WAS,15,DAL,CORNER
2024010707,3701,3,9,WAS,32,DAL,CORNER
2024010707,3108,3,2,DAL,16,DAL,OUT
2024010707,1544,1,10,DAL,29,DAL,HITCH
2024010707,3155,2,10,DAL,19,DAL,SLANT
2024010707,2106,2,4,WAS,12,DAL,SLANT
2024010707,185,1,10,DAL,40,WAS,SCREEN
2024010707,3669,2,10,WAS,33,DAL,SCREEN
2024010707,371,1,10,WAS,31,DAL,SLANT
2024010707,287,1,10,DAL,33,DAL,HITCH
2024010707,2271,1,10,DAL,25,DAL,HITCH
2024010707,1098,2,3,DAL,42,DAL,OUT
2024010707,1916,1,10,DAL,47,WAS,CROSS
2024010707,3236,1,10,WAS,45,DAL,HITCH
2024010707,468,1,3,WAS,3,DAL,CORNER
2024010707,1827,1,10,WAS,42,WAS,HITCH
2024010707,1240,2,10,WAS,45,WAS,IN
2024010707,3313,1,10,WAS,21,DAL,HITCH
2024010707,643,4,2,WAS,23,DAL,SLANT
2024010707,3597,3,4,DAL,38,DAL,OUT
2024010707,3360,3,7,WAS,18,DAL,GO
2024010707,1876,3,12,WAS,40,WAS,OUT
2024010707,341,2,4,WAS,46,DAL,OUT
2024010707,2737,1,19,WAS,19,DAL,HITCH
2024010707,2464,3,5,WAS,32,DAL,IN
2024010707,2832,3,5,WAS,5,DAL,CORNER
2024010707,2933,2,10,WAS,29,WAS,FLAT
2024010707,1336,1,10,DAL,25,WAS,SCREEN
2024010707,2051,1,10,WAS,33,DAL,OUT
2024010707,155,4,1,WAS,49,WAS,FLAT
2024010707,215,2,5,DAL,35,WAS,FLAT
2024010707,2395,3,5,WAS,47,DAL,OUT
2024010707,1361,2,1,DAL,16,WAS,WHEEL
2024010707,2908,1,10,WAS,29,WAS,SCREEN
2024010707,2026,2,10,DAL,35,DAL,FLAT
2024010707,2081,1,10,WAS,18,DAL,OUT
2024120500,3751,1,10,DET,19,GB,IN
2024120500,1860,3,5,GB,37,DET,ANGLE
2024120500,4150,2,17,GB,37,DET,IN
2024120500,205,2,3,GB,38,DET,HITCH
2024120500,1506,1,20,DET,35,GB,OUT
2024120500,3071,1,10,DET,22,DET,FLAT
2024120500,1837,2,5,GB,37,DET,GO
2024120500,729,2,5,DET,47,GB,OUT
2024120500,3187,2,7,DET,27,GB,CROSS
2024120500,1623,2,3,DET,3,GB,FLAT
2024120500,2965,1,10,GB,30,GB,FLAT
2024120500,80,2,8,DET,32,DET,OUT
2024120500,1787,2,2,DET,38,DET,POST
2024120500,2498,2,8,DET,14,GB,OUT
2024120500,2897,4,3,GB,3,DET,HITCH
2024120500,2266,1,10,DET,12,GB,SLANT
2024120500,3118,3,6,DET,26,DET,CROSS
2024120500,2419,1,20,DET,20,DET,ANGLE
2024120500,228,3,3,GB,38,DET,IN
2024120500,105,3,2,DET,38,DET,FLAT
2024120500,3321,1,10,DET,30,DET,IN
2024120500,831,1,10,DET,11,DET,FLAT
2024120500,135,1,10,DET,42,DET,IN
2024120500,2662,2,8,DET,42,DET,IN
2024120500,2076,4,2,GB,2,DET,ANGLE
2024120500,3403,3,2,GB,44,DET,HITCH
2024120500,3723,2,10,DET,45,GB,IN
2024120500,3019,3,9,GB,31,GB,CROSS
2024120500,3671,2,14,GB,26,GB,CROSS
2024120500,4030,2,9,GB,39,DET,FLAT
2024120500,3541,3,1,GB,1,DET,SLANT
2024120500,3450,2,8,GB,31,DET,IN
2024120500,1136,1,10,DET,46,DET,IN
2024120500,1083,2,3,GB,24,GB,CROSS
2024120500,568,3,6,GB,49,GB,POST
2024120500,2590,1,10,DET,30,DET,FLAT
2024120500,3983,1,10,DET,49,DET,OUT
2024120500,1242,3,10,GB,25,DET,CROSS
2024120500,321,2,13,GB,13,DET,HITCH
2024120500,1197,1,10,GB,25,DET,GO
2024120500,2289,2,10,DET,12,GB,CROSS
2024120500,3953,1,10,DET,30,DET,OUT
2024120500,3346,1,10,DET,48,DET,ANGLE
2024120500,2321,3,10,DET,12,GB,POST
2024120500,2444,2,14,DET,26,DET,HITCH
2024120500,2615,2,5,DET,35,DET,HITCH
2024120500,1885,1,10,GB,31,DET,CROSS
2024120500,2241,2,11,GB,29,GB,GO
2024120800,1357,4,2,NYJ,17,MIA,CROSS
2024120800,4081,2,7,NYJ,31,NYJ,CROSS
2024120800,4511,1,10,NYJ,30,NYJ,SLANT
2024120800,1644,1,10,NYJ,25,NYJ,GO
2024120800,2568,2,4,NYJ,49,MIA,IN
2024120800,1236,2,9,MIA,44,MIA,SCREEN
2024120800,2475,1,10,MIA,30,MIA,GO
2024120800,2689,3,8,NYJ,22,NYJ,ANGLE
2024120800,84,2,3,MIA,37,MIA,IN
2024120800,3761,1,10,MIA,22,MIA,OUT
2024120800,1021,2,9,NYJ,43,NYJ,FLAT
2024120800,1557,1,10,NYJ,30,NYJ,OUT
2024120800,3951,3,15,MIA,43,MIA,GO
2024120800,3926,2,17,MIA,41,MIA,FLAT
2024120800,3153,1,10,MIA,27,MIA,HITCH
2024120800,761,2,5,,50,MIA,FLAT
2024120800,701,2,8,MIA,32,MIA,OUT
2024120800,3418,3,10,MIA,40,MIA,POST
2024120800,969,1,10,NYJ,30,NYJ,HITCH
2024120800,4343,1,10,MIA,46,MIA,GO
2024120800,4258,3,21,MIA,38,NYJ,GO
2024120800,2346,3,2,MIA,18,NYJ,SLANT
2024120800,1453,2,15,NYJ,17,MIA,HITCH
2024120800,2063,1,10,MIA,40,MIA,HITCH
2024120800,4026,2,10,NYJ,13,NYJ,ANGLE
2024120800,2538,1,10,MIA,45,MIA,FLAT
2024120800,2031,1,10,MIA,30,MIA,OUT
2024120800,4396,1,10,NYJ,40,MIA,GO
2024120800,359,2,3,NYJ,37,NYJ,HITCH
2024120800,4366,2,10,MIA,46,MIA,OUT
2024120800,3712,3,4,NYJ,36,NYJ,FLAT
2024120800,4419,2,10,NYJ,40,MIA,HITCH
2024120800,1189,1,10,MIA,29,MIA,OUT
2024120800,4696,1,10,NYJ,23,MIA,GO
2024120800,2741,2,4,NYJ,38,NYJ,GO
2024120800,2634,1,10,NYJ,20,NYJ,OUT
2024120800,2591,3,4,NYJ,49,MIA,FLAT
2024120800,1839,3,6,MIA,23,NYJ,OUT
2024120800,1752,2,9,MIA,26,NYJ,OUT
2024120800,3600,4,4,NYJ,4,MIA,OUT
2024120800,4177,1,10,MIA,45,NYJ,CORNER
2024120800,1068,3,14,NYJ,38,NYJ,SLANT
2024120800,2399,1,3,MIA,3,NYJ,OUT
2024120800,384,1,10,NYJ,48,NYJ,OUT
2024120800,4755,2,7,NYJ,10,MIA,CROSS
2024120800,902,3,1,NYJ,21,MIA,CROSS
2024120800,2093,2,4,MIA,46,MIA,POST
2024120800,2764,3,4,NYJ,38,NYJ,OUT
2024120800,3298,2,3,NYJ,24,NYJ,FLAT
2024120800,4444,3,4,NYJ,34,MIA,POST
2024120800,3827,2,6,MIA,26,MIA,OUT
2024120800,120,1,10,NYJ,28,MIA,CROSS
2024120800,3443,1,10,NYJ,42,MIA,FLAT
2024120800,3395,2,10,MIA,40,MIA,SLANT
2024120800,4671,2,6,NYJ,32,MIA,OUT
2024120800,4152,1,10,NYJ,39,NYJ,SLANT
2024120800,1266,1,10,NYJ,46,MIA,POST
2024120800,3199,3,10,MIA,27,MIA,OUT
2024120800,513,1,10,MIA,30,NYJ,OUT
2024120800,2664,2,10,NYJ,20,NYJ,FLAT
2024120800,4000,1,10,NYJ,13,NYJ,OUT
2024120800,1093,4,4,NYJ,48,NYJ,SLANT
2024120801,183,2,15,MIN,33,ATL,IN
2024120801,415,3,5,MIN,31,MIN,OUT
2024120801,3351,2,3,ATL,25,MIN,HITCH
2024120801,3644,2,10,ATL,48,ATL,HITCH
2024120801,1786,1,20,ATL,20,ATL,HITCH
2024120801,2189,2,5,MIN,35,MIN,FLAT
2024120801,992,2,7,MIN,38,MIN,HITCH
2024120801,4551,2,12,MIN,22,ATL,OUT
2024120801,3189,1,10,ATL,16,MIN,GO
2024120801,3139,2,12,MIN,28,MIN,IN
2024120801,1695,3,6,ATL,12,MIN,POST
2024120801,2928,2,5,MIN,40,ATL,OUT
2024120801,2569,3,3,MIN,40,ATL,IN
2024120801,1155,2,8,ATL,33,ATL,SLANT
2024120801,2819,3,8,MIN,48,MIN,GO
2024120801,2214,1,10,MIN,45,MIN,ANGLE
2024120801,3431,3,2,ATL,10,MIN,IN
2024120801,3164,1,10,MIN,42,MIN,GO
2024120801,136,3,8,ATL,44,ATL,POST
2024120801,1918,2,8,ATL,42,ATL,CROSS
2024120801,4309,2,9,ATL,31,ATL,OUT
2024120801,2362,3,22,ATL,44,MIN,IN
2024120801,785,1,10,ATL,49,MIN,CORNER
2024120801,1941,3,8,ATL,42,ATL,GO
2024120801,2744,1,10,MIN,25,MIN,CROSS
2024120801,255,3,6,MIN,13,ATL,CROSS
2024120801,1417,3,13,MIN,17,MIN,IN
2024120801,4361,2,4,MIN,49,ATL,OUT
2024120801,3691,1,10,MIN,39,ATL,FLAT
2024120801,726,4,5,MIN,38,ATL,OUT
2024120801,3992,1,10,ATL,43,MIN,FLAT
2024120801,3406,2,5,ATL,13,MIN,FLAT
2024120801,1229,2,10,ATL,44,ATL,HITCH
2024120801,936,1,10,MIN,47,ATL,OUT
2024120801,2460,3,14,ATL,33,ATL,POST
2024120801,4599,4,3,MIN,13,ATL,SLANT
2024120801,2261,3,5,,50,MIN,CROSS
2024120801,3721,1,10,MIN,25,ATL,GO
2024120801,3578,1,10,ATL,30,ATL,SLANT
2024120801,3242,3,5,ATL,11,MIN,OUT
2024120801,4576,3,3,MIN,13,ATL,CORNER
2024120801,3513,2,6,ATL,6,MIN,IN
2024120801,2796,2,8,MIN,48,MIN,OUT
2024120801,560,1,10,ATL,18,ATL,POST
2024120801,1818,2,16,ATL,24,ATL,HITCH
2024120801,4473,2,4,MIN,29,ATL,HITCH
2024120802,3784,2,7,NYG,21,NYG,IN
2024120802,2038,1,10,NO,49,NYG,ANGLE
2024120802,89,2,11,NO,15,NO,FLAT
2024120802,3995,3,18,NO,49,NYG,HITCH
2024120802,1988,1,10,NYG,37,NYG,HITCH
2024120802,321,2,8,NO,36,NYG,OUT
2024120802,3339,3,3,NO,47,NYG,HITCH
2024120802,687,1,10,NO,2,NO,GO
2024120802,4651,3,10,NYG,40,NYG,HITCH
2024120802,3112,2,12,NYG,43,NO,CROSS
2024120802,124,3,5,NO,21,NO,OUT
2024120802,3257,3,1,NYG,38,NYG,FLAT
2024120802,2194,2,3,NO,23,NO,ANGLE
2024120802,2570,1,10,NO,32,NO,OUT
2024120802,1197,1,10,NYG,49,NYG,FLAT
2024120802,1604,2,10,NO,8,NO,FLAT
2024120802,3417,1,20,NO,48,NYG,IN
2024120802,2086,3,5,NO,44,NYG,HITCH
2024120802,3464,3,2,NO,30,NYG,ANGLE
2024120802,1014,3,6,NYG,36,NYG,HITCH
2024120802,3142,1,10,NYG,11,NO,SLANT
2024120802,2219,1,10,NO,31,NO,IN
2024120802,739,3,5,NO,7,NO,CROSS
2024120802,2708,3,10,NO,48,NO,POST
2024120802,3856,2,9,NYG,34,NYG,GO
2024120802,3287,1,10,NYG,46,NYG,CROSS
2024120802,764,1,10,NO,29,NO,POST
2024120802,3754,1,10,NYG,18,NYG,OUT
2024120802,3018,1,10,NO,47,NO,CROSS
2024120802,2249,2,10,NO,31,NO,IN
2024120802,4781,2,15,NO,17,NYG,GO
2024120802,4605,1,10,NYG,40,NYG,GO
2024120802,4020,4,10,NO,41,NYG,HITCH
2024120802,2013,2,5,NYG,42,NYG,ANGLE
2024120802,3972,2,18,NO,49,NYG,CROSS
2024120802,1433,3,7,NO,42,NO,ANGLE
2024120802,2810,1,10,NYG,17,NYG,FLAT
2024120802,1845,2,9,NO,21,NO,ANGLE
2024120802,1533,3,4,NO,42,NYG,HITCH
2024120802,1690,1,10,NYG,49,NYG,FLAT
2024120802,2958,2,17,NO,24,NO,ANGLE
2024120802,213,2,10,NO,48,NYG,GO
2024120802,548,3,15,NYG,40,NO,ANGLE
2024120802,3610,1,10,NO,22,NO,POST
2024120802,4708,1,10,NO,35,NYG,SLANT
2024120802,3927,2,6,NO,48,NYG,HITCH
2024120802,1102,2,15,NO,23,NO,OUT
2024120802,4287,2,7,NYG,17,NYG,CORNER
2024120802,838,1,10,NYG,30,NO,SCREEN
2024120802,2833,2,10,NYG,17,NYG,SLANT
2024120802,1249,2,7,NO,37,NYG,CROSS
2024120802,1127,3,7,NO,31,NO,CROSS
2024120802,2858,3,2,NYG,25,NYG,IN
2024120802,4387,2,15,NYG,32,NYG,FLAT
2024120802,1629,3,5,NO,13,NO,IN
2024120802,4310,3,7,NYG,17,NYG,GO
2024120802,190,1,10,NO,48,NYG,FLAT
2024120802,1508,2,9,NO,47,NYG,ANGLE
2024120802,4580,1,10,NYG,27,NYG,OUT
2024120802,2164,1,10,NO,16,NO,OUT
2024120802,2983,3,12,NO,29,NO,OUT
2024120802,3660,2,13,NO,35,NO,SLANT
2024120802,4045,1,10,NO,23,NYG,GO
2024120803,115,1,10,CAR,37,CAR,HITCH
2024120803,3758,1,10,CAR,33,CAR,OUT
2024120803,3933,1,10,PHI,38,CAR,OUT
2024120803,601,1,10,CAR,49,CAR,HITCH
2024120803,3283,2,8,PHI,33,CAR,OUT
2024120803,3857,2,7,CAR,49,CAR,IN
2024120803,1873,2,8,CAR,42,PHI,IN
2024120803,161,3,10,CAR,37,CAR,SLANT
2024120803,3161,1,10,CAR,44,CAR,FLAT
2024120803,2971,3,4,CAR,4,PHI,IN
2024120803,1920,1,10,CAR,17,PHI,FLAT
2024120803,281,1,18,PHI,17,PHI,SCREEN
2024120803,1496,3,2,PHI,25,CAR,CROSS
2024120803,2585,3,8,PHI,17,CAR,OUT
2024120803,3733,3,11,CAR,2,CAR,HITCH
2024120803,1843,1,10,CAR,44,PHI,ANGLE
2024120803,790,1,10,PHI,47,CAR,GO
2024120803,4045,4,9,PHI,37,CAR,IN
2024120803,138,2,10,CAR,37,CAR,GO
2024120803,1096,1,15,CAR,42,PHI,FLAT
2024120803,2942,2,7,CAR,7,PHI,CROSS
2024120803,3885,3,7,CAR,49,CAR,GO
2024120803,1594,4,3,PHI,3,CAR,FLAT
2024120803,3111,2,10,CAR,30,CAR,HITCH
2024120803,63,1,10,CAR,26,CAR,FLAT
2024120803,3136,3,5,CAR,35,CAR,SLANT
2024120803,3673,1,10,CAR,3,CAR,IN
2024120803,569,3,13,CAR,36,CAR,HITCH
2024120803,1149,3,8,CAR,35,PHI,GO
2024120803,541,2,21,CAR,28,CAR,HITCH
2024120803,1378,3,8,CAR,45,CAR,IN
2024120803,3963,2,4,PHI,32,CAR,POST
2024120803,3363,1,10,PHI,28,PHI,SLANT
2024120803,3908,4,7,CAR,49,CAR,OUT
2024120803,2006,2,4,CAR,4,PHI,OUT
2024120803,3574,2,13,CAR,41,PHI,HITCH
2024120803,3340,4,2,PHI,27,CAR,SLANT
2024120803,3597,3,13,CAR,41,PHI,FLAT
2024120803,3788,2,4,CAR,39,CAR,HITCH
2024120803,376,3,18,PHI,34,PHI,HITCH
2024120803,3503,3,13,PHI,47,PHI,HITCH
2024120803,1952,2,5,CAR,12,PHI,IN
2024120804,2180,2,7,PIT,20,CLE,CORNER
2024120804,2130,2,10,PIT,35,CLE,HITCH
2024120804,3800,3,14,CLE,37,CLE,HITCH
2024120804,2014,3,12,CLE,39,CLE,IN
2024120804,2823,2,3,CLE,37,CLE,SCREEN
2024120804,3328,1,10,PIT,25,CLE,POST
2024120804,2912,3,4,CLE,48,CLE,CROSS
2024120804,3673,4,3,CLE,28,CLE,CROSS
2024120804,3962,1,10,PIT,15,CLE,GO
2024120804,553,2,10,PIT,36,CLE,FLAT
2024120804,673,2,12,PIT,28,PIT,OUT
2024120804,2496,3,14,PIT,25,CLE,FLAT
2024120804,2289,2,10,PIT,28,PIT,HITCH
2024120804,3281,3,8,PIT,34,CLE,OUT
2024120804,889,2,8,PIT,42,CLE,OUT
2024120804,3648,3,9,CLE,22,CLE,HITCH
2024120804,1876,3,9,CLE,43,PIT,OUT
2024120804,4226,1,10,PIT,39,CLE,GO
2024120804,3015,3,6,CLE,42,PIT,GO
2024120804,4069,3,7,PIT,33,PIT,GO
2024120804,2733,2,6,CLE,10,PIT,HITCH
2024120804,2798,1,10,CLE,30,CLE,FLAT
2024120804,1344,1,10,CLE,31,PIT,SCREEN
2024120804,1853,2,9,CLE,43,PIT,SCREEN
2024120804,2105,1,10,PIT,35,CLE,FLAT
2024120804,3131,1,10,CLE,30,CLE,HITCH
2024120804,981,1,10,PIT,10,PIT,SCREEN
2024120804,1173,3,11,CLE,37,CLE,OUT
2024120804,3907,1,10,PIT,33,CLE,HITCH
2024120804,936,3,13,PIT,47,CLE,HITCH
2024120804,808,2,6,CLE,41,CLE,IN
2024120804,578,3,9,PIT,35,CLE,POST
2024120804,2614,3,10,PIT,33,PIT,CORNER
2024120804,3855,1,10,PIT,46,CLE,HITCH
2024120804,2683,2,6,CLE,28,PIT,FLAT
2024120804,103,2,2,PIT,38,PIT,FLAT
2024120804,3825,4,6,CLE,45,CLE,GO
2024120804,3932,2,6,PIT,29,CLE,HITCH
2024120804,530,1,10,PIT,36,CLE,IN
2024120804,3597,1,15,CLE,16,CLE,FLAT
2024120804,3156,1,10,CLE,42,CLE,SLANT
2024120804,4194,1,10,,50,CLE,ANGLE
2024120804,505,2,10,CLE,44,CLE,POST
2024120804,3755,1,10,CLE,41,CLE,CROSS
2024120805,388,1,10,LV,15,TB,GO
2024120805,2524,1,15,TB,17,LV,CROSS
2024120805,1947,3,19,TB,45,TB,HITCH
2024120805,3444,2,4,LV,41,LV,OUT
2024120805,3169,3,9,LV,21,LV,SLANT
2024120805,700,1,10,LV,30,LV,GO
2024120805,1603,1,10,LV,48,LV,SLANT
2024120805,635,1,5,LV,5,TB,ANGLE
2024120805,723,2,10,LV,30,LV,OUT
2024120805,566,2,8,,50,TB,IN
2024120805,2274,1,10,,50,LV,CROSS
2024120805,4106,1,10,TB,42,LV,ANGLE
2024120805,3948,1,10,LV,30,LV,CROSS
2024120805,453,1,10,LV,20,LV,CORNER
2024120805,1231,2,10,TB,45,LV,IN
2024120805,3068,3,6,TB,40,TB,CROSS
2024120805,3419,1,10,LV,35,LV,HITCH
2024120805,2656,1,15,TB,21,TB,HITCH
2024120805,3998,1,10,LV,41,LV,SCREEN
2024120805,3523,3,4,LV,41,LV,CROSS
2024120805,2549,2,8,TB,10,LV,OUT
2024120805,3249,2,9,TB,24,TB,HITCH
2024120805,3578,2,6,TB,30,LV,CROSS
2024120805,312,3,8,LV,44,TB,OUT
2024120805,3632,4,5,TB,29,LV,OUT
2024120805,1524,2,23,TB,7,TB,FLAT
2024120805,3272,3,9,TB,24,TB,IN
2024120805,3701,3,5,TB,5,LV,FLAT
2024120805,2343,1,10,TB,40,LV,GO
2024120805,3973,2,4,LV,36,LV,CROSS
2024120805,74,1,10,TB,15,TB,FLAT
2024120805,3790,2,7,TB,23,TB,OUT
2024120805,143,1,10,TB,28,TB,HITCH
2024120805,1682,1,10,TB,14,LV,FLAT
2024120805,2968,3,8,TB,22,TB,CROSS
2024120805,934,3,11,TB,20,TB,IN
2024120805,3553,1,10,TB,34,LV,CROSS
2024120805,4154,1,10,TB,30,LV,HITCH
2024120805,911,2,11,TB,20,TB,CORNER
2024120805,4033,2,10,LV,41,LV,CROSS
2024120805,4129,2,10,TB,42,LV,CROSS
2024120805,1847,1,10,LV,46,TB,IN
2024120805,1822,2,9,TB,32,TB,IN
2024120805,2802,2,10,LV,48,LV,FLAT
2024120805,1201,1,10,TB,45,LV,CORNER
2024120805,4058,3,1,,50,LV,OUT
2024120805,2870,3,10,LV,48,LV,OUT
2024120805,4081,4,1,,50,LV,HITCH
2024120805,1303,1,10,TB,33,LV,CORNER
2024120805,3013,1,10,TB,36,TB,OUT
2024120806,955,1,10,TEN,19,TEN,SCREEN
2024120806,2371,1,10,TEN,45,TEN,CORNER
2024120806,3369,1,10,TEN,30,TEN,CROSS
2024120806,3416,2,12,JAX,42,TEN,FLAT
2024120806,2118,3,10,TEN,40,TEN,CROSS
2024120806,3613,4,3,JAX,9,TEN,CORNER
2024120806,674,3,4,TEN,43,TEN,HITCH
2024120806,465,3,10,JAX,35,JAX,ANGLE
2024120806,559,3,16,,50,JAX,GO
2024120806,1034,1,10,TEN,35,TEN,CROSS
2024120806,2232,3,8,JAX,6,JAX,CROSS
2024120806,1343,4,2,JAX,2,TEN,CROSS
2024120806,3066,2,6,JAX,47,TEN,IN
2024120806,2421,2,8,JAX,34,TEN,CROSS
2024120806,3755,1,10,TEN,40,TEN,OUT
2024120806,2617,2,5,JAX,35,JAX,HITCH
2024120806,1422,3,10,JAX,2,JAX,OUT
2024120806,490,1,10,TEN,44,JAX,GO
2024120806,774,2,1,JAX,41,JAX,IN
2024120806,1009,3,4,TEN,25,TEN,HITCH
2024120806,3221,2,9,TEN,48,JAX,OUT
2024120806,1750,2,13,TEN,46,JAX,ANGLE
2024120806,3140,1,10,JAX,19,JAX,CROSS
2024120806,2647,1,10,JAX,43,JAX,OUT
2024120806,1476,2,10,JAX,13,JAX,FLAT
2024120806,1518,3,3,JAX,20,JAX,HITCH
2024120806,1643,2,5,JAX,42,JAX,FLAT
2024120806,3801,3,10,TEN,40,TEN,POST
2024120806,2341,3,6,TEN,38,TEN,HITCH
2024120806,717,1,10,JAX,11,JAX,CROSS
2024120806,2592,1,10,JAX,30,JAX,OUT
2024120806,1591,3,2,JAX,32,JAX,HITCH
2024120806,1684,1,10,TEN,43,JAX,OUT
2024120806,1543,1,10,JAX,24,JAX,HITCH
2024120806,3583,3,5,JAX,11,TEN,CROSS
2024120806,3778,2,10,TEN,40,TEN,OUT
2024120806,2901,2,9,TEN,10,JAX,HITCH
2024120806,3848,4,15,TEN,35,TEN,POST
2024120806,1616,1,10,JAX,37,JAX,FLAT
2024120806,2498,2,7,JAX,23,TEN,CROSS
2024120806,2396,1,10,JAX,36,TEN,ANGLE
2024120806,2775,2,11,TEN,32,JAX,HITCH
2024120806,639,2,12,TEN,35,TEN,OUT
2024120806,3246,3,4,TEN,43,JAX,FLAT
2024120806,1898,2,6,JAX,22,JAX,FLAT
2024120806,2446,3,4,JAX,30,TEN,FLAT
2024120806,1081,2,10,JAX,49,TEN,HITCH
2024120806,1106,3,1,JAX,40,TEN,CROSS
2024120807,1853,1,10,ARI,30,ARI,HITCH
2024120807,214,2,6,SEA,41,ARI,CORNER
2024120807,370,1,10,SEA,40,SEA,ANGLE
2024120807,2899,1,10,SEA,38,ARI,HITCH
2024120807,3699,2,3,ARI,46,ARI,CROSS
2024120807,896,1,10,ARI,46,SEA,HITCH
2024120807,2083,1,10,SEA,44,SEA,HITCH
2024120807,4419,2,5,SEA,7,ARI,HITCH
2024120807,592,3,2,ARI,2,SEA,CROSS
2024120807,3485,2,25,SEA,33,SEA,POST
2024120807,499,3,1,ARI,16,SEA,FLAT
2024120807,3798,3,2,SEA,21,ARI,CORNER
2024120807,2503,1,10,SEA,37,SEA,SCREEN
2024120807,1382,2,22,SEA,34,SEA,FLAT
2024120807,766,1,10,ARI,19,SEA,CORNER
2024120807,4247,2,1,,50,ARI,POST
2024120807,4384,1,5,SEA,7,ARI,GO
2024120807,1979,3,15,ARI,37,ARI,FLAT
2024120807,2711,3,14,ARI,18,SEA,GO
2024120807,2874,4,3,ARI,48,ARI,CROSS
2024120807,1690,2,20,SEA,10,SEA,CROSS
2024120807,3899,3,2,SEA,38,SEA,OUT
2024120807,1104,2,2,ARI,38,ARI,FLAT
2024120807,3126,1,10,SEA,30,SEA,FLAT
2024120807,2924,1,10,SEA,24,ARI,OUT
2024120807,3951,2,10,ARI,49,SEA,IN
2024120807,2108,2,5,SEA,49,SEA,FLAT
2024120807,1744,3,10,SEA,20,SEA,POST
2024120807,4320,1,10,SEA,23,ARI,OUT
2024120807,1156,2,9,SEA,47,ARI,OUT
2024120807,4222,1,10,ARI,41,ARI,HITCH
2024120807,2803,1,10,ARI,41,ARI,SLANT
2024120807,1949,2,20,ARI,32,ARI,FLAT
2024120807,1054,1,10,ARI,30,ARI,OUT
2024120807,2778,1,10,ARI,30,ARI,CROSS
2024120807,4295,2,10,SEA,35,ARI,IN
2024120807,3324,2,17,ARI,9,ARI,CROSS
2024120807,2607,1,10,ARI,29,SEA,ANGLE
2024120807,3395,1,10,SEA,48,SEA,CORNER
2024120807,853,2,9,ARI,31,ARI,CROSS
2024120807,3751,1,10,SEA,29,ARI,FLAT
2024120807,2140,3,6,SEA,48,SEA,HITCH
2024120807,2849,3,10,ARI,41,ARI,OUT
2024120807,340,3,1,SEA,36,SEA,FLAT
2024120807,447,1,10,ARI,25,SEA,OUT
2024120807,3867,2,10,SEA,30,SEA,ANGLE
2024120807,1919,1,20,ARI,32,ARI,OUT
2024120807,739,2,19,ARI,21,ARI,IN
2024120807,129,3,9,ARI,42,ARI,CROSS
2024120807,2036,1,10,SEA,28,SEA,HITCH
2024120808,1778,2,2,BUF,26,BUF,HITCH
2024120808,767,1,10,BUF,42,LA,HITCH
2024120808,1467,2,10,,50,LA,OUT
2024120808,2317,3,6,LA,41,LA,SLANT
2024120808,1541,3,4,BUF,25,LA,OUT
2024120808,1810,1,10,BUF,33,BUF,GO
2024120808,1197,2,7,BUF,33,BUF,HITCH
2024120808,4142,3,15,,50,BUF,FLAT
2024120808,2186,2,10,LA,24,LA,OUT
2024120808,3097,1,10,LA,35,BUF,GO
2024120808,1833,2,10,BUF,33,BUF,SLANT
2024120808,3194,1,10,LA,30,LA,FLAT
2024120808,3004,2,10,BUF,30,BUF,IN
2024120808,2841,3,6,BUF,45,LA,CORNER
2024120808,2771,1,10,LA,30,LA,HITCH
2024120808,927,3,3,BUF,3,LA,HITCH
2024120808,507,1,10,LA,36,BUF,FLAT
2024120808,3417,1,10,LA,44,BUF,HITCH
2024120808,2910,3,3,BUF,17,LA,GO
2024120808,171,3,9,LA,43,LA,IN
2024120808,3318,2,6,BUF,13,BUF,FLAT
2024120808,1084,3,10,BUF,48,BUF,HITCH
2024120808,1061,2,10,BUF,48,BUF,GO
2024120808,2569,3,9,BUF,21,BUF,GO
2024120808,4003,1,10,BUF,30,BUF,GO
2024120808,2107,3,7,BUF,29,BUF,IN
2024120808,1222,1,10,BUF,45,BUF,OUT
2024120808,4037,2,10,BUF,30,BUF,CROSS
2024120808,3442,1,10,LA,33,BUF,FLAT
2024120808,3522,1,10,LA,21,BUF,CROSS
2024120808,1415,1,10,LA,34,LA,OUT
2024120808,742,2,8,LA,34,LA,CORNER
2024120808,401,2,9,BUF,31,BUF,OUT
2024120808,4119,2,15,,50,BUF,POST
2024120808,2659,1,30,BUF,27,BUF,HITCH
2024120808,1933,2,2,LA,21,LA,IN
2024120808,559,1,6,LA,6,BUF,CROSS
2024120808,3869,4,5,BUF,35,LA,IN
2024120808,3545,2,10,LA,21,BUF,GO
2024120808,2156,1,10,LA,24,LA,OUT
2024120808,2544,2,9,BUF,21,BUF,FLAT
2024120808,2981,1,10,BUF,30,BUF,HITCH
2024120808,2050,1,10,BUF,26,BUF,CROSS
2024120808,2706,3,8,BUF,49,BUF,SLANT
2024120808,3242,3,10,LA,30,LA,HITCH
2024120808,3641,2,4,LA,35,LA,CROSS
2024120808,2818,2,6,BUF,45,LA,CROSS
2024120808,2292,2,10,LA,37,LA,FLAT
2024120808,3841,3,16,BUF,46,LA,HITCH
2024120808,148,2,9,LA,43,LA,CORNER
2024120808,2209,3,10,LA,24,LA,OUT
2024120808,480,2,8,BUF,48,BUF,HITCH
2024120808,994,1,10,BUF,30,BUF,OUT
2024120808,2375,2,9,LA,49,LA,GO
2024120809,2531,2,10,SF,46,CHI,CROSS
2024120809,2915,2,1,CHI,49,CHI,OUT
2024120809,629,2,10,CHI,18,CHI,HITCH
2024120809,2043,2,4,SF,35,CHI,POST
2024120809,1498,2,3,CHI,37,SF,CROSS
2024120809,109,3,3,SF,37,SF,ANGLE
2024120809,1705,1,10,CHI,40,CHI,FLAT
2024120809,705,1,10,SF,36,SF,CORNER
2024120809,2774,3,4,CHI,17,SF,OUT
2024120809,3220,3,4,CHI,45,SF,SLANT
2024120809,2140,3,2,SF,23,CHI,OUT
2024120809,164,1,7,CHI,7,SF,CROSS
2024120809,1730,2,4,CHI,46,CHI,FLAT
2024120809,2261,3,4,SF,4,CHI,CORNER
2024120809,759,2,6,CHI,28,SF,WHEEL
2024120809,1055,3,8,,50,SF,HITCH
2024120809,1419,1,10,SF,26,SF,GO
2024120809,1321,1,10,CHI,30,CHI,CROSS
2024120809,459,2,8,SF,46,SF,CROSS
2024120809,574,2,5,CHI,11,CHI,IN
2024120809,1080,1,10,CHI,32,SF,HITCH
2024120809,2388,3,8,SF,32,SF,POST
2024120809,3503,1,10,CHI,30,CHI,IN
2024120809,1132,3,8,CHI,30,SF,IN
2024120809,2481,2,8,CHI,37,CHI,OUT
2024120809,3665,3,11,SF,49,SF,GO
2024120809,2088,1,10,SF,31,CHI,OUT
2024120809,1261,3,4,CHI,16,SF,SLANT
2024120809,57,1,10,SF,30,SF,OUT
2024120809,2506,1,10,SF,46,CHI,HITCH
2024120809,3292,3,1,CHI,25,SF,FLAT
2024120809,2945,1,10,SF,41,CHI,CROSS
2024120809,3136,2,10,SF,30,SF,CROSS
2024120809,281,3,7,CHI,26,CHI,FLAT
2024120809,1579,2,15,CHI,15,SF,IN
2024120809,3025,2,7,SF,14,CHI,SLANT
2024120809,1996,2,3,CHI,49,CHI,OUT
2024120809,2646,1,10,SF,38,SF,CROSS
2024120809,3721,2,6,CHI,28,CHI,HITCH
2024120809,2365,2,8,SF,32,SF,IN
2024120809,599,1,10,CHI,18,CHI,HITCH
2024120809,331,1,10,SF,13,SF,CROSS
2024120810,1533,2,6,LAC,45,LAC,FLAT
2024120810,1228,1,10,KC,45,KC,CROSS
2024120810,1404,2,9,LAC,19,KC,HITCH
2024120810,1047,2,8,KC,29,KC,FLAT
2024120810,3269,1,10,LAC,42,KC,GO
2024120810,1156,2,9,LAC,18,LAC,POST
2024120810,3244,2,3,LAC,47,KC,HITCH
2024120810,2819,1,10,KC,15,KC,FLAT
2024120810,2170,1,9,LAC,9,KC,SLANT
2024120810,2961,1,10,KC,35,LAC,CORNER
2024120810,2360,2,10,LAC,37,LAC,SLANT
2024120810,2116,1,10,LAC,20,KC,HITCH
2024120810,2025,2,3,KC,44,KC,OUT
2024120810,749,2,10,LAC,2,LAC,HITCH
2024120810,3128,2,8,KC,25,KC,GO
2024120810,3194,3,3,KC,30,KC,FLAT
2024120810,3876,1,10,KC,40,KC,OUT
2024120810,796,1,10,LAC,13,LAC,POST
2024120810,154,1,10,LAC,40,KC,HITCH
2024120810,461,1,20,,50,LAC,GO
2024120810,1379,1,15,LAC,25,KC,FLAT
2024120810,1723,3,2,KC,17,KC,GO
2024120810,3899,2,10,KC,40,KC,ANGLE
2024120810,3516,2,18,LAC,16,LAC,HITCH
2024120810,3568,2,7,LAC,39,LAC,OUT
2024120810,3922,3,10,KC,40,KC,HITCH
2024120810,1973,3,7,KC,26,KC,CROSS
2024120810,2693,2,16,KC,31,LAC,CORNER
2024120810,3708,1,5,KC,26,LAC,IN
2024120810,251,2,10,LAC,27,KC,FLAT
2024120810,2273,2,4,LAC,27,LAC,HITCH
2024120810,2248,1,10,LAC,21,LAC,SLANT
2024120810,948,1,10,KC,12,KC,SCREEN
2024120810,3411,3,16,LAC,32,KC,CORNER
2024120810,4140,3,7,LAC,20,KC,HITCH
2024120810,623,1,10,KC,33,KC,SLANT
2024120810,3731,2,5,KC,26,LAC,IN
2024120810,1558,3,6,LAC,45,LAC,WHEEL
2024120810,3219,1,10,KC,46,KC,CROSS
2024120810,2091,1,10,LAC,33,KC,OUT
2024120810,2450,2,7,LAC,24,LAC,HITCH
2024120810,2631,4,2,KC,40,LAC,POST
2024120810,2330,1,10,LAC,37,LAC,HITCH
2024120810,1698,2,9,KC,10,KC,SLANT
2024120810,129,1,10,KC,48,KC,POST
2024120810,3035,3,3,KC,4,LAC,IN
2024120810,228,1,10,LAC,27,KC,GO
2024120810,3659,3,7,KC,39,LAC,SLANT
2024120810,1807,2,10,LAC,35,LAC,IN
2024120810,392,3,16,LAC,24,LAC,IN
2024120810,897,3,10,KC,49,LAC,CROSS
2024120810,1920,1,10,KC,23,KC,CROSS
2024120810,1634,1,14,KC,5,KC,FLAT
2024120810,1285,2,16,LAC,35,KC,SLANT
2024120900,1400,3,5,CIN,17,DAL,CROSS
2024120900,82,2,7,CIN,33,CIN,ANGLE
2024120900,4167,1,10,CIN,43,CIN,OUT
2024120900,1254,4,3,DAL,44,CIN,OUT
2024120900,1138,1,10,CIN,49,CIN,FLAT
2024120900,2708,1,10,DAL,17,DAL,SLANT
2024120900,1854,1,10,DAL,44,CIN,HITCH
2024120900,1306,2,5,DAL,49,DAL,ANGLE
2024120900,3868,1,10,CIN,14,CIN,OUT
2024120900,3472,2,6,CIN,30,CIN,SLANT
2024120900,3117,1,10,CIN,47,CIN,SLANT
2024120900,107,3,6,CIN,34,CIN,HITCH
2024120900,2964,2,26,CIN,45,DAL,ANGLE
2024120900,2084,3,5,DAL,35,DAL,HITCH
2024120900,3277,3,2,DAL,10,CIN,GO
2024120900,3524,2,13,CIN,46,CIN,FLAT
2024120900,2542,1,10,CIN,47,CIN,HITCH
2024120900,1829,1,10,CIN,45,CIN,CROSS
2024120900,722,3,10,DAL,19,CIN,HITCH
2024120900,3198,1,10,DAL,31,CIN,SLANT
2024120900,1495,2,7,CIN,39,CIN,IN
2024120900,676,1,10,DAL,19,CIN,GO
2024120900,1375,2,9,CIN,21,DAL,FLAT
2024120900,1224,3,13,CIN,46,CIN,HITCH
2024120900,3230,1,10,DAL,18,CIN,OUT
2024120900,1518,3,7,CIN,39,CIN,IN
2024120900,3753,1,10,DAL,34,DAL,FLAT
2024120900,699,2,10,DAL,19,CIN,OUT
2024120900,232,1,10,CIN,37,DAL,OUT
2024120900,3776,2,10,DAL,34,DAL,HITCH
2024120900,769,2,5,DAL,5,CIN,OUT
2024120900,262,2,6,CIN,33,DAL,GO
2024120900,2590,3,4,DAL,47,CIN,OUT
2024120900,994,2,10,CIN,12,DAL,HITCH
2024120900,3910,1,10,CIN,30,CIN,HITCH
2024120900,1879,2,4,DAL,38,CIN,OUT
2024120900,2061,2,5,DAL,35,DAL,OUT
2024120900,2676,2,9,DAL,38,CIN,IN
2024120900,4383,4,7,DAL,48,DAL,HITCH
2024120900,1904,1,10,DAL,22,CIN,GO
2024120900,354,4,1,CIN,11,DAL,CORNER
2024120900,4277,1,10,DAL,30,DAL,HITCH
2024120900,3087,1,10,CIN,32,CIN,OUT
2024120900,1061,2,6,CIN,8,CIN,HITCH
2024120900,207,3,1,DAL,49,DAL,CROSS
2024120900,4219,1,10,DAL,40,CIN,OUT
2024120900,1707,1,10,DAL,30,DAL,HITCH
2024120900,2306,3,2,DAL,43,DAL,IN
2024120900,1959,3,7,DAL,19,CIN,OUT
2024120900,650,3,2,DAL,27,CIN,SLANT
2024120900,609,2,16,DAL,41,CIN,OUT
2024120900,1108,2,5,CIN,25,CIN,CROSS
2024120900,907,1,10,CIN,24,DAL,GO
2024120900,4351,3,15,DAL,40,DAL,IN
2024120900,1543,1,10,DAL,38,CIN,OUT
2024120900,465,2,2,CIN,38,CIN,ANGLE
2024120900,2026,1,10,DAL,30,DAL,OUT
2024120900,2203,1,10,DAL,30,DAL,IN
2024120900,2340,1,10,CIN,41,DAL,FLAT
2024120900,2875,2,10,CIN,43,DAL,SLANT
2024120900,2490,1,10,CIN,30,CIN,OUT
2024121200,931,2,7,LA,19,LA,OUT
2024121200,2454,2,1,SF,49,LA,FLAT
2024121200,3776,1,10,,50,SF,OUT
2024121200,3211,2,9,SF,29,SF,POST
2024121200,2524,3,8,SF,44,LA,CROSS
2024121200,103,3,9,SF,31,SF,GO
2024121200,1889,2,4,SF,36,SF,SLANT
2024121200,1533,3,8,SF,12,SF,IN
2024121200,1189,3,9,,50,SF,IN
2024121200,291,1,10,SF,26,SF,POST
2024121200,1166,2,9,,50,SF,GO
2024121200,212,2,14,LA,25,LA,HITCH
2024121200,2784,2,11,SF,12,LA,HITCH
2024121200,732,1,10,SF,22,SF,OUT
2024121200,3602,3,4,SF,32,LA,GO
2024121200,2182,1,10,LA,41,SF,HITCH
2024121200,629,1,10,LA,20,LA,ANGLE
2024121200,2952,2,20,SF,10,SF,POST
2024121200,2419,1,10,LA,42,LA,FLAT
2024121200,2389,1,10,LA,30,LA,OUT
2024121200,1393,1,10,LA,36,LA,OUT
2024121200,2205,2,10,LA,41,SF,OUT
2024121200,2265,1,10,LA,29,SF,SCREEN
2024121200,762,1,10,SF,35,SF,ANGLE
2024121200,242,3,14,LA,25,LA,IN
2024121200,1103,3,9,SF,31,SF,OUT
2024121200,1580,2,11,SF,21,SF,GO
2024121200,2322,3,10,LA,29,SF,SLANT
2024121200,1912,3,4,SF,36,SF,GO
2024121200,3492,1,10,LA,46,LA,FLAT
2024121200,443,1,10,LA,34,LA,HITCH
2024121200,3030,1,10,LA,33,LA,POST
2024121200,561,2,9,SF,20,SF,ANGLE
2024121200,58,1,10,SF,30,SF,SLANT
2024121200,1438,3,5,LA,41,LA,IN
2024121200,586,3,4,SF,25,SF,SLANT
2024121200,2479,1,10,SF,46,LA,GO
2024121200,3283,1,10,LA,43,SF,POST
2024121200,683,3,3,LA,27,LA,OUT
2024121200,3258,2,7,SF,48,SF,IN
2024121200,490,3,3,LA,41,LA,IN
2024121200,3106,3,2,SF,8,LA,ANGLE
2024121200,3355,2,10,LA,33,SF,GO
2024121200,831,2,6,,50,SF,IN
2024121200,1481,1,10,SF,10,SF,OUT
2024121200,954,3,7,LA,19,LA,OUT
2024121200,3415,2,4,LA,26,LA,FLAT
2024121500,2455,2,5,CAR,11,DAL,CROSS
2024121500,714,3,9,DAL,15,DAL,HITCH
2024121500,655,1,10,DAL,14,DAL,CROSS
2024121500,1284,1,10,CAR,44,CAR,OUT
2024121500,1790,2,10,DAL,44,DAL,SLANT
2024121500,4198,3,10,DAL,43,CAR,POST
2024121500,3440,4,7,CAR,48,CAR,SLANT
2024121500,4175,2,10,DAL,43,CAR,IN
2024121500,3975,1,10,CAR,30,CAR,HITCH
2024121500,3026,2,6,DAL,45,DAL,HITCH
2024121500,1906,1,20,CAR,33,DAL,HITCH
2024121500,940,1,10,DAL,23,DAL,OUT
2024121500,3301,1,10,CAR,30,CAR,OUT
2024121500,2094,2,10,DAL,24,DAL,SCREEN
2024121500,1994,1,10,CAR,17,CAR,GO
2024121500,1491,3,9,CAR,34,DAL,HITCH
2024121500,364,3,5,CAR,30,CAR,IN
2024121500,782,1,10,CAR,18,CAR,HITCH
2024121500,1368,1,10,CAR,48,DAL,FLAT
2024121500,526,2,8,DAL,40,CAR,OUT
2024121500,1170,3,4,CAR,14,DAL,CORNER
2024121500,1444,2,4,CAR,29,DAL,CROSS
2024121500,2860,2,19,CAR,22,CAR,OUT
2024121500,3149,1,15,CAR,25,DAL,GO
2024121500,551,3,4,DAL,36,CAR,FLAT
2024121500,1699,1,10,DAL,32,DAL,SLANT
2024121500,2749,1,10,CAR,28,DAL,SLANT
2024121500,2774,1,10,CAR,17,DAL,POST
2024121500,1932,2,20,CAR,33,DAL,HITCH
2024121500,3908,3,2,CAR,23,DAL,FLAT
2024121500,280,2,4,CAR,19,CAR,OUT
2024121500,4003,1,10,CAR,46,CAR,HITCH
2024121500,474,3,1,DAL,46,CAR,FLAT
2024121500,4136,1,10,DAL,43,CAR,FLAT
2024121500,1617,2,18,CAR,23,CAR,IN
2024121500,1101,3,3,CAR,48,DAL,CORNER
2024121500,2724,1,10,CAR,46,DAL,POST
2024121500,2963,2,7,DAL,30,DAL,FLAT
2024121500,1341,3,3,DAL,49,CAR,IN
2024121500,3353,1,10,CAR,45,CAR,FLAT
2024121500,3514,1,10,DAL,21,CAR,OUT
2024121500,3465,1,10,DAL,34,CAR,OUT
2024121501,2411,1,10,CLE,44,KC,CORNER
2024121501,1842,4,1,KC,40,CLE,CORNER
2024121501,2807,1,10,KC,9,KC,OUT
2024121501,2607,3,3,CLE,14,CLE,FLAT
2024121501,1666,2,6,CLE,6,KC,CROSS
2024121501,731,2,10,CLE,30,CLE,SLANT
2024121501,196,2,4,CLE,15,KC,CROSS
2024121501,1297,3,4,CLE,39,CLE,HITCH
2024121501,1756,1,10,KC,49,CLE,IN
2024121501,3273,2,18,CLE,34,CLE,FLAT
2024121501,597,3,4,KC,42,KC,CROSS
2024121501,3607,2,7,KC,23,KC,FLAT
2024121501,678,2,7,CLE,23,CLE,OUT
2024121501,4071,2,13,KC,12,KC,HITCH
2024121501,3359,1,10,KC,26,KC,FLAT
2024121501,1416,2,10,KC,25,KC,WHEEL
2024121501,1393,1,10,KC,25,KC,GO
2024121501,2728,2,7,KC,41,CLE,OUT
2024121501,4433,3,1,CLE,45,CLE,POST
2024121501,1510,1,10,CLE,35,KC,POST
2024121501,3933,3,11,CLE,49,CLE,IN
2024121501,1887,2,11,KC,40,KC,HITCH
2024121501,1339,1,10,KC,13,KC,HITCH
2024121501,4263,1,10,CLE,12,CLE,GO
2024121501,904,1,10,KC,20,KC,IN
2024121501,3709,3,3,KC,39,KC,CROSS
2024121501,4096,3,5,KC,20,KC,OUT
2024121501,1170,2,10,KC,23,KC,HITCH
2024121501,708,1,10,CLE,30,CLE,HITCH
2024121501,3778,3,3,CLE,39,KC,CROSS
2024121501,3099,2,10,KC,30,KC,HITCH
2024121501,292,1,10,CLE,27,CLE,CROSS
2024121501,4334,2,10,CLE,23,CLE,SLANT
2024121501,3498,1,10,KC,41,CLE,OUT
2024121501,2646,1,10,CLE,26,CLE,CROSS
2024121501,3212,2,3,CLE,18,CLE,OUT
2024121501,3122,3,10,KC,30,KC,CROSS
2024121501,867,1,10,KC,36,CLE,POST
2024121501,1195,3,6,KC,27,KC,OUT
2024121501,3637,3,3,KC,27,KC,SLANT
2024121501,79,2,11,KC,29,KC,OUT
2024121501,3883,1,10,,50,CLE,SLANT
2024121501,842,3,6,KC,49,CLE,SLANT
2024121501,2192,1,10,CLE,30,CLE,ANGLE
2024121501,3908,2,5,KC,45,CLE,FLAT
2024121501,1238,1,10,CLE,33,CLE,OUT
2024121501,1485,2,3,CLE,42,KC,CROSS
2024121501,765,3,10,CLE,30,CLE,OUT
2024121501,1604,2,1,CLE,15,KC,SCREEN
2024121501,3071,1,10,KC,30,KC,OUT
2024121501,3550,1,10,KC,29,CLE,GO
2024121501,109,3,3,KC,37,KC,GO
2024121501,2676,1,10,CLE,46,CLE,OUT
2024121501,2456,3,10,CLE,44,KC,GO
2024121501,2876,3,1,KC,18,KC,FLAT
2024121501,4286,2,10,CLE,12,CLE,FLAT
2024121502,2221,2,2,MIA,44,HOU,GO
2024121502,1976,2,6,HOU,39,MIA,POST
2024121502,135,1,10,MIA,37,MIA,POST
2024121502,3746,3,25,MIA,7,MIA,HITCH
2024121502,63,1,10,MIA,26,MIA,FLAT
2024121502,2618,2,7,HOU,40,MIA,HITCH
2024121502,1242,2,4,MIA,47,MIA,POST
2024121502,2499,1,10,HOU,43,MIA,CROSS
2024121502,1476,1,10,,50,MIA,HITCH
2024121502,2347,2,6,MIA,6,HOU,CROSS
2024121502,2724,3,16,HOU,36,MIA,POST
2024121502,3156,3,2,MIA,45,MIA,POST
2024121502,2927,1,10,HOU,30,HOU,OUT
2024121502,3515,2,15,HOU,25,HOU,HITCH
2024121502,1813,3,1,HOU,39,HOU,CROSS
2024121502,1523,1,10,HOU,39,MIA,SCREEN
2024121502,1391,3,3,MIA,6,HOU,IN
2024121502,2244,3,2,MIA,44,HOU,CROSS
2024121502,546,3,2,MIA,26,MIA,OUT
2024121502,3267,4,4,HOU,34,MIA,CROSS
2024121502,1787,2,1,HOU,39,HOU,HITCH
2024121502,2863,4,2,HOU,7,MIA,IN
2024121502,924,1,10,HOU,30,MIA,HITCH
2024121502,3897,1,10,MIA,23,MIA,GO
2024121502,3089,1,10,MIA,37,MIA,HITCH
2024121502,1649,2,10,HOU,21,MIA,POST
2024121502,363,2,10,MIA,34,HOU,OUT
2024121502,1130,3,15,HOU,25,HOU,HITCH
2024121502,302,1,10,MIA,46,HOU,HITCH
2024121502,3042,2,7,MIA,30,MIA,OUT
2024121502,2196,1,10,HOU,48,HOU,ANGLE
2024121502,3324,2,10,HOU,25,MIA,OUT
2024121502,3705,2,25,MIA,7,MIA,SCREEN
2024121502,226,1,10,HOU,19,HOU,FLAT
2024121502,1757,1,10,HOU,30,HOU,CROSS
2024121502,523,2,2,MIA,26,MIA,OUT
2024121502,2796,3,9,HOU,14,MIA,FLAT
2024121502,3381,1,10,HOU,18,HOU,OUT
2024121502,1295,1,10,MIA,28,HOU,CORNER
2024121502,2039,2,5,MIA,5,HOU,OUT
2024121502,2171,3,3,HOU,37,HOU,HITCH
2024121502,1672,3,10,HOU,21,MIA,ANGLE
2024121502,3349,3,5,HOU,20,MIA,OUT
2024121502,625,2,10,HOU,38,HOU,SLANT
2024121502,3540,3,2,HOU,38,HOU,OUT
2024121502,3244,3,4,HOU,34,MIA,OUT
2024121502,723,2,8,MIA,20,MIA,HITCH
2024121502,110,3,7,MIA,29,MIA,HITCH
2024121502,1451,1,10,MIA,30,MIA,CROSS
2024121503,3635,3,6,JAX,30,NYJ,GO
2024121503,4191,1,10,NYJ,30,NYJ,OUT
2024121503,4214,2,10,NYJ,30,NYJ,SLANT
2024121503,3852,2,6,NYJ,17,NYJ,OUT
2024121503,1241,1,10,JAX,35,JAX,OUT
2024121503,874,2,5,NYJ,17,NYJ,POST
2024121503,1888,1,10,JAX,34,JAX,OUT
2024121503,3565,2,10,JAX,49,NYJ,OUT
2024121503,2099,2,2,NYJ,13,JAX,OUT
2024121503,2615,2,10,NYJ,25,JAX,HITCH
2024121503,1999,1,10,NYJ,33,JAX,FLAT
2024121503,4036,3,2,JAX,41,JAX,CROSS
2024121503,2927,2,1,JAX,1,NYJ,GO
2024121503,511,3,5,NYJ,35,NYJ,GO
2024121503,2169,2,5,NYJ,5,JAX,GO
2024121503,3245,1,10,JAX,27,JAX,CROSS
2024121503,4513,2,10,JAX,44,JAX,OUT
2024121503,3905,2,10,NYJ,29,NYJ,GO
2024121503,1731,2,8,NYJ,22,NYJ,IN
2024121503,109,1,10,JAX,45,JAX,ANGLE
2024121503,2638,3,10,NYJ,25,JAX,OUT
2024121503,1637,3,12,NYJ,12,JAX,ANGLE
2024121503,2134,1,5,NYJ,5,JAX,HITCH
2024121503,1312,1,10,NYJ,49,JAX,FLAT
2024121503,4423,1,10,JAX,30,JAX,FLAT
2024121503,2250,1,10,NYJ,30,NYJ,CROSS
2024121503,580,2,7,JAX,41,NYJ,CORNER
2024121503,57,1,10,JAX,30,JAX,FLAT
2024121503,2752,1,10,NYJ,43,NYJ,CROSS
2024121503,3010,2,7,JAX,23,JAX,CORNER
2024121503,3882,1,10,NYJ,29,NYJ,GO
2024121503,3151,2,8,NYJ,30,NYJ,FLAT
2024121503,3176,3,6,NYJ,32,NYJ,IN
2024121503,2705,1,10,NYJ,30,NYJ,FLAT
2024121503,2802,3,4,NYJ,49,NYJ,SLANT
2024121503,4483,1,10,JAX,44,JAX,HITCH
2024121503,2546,2,20,JAX,20,JAX,IN
2024121503,813,3,14,JAX,41,JAX,GO
2024121503,3321,2,5,JAX,43,JAX,OUT
2024121503,1188,2,9,JAX,14,JAX,FLAT
2024121503,1771,3,8,NYJ,22,NYJ,OUT
2024121503,1831,1,10,JAX,22,JAX,IN
2024121503,4011,2,10,JAX,33,JAX,OUT
2024121503,4066,1,10,NYJ,30,JAX,GO
2024121503,4538,3,1,NYJ,47,JAX,GO
2024121503,3612,2,6,JAX,30,NYJ,CROSS
2024121503,4329,3,5,JAX,42,NYJ,CROSS
2024121503,3708,2,5,JAX,43,JAX,CROSS
2024121503,392,1,3,NYJ,3,JAX,CROSS
2024121503,1863,2,3,JAX,29,JAX,HITCH
2024121503,3820,1,10,NYJ,13,NYJ,OUT
2024121503,2074,1,10,NYJ,21,JAX,FLAT
2024121503,3033,3,7,JAX,23,JAX,OUT
2024121503,4114,3,5,NYJ,25,JAX,OUT
2024121503,1092,3,18,NYJ,47,NYJ,HITCH
2024121503,1216,3,4,JAX,19,JAX,CROSS
2024121503,610,1,10,JAX,22,NYJ,GO
2024121503,4237,3,10,NYJ,30,NYJ,GO
2024121503,3420,3,6,NYJ,19,JAX,SLANT
2024121503,1913,2,1,JAX,43,JAX,FLAT
2024121503,4453,2,4,JAX,36,JAX,IN
2024121504,1752,2,10,WAS,40,WAS,FLAT
2024121504,1420,3,3,NO,22,WAS,POST
2024121504,3325,1,10,WAS,48,WAS,GO
2024121504,1237,2,20,WAS,37,WAS,HITCH
2024121504,3079,2,2,NO,39,NO,CROSS
2024121504,971,2,14,WAS,33,WAS,FLAT
2024121504,1983,3,10,NO,46,NO,CROSS
2024121504,3534,1,10,WAS,33,NO,FLAT
2024121504,2698,2,11,WAS,31,WAS,CORNER
2024121504,2605,1,10,WAS,21,NO,WHEEL
2024121504,3863,2,12,NO,43,WAS,POST
2024121504,1840,1,10,NO,29,NO,IN
2024121504,3816,3,3,NO,47,WAS,CROSS
2024121504,603,2,16,NO,16,WAS,OUT
2024121504,1122,2,4,NO,32,NO,IN
2024121504,4256,2,12,WAS,17,NO,HITCH
2024121504,4364,2,1,WAS,1,NO,FLAT
2024121504,2580,2,11,NO,40,NO,POST
2024121504,1262,3,8,WAS,49,WAS,HITCH
2024121504,2509,3,10,NO,29,NO,IN
2024121504,3564,2,10,WAS,33,NO,GO
2024121504,2860,3,19,NO,33,WAS,HITCH
2024121504,696,2,11,NO,27,NO,SLANT
2024121504,3683,2,8,WAS,38,WAS,GO
2024121504,3768,1,10,WAS,46,WAS,GO
2024121504,3503,1,10,NO,42,NO,POST
2024121504,2048,2,5,WAS,7,WAS,SLANT
2024121504,2448,1,10,NO,29,NO,CROSS
2024121504,378,3,9,NO,31,WAS,OUT
2024121504,216,2,9,WAS,45,WAS,OUT
2024121504,4060,1,10,WAS,44,NO,FLAT
2024121504,2224,1,10,WAS,46,WAS,HITCH
2024121504,871,3,2,WAS,16,WAS,OUT
2024121504,1145,3,4,NO,32,NO,GO
2024121504,3587,3,10,WAS,33,NO,GO
2024121504,1895,3,5,NO,34,NO,OUT
2024121504,1932,1,10,NO,46,NO,OUT
2024121504,1667,2,9,WAS,30,WAS,ANGLE
2024121504,3709,3,8,WAS,38,WAS,FLAT
2024121504,4169,3,1,WAS,35,NO,OUT
2024121504,1459,1,3,NO,3,WAS,CROSS
2024121504,2080,1,10,WAS,20,WAS,FLAT
2024121504,846,2,8,WAS,10,WAS,HITCH
2024121504,2475,2,10,NO,29,NO,OUT
2024121504,4316,4,3,WAS,8,NO,HITCH
2024121504,3467,2,10,NO,8,NO,CROSS
2024121505,2669,2,10,NYG,30,NYG,OUT
2024121505,2462,2,10,BAL,46,BAL,HITCH
2024121505,3280,1,10,NYG,30,NYG,HITCH
2024121505,350,3,9,BAL,43,BAL,OUT
2024121505,1751,1,10,NYG,34,BAL,FLAT
2024121505,1781,2,4,NYG,28,BAL,FLAT
2024121505,3555,4,3,BAL,23,NYG,GO
2024121505,780,2,4,NYG,45,NYG,OUT
2024121505,1175,2,7,NYG,23,NYG,OUT
2024121505,1286,1,10,NYG,48,NYG,GO
2024121505,1704,2,10,BAL,34,BAL,CROSS
2024121505,2717,1,10,BAL,45,NYG,CROSS
2024121505,803,3,4,NYG,45,NYG,HITCH
2024121505,252,2,8,BAL,31,BAL,HITCH
2024121505,3168,3,10,NYG,44,BAL,FLAT
2024121505,895,3,6,BAL,35,NYG,SLANT
2024121505,3532,3,3,BAL,23,NYG,OUT
2024121505,3215,2,9,NYG,27,BAL,FLAT
2024121505,2742,1,10,BAL,28,NYG,ANGLE
2024121505,3046,2,11,BAL,2,BAL,OUT
2024121505,3339,3,1,NYG,39,NYG,CROSS
2024121505,640,3,13,NYG,13,BAL,POST
2024121505,2387,1,10,BAL,29,BAL,OUT
2024121505,2915,3,2,BAL,2,NYG,GO
2024121505,1067,2,11,NYG,49,BAL,CORNER
2024121505,1333,2,8,BAL,37,NYG,HITCH
2024121505,2178,2,15,NYG,35,NYG,GO
2024121505,180,3,2,NYG,20,NYG,SLANT
2024121505,3958,1,10,NYG,20,NYG,POST
2024121505,2260,3,5,BAL,44,NYG,CORNER
2024121505,942,1,10,BAL,30,BAL,CROSS
2024121505,3889,3,12,NYG,7,NYG,FLAT
2024121505,1877,2,9,NYG,20,BAL,CORNER
2024121505,1205,1,10,NYG,37,NYG,SLANT
2024121505,1385,4,2,BAL,31,NYG,FLAT
2024121505,2556,2,9,NYG,29,BAL,CROSS
2024121505,3098,1,10,BAL,30,BAL,CORNER
2024121505,3145,2,10,NYG,44,BAL,CROSS
2024121505,2692,3,10,NYG,30,NYG,GO
2024121505,68,1,10,NYG,37,BAL,OUT
2024121505,1674,1,10,BAL,34,BAL,HITCH
2024121505,1020,2,10,BAL,41,BAL,GO
2024121505,2581,3,1,NYG,21,BAL,GO
2024121505,2439,1,10,BAL,46,BAL,POST
2024121505,2034,1,10,NYG,30,NYG,CROSS
2024121506,369,3,7,CIN,33,CIN,IN
2024121506,1673,2,13,TEN,13,CIN,ANGLE
2024121506,3325,1,10,TEN,32,TEN,OUT
2024121506,2808,3,7,TEN,38,CIN,GO
2024121506,2113,1,10,TEN,30,TEN,IN
2024121506,960,3,5,CIN,35,CIN,SLANT
2024121506,1478,2,3,CIN,45,CIN,HITCH
2024121506,4609,1,10,TEN,30,TEN,FLAT
2024121506,3990,2,3,CIN,21,TEN,ANGLE
2024121506,1909,3,7,TEN,44,TEN,OUT
2024121506,3858,2,3,TEN,20,TEN,IN
2024121506,2163,2,10,TEN,38,CIN,SLANT
2024121506,2906,1,10,TEN,21,TEN,CROSS
2024121506,3132,2,9,CIN,43,TEN,OUT
2024121506,3640,1,10,CIN,29,CIN,HITCH
2024121506,2048,3,10,TEN,38,CIN,GO
2024121506,1009,1,15,CIN,46,CIN,FLAT
2024121506,4774,2,10,CIN,13,TEN,CROSS
2024121506,2357,1,8,TEN,8,CIN,OUT
2024121506,1952,1,10,TEN,38,CIN,FLAT
2024121506,3375,1,10,TEN,46,TEN,POST
2024121506,3294,2,5,TEN,25,TEN,SCREEN
2024121506,4657,3,7,TEN,33,TEN,FLAT
2024121506,4015,1,10,CIN,17,TEN,HITCH
2024121506,3398,2,10,TEN,46,TEN,HITCH
2024121506,3826,1,10,TEN,13,TEN,FLAT
2024121506,464,2,7,TEN,18,CIN,OUT
2024121506,1768,1,10,TEN,30,TEN,CROSS
2024121506,4634,2,7,TEN,33,TEN,GO
2024121506,81,1,15,CIN,15,CIN,FLAT
2024121506,4114,1,10,CIN,33,CIN,HITCH
2024121506,3423,3,3,CIN,47,TEN,HITCH
2024121506,2295,2,15,TEN,32,CIN,SLANT
2024121506,1134,1,12,TEN,12,CIN,HITCH
2024121506,3727,2,9,TEN,48,CIN,CROSS
2024121506,4160,3,10,CIN,33,CIN,SLANT
2024121506,1581,1,10,TEN,24,CIN,IN
2024121506,4717,2,3,CIN,17,TEN,HITCH
2024121506,4404,2,9,TEN,10,CIN,OUT
2024121506,2272,1,15,TEN,32,CIN,HITCH
2024121506,2320,3,4,TEN,21,CIN,HITCH
2024121506,3000,2,8,TEN,32,TEN,FLAT
2024121506,2140,1,10,TEN,38,CIN,GO
2024121506,3888,1,10,TEN,41,TEN,IN
2024121506,2678,2,7,CIN,36,CIN,FLAT
2024121506,3750,3,9,TEN,48,CIN,SLANT
2024121506,676,3,9,TEN,31,TEN,OUT
2024121506,3350,2,3,TEN,39,TEN,HITCH
2024121506,1855,2,14,TEN,37,TEN,HITCH
2024121506,1310,2,11,CIN,49,TEN,POST
2024121506,3524,2,25,TEN,43,TEN,FLAT
2024121506,417,2,10,,50,CIN,SLANT
2024121506,3940,1,10,CIN,39,TEN,IN
2024121506,171,2,6,CIN,25,TEN,CROSS
2024121506,4687,1,10,CIN,24,TEN,FLAT
2024121506,3588,1,10,CIN,33,TEN,HITCH
2024121506,3965,1,10,CIN,28,TEN,SLANT
2024121506,4038,2,10,CIN,17,TEN,ANGLE
2024121506,3613,2,4,CIN,27,TEN,HITCH
2024121506,2229,1,10,TEN,27,CIN,CROSS
2024121506,1698,3,2,TEN,2,CIN,OUT
2024121506,651,2,13,TEN,27,TEN,HITCH
2024121507,1341,1,10,NE,46,NE,OUT
2024121507,1565,1,10,ARI,41,ARI,FLAT
2024121507,3686,1,10,NE,30,NE,OUT
2024121507,2967,2,11,ARI,44,ARI,OUT
2024121507,3543,3,4,NE,49,ARI,HITCH
2024121507,1018,3,2,ARI,27,ARI,FLAT
2024121507,2797,1,10,NE,33,NE,OUT
2024121507,57,1,10,NE,30,NE,FLAT
2024121507,1821,2,10,NE,21,ARI,FLAT
2024121507,3254,1,10,NE,37,NE,SLANT
2024121507,1703,1,20,ARI,31,ARI,OUT
2024121507,845,1,10,NE,30,NE,CROSS
2024121507,3466,3,4,ARI,36,ARI,CROSS
2024121507,1733,2,17,ARI,34,ARI,OUT
2024121507,129,1,10,ARI,38,NE,CROSS
2024121507,3788,2,9,ARI,31,NE,POST
2024121507,1856,3,6,NE,17,ARI,GO
2024121507,1048,1,10,ARI,31,ARI,HITCH
2024121507,2270,3,5,NE,21,ARI,GO
2024121507,3348,2,3,ARI,3,NE,FLAT
2024121507,1533,2,4,ARI,36,ARI,OUT
2024121507,1140,3,6,ARI,46,ARI,GO
2024121507,687,2,6,NE,23,ARI,CROSS
2024121507,2706,2,11,ARI,22,ARI,OUT
2024121507,1440,3,16,ARI,40,NE,SLANT
2024121507,2887,2,10,NE,44,NE,IN
2024121507,1798,1,10,NE,21,ARI,GO
2024121507,3054,2,6,NE,16,ARI,FLAT
2024121507,364,2,15,ARI,38,ARI,CROSS
2024121507,3518,2,9,ARI,46,ARI,HITCH
2024121507,3301,2,6,ARI,43,NE,GO
2024121507,2616,2,6,ARI,8,ARI,FLAT
2024121507,389,1,10,NE,39,ARI,HITCH
2024121507,991,2,5,ARI,24,ARI,SCREEN
2024121507,2011,1,10,ARI,30,ARI,FLAT
2024121507,3711,2,3,NE,37,NE,OUT
2024121507,3079,3,3,NE,13,ARI,FLAT
2024121507,3000,3,4,NE,49,ARI,CORNER
2024121507,2056,3,6,ARI,34,ARI,HITCH
2024121508,173,1,10,DEN,38,IND,CROSS
2024121508,3854,3,10,DEN,49,IND,OUT
2024121508,3139,2,9,DEN,49,DEN,SLANT
2024121508,1184,1,10,DEN,46,DEN,ANGLE
2024121508,2238,2,4,DEN,41,DEN,HITCH
2024121508,2724,3,10,IND,39,DEN,CORNER
2024121508,3023,3,15,IND,25,IND,OUT
2024121508,4584,3,6,DEN,20,IND,GO
2024121508,578,3,5,IND,35,IND,CROSS
2024121508,4292,3,6,IND,20,DEN,GO
2024121508,385,3,4,DEN,36,DEN,SLANT
2024121508,3501,1,10,IND,30,IND,OUT
2024121508,500,1,10,IND,38,DEN,POST
2024121508,1866,3,7,DEN,31,DEN,FLAT
2024121508,2780,1,10,IND,27,IND,CROSS
2024121508,4079,1,20,IND,25,IND,OUT
2024121508,4357,1,10,IND,30,IND,IN
2024121508,4430,1,10,DEN,36,IND,ANGLE
2024121508,196,2,10,DEN,38,IND,OUT
2024121508,4010,1,10,IND,20,IND,OUT
2024121508,104,3,10,IND,30,IND,POST
2024121508,3831,2,10,DEN,49,IND,HITCH
2024121508,1708,2,6,IND,18,IND,IN
2024121508,2263,3,1,DEN,44,DEN,CORNER
2024121508,2031,3,15,DEN,32,IND,GO
2024121508,241,1,10,DEN,23,IND,ANGLE
2024121508,4551,2,10,DEN,24,IND,FLAT
2024121508,4174,3,4,IND,29,DEN,GO
2024121508,4607,4,6,DEN,20,IND,OUT
2024121508,2872,3,7,IND,28,DEN,OUT
2024121508,1613,2,5,DEN,43,DEN,OUT
2024121508,1543,2,10,IND,42,IND,CORNER
2024121508,1411,2,10,IND,13,DEN,GO
2024121508,3939,2,9,DEN,46,DEN,FLAT
2024121508,4478,3,11,DEN,37,IND,CROSS
2024121508,3211,2,11,IND,42,DEN,GO
2024121508,1636,3,5,DEN,43,DEN,FLAT
2024121508,1738,3,6,IND,18,IND,CORNER
2024121508,1330,1,10,IND,30,DEN,HITCH
2024121508,3436,2,10,IND,15,DEN,CROSS
2024121508,3237,3,11,IND,42,DEN,HITCH
2024121508,2474,3,4,DEN,38,DEN,OUT
2024121508,2674,1,10,IND,39,DEN,IN
2024121508,410,1,10,DEN,41,DEN,SLANT
2024121508,3732,1,10,IND,30,IND,HITCH
2024121508,3884,4,6,DEN,45,IND,OUT
2024121508,2995,2,15,IND,25,IND,HITCH
2024121508,4382,1,10,IND,41,IND,FLAT
2024121508,842,3,5,DEN,18,IND,HITCH
2024121508,348,2,7,DEN,33,DEN,SCREEN
2024121508,4405,2,10,IND,41,IND,IN
2024121509,628,2,4,DET,31,BUF,HITCH
2024121509,1009,3,9,BUF,12,DET,HITCH
2024121509,3399,2,7,DET,32,BUF,POST
2024121509,2052,2,21,BUF,31,BUF,SLANT
2024121509,4496,4,5,DET,35,DET,HITCH
2024121509,2512,2,8,BUF,10,BUF,FLAT
2024121509,2798,2,9,DET,29,DET,IN
2024121509,1470,4,4,BUF,46,DET,CROSS
2024121509,1160,1,10,BUF,41,BUF,SCREEN
2024121509,1716,2,2,DET,2,BUF,FLAT
2024121509,1591,2,4,BUF,9,DET,
2024121509,1113,1,20,BUF,20,BUF,IN
2024121509,4797,2,3,BUF,3,DET,GO
2024121509,3868,3,7,BUF,26,DET,OUT
2024121509,3680,1,5,DET,5,BUF,FLAT
2024121509,4767,1,3,BUF,3,DET,HITCH
2024121509,2663,3,12,BUF,38,BUF,CROSS
2024121509,4549,2,10,DET,41,DET,IN
2024121509,2773,1,10,DET,28,DET,FLAT
2024121509,4672,3,10,BUF,36,DET,IN
2024121509,3197,2,20,DET,31,DET,CROSS
2024121509,4102,2,7,BUF,33,BUF,CORNER
2024121509,1873,1,10,DET,42,DET,OUT
2024121509,1374,1,10,DET,30,DET,GO
2024121509,3768,1,10,DET,46,DET,HITCH
2024121509,4408,1,10,DET,30,DET,POST
2024121509,1423,2,7,BUF,49,DET,FLAT
2024121509,2077,3,6,BUF,46,BUF,HITCH
2024121509,3561,1,10,BUF,49,DET,GO
2024121509,1951,2,10,BUF,34,DET,HITCH
2024121509,249,3,5,DET,30,BUF,OUT
2024121509,3521,2,4,DET,36,DET,HITCH
2024121509,3738,1,10,DET,30,DET,OUT
2024121509,4434,2,10,DET,30,DET,HITCH
2024121509,1928,1,10,BUF,34,DET,FLAT
2024121509,3087,1,10,DET,30,DET,CROSS
2024121509,3586,1,10,BUF,18,DET,HITCH
2024121509,2711,1,10,DET,4,DET,FLAT
2024121509,1974,3,10,BUF,34,DET,CROSS
2024121509,4695,4,10,BUF,36,DET,SLANT
2024121509,3110,2,10,DET,30,DET,WHEEL
2024121509,4000,1,5,BUF,5,DET,HITCH
2024121509,1903,2,2,,50,DET,POST
2024121509,2240,2,6,BUF,34,BUF,ANGLE
2024121509,179,2,5,BUF,32,BUF,WHEEL
2024121509,3793,1,10,BUF,40,DET,HITCH
2024121509,432,2,18,DET,33,DET,OUT
2024121509,3927,1,20,BUF,26,DET,CROSS
2024121509,1791,3,6,DET,6,BUF,POST
2024121509,1207,3,2,BUF,49,BUF,IN
2024121509,3611,2,4,BUF,12,DET,ANGLE
2024121509,2835,1,10,DET,26,BUF,SCREEN
2024121509,3227,3,17,DET,34,DET,IN
2024121509,525,1,10,BUF,22,BUF,CROSS
2024121509,1230,4,2,BUF,49,BUF,GO
2024121509,387,2,9,DET,31,DET,HITCH
2024121509,108,3,10,DET,30,DET,HITCH
2024121509,581,2,7,DET,47,BUF,CROSS
2024121509,4820,3,3,BUF,3,DET,OUT
2024121509,1519,2,10,BUF,25,DET,OUT
2024121509,2748,1,10,DET,18,DET,FLAT
2024121509,1848,1,10,DET,20,DET,POST
2024121509,869,2,1,,50,DET,IN
2024121509,3975,3,9,BUF,15,DET,HITCH
2024121509,3845,2,7,BUF,26,DET,IN
2024121509,4597,2,10,BUF,48,DET,FLAT
2024121509,3285,1,10,BUF,30,BUF,OUT
2024121509,4742,1,10,BUF,13,DET,ANGLE
2024121509,1658,1,10,BUF,30,BUF,CORNER
2024121509,3332,3,4,BUF,36,BUF,CORNER
2024121510,3159,2,10,TB,38,LAC,HITCH
2024121510,2019,1,10,LAC,26,LAC,OUT
2024121510,492,1,10,TB,12,LAC,OUT
2024121510,1552,2,10,TB,46,LAC,GO
2024121510,2950,3,12,LAC,35,TB,GO
2024121510,3274,3,3,TB,41,TB,POST
2024121510,539,2,5,TB,7,LAC,IN
2024121510,151,1,10,LAC,33,TB,CORNER
2024121510,2158,3,4,LAC,36,LAC,CORNER
2024121510,1034,2,3,LAC,33,LAC,CROSS
2024121510,294,2,3,LAC,37,LAC,SLANT
2024121510,1754,3,6,TB,33,TB,IN
2024121510,174,2,10,LAC,33,TB,HITCH
2024121510,2456,2,10,LAC,39,LAC,HITCH
2024121510,1251,1,10,TB,30,TB,POST
2024121510,1308,2,3,TB,20,LAC,SLANT
2024121510,3590,4,7,TB,49,LAC,SLANT
2024121510,1426,2,5,TB,40,TB,OUT
2024121510,2409,2,10,LAC,29,LAC,ANGLE
2024121510,3537,2,19,LAC,39,LAC,HITCH
2024121510,413,1,10,TB,22,LAC,ANGLE
2024121510,3207,4,6,TB,34,LAC,HITCH
2024121510,344,2,7,TB,47,LAC,OUT
2024121510,1786,1,10,TB,41,TB,HITCH
2024121510,681,1,10,TB,49,TB,POST
2024121510,1888,1,10,LAC,22,TB,CORNER
2024121510,3387,2,10,LAC,24,TB,IN
2024121510,786,3,12,LAC,37,TB,POST
2024121510,1914,2,10,LAC,22,TB,IN
2024121510,2386,1,10,LAC,29,LAC,OUT
2024121510,3066,1,10,LAC,45,LAC,HITCH
2024121510,1009,1,10,LAC,26,LAC,HITCH
2024121510,3184,3,6,TB,34,LAC,OUT
2024121510,3041,2,9,LAC,34,LAC,IN
2024121510,264,1,10,LAC,30,LAC,OUT
2024121510,3111,2,5,,50,LAC,HITCH
2024121510,79,2,8,TB,32,TB,IN
2024121510,1816,2,5,TB,46,TB,POST
2024121510,1709,1,10,TB,29,TB,SLANT
2024121510,1593,3,10,TB,46,LAC,OUT
2024121510,2315,2,13,TB,43,TB,IN
2024121510,2133,2,7,LAC,33,LAC,HITCH
2024121510,1333,1,10,TB,13,LAC,HITCH
2024121510,3889,1,10,LAC,32,LAC,CROSS
2024121510,1081,2,8,TB,45,LAC,CROSS
2024121510,604,1,10,TB,30,TB,HITCH
2024121510,199,3,3,LAC,26,TB,GO
2024121510,319,1,10,,50,LAC,SCREEN
2024121510,3567,3,7,TB,49,LAC,CROSS
2024121510,3136,1,10,TB,38,LAC,SLANT
2024121510,126,2,5,LAC,44,TB,CROSS
2024121510,656,3,3,TB,37,TB,SLANT
2024121511,2905,3,5,PHI,31,PHI,HITCH
2024121511,120,3,7,PIT,34,PIT,GO
2024121511,1308,3,7,PIT,42,PHI,SLANT
2024121511,2116,3,20,PHI,43,PIT,SLANT
2024121511,996,2,5,PIT,5,PHI,POST
2024121511,3253,1,10,PIT,40,PIT,SCREEN
2024121511,1535,1,10,PIT,30,PIT,CROSS
2024121511,1771,2,9,PHI,9,PIT,CROSS
2024121511,163,1,10,PHI,30,PHI,GO
2024121511,2840,1,10,PHI,26,PHI,HITCH
2024121511,2728,1,10,PIT,30,PIT,CROSS
2024121511,2431,2,20,PHI,42,PHI,HITCH
2024121511,3704,3,13,PIT,42,PHI,HITCH
2024121511,3559,2,6,PHI,32,PHI,FLAT
2024121511,213,2,3,PIT,41,PHI,CROSS
2024121511,2478,2,10,PIT,38,PHI,CROSS
2024121511,3361,2,21,PIT,40,PIT,FLAT
2024121511,3467,1,11,PHI,2,PHI,GO
2024121511,1987,1,10,PHI,45,PIT,SLANT
2024121511,1206,3,18,PIT,22,PIT,OUT
2024121511,3228,1,10,PIT,30,PIT,SLANT
2024121511,1796,3,9,PHI,9,PIT,OUT
2024121511,2875,2,10,PHI,26,PHI,HITCH
2024121511,3631,2,14,PHI,39,PHI,HITCH
2024121511,2326,2,7,PHI,44,PHI,FLAT
2024121511,772,2,18,PHI,19,PIT,HITCH
2024121511,1465,3,2,PIT,2,PHI,SLANT
2024121511,875,1,10,PHI,30,PHI,HITCH
2024121511,1333,1,10,PIT,25,PHI,GO
2024121511,95,2,8,PIT,33,PIT,FLAT
2024121511,3091,3,9,PIT,15,PHI,FLAT
2024121511,3826,2,20,PIT,38,PHI,IN
2024121511,905,1,10,PHI,46,PHI,GO
2024121511,1356,2,10,PIT,25,PHI,OUT
2024121511,797,3,18,PHI,19,PIT,POST
2024121511,2996,1,10,PIT,27,PHI,ANGLE
2024121511,188,1,10,PIT,48,PHI,SLANT
2024121511,516,3,4,PHI,27,PHI,FLAT
2024121511,1381,3,3,PIT,18,PHI,CROSS
2024121511,3512,3,6,PHI,7,PHI,SLANT
2024121511,1181,2,24,PIT,16,PIT,HITCH
2024121511,2503,3,6,PIT,34,PHI,CROSS
2024121511,3386,3,22,PIT,39,PIT,POST
2024121512,1590,2,12,GB,12,GB,POST
2024121512,645,2,8,SEA,13,GB,SLANT
2024121512,1337,1,10,GB,48,SEA,IN
2024121512,1231,3,4,SEA,31,SEA,HITCH
2024121512,3081,3,5,GB,40,SEA,IN
2024121512,1392,2,8,GB,28,SEA,OUT
2024121512,3758,3,5,SEA,22,GB,POST
2024121512,963,1,10,GB,29,GB,SLANT
2024121512,1109,3,6,SEA,20,GB,CORNER
2024121512,716,1,10,SEA,30,SEA,HITCH
2024121512,398,2,9,SEA,41,SEA,HITCH
2024121512,3033,1,10,GB,45,SEA,HITCH
2024121512,3316,2,10,SEA,32,SEA,CROSS
2024121512,3673,2,16,SEA,33,SEA,POST
2024121512,346,1,10,SEA,25,SEA,GO
2024121512,3058,2,5,GB,40,SEA,GO
2024121512,495,1,10,GB,41,GB,HITCH
2024121512,2871,1,10,SEA,4,SEA,FLAT
2024121512,3106,1,10,GB,28,SEA,HITCH
2024121512,1887,2,7,SEA,41,SEA,ANGLE
2024121512,3856,2,7,SEA,38,SEA,HITCH
2024121512,1478,2,9,GB,12,SEA,GO
2024121512,1035,1,10,GB,40,GB,GO
2024121512,2310,3,12,GB,26,SEA,OUT
2024121512,2079,3,29,SEA,45,SEA,FLAT
2024121512,3973,3,2,GB,24,GB,GO
2024121512,2561,3,10,SEA,14,GB,CROSS
2024121512,2463,3,4,SEA,25,GB,OUT
2024121512,2797,3,3,,50,GB,CROSS
2024121512,774,2,13,SEA,27,SEA,CORNER
2024121512,3244,3,6,GB,38,GB,POST
2024121512,3459,1,10,GB,16,GB,HITCH
2024121512,1937,2,8,GB,48,SEA,HITCH
2024121512,1714,2,7,SEA,42,GB,HITCH
2024121512,470,1,10,GB,20,GB,OUT
2024121512,2230,1,10,GB,46,SEA,CROSS
2024121512,2967,1,10,GB,43,GB,CROSS
2024121512,3585,3,2,SEA,39,GB,OUT
2024121512,2894,2,10,SEA,4,SEA,HITCH
2024121512,841,1,10,GB,32,SEA,SCREEN
2024121512,1256,1,10,SEA,39,SEA,HITCH
2024121512,1501,3,9,GB,12,SEA,CORNER
2024121512,3384,3,10,SEA,32,SEA,FLAT
2024121600,2516,3,3,MIN,12,MIN,OUT
2024121600,2320,2,14,CHI,16,CHI,GO
2024121600,3557,3,15,MIN,21,CHI,IN
2024121600,4287,3,10,MIN,16,CHI,GO
2024121600,4442,3,6,CHI,38,MIN,OUT
2024121600,3682,2,6,CHI,45,MIN,IN
2024121600,1756,1,10,CHI,39,MIN,CROSS
2024121600,2646,1,10,MIN,28,CHI,GO
2024121600,2113,1,20,MIN,20,MIN,HITCH
2024121600,2350,1,10,CHI,42,CHI,OUT
2024121600,3732,1,10,CHI,39,MIN,OUT
2024121600,4204,2,10,MIN,27,CHI,HITCH
2024121600,3391,1,10,MIN,43,CHI,HITCH
2024121600,541,2,9,CHI,16,MIN,IN
2024121600,4310,4,10,MIN,16,CHI,POST
2024121600,3208,2,11,CHI,18,MIN,POST
2024121600,4181,1,10,MIN,27,CHI,OUT
2024121600,4229,1,10,MIN,16,CHI,HITCH
2024121600,320,1,10,CHI,48,CHI,FLAT
2024121600,1186,3,11,CHI,31,MIN,OUT
2024121600,1664,3,4,MIN,35,MIN,OUT
2024121600,3510,2,10,MIN,16,CHI,GO
2024121600,573,1,7,CHI,7,MIN,CROSS
2024121600,3131,1,10,CHI,31,MIN,OUT
2024121600,798,1,10,MIN,20,MIN,GO
2024121600,1833,3,15,CHI,34,MIN,SLANT
2024121600,170,2,5,CHI,34,MIN,IN
2024121600,1726,2,3,,50,MIN,OUT
2024121600,1211,4,3,CHI,23,MIN,HITCH
2024121600,1034,2,10,MIN,43,MIN,IN
2024121600,1895,2,10,CHI,18,MIN,OUT
2024121600,1417,2,3,CHI,48,CHI,FLAT
2024121600,3900,1,10,CHI,30,CHI,SCREEN
2024121600,2410,3,8,CHI,44,CHI,IN
2024121600,3344,1,10,CHI,43,CHI,HITCH
2024121600,921,1,10,MIN,30,MIN,HITCH
2024121600,79,2,6,CHI,34,CHI,HITCH
2024121600,4264,2,10,MIN,16,CHI,POST
2024121600,2804,2,11,MIN,11,CHI,CORNER
2024121600,726,3,7,CHI,43,CHI,CROSS
2024121600,2599,2,9,CHI,43,CHI,HITCH
2024121600,2827,3,11,MIN,11,CHI,CROSS
2024121600,1057,3,10,MIN,43,MIN,HITCH
2024121600,1701,1,10,MIN,43,MIN,IN
2024121600,946,2,2,MIN,38,MIN,FLAT
2024121600,1129,1,10,CHI,30,MIN,CORNER
2024121600,3030,2,7,MIN,44,MIN,HITCH
2024121600,2138,2,15,MIN,25,MIN,POST
2024121600,2983,3,3,MIN,37,MIN,HITCH
2024121600,1632,2,12,MIN,27,MIN,HITCH
2024121600,2958,2,16,MIN,24,MIN,OUT
2024121601,1519,2,14,LV,47,ATL,FLAT
2024121601,200,2,7,LV,43,LV,ANGLE
2024121601,225,3,5,LV,45,LV,FLAT
2024121601,2734,3,14,LV,41,ATL,HITCH
2024121601,3939,1,10,LV,43,LV,OUT
2024121601,1797,1,10,ATL,45,ATL,HITCH
2024121601,3817,1,20,LV,22,LV,IN
2024121601,3661,3,6,LV,45,ATL,CROSS
2024121601,979,3,10,ATL,33,LV,GO
2024121601,1591,1,10,LV,8,LV,ANGLE
2024121601,3085,1,10,LV,9,LV,FLAT
2024121601,2240,2,15,LV,45,LV,SLANT
2024121601,661,3,4,LV,35,ATL,HITCH
2024121601,2828,1,10,LV,41,LV,OUT
2024121601,1674,1,10,LV,18,LV,POST
2024121601,2803,1,10,LV,30,LV,CROSS
2024121601,3842,2,9,LV,33,LV,OUT
2024121601,708,2,10,LV,30,ATL,GO
2024121601,428,2,7,LV,30,ATL,FLAT
2024121601,381,2,9,LV,47,ATL,IN
2024121601,543,3,11,LV,19,LV,ANGLE
2024121601,3758,2,8,LV,22,LV,HITCH
2024121601,1229,3,6,LV,38,ATL,HITCH
2024121601,3293,2,2,LV,40,LV,SLANT
2024121601,3268,1,10,LV,32,LV,CROSS
2024121601,109,2,10,LV,28,LV,FLAT
2024121601,825,1,10,LV,40,LV,WHEEL
2024121601,2061,3,9,LV,22,ATL,HITCH
2024121601,3465,1,5,ATL,5,LV,FLAT
2024121601,3318,1,10,ATL,49,LV,HITCH
2024121601,3392,1,10,ATL,36,LV,HITCH
2024121601,1699,1,10,LV,40,LV,POST
2024121601,1068,2,7,ATL,23,ATL,FLAT
2024121601,2425,3,11,ATL,28,ATL,FLAT
2024121601,3867,3,3,LV,39,LV,HITCH
2024121601,2622,3,4,LV,42,ATL,OUT
2024121601,3110,2,11,LV,8,LV,POST
2024121601,934,1,10,ATL,33,LV,SLANT
2024121601,3914,4,8,LV,34,LV,FLAT
2024121601,3440,3,3,ATL,29,LV,WHEEL
2024121601,2499,2,10,LV,3,LV,ANGLE
2024121601,3709,1,10,LV,20,LV,OUT
2024121601,2851,2,10,LV,41,LV,FLAT
2024121601,3002,3,12,LV,47,ATL,FLAT
2024121601,1444,3,6,ATL,39,ATL,SLANT
2024121601,3367,3,4,ATL,43,LV,IN
2024122214,262,1,5,CIN,6,CIN,OUT
2024122214,3526,1,10,CIN,47,CLE,OUT
2024122214,3870,4,16,CLE,43,CLE,GO
2024122214,3496,4,8,CLE,41,CLE,FLAT
2024122214,531,2,16,CLE,21,CLE,SLANT
2024122214,1273,1,6,CLE,6,CIN,GO
2024122214,1813,1,10,CIN,25,CIN,HITCH
2024122214,1534,1,10,CIN,32,CIN,HITCH
2024122214,3219,1,10,CIN,46,CIN,GO
2024122214,1122,1,10,,50,CIN,FLAT
2024122214,1319,3,6,CLE,6,CIN,CROSS
2024122214,1226,2,5,CLE,14,CIN,CROSS
2024122214,331,2,3,CIN,20,CIN,HITCH
2024122214,1939,3,4,CIN,42,CIN,GO
2024122214,2418,2,10,CIN,26,CIN,HITCH
2024122214,2958,3,10,CIN,20,CIN,SLANT
2024122214,956,2,9,CIN,27,CIN,SLANT
2024122214,700,2,7,CLE,45,CIN,FLAT
2024122214,725,1,10,CLE,35,CIN,SLANT
2024122214,1860,3,3,CIN,32,CIN,FLAT
2024122214,2118,1,10,CLE,46,CLE,FLAT
2024122214,1296,2,6,CLE,6,CIN,IN
2024122214,599,1,10,CIN,27,CIN,OUT
2024122214,1179,1,10,CLE,34,CIN,IN
2024122214,3615,4,27,CLE,36,CLE,SLANT
2024122214,1461,2,18,CLE,25,CLE,HITCH
2024122214,646,1,10,CIN,42,CIN,OUT
2024122214,1390,1,10,CLE,19,CLE,CROSS
2024122214,1073,3,16,CLE,17,CLE,HITCH
2024122214,383,1,10,CLE,45,CIN,OUT
2024122214,440,1,2,CLE,2,CIN,IN
2024122214,3244,1,10,CLE,22,CIN,SCREEN
2024122214,1154,2,5,CLE,45,CIN,CROSS
2024122214,2395,1,10,CIN,26,CIN,IN
2024122214,2531,2,10,CLE,36,CLE,POST
2024122214,772,3,3,CLE,28,CIN,IN
2024122214,3423,1,10,CLE,39,CLE,FLAT
2024122214,3368,1,10,CLE,21,CLE,FLAT
2024122214,3393,2,7,CLE,24,CLE,GO
2024122214,3827,2,10,CLE,49,CLE,CORNER
2024122100,2694,2,7,KC,30,HOU,POST
2024122100,622,1,10,KC,15,HOU,SCREEN
2024122100,1630,2,10,HOU,32,KC,GO
2024122100,800,3,14,KC,32,KC,FLAT
2024122100,2512,1,10,KC,21,KC,OUT
2024122100,2558,3,10,KC,21,KC,CROSS
2024122100,4018,3,5,HOU,9,KC,POST
2024122100,1111,3,13,KC,39,HOU,POST
2024122100,3855,2,8,HOU,40,KC,HITCH
2024122100,257,1,10,KC,48,KC,CROSS
2024122100,3755,3,8,KC,33,KC,OUT
2024122100,3108,1,10,HOU,38,KC,FLAT
2024122100,3083,2,2,HOU,42,KC,HITCH
2024122100,4248,3,4,KC,45,KC,FLAT
2024122100,545,1,10,HOU,30,HOU,CROSS
2024122100,3542,2,12,KC,26,HOU,IN
2024122100,305,3,3,HOU,45,KC,HITCH
2024122100,1857,2,5,HOU,35,HOU,SCREEN
2024122100,2934,3,9,KC,48,HOU,OUT
2024122100,2535,2,10,KC,21,KC,OUT
2024122100,990,2,6,KC,44,HOU,GO
2024122100,672,3,10,KC,15,HOU,OUT
2024122100,3272,1,10,HOU,30,HOU,HITCH
2024122100,3780,1,10,KC,41,KC,FLAT
2024122100,1348,3,7,KC,21,KC,OUT
2024122100,1713,2,6,HOU,14,KC,GO
2024122100,1607,1,10,HOU,32,KC,GO
2024122100,3451,2,8,KC,34,HOU,OUT
2024122100,436,4,1,HOU,29,KC,CROSS
2024122100,2640,2,10,,50,HOU,FLAT
2024122100,1220,1,10,KC,10,HOU,CROSS
2024122100,2163,1,10,HOU,24,KC,GO
2024122100,570,1,10,HOU,43,HOU,CROSS
2024122100,389,2,17,HOU,45,KC,CROSS
2024122100,2102,1,10,KC,35,KC,WHEEL
2024122100,1907,1,10,HOU,43,HOU,POST
2024122100,918,3,6,HOU,22,HOU,CORNER
2024122100,3003,1,10,KC,39,KC,SLANT
2024122100,1136,1,10,KC,23,HOU,OUT
2024122100,2247,3,12,HOU,26,KC,IN
2024122100,1882,3,3,HOU,37,HOU,HITCH
2024122100,1536,2,9,HOU,43,KC,OUT
2024122100,2612,1,10,,50,HOU,CROSS
2024122100,168,3,12,HOU,43,HOU,POST
2024122100,78,2,8,HOU,32,HOU,OUT
2024122100,280,2,10,KC,48,KC,IN
2024122100,2808,2,11,KC,39,KC,HITCH
2024122100,1013,3,6,KC,44,HOU,OUT
2024122100,2075,3,20,KC,40,HOU,SLANT
2024122100,1653,3,10,HOU,32,KC,HITCH
2024122100,3202,1,8,HOU,8,KC,OUT
2024122100,1378,1,10,KC,41,KC,FLAT
2024122100,3732,2,8,KC,33,KC,GO
2024122100,2975,1,10,KC,20,KC,SLANT
2024122100,3803,2,10,KC,41,KC,FLAT
2024122100,3319,1,10,HOU,45,HOU,FLAT
2024122100,133,2,12,HOU,43,HOU,OUT
2024122100,1743,3,6,HOU,14,KC,OUT
2024122100,857,1,10,HOU,18,HOU,WHEEL
2024122100,3399,3,15,HOU,40,HOU,FLAT
2024122101,693,2,1,BAL,36,PIT,OUT
2024122101,2717,2,7,PIT,41,BAL,POST
2024122101,1673,3,7,BAL,44,BAL,OUT
2024122101,3275,1,10,PIT,41,PIT,HITCH
2024122101,1378,3,8,PIT,14,BAL,CORNER
2024122101,1872,2,5,PIT,35,PIT,HITCH
2024122101,1945,3,4,PIT,47,PIT,OUT
2024122101,972,2,11,BAL,42,BAL,CROSS
2024122101,807,1,1,BAL,1,PIT,SLANT
2024122101,1751,2,9,PIT,34,BAL,IN
2024122101,1970,1,10,BAL,48,PIT,OUT
2024122101,1474,2,10,PIT,30,PIT,HITCH
2024122101,2665,1,10,BAL,40,BAL,CROSS
2024122101,1213,2,8,BAL,6,BAL,CORNER
2024122101,1006,3,11,BAL,42,BAL,HITCH
2024122101,2147,3,10,PIT,30,PIT,HITCH
2024122101,3186,2,7,PIT,36,PIT,FLAT
2024122101,1616,1,10,BAL,41,BAL,IN
2024122101,571,1,10,PIT,27,PIT,HITCH
2024122101,2487,3,6,BAL,40,PIT,CROSS
2024122101,2257,1,15,BAL,14,BAL,FLAT
2024122101,2402,1,10,PIT,12,PIT,GO
2024122101,3322,3,4,PIT,47,PIT,ANGLE
2024122101,125,2,7,PIT,47,BAL,POST
2024122101,1586,2,6,BAL,32,BAL,SLANT
2024122101,2124,2,10,PIT,30,PIT,CROSS
2024122101,2953,3,7,BAL,46,PIT,ANGLE
2024122101,616,2,20,PIT,34,PIT,ANGLE
2024122101,1287,1,10,PIT,45,BAL,IN
2024122101,762,1,10,BAL,22,PIT,POST
2024122101,1048,1,10,PIT,44,PIT,FLAT
2024122101,500,2,9,PIT,9,BAL,GO
2024122101,2304,1,10,BAL,30,BAL,CROSS
2024122101,2589,2,11,BAL,12,PIT,WHEEL
2024122101,2883,2,10,PIT,38,PIT,CROSS
2024122101,3505,3,5,BAL,13,BAL,GO
2024122101,870,1,10,BAL,30,BAL,CORNER
2024122101,2789,2,6,PIT,7,BAL,POST
2024122101,3391,2,18,PIT,44,PIT,HITCH
2024122101,1897,1,10,PIT,41,PIT,OUT
2024122101,641,3,7,PIT,47,PIT,HITCH
2024122101,3130,1,10,PIT,11,BAL,CROSS
2024122202,1158,1,10,NYG,30,NYG,HITCH
2024122202,1695,3,6,NYG,35,ATL,CROSS
2024122202,2771,3,4,NYG,36,NYG,SLANT
2024122202,3565,1,10,NYG,11,NYG,OUT
2024122202,1524,1,10,ATL,14,ATL,CROSS
2024122202,3677,1,10,ATL,43,NYG,ANGLE
2024122202,1007,3,7,NYG,45,ATL,HITCH
2024122202,863,3,2,ATL,2,NYG,SLANT
2024122202,3520,3,14,ATL,35,ATL,HITCH
2024122202,2714,1,10,NYG,30,NYG,OUT
2024122202,1205,2,15,NYG,25,NYG,HITCH
2024122202,1944,3,8,NYG,29,ATL,OUT
2024122202,2601,3,7,NYG,15,ATL,FLAT
2024122202,3816,2,11,ATL,26,NYG,GO
2024122202,173,1,10,NYG,33,ATL,CROSS
2024122202,265,1,10,NYG,33,NYG,CROSS
2024122202,3128,2,8,NYG,19,ATL,IN
2024122202,1314,2,7,ATL,48,NYG,HITCH
2024122202,1481,3,11,NYG,40,NYG,POST
2024122202,3303,1,10,NYG,46,NYG,GO
2024122202,3597,2,5,NYG,16,NYG,HITCH
2024122202,3255,1,10,NYG,30,NYG,HITCH
2024122202,442,2,10,ATL,24,ATL,HITCH
2024122202,2425,2,11,ATL,44,ATL,HITCH
2024122202,667,3,1,ATL,37,NYG,CROSS
2024122202,793,1,8,ATL,8,NYG,CROSS
2024122202,3186,3,11,NYG,22,ATL,CROSS
2024122202,2986,1,10,ATL,47,ATL,CROSS
2024122202,419,1,10,ATL,24,ATL,FLAT
2024122202,3652,1,10,NYG,46,NYG,IN
2024122202,2322,3,6,NYG,34,NYG,OUT
2024122202,928,1,10,ATL,30,ATL,OUT
2024122202,2035,3,2,NYG,7,ATL,OUT
2024122202,4031,4,21,ATL,21,NYG,GO
2024122202,1079,3,9,NYG,34,ATL,HITCH
2024122202,3977,3,16,ATL,16,NYG,GO
2024122202,3622,1,10,NYG,25,NYG,HITCH
2024122202,1032,1,10,NYG,35,ATL,SCREEN
2024122202,320,3,4,NYG,39,NYG,OUT
2024122202,57,1,10,ATL,30,ATL,CORNER
2024122202,3788,1,25,ATL,40,NYG,HITCH
2024122202,221,3,2,NYG,25,ATL,GO
2024122202,1235,3,6,NYG,34,NYG,SLANT
2024122202,2003,2,12,NYG,17,ATL,HITCH
2024122202,2626,1,2,NYG,2,ATL,GO
2024122202,102,3,7,ATL,33,ATL,IN
2024122203,572,2,10,NE,44,NE,HITCH
2024122203,621,1,15,NE,49,NE,OUT
2024122203,3784,1,10,NE,25,NE,HITCH
2024122203,116,3,8,NE,44,NE,CROSS
2024122203,3625,2,10,BUF,9,BUF,HITCH
2024122203,2002,1,10,BUF,44,BUF,IN
2024122203,218,3,4,BUF,28,NE,GO
2024122203,3429,1,10,NE,30,NE,SCREEN
2024122203,3707,2,10,BUF,35,BUF,HITCH
2024122203,1977,2,11,BUF,31,BUF,HITCH
2024122203,2444,3,4,NE,4,BUF,FLAT
2024122203,1051,1,10,BUF,30,BUF,SCREEN
2024122203,743,3,8,BUF,33,NE,SLANT
2024122203,311,2,6,BUF,36,BUF,HITCH
2024122203,1269,3,10,NE,27,NE,HITCH
2024122203,2056,3,10,BUF,44,BUF,CROSS
2024122203,3896,2,6,NE,40,NE,OUT
2024122203,2132,1,10,NE,33,NE,SLANT
2024122203,3476,1,10,NE,41,NE,HITCH
2024122203,2164,1,10,NE,44,NE,SLANT
2024122203,1814,3,4,NE,31,NE,ANGLE
2024122203,4033,1,4,BUF,4,NE,FLAT
2024122203,1586,3,4,NE,7,NE,OUT
2024122203,1214,1,10,NE,27,NE,IN
2024122203,2033,2,10,BUF,44,BUF,SCREEN
2024122203,2303,2,5,NE,38,BUF,HITCH
2024122203,403,3,10,BUF,43,BUF,HITCH
2024122203,2641,1,10,NE,30,BUF,CROSS
2024122203,696,1,10,BUF,35,NE,ANGLE
2024122203,3553,3,5,NE,46,NE,OUT
2024122203,4207,1,1,BUF,1,NE,OUT
2024122203,1556,2,9,NE,2,NE,HITCH
2024122203,1500,3,16,NE,44,BUF,GO
2024122203,2372,3,3,NE,14,BUF,SLANT
2024122203,1889,2,10,BUF,20,BUF,HITCH
2024122203,1098,2,5,BUF,48,BUF,FLAT
2024122203,1866,1,10,BUF,20,BUF,CROSS
2024122203,1387,2,6,NE,48,BUF,CROSS
2024122203,3047,2,7,BUF,35,BUF,IN
2024122203,380,2,10,BUF,43,BUF,CROSS
2024122203,2847,2,6,NE,47,NE,IN
2024122203,3650,3,1,BUF,18,BUF,FLAT
2024122203,2942,1,10,BUF,16,NE,CORNER
2024122203,3970,1,10,BUF,42,NE,POST
2024122203,3127,1,16,BUF,39,BUF,CROSS
2024122204,2321,3,4,ARI,48,CAR,OUT
2024122204,548,2,3,ARI,3,CAR,CORNER
2024122204,3139,2,5,CAR,47,CAR,FLAT
2024122204,4053,3,3,CAR,49,CAR,FLAT
2024122204,2724,3,7,CAR,12,ARI,CORNER
2024122204,383,3,5,ARI,25,CAR,HITCH
2024122204,1547,3,8,ARI,8,CAR,CORNER
2024122204,2122,1,1,CAR,1,ARI,FLAT
2024122204,4581,2,5,ARI,27,ARI,CROSS
2024122204,3968,3,5,CAR,19,CAR,CORNER
2024122204,3487,2,7,CAR,21,ARI,OUT
2024122204,4180,1,10,ARI,40,ARI,CROSS
2024122204,2450,2,4,ARI,11,CAR,FLAT
2024122204,4342,1,10,CAR,30,CAR,CROSS
2024122204,1317,3,2,ARI,28,ARI,FLAT
2024122204,3835,1,10,CAR,48,ARI,FLAT
2024122204,3038,3,7,ARI,23,ARI,HITCH
2024122204,1415,1,10,ARI,30,CAR,CORNER
2024122204,1101,2,7,CAR,33,CAR,SLANT
2024122204,4155,2,1,ARI,35,ARI,ANGLE
2024122204,333,1,10,ARI,30,CAR,FLAT
2024122204,157,3,4,ARI,46,ARI,OUT
2024122204,3936,2,10,CAR,14,CAR,HITCH
2024122204,210,1,10,CAR,30,CAR,GO
2024122204,3198,2,7,ARI,35,CAR,CROSS
2024122204,875,1,15,CAR,35,ARI,HITCH
2024122204,3643,1,20,CAR,20,CAR,OUT
2024122204,3412,2,13,ARI,39,ARI,OUT
2024122204,4205,1,10,CAR,49,ARI,SCREEN
2024122204,3315,1,10,ARI,30,ARI,CROSS
2024122204,1899,2,3,ARI,39,ARI,FLAT
2024122204,3462,1,10,CAR,24,ARI,FLAT
2024122204,127,2,15,ARI,35,ARI,HITCH
2024122204,2652,3,4,CAR,24,ARI,OUT
2024122204,2562,2,8,ARI,32,ARI,CROSS
2024122204,2699,2,9,CAR,14,ARI,ANGLE
2024122204,2267,1,10,CAR,46,CAR,FLAT
2024122204,3245,2,5,ARI,18,CAR,GO
2024122204,4461,2,10,ARI,10,ARI,OUT
2024122204,1612,1,10,ARI,30,ARI,ANGLE
2024122204,3673,2,16,CAR,24,CAR,SLANT
2024122204,4438,1,10,ARI,10,ARI,HITCH
2024122204,1648,1,10,ARI,46,ARI,SLANT
2024122204,955,3,7,CAR,27,ARI,CROSS
2024122204,1177,2,7,ARI,23,CAR,GO
2024122204,2398,3,6,ARI,37,CAR,GO
2024122205,2136,2,10,CHI,30,CHI,POST
2024122205,2227,1,10,DET,34,DET,IN
2024122205,2307,1,10,CHI,46,DET,CROSS
2024122205,3172,4,3,CHI,13,DET,HITCH
2024122205,3227,1,10,CHI,28,CHI,HITCH
2024122205,1845,1,10,CHI,44,DET,FLAT
2024122205,3837,1,10,CHI,48,CHI,IN
2024122205,1820,1,10,DET,45,DET,ANGLE
2024122205,1068,1,10,CHI,30,CHI,OUT
2024122205,983,2,11,CHI,21,DET,HITCH
2024122205,3999,2,4,DET,11,CHI,GO
2024122205,3309,3,12,CHI,26,CHI,HITCH
2024122205,2780,4,1,DET,45,CHI,GO
2024122205,4022,3,4,DET,11,CHI,IN
2024122205,1555,4,3,DET,31,CHI,CROSS
2024122205,2570,1,10,CHI,21,DET,CROSS
2024122205,3334,4,7,CHI,31,CHI,SLANT
2024122205,3195,1,10,CHI,13,CHI,HITCH
2024122205,3729,3,6,DET,27,DET,HITCH
2024122205,2337,2,10,CHI,46,DET,SLANT
2024122205,2971,1,10,CHI,49,DET,SCREEN
2024122205,3390,1,10,DET,49,CHI,GO
2024122205,3016,3,17,DET,44,DET,HITCH
2024122205,2652,2,11,CHI,29,CHI,HITCH
2024122205,3652,3,7,DET,15,DET,OUT
2024122205,2275,3,2,DET,42,DET,FLAT
2024122205,4045,4,4,DET,11,CHI,CROSS
2024122205,2161,1,10,DET,45,CHI,GO
2024122205,2463,1,10,DET,21,DET,HITCH
2024122205,1636,2,11,DET,19,CHI,CROSS
2024122205,1266,1,10,DET,18,DET,POST
2024122205,2924,1,10,DET,40,DET,ANGLE
2024122205,879,1,10,DET,40,DET,CROSS
2024122205,750,1,10,CHI,29,CHI,CROSS
2024122205,1348,2,8,CHI,32,CHI,POST
2024122205,1510,2,6,DET,34,CHI,POST
2024122205,3365,1,10,CHI,41,CHI,HITCH
2024122205,3974,1,10,DET,17,CHI,SLANT
2024122205,3699,2,6,DET,27,DET,FLAT
2024122205,1371,3,8,CHI,32,CHI,CROSS
2024122205,1169,2,20,CHI,41,CHI,CROSS
2024122205,1967,1,10,CHI,20,DET,CROSS
2024122205,1711,3,1,DET,1,CHI,OUT
2024122205,3902,2,12,DET,43,CHI,FLAT
2024122205,249,2,5,DET,36,DET,FLAT
2024122205,186,2,2,DET,41,DET,OUT
2024122205,63,1,10,CHI,26,CHI,OUT
2024122205,3149,3,3,CHI,13,DET,CROSS
2024122205,2250,2,10,DET,34,DET,ANGLE
2024122205,274,1,10,CHI,47,DET,GO
2024122206,272,3,3,IND,24,IND,OUT
2024122206,3325,1,10,IND,25,TEN,FLAT
2024122206,3564,2,7,TEN,32,TEN,HITCH
2024122206,3840,3,8,IND,34,IND,OUT
2024122206,670,2,9,TEN,42,IND,OUT
2024122206,1193,1,20,TEN,20,TEN,POST
2024122206,2470,1,10,TEN,40,IND,CROSS
2024122206,227,1,10,IND,17,IND,CROSS
2024122206,422,2,10,IND,42,TEN,HITCH
2024122206,1831,2,10,TEN,30,TEN,HITCH
2024122206,2673,2,11,TEN,29,TEN,HITCH
2024122206,805,1,10,IND,49,TEN,CROSS
2024122206,3149,2,8,TEN,38,IND,CROSS
2024122206,1475,3,7,TEN,46,TEN,IN
2024122206,1581,3,5,IND,27,IND,GO
2024122206,1863,3,4,TEN,36,TEN,HITCH
2024122206,3656,1,10,IND,25,TEN,CROSS
2024122206,3350,1,6,IND,6,TEN,IN
2024122206,2334,1,10,TEN,27,TEN,HITCH
2024122206,2443,2,10,TEN,40,TEN,OUT
2024122206,3270,1,10,IND,43,TEN,FLAT
2024122206,447,3,6,IND,38,TEN,GO
2024122206,2698,1,10,IND,49,TEN,HITCH
2024122206,202,2,3,IND,8,IND,HITCH
2024122206,375,3,1,TEN,44,TEN,CROSS
2024122206,3245,2,10,TEN,45,TEN,HITCH
2024122206,2395,2,8,TEN,29,TEN,IN
2024122206,3681,2,4,IND,19,TEN,ANGLE
2024122206,87,2,7,TEN,33,TEN,HITCH
2024122206,695,1,10,TEN,27,IND,POST
2024122206,4064,1,10,TEN,11,TEN,GO
2024122206,2801,1,10,IND,20,TEN,ANGLE
2024122206,830,2,6,IND,45,TEN,ANGLE
2024122206,3295,2,13,IND,46,TEN,CORNER
2024122207,1105,3,5,NYJ,29,NYJ,FLAT
2024122207,3184,3,25,NYJ,34,LA,FLAT
2024122207,3333,2,7,NYJ,47,NYJ,GO
2024122207,2960,2,13,NYJ,38,NYJ,SLANT
2024122207,1513,4,3,LA,34,NYJ,IN
2024122207,1050,1,10,NYJ,24,NYJ,FLAT
2024122207,1082,2,5,NYJ,29,NYJ,FLAT
2024122207,1576,2,6,LA,19,NYJ,SLANT
2024122207,2499,3,5,NYJ,22,LA,CROSS
2024122207,816,3,7,LA,15,LA,OUT
2024122207,248,1,10,NYJ,40,LA,CROSS
2024122207,389,1,10,NYJ,13,NYJ,CROSS
2024122207,1000,1,15,LA,49,LA,IN
2024122207,2988,3,4,NYJ,47,NYJ,OUT
2024122207,1953,1,10,LA,46,NYJ,SCREEN
2024122207,3258,1,10,NYJ,30,NYJ,FLAT
2024122207,2166,2,16,LA,25,NYJ,HITCH
2024122207,1623,3,11,LA,24,NYJ,FLAT
2024122207,888,3,4,LA,33,LA,SLANT
2024122207,2047,2,8,LA,28,NYJ,FLAT
2024122207,1710,3,3,LA,3,NYJ,FLAT
2024122207,2000,3,1,LA,37,NYJ,FLAT
2024122207,3283,2,2,NYJ,38,NYJ,SLANT
2024122207,1801,1,10,NYJ,29,NYJ,CROSS
2024122207,464,3,7,NYJ,28,NYJ,OUT
2024122207,2712,2,7,NYJ,31,NYJ,CORNER
2024122207,1347,2,5,NYJ,46,NYJ,CROSS
2024122207,519,2,1,LA,48,NYJ,IN
2024122207,3018,4,4,NYJ,47,NYJ,POST
2024122207,1879,3,14,NYJ,25,NYJ,HITCH
2024122207,2214,4,4,LA,13,NYJ,GO
2024122207,2454,2,9,NYJ,26,LA,HITCH
2024122207,863,2,3,LA,34,LA,CROSS
2024122207,3477,3,8,LA,30,NYJ,CROSS
2024122207,618,4,2,LA,20,NYJ,OUT
2024122207,3308,1,10,NYJ,44,NYJ,HITCH
2024122207,1023,2,15,LA,49,LA,CORNER
2024122207,2237,1,10,LA,14,LA,IN
2024122207,419,1,10,NYJ,25,NYJ,CROSS
2024122207,3404,2,10,LA,43,NYJ,SLANT
2024122207,2809,1,10,NYJ,11,LA,FLAT
2024122207,3381,1,10,LA,43,NYJ,OUT
2024122207,489,1,10,NYJ,43,NYJ,CROSS
2024122207,1317,1,10,NYJ,41,NYJ,FLAT
2024122207,3356,3,7,NYJ,47,NYJ,SLANT
2024122207,63,1,10,LA,21,LA,FLAT
2024122207,670,2,9,LA,11,NYJ,GO
2024122207,2189,3,16,LA,25,NYJ,HITCH
2024122208,3716,2,5,WAS,18,WAS,IN
2024122208,4378,3,5,WAS,40,WAS,IN
2024122208,4101,1,10,PHI,47,PHI,WHEEL
2024122208,442,1,10,PHI,43,PHI,OUT
2024122208,3313,2,11,PHI,41,WAS,SCREEN
2024122208,1656,1,10,WAS,4,WAS,GO
2024122208,1017,3,6,PHI,6,WAS,GO
2024122208,3684,1,10,WAS,13,WAS,HITCH
2024122208,214,1,10,WAS,30,PHI,GO
2024122208,3634,3,14,PHI,38,PHI,ANGLE
2024122208,742,2,12,WAS,20,WAS,HITCH
2024122208,2881,2,12,,50,PHI,HITCH
2024122208,3891,2,10,WAS,39,WAS,HITCH
2024122208,4175,4,7,,50,PHI,CROSS
2024122208,3739,3,5,WAS,18,WAS,SLANT
2024122208,3338,3,11,PHI,41,WAS,IN
2024122208,1589,2,13,WAS,48,PHI,HITCH
2024122208,2098,1,10,PHI,27,PHI,CROSS
2024122208,1944,3,5,PHI,30,PHI,OUT
2024122208,1373,2,7,PHI,41,WAS,ANGLE
2024122208,2301,4,4,WAS,43,PHI,OUT
2024122208,857,2,7,PHI,18,PHI,HITCH
2024122208,4459,3,5,WAS,22,PHI,IN
2024122208,3919,1,10,PHI,49,WAS,GO
2024122208,3456,3,2,PHI,4,WAS,OUT
2024122208,2053,3,5,WAS,29,WAS,FLAT
2024122208,2254,2,6,WAS,45,PHI,SLANT
2024122208,4434,2,13,WAS,30,PHI,SLANT
2024122208,4748,2,9,PHI,9,WAS,POST
2024122208,59,1,10,WAS,40,WAS,OUT
2024122208,4038,3,1,PHI,43,PHI,OUT
2024122208,3044,3,7,WAS,26,PHI,OUT
2024122208,634,3,3,WAS,4,PHI,SLANT
2024122208,3431,2,12,PHI,14,WAS,ANGLE
2024122208,94,2,10,WAS,40,WAS,IN
2024122208,4330,1,10,WAS,35,WAS,FLAT
2024122208,2205,1,10,WAS,33,WAS,POST
2024122208,4149,3,7,,50,PHI,HITCH
2024122208,3868,1,10,WAS,39,WAS,GO
2024122208,1824,3,8,PHI,32,WAS,GO
2024122208,4061,4,1,PHI,43,PHI,OUT
2024122208,4597,1,10,PHI,45,WAS,HITCH
2024122208,3091,2,8,WAS,11,PHI,POST
2024122208,4353,2,10,WAS,35,WAS,HITCH
2024122208,4649,1,10,PHI,23,WAS,HITCH
2024122208,606,2,9,WAS,10,PHI,CROSS
2024122208,164,1,10,WAS,49,PHI,SLANT
2024122208,117,3,10,WAS,40,WAS,CROSS
2024122208,559,3,7,WAS,21,PHI,HITCH
2024122208,4550,1,10,WAS,43,WAS,HITCH
2024122208,3258,1,10,,50,WAS,FLAT
2024122208,994,2,6,PHI,6,WAS,SCREEN
2024122208,1501,1,10,PHI,10,PHI,CORNER
2024121901,1601,3,3,LAC,37,LAC,CORNER
2024121901,1836,2,5,LAC,42,LAC,CROSS
2024121901,2662,2,10,DEN,34,LAC,IN
2024121901,3982,2,13,DEN,38,DEN,SCREEN
2024121901,3430,1,10,LAC,5,LAC,HITCH
2024121901,4017,3,13,DEN,38,DEN,FLAT
2024121901,2032,2,13,DEN,15,DEN,ANGLE
2024121901,737,1,10,DEN,30,DEN,FLAT
2024121901,4074,1,10,LAC,48,DEN,FLAT
2024121901,3176,1,10,DEN,19,LAC,SCREEN
2024121901,3307,3,5,DEN,35,DEN,FLAT
2024121901,238,2,7,DEN,43,DEN,ANGLE
2024121901,582,2,8,DEN,33,LAC,OUT
2024121901,2358,3,7,LAC,40,DEN,HITCH
2024121901,3460,2,10,LAC,5,LAC,HITCH
2024121901,3879,1,10,DEN,30,DEN,HITCH
2024121901,2872,3,8,DEN,32,DEN,FLAT
2024121901,1891,2,10,DEN,37,LAC,CROSS
2024121901,1730,3,6,DEN,41,DEN,IN
2024121901,1170,3,5,DEN,38,LAC,CROSS
2024121901,3342,1,10,DEN,48,DEN,GO
2024121901,3110,3,5,DEN,42,LAC,OUT
2024121901,285,1,10,LAC,37,DEN,FLAT
2024121901,486,1,10,LAC,30,LAC,FLAT
2024121901,929,1,10,LAC,33,DEN,HITCH
2024121901,1031,1,1,LAC,1,DEN,FLAT
2024121901,879,2,10,LAC,48,DEN,OUT
2024121901,1473,2,6,LAC,6,DEN,OUT
2024121901,3646,3,13,DEN,42,DEN,HITCH
2024121901,3720,2,10,LAC,10,LAC,HITCH
2024121901,617,3,2,DEN,27,LAC,CROSS
2024121901,1390,3,11,DEN,29,DEN,FLAT
2024121901,2615,2,8,DEN,44,LAC,SLANT
2024121901,3909,1,10,DEN,41,DEN,HITCH
2024121901,1811,1,10,LAC,37,LAC,ANGLE
2024121901,954,2,6,LAC,29,DEN,CROSS
2024121901,1571,2,8,LAC,32,LAC,OUT
2024121901,762,2,9,DEN,31,DEN,HITCH
2024121901,2707,2,20,DEN,25,LAC,HITCH
2024121901,2541,1,10,LAC,30,LAC,OUT
2024121901,1096,1,10,LAC,30,LAC,CROSS
2024121901,1868,1,10,DEN,37,LAC,GO
2024121901,3814,2,13,DEN,34,LAC,ANGLE
2024121901,2251,3,1,DEN,39,DEN,CROSS
2024121901,3485,3,4,LAC,11,LAC,HITCH
2024121901,1698,2,18,DEN,29,DEN,CROSS
2024121901,2916,1,10,LAC,22,LAC,OUT
2024121901,2311,2,12,LAC,45,DEN,SCREEN
2024121901,3151,1,10,DEN,36,LAC,CROSS
2024121901,1975,1,10,DEN,26,LAC,POST
2024121901,1445,1,6,LAC,6,DEN,FLAT
2024121901,4042,4,3,DEN,48,DEN,HITCH
2024121901,79,2,6,LAC,34,LAC,FLAT
2024122210,2180,2,7,SEA,38,SEA,FLAT
2024122210,1084,1,10,SEA,12,SEA,SLANT
2024122210,2227,2,8,SEA,48,SEA,FLAT
2024122210,1793,3,10,MIN,29,MIN,OUT
2024122210,4058,1,10,SEA,48,SEA,FLAT
2024122210,3125,1,10,SEA,37,SEA,HITCH
2024122210,642,2,5,MIN,40,MIN,CROSS
2024122210,329,1,5,SEA,5,MIN,CROSS
2024122210,3650,1,10,MIN,32,SEA,HITCH
2024122210,793,2,2,SEA,49,SEA,HITCH
2024122210,3288,2,11,SEA,47,SEA,OUT
2024122210,1898,1,15,SEA,27,SEA,POST
2024122210,155,3,3,SEA,40,MIN,OUT
2024122210,1638,1,10,SEA,19,SEA,FLAT
2024122210,1849,1,10,SEA,12,SEA,POST
2024122210,2369,3,8,MIN,25,SEA,GO
2024122210,1960,1,10,MIN,48,SEA,GO
2024122210,2648,1,10,SEA,33,MIN,HITCH
2024122210,4033,1,10,SEA,30,SEA,IN
2024122210,1243,2,8,,50,MIN,IN
2024122210,2879,2,5,MIN,21,MIN,OUT
2024122210,1139,3,3,SEA,19,SEA,FLAT
2024122210,1324,1,10,SEA,21,MIN,GO
2024122210,2344,2,16,MIN,33,SEA,ANGLE
2024122210,2974,3,9,SEA,46,MIN,HITCH
2024122210,3049,1,10,SEA,24,SEA,OUT
2024122210,2026,1,10,MIN,18,SEA,GO
2024122210,567,1,10,MIN,23,MIN,SLANT
2024122210,1114,2,10,SEA,12,SEA,ANGLE
2024122210,1930,2,3,SEA,39,SEA,OUT
2024122210,3095,3,10,SEA,24,SEA,FLAT
2024122210,3975,1,10,SEA,39,MIN,GO
2024122210,3017,1,10,SEA,8,SEA,HITCH
2024122210,56,1,10,MIN,30,MIN,CROSS
2024122210,3192,3,1,SEA,46,SEA,CORNER
2024122210,743,1,10,SEA,24,SEA,GO
2024122210,4131,3,16,MIN,43,SEA,ANGLE
2024122210,304,3,3,SEA,10,MIN,HITCH
2024122210,178,4,3,SEA,40,MIN,OUT
2024122210,895,2,5,MIN,25,SEA,GO
2024122210,3859,1,15,MIN,25,MIN,OUT
2024122210,473,3,7,SEA,35,SEA,GO
2024122210,2155,1,10,SEA,35,SEA,ANGLE
2024122210,2807,3,7,SEA,33,SEA,GO
2024122210,232,2,7,SEA,29,MIN,HITCH
2024122210,4108,2,16,MIN,43,SEA,POST
2024122210,1770,2,10,MIN,29,MIN,HITCH
2024122210,3770,3,4,MIN,4,SEA,GO
2024122210,103,1,10,SEA,47,MIN,FLAT
2024122210,665,3,5,MIN,40,MIN,HITCH
2024122210,2607,1,10,MIN,48,MIN,IN
2024122210,1184,1,10,MIN,33,MIN,FLAT
2024122210,838,1,10,MIN,45,SEA,FLAT
2024122210,3410,3,3,MIN,27,MIN,POST
2024122210,1728,1,10,MIN,29,MIN,OUT
2024122210,3620,1,10,MIN,45,SEA,CROSS
2024122210,4312,1,15,SEA,12,SEA,CORNER
2024122210,2904,1,10,MIN,26,MIN,POST
2024122210,3551,2,16,SEA,26,SEA,HITCH
2024122210,2951,2,9,SEA,46,MIN,IN
2024122210,1268,1,10,SEA,31,MIN,FLAT
2024122210,2543,3,6,MIN,39,MIN,OUT
2024122210,3488,1,15,SEA,27,SEA,CROSS
2024122210,1685,3,8,SEA,21,SEA,CORNER
2024122210,2782,2,8,SEA,32,SEA,HITCH
2024122210,2469,1,10,MIN,35,MIN,OUT
2024122210,1400,3,3,SEA,14,MIN,GO
2024122210,1476,1,10,SEA,30,SEA,HITCH
2024122211,3611,1,10,LV,46,LV,CORNER
2024122211,486,1,10,LV,45,JAX,OUT
2024122211,286,1,10,LV,35,LV,CROSS
2024122211,78,2,10,JAX,30,JAX,FLAT
2024122211,1854,3,12,JAX,26,LV,FLAT
2024122211,2290,2,10,JAX,25,JAX,ANGLE
2024122211,532,3,10,LV,45,JAX,OUT
2024122211,1820,2,12,JAX,26,LV,HITCH
2024122211,2123,3,6,JAX,41,LV,ANGLE
2024122211,2540,2,10,LV,30,LV,FLAT
2024122211,3659,3,3,JAX,47,LV,ANGLE
2024122211,2517,1,10,LV,30,LV,ANGLE
2024122211,3958,2,9,LV,31,LV,FLAT
2024122211,509,2,10,LV,45,JAX,GO
2024122211,2565,3,5,LV,35,LV,HITCH
2024122211,439,2,9,JAX,30,JAX,CROSS
2024122211,1393,1,10,JAX,35,LV,OUT
2024122211,1044,1,10,LV,46,LV,CORNER
2024122211,4219,2,6,JAX,11,JAX,FLAT
2024122211,1253,2,19,JAX,21,JAX,IN
2024122211,3813,2,14,JAX,26,JAX,CROSS
2024122211,3586,3,4,LV,41,LV,OUT
2024122211,2372,2,6,JAX,40,JAX,HITCH
2024122211,2925,3,1,LV,29,LV,FLAT
2024122211,3094,1,10,JAX,9,JAX,OUT
2024122211,1125,1,1,JAX,1,LV,CROSS
2024122211,1368,1,10,LV,48,LV,CROSS
2024122211,2667,1,20,JAX,15,JAX,HITCH
2024122211,3464,1,10,LV,30,LV,OUT
2024122211,4008,1,10,LV,41,LV,OUT
2024122211,4194,1,10,JAX,7,JAX,HITCH
2024122211,3411,3,8,JAX,38,JAX,GO
2024122211,3260,1,10,JAX,33,LV,OUT
2024122211,2188,2,7,JAX,13,JAX,OUT
2024122211,3911,2,9,LV,21,LV,FLAT
2024122211,761,3,9,LV,28,JAX,SLANT
2024122211,3543,2,4,LV,41,LV,CROSS
2024122211,1650,1,10,LV,37,LV,FLAT
2024122211,2400,1,10,LV,43,JAX,HITCH
2024122211,3193,2,20,JAX,10,JAX,OUT
2024122211,108,3,10,JAX,30,JAX,OUT
2024122211,2340,1,10,JAX,36,JAX,HITCH
2024122211,2225,3,3,JAX,17,JAX,HITCH
2024122211,1751,1,10,JAX,36,LV,CROSS
2024122211,1100,1,10,JAX,30,LV,GO
2024122211,3684,1,10,JAX,35,LV,ANGLE
2024122211,2267,1,10,JAX,25,JAX,OUT
2024122211,3019,2,20,LV,25,LV,IN
2024122211,3386,2,9,JAX,37,JAX,FLAT
2024122211,4416,4,11,JAX,38,JAX,FLAT
2024122211,3709,1,10,JAX,24,LV,OUT
2024122211,4269,1,10,JAX,19,JAX,GO
2024122211,217,3,8,LV,49,JAX,FLAT
2024122211,4324,2,10,JAX,39,JAX,IN
2024122211,2695,2,13,JAX,22,JAX,OUT
2024122211,261,1,10,LV,3,LV,FLAT
2024122211,1336,1,10,LV,36,LV,SLANT
2024122211,3838,3,8,JAX,32,JAX,FLAT
2024122211,4142,3,16,LV,46,LV,ANGLE
2024122211,4244,3,4,JAX,13,JAX,HITCH
2024122211,3983,3,4,LV,36,LV,OUT
2024122211,3634,2,10,LV,46,LV,HITCH
2024122212,1166,2,2,SF,37,MIA,WHEEL
2024122212,287,1,10,SF,28,SF,HITCH
2024122212,2947,3,1,SF,15,MIA,GO
2024122212,3333,1,10,MIA,30,MIA,CROSS
2024122212,764,2,6,MIA,45,SF,HITCH
2024122212,4106,1,10,MIA,47,SF,FLAT
2024122212,1816,1,10,MIA,46,SF,CROSS
2024122212,2459,1,10,SF,30,SF,OUT
2024122212,1434,2,10,SF,30,SF,POST
2024122212,712,1,10,SF,30,SF,POST
2024122212,2234,1,10,MIA,46,MIA,IN
2024122212,3589,3,4,SF,36,SF,FLAT
2024122212,1239,3,3,SF,22,MIA,OUT
2024122212,2860,1,10,SF,46,MIA,CROSS
2024122212,2621,1,15,MIA,25,SF,HITCH
2024122212,2563,1,10,MIA,48,SF,GO
2024122212,799,3,6,MIA,45,SF,HITCH
2024122212,2057,1,10,MIA,30,MIA,HITCH
2024122212,3474,3,8,,50,MIA,OUT
2024122212,1846,1,10,MIA,30,SF,OUT
2024122212,3275,2,2,MIA,2,SF,SLANT
2024122212,1119,1,10,MIA,31,MIA,POST
2024122212,528,1,10,MIA,42,MIA,FLAT
2024122212,640,3,9,SF,26,MIA,CROSS
2024122212,2917,2,11,SF,25,MIA,CROSS
2024122212,1662,2,9,SF,26,MIA,POST
2024122212,2326,2,4,SF,34,MIA,OUT
2024122212,563,1,10,SF,47,MIA,IN
2024122212,890,2,10,MIA,35,SF,ANGLE
2024122212,4297,4,1,MIA,18,SF,FLAT
2024122212,2702,3,13,MIA,23,SF,FLAT
2024122212,1913,2,7,MIA,15,SF,SLANT
2024122212,57,1,10,SF,30,SF,HITCH
2024122212,2128,3,10,MIA,41,MIA,CROSS
2024122212,2830,1,10,MIA,42,MIA,FLAT
2024122212,1731,3,3,SF,3,MIA,OUT
2024122212,238,3,9,MIA,22,MIA,POST
2024122212,3872,1,10,SF,30,SF,IN
2024122212,3024,1,10,SF,40,SF,FLAT
2024122212,846,1,10,MIA,35,SF,ANGLE
2024122212,1053,3,8,MIA,16,SF,SLANT
2024122212,4248,2,10,MIA,27,SF,OUT
2024122212,2805,3,1,MIA,40,MIA,CROSS
2024122212,80,2,10,SF,30,SF,CROSS
2024122212,4052,1,10,SF,30,SF,HITCH
2024122213,3200,2,8,DAL,32,DAL,HITCH
2024122213,2915,2,10,TB,44,TB,HITCH
2024122213,2999,2,10,DAL,46,TB,HITCH
2024122213,723,2,4,TB,36,TB,IN
2024122213,2084,1,10,DAL,11,TB,CROSS
2024122213,2258,3,15,TB,40,DAL,GO
2024122213,3849,2,10,TB,27,TB,IN
2024122213,4195,2,3,DAL,45,TB,OUT
2024122213,56,1,10,DAL,30,DAL,HITCH
2024122213,106,3,2,DAL,38,DAL,SLANT
2024122213,506,4,3,DAL,48,TB,HITCH
2024122213,4255,1,10,DAL,19,TB,CROSS
2024122213,483,3,3,DAL,48,TB,FLAT
2024122213,1984,1,10,DAL,36,TB,SLANT
2024122213,1255,3,5,TB,31,DAL,GO
2024122213,3826,1,10,TB,27,TB,POST
2024122213,1001,1,10,DAL,28,TB,HITCH
2024122213,698,1,10,TB,30,TB,HITCH
2024122213,1137,1,10,DAL,30,DAL,POST
2024122213,4098,2,6,TB,17,TB,IN
2024122213,2149,1,10,DAL,30,DAL,SLANT
2024122213,178,3,2,TB,49,DAL,FLAT
2024122213,2453,1,10,DAL,41,TB,IN
2024122213,2646,3,40,TB,44,TB,GO
2024122213,4280,2,4,DAL,13,TB,POST
2024122213,976,2,7,TB,46,TB,GO
2024122213,4123,1,10,TB,27,TB,ANGLE
2024122213,381,2,16,TB,24,TB,SLANT
2024122213,4170,1,10,TB,48,TB,OUT
2024122213,1628,3,9,DAL,21,DAL,FLAT
2024122213,4225,1,10,DAL,35,TB,OUT
2024122213,131,1,10,DAL,43,DAL,SLANT
2024122213,3339,3,16,DAL,40,DAL,SCREEN
2024122213,563,1,10,TB,40,DAL,CROSS
2024122213,3920,1,10,DAL,46,TB,POST
2024122213,4470,1,10,TB,26,TB,ANGLE
2024122213,4066,1,10,TB,13,TB,ANGLE
2024122213,894,3,8,DAL,22,DAL,OUT
2024122213,1685,2,10,DAL,31,DAL,CROSS
2024122213,4363,2,11,DAL,29,DAL,OUT
2024122213,4395,3,6,DAL,34,DAL,FLAT
2024122213,3738,3,7,TB,49,DAL,FLAT
2024122213,2009,1,10,DAL,21,TB,OUT
2024122213,1576,1,10,DAL,20,DAL,FLAT
2024122213,3681,1,10,DAL,48,DAL,FLAT
2024122213,3954,1,10,DAL,20,DAL,ANGLE
2024122213,1710,3,4,DAL,37,DAL,GO
2024122213,2702,1,10,DAL,35,DAL,POST
2024122213,1463,2,5,DAL,40,TB,OUT
2024122213,1913,1,10,TB,29,TB,OUT
2024122213,2206,1,10,TB,35,DAL,CROSS
2024122213,1948,1,10,TB,44,TB,POST
2024122213,2174,1,10,TB,49,DAL,SLANT
2024122213,1775,2,10,TB,11,DAL,CROSS
2024122213,2892,1,10,TB,44,TB,POST
2024122213,3895,3,10,TB,27,TB,POST
2024122213,827,1,15,DAL,15,DAL,ANGLE
2024122213,1230,2,13,TB,39,DAL,ANGLE
2024122213,406,3,2,TB,38,TB,HITCH
2024122300,2716,3,17,GB,42,NO,IN
2024122300,2440,2,10,NO,41,GB,FLAT
2024122300,205,1,10,NO,33,GB,CROSS
2024122300,2417,1,10,NO,41,GB,FLAT
2024122300,808,2,10,GB,46,GB,OUT
2024122300,680,1,10,GB,15,GB,CROSS
2024122300,3255,2,7,NO,46,GB,OUT
2024122300,3838,2,10,NO,35,NO,OUT
2024122300,3402,1,10,NO,30,NO,IN
2024122300,1182,3,16,NO,24,NO,HITCH
2024122300,3033,1,10,NO,34,NO,OUT
2024122300,3208,3,12,GB,14,GB,CROSS
2024122300,974,4,2,NO,35,GB,FLAT
2024122300,2465,3,6,NO,37,GB,CORNER
2024122300,3863,1,10,NO,45,NO,SLANT
2024122300,1848,1,10,NO,45,NO,ANGLE
2024122300,2199,3,2,NO,41,NO,OUT
2024122300,949,3,7,NO,40,GB,HITCH
2024122300,2174,2,10,NO,33,NO,ANGLE
2024122300,732,2,7,GB,31,GB,HITCH
2024122300,1453,1,10,NO,39,NO,POST
2024122300,1654,2,4,GB,40,GB,CORNER
2024122300,2642,2,12,NO,48,NO,OUT
2024122300,3329,3,4,NO,28,GB,HITCH
2024122300,1261,2,1,GB,42,GB,CROSS
2024122300,502,3,7,GB,40,NO,SLANT
2024122300,760,3,7,GB,31,GB,IN
2024122300,1913,3,6,NO,49,NO,CORNER
2024122300,3506,4,7,NO,33,NO,GO
2024122300,308,3,2,NO,2,GB,HITCH
2024122300,3909,3,10,NO,45,NO,FLAT
2024122300,3886,2,10,NO,45,NO,ANGLE
2024122300,2741,1,10,GB,22,NO,CROSS
2024122300,3783,2,1,NO,31,NO,OUT
2024122300,3619,4,2,NO,40,GB,CROSS
2024122300,2127,2,7,NO,25,NO,ANGLE
2024122300,3088,2,10,NO,45,NO,FLAT
2024122300,1680,3,4,GB,40,GB,GO
2024122300,3937,4,6,NO,49,NO,IN
2024122500,536,3,18,PIT,27,PIT,OUT
2024122500,714,1,10,PIT,17,KC,GO
2024122500,1566,3,4,PIT,33,KC,SLANT
2024122500,3615,2,15,KC,37,PIT,CROSS
2024122500,653,3,11,KC,20,KC,FLAT
2024122500,2310,1,10,PIT,13,KC,CROSS
2024122500,1120,2,6,PIT,32,PIT,OUT
2024122500,2203,1,10,KC,33,KC,HITCH
2024122500,4348,3,2,KC,11,PIT,ANGLE
2024122500,56,1,10,PIT,30,PIT,OUT
2024122500,259,1,10,PIT,29,KC,OUT
2024122500,2625,1,10,KC,44,PIT,HITCH
2024122500,3454,2,1,PIT,39,PIT,ANGLE
2024122500,343,2,4,PIT,7,KC,FLAT
2024122500,3504,2,5,KC,47,PIT,FLAT
2024122500,2987,1,10,PIT,47,KC,SCREEN
2024122500,1656,1,10,PIT,20,PIT,SCREEN
2024122500,832,1,10,PIT,23,PIT,GO
2024122500,1886,3,9,,50,PIT,GO
2024122500,3305,2,8,PIT,32,KC,CROSS
2024122500,3955,3,2,PIT,22,PIT,FLAT
2024122500,630,2,11,KC,20,KC,OUT
2024122500,1406,1,10,KC,31,KC,HITCH
2024122500,1541,2,10,PIT,39,KC,HITCH
2024122500,1289,3,8,KC,20,PIT,GO
2024122500,3012,2,6,PIT,43,KC,HITCH
2024122500,1197,1,10,KC,48,PIT,OUT
2024122500,1854,2,11,PIT,48,PIT,OUT
2024122500,761,3,4,PIT,11,KC,CORNER
2024122500,2962,2,5,KC,41,KC,SLANT
2024122500,2390,3,10,PIT,13,KC,GO
2024122500,3199,1,10,PIT,30,PIT,FLAT
2024122500,2250,2,5,PIT,47,KC,CROSS
2024122500,4150,1,10,PIT,21,PIT,HITCH
2024122500,3479,1,10,PIT,48,PIT,SLANT
2024122500,1484,1,10,KC,47,KC,OUT
2024122500,2863,1,16,KC,17,KC,HITCH
2024122500,3685,4,20,KC,42,PIT,CORNER
2024122500,2507,3,14,PIT,26,PIT,CORNER
2024122500,1431,2,7,KC,34,KC,CORNER
2024122500,3795,2,5,KC,47,KC,SLANT
2024122500,2912,2,14,KC,19,KC,SLANT
2024122500,2477,2,16,PIT,24,PIT,FLAT
2024122500,1150,1,10,PIT,39,PIT,HITCH
2024122500,318,1,10,PIT,13,KC,FLAT
2024122500,1732,1,10,PIT,35,PIT,OUT
2024122500,1454,3,7,KC,34,KC,OUT
2024122500,2069,2,8,PIT,22,PIT,GO
2024122500,4175,2,2,PIT,29,PIT,HITCH
2024122500,689,1,10,KC,34,KC,GO
2024122500,1989,3,4,KC,27,KC,CROSS
2024122500,1964,2,10,KC,21,KC,FLAT
2024122500,2650,2,4,KC,38,PIT,FLAT
2024122500,3551,1,10,KC,32,PIT,FLAT
2024122500,940,2,14,KC,18,PIT,GO
2024122500,2044,1,10,PIT,20,PIT,OUT
2024122500,3748,2,4,KC,33,KC,HITCH
2024122500,3242,3,15,PIT,25,PIT,FLAT
2024122500,2285,1,10,PIT,26,KC,SLANT
2024122500,3932,2,2,PIT,22,PIT,OUT
2024122501,994,2,9,HOU,19,HOU,FLAT
2024122501,3361,3,5,BAL,38,BAL,OUT
2024122501,2643,2,10,HOU,43,HOU,IN
2024122501,366,2,5,BAL,49,HOU,CROSS
2024122501,644,1,10,HOU,46,HOU,POST
2024122501,191,1,10,HOU,29,BAL,IN
2024122501,2772,4,7,BAL,19,HOU,ANGLE
2024122501,552,3,9,HOU,34,BAL,OUT
2024122501,619,1,10,HOU,30,HOU,POST
2024122501,1484,2,3,BAL,8,BAL,POST
2024122501,1042,2,10,HOU,37,HOU,FLAT
2024122501,2620,1,10,HOU,43,HOU,OUT
2024122501,3134,3,2,HOU,30,HOU,OUT
2024122501,2668,3,5,HOU,48,HOU,CORNER
2024122501,3545,3,1,HOU,29,HOU,HITCH
2024122501,667,2,10,HOU,46,HOU,CORNER
2024122501,2103,3,3,HOU,37,HOU,POST
2024122501,503,1,10,HOU,35,BAL,HITCH
2024122501,2438,2,7,HOU,25,BAL,FLAT
2024122501,1400,3,4,BAL,4,HOU,SLANT
2024122501,2380,1,10,HOU,47,BAL,FLAT
2024122501,2256,3,17,HOU,23,HOU,FLAT
2024122501,1719,1,10,HOU,49,HOU,OUT
2024122501,319,3,7,HOU,33,HOU,SLANT
2024122501,1694,1,10,HOU,30,HOU,POST
2024122501,1772,3,2,BAL,43,HOU,OUT
2024122501,969,1,19,HOU,9,HOU,FLAT
2024122501,2595,1,10,HOU,30,HOU,HITCH
2024122501,1227,2,6,HOU,47,HOU,POST
2024122501,1749,2,2,BAL,43,HOU,POST
2024122501,2533,1,1,HOU,1,BAL,CORNER
2024122501,1019,1,10,HOU,37,HOU,OUT
2024122501,1297,3,12,BAL,39,HOU,SLANT
2024122501,3458,3,14,,50,BAL,GO
2024122501,1884,3,10,BAL,48,BAL,POST
2024122600,3563,2,10,SEA,40,CHI,GO
2024122600,1441,2,11,SEA,33,CHI,HITCH
2024122600,2701,3,1,CHI,47,CHI,OUT
2024122600,2437,1,10,SEA,35,SEA,OUT
2024122600,2115,1,10,SEA,20,SEA,OUT
2024122600,977,3,4,SEA,22,SEA,OUT
2024122600,3177,2,9,SEA,41,SEA,FLAT
2024122600,2372,2,11,CHI,35,CHI,FLAT
2024122600,567,2,1,CHI,38,CHI,ANGLE
2024122600,3593,3,10,SEA,40,CHI,POST
2024122600,261,3,3,CHI,9,SEA,HITCH
2024122600,2489,3,7,SEA,38,SEA,HITCH
2024122600,372,3,5,CHI,35,CHI,IN
2024122600,3515,3,14,CHI,45,CHI,GO
2024122600,862,3,6,CHI,35,CHI,IN
2024122600,1046,1,10,SEA,44,SEA,HITCH
2024122600,537,1,10,CHI,29,CHI,CROSS
2024122600,1749,3,3,SEA,37,SEA,SCREEN
2024122600,1246,2,17,CHI,2,CHI,OUT
2024122600,742,3,2,SEA,13,SEA,OUT
2024122600,1781,1,10,SEA,49,SEA,HITCH
2024122600,3130,1,5,SEA,17,SEA,CROSS
2024122600,637,3,5,CHI,45,CHI,OUT
2024122600,3408,4,5,CHI,35,CHI,CROSS
2024122600,488,3,7,SEA,20,SEA,HITCH
2024122801,3417,3,4,,50,CIN,SLANT
2024122801,1538,1,10,DEN,27,CIN,HITCH
2024122801,1699,1,10,DEN,30,DEN,HITCH
2024122801,1508,1,10,DEN,44,CIN,CROSS
2024122801,2275,1,3,DEN,3,CIN,GO
2024122801,4450,1,10,CIN,46,CIN,HITCH
2024122801,4407,3,6,DEN,14,DEN,GO
2024122801,713,2,12,DEN,31,DEN,FLAT
2024122801,1373,3,8,DEN,7,DEN,FLAT
2024122801,3997,2,7,CIN,31,DEN,GO
2024122801,2043,1,10,DEN,25,CIN,IN
2024122801,4531,1,15,DEN,41,CIN,SLANT
2024122801,3675,1,10,CIN,41,CIN,IN
2024122801,1031,2,9,DEN,45,CIN,FLAT
2024122801,2662,2,6,CIN,6,DEN,GO
2024122801,4898,1,3,DEN,3,CIN,OUT
2024122801,465,2,6,DEN,38,CIN,HITCH
2024122801,3537,2,9,DEN,41,DEN,CROSS
2024122801,3046,2,5,DEN,12,CIN,GO
2024122801,4738,1,10,CIN,37,CIN,IN
2024122801,1229,1,1,DEN,1,CIN,OUT
2024122801,4475,2,4,DEN,48,CIN,OUT
2024122801,4382,2,9,DEN,11,DEN,WHEEL
2024122801,3188,2,10,DEN,36,DEN,HITCH
2024122801,4220,1,10,CIN,26,CIN,HITCH
2024122801,2321,3,3,DEN,3,CIN,SLANT
2024122801,343,1,10,CIN,30,CIN,FLAT
2024122801,4020,3,7,CIN,31,DEN,HITCH
2024122801,108,2,6,DEN,46,DEN,FLAT
2024122801,2996,4,2,DEN,28,CIN,SLANT
2024122801,2760,2,7,CIN,40,CIN,OUT
2024122801,3227,1,10,DEN,49,DEN,POST
2024122801,2971,3,9,DEN,35,CIN,SLANT
2024122801,1563,2,2,DEN,19,CIN,GO
2024122801,3912,2,3,DEN,37,DEN,HITCH
2024122801,3340,3,9,CIN,31,CIN,GO
2024122801,1111,2,10,DEN,28,CIN,OUT
2024122801,395,1,10,CIN,46,CIN,CROSS
2024122801,796,1,10,CIN,27,CIN,OUT
2024122801,2298,2,3,DEN,3,CIN,HITCH
2024122801,133,1,10,CIN,41,DEN,FLAT
2024122801,2810,2,17,CIN,41,CIN,HITCH
2024122801,3700,1,10,DEN,21,CIN,FLAT
2024122801,3392,2,9,CIN,45,CIN,HITCH
2024122801,1276,3,2,DEN,2,CIN,OUT
2024122801,2573,1,10,CIN,32,DEN,HITCH
2024122801,2130,1,10,DEN,15,CIN,OUT
2024122801,3312,2,14,CIN,26,CIN,HITCH
2024122801,1622,2,2,DEN,2,CIN,SLANT
2024122801,488,3,6,DEN,38,CIN,CROSS
2024122801,1776,2,11,DEN,44,DEN,HITCH
2024122801,928,3,1,CIN,48,CIN,FLAT
2024122801,3737,2,6,DEN,17,CIN,OUT
2024122801,834,2,10,CIN,27,CIN,OUT
2024122801,2018,2,4,CIN,49,CIN,CROSS
2024122801,1056,3,7,DEN,43,CIN,HITCH
2024122801,190,3,5,CIN,36,DEN,CROSS
2024122801,1966,1,10,CIN,28,CIN,HITCH
2024122801,418,2,10,CIN,46,CIN,SLANT
2024122801,3972,1,10,CIN,34,DEN,FLAT
2024122801,4801,1,10,DEN,34,CIN,OUT
2024122801,3760,3,6,DEN,17,CIN,OUT
2024122801,4654,2,7,DEN,26,DEN,SCREEN
2024122801,264,3,2,CIN,12,DEN,GO
2024122801,535,2,8,DEN,29,CIN,HITCH
2024122801,1141,3,2,DEN,20,CIN,OUT
2024122801,3942,1,10,CIN,48,DEN,IN
2024122801,4686,3,8,DEN,25,DEN,CROSS
2024122802,1896,2,6,ARI,49,ARI,CROSS
2024122802,2759,2,12,LA,28,LA,OUT
2024122802,3756,1,10,ARI,30,ARI,OUT
2024122802,2521,1,7,LA,7,ARI,POST
2024122802,2789,3,3,LA,37,LA,OUT
2024122802,425,2,7,LA,31,LA,OUT
2024122802,1201,2,5,LA,18,ARI,OUT
2024122802,3334,2,6,LA,37,LA,OUT
2024122802,1065,3,3,LA,40,ARI,HITCH
2024122802,3908,4,10,LA,40,ARI,GO
2024122802,2399,2,5,LA,41,ARI,IN
2024122802,1672,3,10,ARI,31,LA,OUT
2024122802,3586,3,2,ARI,36,LA,FLAT
2024122802,472,1,10,LA,38,LA,CROSS
2024122802,2700,1,10,LA,30,LA,HITCH
2024122802,1764,2,1,ARI,1,LA,OUT
2024122802,2091,1,10,ARI,42,LA,HITCH
2024122802,1031,2,3,LA,40,ARI,CORNER
2024122802,1589,1,10,LA,40,LA,CORNER
2024122802,1993,2,5,LA,28,LA,GO
2024122802,57,1,10,LA,30,LA,HITCH
2024122802,126,3,4,ARI,48,LA,FLAT
2024122802,2041,3,10,LA,23,LA,HITCH
2024122802,4190,1,10,LA,20,ARI,OUT
2024122802,495,2,10,LA,38,LA,OUT
2024122802,351,3,5,ARI,18,ARI,SLANT
2024122802,198,2,10,ARI,3,ARI,OUT
2024122802,2967,1,19,ARI,37,ARI,SLANT
2024122802,3689,3,7,ARI,7,LA,OUT
2024122802,1150,2,12,LA,37,ARI,CROSS
2024122802,3087,2,7,LA,24,ARI,OUT
2024122802,4036,1,10,ARI,36,ARI,OUT
2024122802,2066,1,10,LA,33,LA,POST
2024122802,3411,2,5,,50,LA,CROSS
2024122802,4073,2,10,ARI,36,ARI,SCREEN
2024122802,591,1,12,ARI,3,ARI,FLAT
2024122802,272,3,3,ARI,10,ARI,OUT
2024122802,2990,2,19,ARI,37,ARI,IN
2024122802,1849,1,10,ARI,30,ARI,SCREEN
2024122802,2469,2,4,LA,28,ARI,HITCH
2024122802,1224,3,5,LA,18,ARI,HITCH
2024122802,4135,1,10,LA,41,ARI,OUT
2024122802,2339,3,2,ARI,40,ARI,OUT
2024122802,2153,3,3,ARI,35,LA,OUT
2024122802,1697,1,10,ARI,16,LA,CROSS
2024122802,4281,1,5,LA,5,ARI,OUT
2024122802,952,1,10,ARI,19,ARI,CROSS
2024122802,621,2,10,ARI,5,ARI,GO
2024122802,3062,1,10,LA,27,ARI,CROSS
2024122802,3381,1,10,LA,45,LA,FLAT
2024122802,3993,3,4,LA,17,LA,HITCH
2024122802,3015,1,10,LA,40,ARI,HITCH
2024122802,4105,3,4,ARI,42,ARI,OUT
2024122802,2369,1,10,LA,46,ARI,ANGLE
2024122802,2422,3,5,LA,41,ARI,HITCH
2024122800,1733,1,10,LAC,36,NE,POST
2024122800,2472,3,3,LAC,41,LAC,CROSS
2024122800,196,3,4,LAC,25,LAC,GO
2024122800,1551,1,6,NE,6,LAC,SLANT
2024122800,1674,1,10,NE,48,NE,OUT
2024122800,1428,2,13,NE,37,LAC,SLANT
2024122800,360,1,10,LAC,9,LAC,HITCH
2024122800,2902,3,10,NE,45,NE,HITCH
2024122800,577,2,8,NE,47,LAC,HITCH
2024122800,1908,3,3,NE,44,LAC,GO
2024122800,2984,2,5,LAC,39,NE,OUT
2024122800,2004,1,10,NE,20,LAC,GO
2024122800,2395,2,8,LAC,20,LAC,OUT
2024122800,3172,1,10,LAC,37,LAC,SCREEN
2024122800,3945,2,8,NE,24,LAC,FLAT
2024122800,3567,3,10,NE,28,NE,HITCH
2024122800,3197,2,3,LAC,44,LAC,HITCH
2024122800,525,1,10,LAC,41,LAC,OUT
2024122800,2947,1,10,LAC,44,NE,HITCH
2024122800,650,1,10,NE,23,LAC,CROSS
2024122800,1004,2,5,NE,28,LAC,OUT
2024122800,2338,3,5,LAC,11,LAC,CROSS
2024122800,600,3,8,NE,47,LAC,OUT
2024122800,96,2,10,LAC,8,LAC,CROSS
2024122800,151,1,10,LAC,19,LAC,HITCH
2024122800,495,3,2,LAC,35,LAC,OUT
2024122800,625,4,3,NE,42,LAC,IN
2024122800,3898,4,6,NE,21,NE,OUT
2024122800,2684,1,10,NE,23,LAC,GO
2024122800,3875,3,6,NE,21,NE,GO
2024122800,1074,3,8,NE,12,LAC,CROSS
2024122800,2879,2,10,NE,45,NE,POST
2024122800,1838,2,6,LAC,34,LAC,POST
2024122800,763,3,8,NE,32,NE,OUT
2024122800,126,3,6,LAC,12,LAC,HITCH
2024122800,1644,2,7,NE,30,NE,IN
2024122800,954,1,10,LAC,48,LAC,GO
2024122800,2612,2,8,NE,32,NE,OUT
2024122800,1938,4,3,NE,44,LAC,SLANT
2024122800,2827,2,4,NE,36,NE,OUT
2024122800,2162,1,20,NE,20,NE,SLANT
2024122800,2525,2,10,NE,40,LAC,GO
2024122800,3483,1,10,NE,28,NE,OUT
2024122800,2733,3,10,NE,23,LAC,CROSS
2024122800,3759,3,6,LAC,49,LAC,OUT
2024122800,3830,1,10,NE,17,NE,SLANT
2024122800,1280,1,10,NE,48,NE,IN
2024122800,1813,1,10,LAC,30,LAC,OUT
2024122903,144,1,10,NYG,43,IND,GO
2024122903,3173,3,6,NYG,14,NYG,IN
2024122903,2560,1,10,IND,26,IND,CROSS
2024122903,3245,2,7,IND,42,IND,POST
2024122903,1657,3,5,IND,5,NYG,HITCH
2024122903,3881,1,10,IND,46,NYG,OUT
2024122903,3376,3,3,NYG,13,IND,CORNER
2024122903,2031,4,5,NYG,8,IND,IN
2024122903,401,2,9,IND,38,IND,HITCH
2024122903,119,3,3,IND,37,IND,CORNER
2024122903,3270,1,10,NYG,44,IND,HITCH
2024122903,1086,3,8,IND,32,NYG,IN
2024122903,214,2,9,NYG,29,IND,CORNER
2024122903,3975,2,5,IND,5,NYG,SLANT
2024122903,4265,1,20,IND,20,IND,ANGLE
2024122903,3063,3,11,NYG,42,IND,HITCH
2024122903,2493,3,11,NYG,29,NYG,FLAT
2024122903,2895,1,15,NYG,28,NYG,SLANT
2024122903,1151,1,10,IND,30,IND,CROSS
2024122903,2626,1,10,IND,37,IND,GO
2024122903,57,1,10,IND,30,IND,OUT
2024122903,1715,1,10,IND,30,IND,ANGLE
2024122903,3588,1,10,IND,30,IND,POST
2024122903,167,2,10,NYG,43,IND,HITCH
2024122903,3698,3,6,NYG,7,IND,GO
2024122903,3650,1,10,NYG,11,IND,POST
2024122903,3620,1,10,NYG,21,IND,OUT
2024122903,1012,2,7,NYG,47,NYG,SLANT
2024122903,327,3,14,NYG,2,NYG,OUT
2024122903,917,2,8,NYG,40,IND,HITCH
2024122903,1871,2,10,NYG,33,IND,HITCH
2024122903,3851,2,10,NYG,36,NYG,CORNER
2024122903,822,2,9,IND,31,IND,FLAT
2024122903,1549,2,20,IND,20,NYG,GO
2024122903,1793,1,10,IND,41,IND,HITCH
2024122903,3530,1,10,NYG,41,NYG,HITCH
2024122903,1198,1,10,IND,44,IND,HITCH
2024122903,1469,1,10,IND,41,NYG,GO
2024122903,3028,2,11,NYG,42,IND,GO
2024122903,2269,2,5,IND,35,IND,GO
2024122903,1948,1,10,NYG,13,IND,SLANT
2024122903,3816,1,10,NYG,36,NYG,GO
2024122903,3150,2,6,NYG,14,NYG,ANGLE
2024122903,845,3,9,IND,31,IND,CROSS
2024122903,2780,1,15,NYG,17,NYG,ANGLE
2024122903,3928,3,8,IND,44,NYG,HITCH
2024122903,1256,1,10,NYG,12,IND,FLAT
2024122903,3505,3,3,NYG,37,NYG,OUT
2024122903,2827,3,8,NYG,24,NYG,HITCH
2024122904,532,3,4,WAS,28,ATL,GO
2024122904,2022,3,7,WAS,21,ATL,CORNER
2024122904,3524,2,9,ATL,17,WAS,CROSS
2024122904,4157,2,10,WAS,30,WAS,IN
2024122904,2258,1,10,WAS,24,WAS,GO
2024122904,1364,2,10,ATL,41,ATL,OUT
2024122904,2464,2,10,ATL,25,WAS,IN
2024122904,2929,3,5,ATL,39,WAS,GO
2024122904,2441,1,10,ATL,25,WAS,SLANT
2024122904,3999,2,26,WAS,26,ATL,HITCH
2024122904,3845,1,20,ATL,41,ATL,ANGLE
2024122904,4229,1,10,ATL,19,ATL,GO
2024122904,804,3,23,WAS,17,WAS,HITCH
2024122904,1200,2,11,ATL,25,WAS,SLANT
2024122904,1969,1,10,WAS,24,ATL,OUT
2024122904,2982,1,10,ATL,33,WAS,FLAT
2024122904,231,2,8,ATL,24,WAS,HITCH
2024122904,283,2,9,ATL,14,WAS,POST
2024122904,1258,1,20,ATL,22,WAS,SLANT
2024122904,3915,4,11,,50,ATL,OUT
2024122904,1914,1,10,ATL,47,ATL,OUT
2024122904,449,2,10,ATL,43,ATL,HITCH
2024122904,507,2,9,WAS,33,ATL,SLANT
2024122904,2592,3,8,ATL,10,WAS,OUT
2024122904,3268,3,2,ATL,38,ATL,CROSS
2024122904,1341,1,10,ATL,41,ATL,GO
2024122904,152,3,9,ATL,47,ATL,GO
2024122904,2181,1,20,WAS,21,WAS,ANGLE
2024122904,1120,2,9,ATL,38,WAS,HITCH
2024122904,586,1,10,WAS,23,ATL,CROSS
2024122904,3395,1,10,WAS,36,WAS,HITCH
2024122904,4254,1,10,ATL,44,ATL,CORNER
2024122904,2487,3,10,ATL,25,WAS,CROSS
2024122904,4576,1,10,ATL,34,WAS,HITCH
2024122904,3774,3,5,ATL,37,ATL,OUT
2024122904,4180,3,10,WAS,30,WAS,IN
2024122904,2690,2,9,ATL,30,ATL,HITCH
2024122904,129,2,9,ATL,47,ATL,POST
2024122904,3221,1,10,ATL,30,ATL,HITCH
2024122904,334,4,2,ATL,7,WAS,CORNER
2024122904,4033,3,13,WAS,13,ATL,CORNER
2024122904,1999,2,7,WAS,21,ATL,ANGLE
2024122904,4727,3,2,ATL,2,WAS,IN
2024122904,1016,1,10,WAS,28,WAS,CROSS
2024122904,2339,1,20,WAS,24,WAS,HITCH
2024122904,179,1,10,ATL,38,WAS,HITCH
2024122904,4601,2,6,ATL,30,WAS,FLAT
2024122904,4480,2,8,WAS,32,WAS,SLANT
2024122904,935,3,6,ATL,33,ATL,GO
2024122904,1944,1,10,WAS,36,ATL,HITCH
2024122904,2364,1,10,ATL,39,WAS,FLAT
2024122904,1145,3,4,ATL,33,WAS,SLANT
2024122904,104,1,10,ATL,46,ATL,FLAT
2024122904,3316,2,10,WAS,49,ATL,POST
2024122904,4277,2,10,ATL,44,ATL,HITCH
2024122904,4056,4,13,WAS,13,ATL,POST
2024122904,3892,3,11,,50,ATL,GO
2024122904,426,1,10,ATL,43,ATL,GO
2024122904,3750,2,5,ATL,37,ATL,OUT
2024122905,3909,3,10,BUF,35,NYJ,HITCH
2024122905,3395,3,9,NYJ,14,BUF,CROSS
2024122905,3804,1,10,BUF,47,NYJ,OUT
2024122905,2007,1,10,NYJ,29,BUF,HITCH
2024122905,4284,1,10,BUF,33,NYJ,FLAT
2024122905,761,1,10,BUF,33,NYJ,HITCH
2024122905,2340,2,15,BUF,47,NYJ,OUT
2024122905,849,3,1,BUF,24,NYJ,CROSS
2024122905,1257,1,10,NYJ,48,NYJ,OUT
2024122905,111,3,5,BUF,35,BUF,CROSS
2024122905,3031,1,10,NYJ,37,BUF,FLAT
2024122905,3326,1,10,NYJ,15,BUF,GO
2024122905,1882,1,20,BUF,35,BUF,IN
2024122905,4237,3,6,NYJ,46,NYJ,IN
2024122905,2820,2,14,NYJ,30,BUF,GO
2024122905,2191,2,9,NYJ,31,NYJ,SLANT
2024122905,1008,1,10,BUF,41,BUF,CROSS
2024122905,4009,3,9,BUF,9,NYJ,GO
2024122905,2737,2,1,NYJ,29,BUF,SLANT
2024122905,4361,1,10,BUF,20,NYJ,GO
2024122905,57,1,10,BUF,30,BUF,IN
2024122905,1523,2,6,BUF,46,BUF,FLAT
2024122905,2251,1,10,NYJ,36,NYJ,CROSS
2024122905,1314,1,10,BUF,42,NYJ,CROSS
2024122905,824,2,11,BUF,34,NYJ,HITCH
2024122905,336,3,13,BUF,47,BUF,IN
2024122905,2929,2,9,NYJ,16,NYJ,FLAT
2024122905,2502,3,4,BUF,7,BUF,HITCH
2024122905,3832,2,7,BUF,44,NYJ,SLANT
2024122905,435,1,6,NYJ,6,BUF,GO
2024122905,385,2,7,NYJ,27,BUF,IN
2024122905,1548,3,2,,50,BUF,CROSS
2024122905,2712,1,10,NYJ,38,BUF,CROSS
2024122905,2370,3,5,BUF,37,NYJ,IN
2024122905,2558,1,10,BUF,45,NYJ,CROSS
2024122905,961,3,2,BUF,32,BUF,HITCH
2024122905,2661,3,19,BUF,41,NYJ,IN
2024122905,1131,3,21,BUF,30,BUF,HITCH
2024122905,2065,3,10,NYJ,29,BUF,HITCH
2024122906,2897,1,25,JAX,21,JAX,HITCH
2024122906,1117,2,2,TEN,2,JAX,HITCH
2024122906,395,3,12,JAX,43,TEN,OUT
2024122906,2262,3,8,JAX,45,TEN,IN
2024122906,2376,2,9,JAX,15,TEN,FLAT
2024122906,1439,2,11,JAX,31,JAX,GO
2024122906,1387,3,2,JAX,28,JAX,FLAT
2024122906,3179,2,10,TEN,11,JAX,FLAT
2024122906,2922,2,16,JAX,30,JAX,IN
2024122906,2406,3,2,JAX,8,TEN,CROSS
2024122906,3869,1,10,JAX,26,TEN,HITCH
2024122906,514,2,23,JAX,6,JAX,FLAT
2024122906,3812,2,3,JAX,31,TEN,GO
2024122906,2309,2,2,JAX,18,TEN,GO
2024122906,3782,1,10,JAX,38,TEN,OUT
2024122906,3292,1,10,TEN,42,TEN,CROSS
2024122906,2493,2,8,JAX,32,JAX,IN
2024122906,1215,1,10,TEN,38,TEN,CROSS
2024122906,1563,2,10,TEN,26,JAX,WHEEL
2024122906,3757,1,10,TEN,38,TEN,POST
2024122906,154,1,10,TEN,45,JAX,IN
2024122906,63,1,10,JAX,32,JAX,SLANT
2024122906,3361,1,10,JAX,48,TEN,HITCH
2024122906,2110,3,2,TEN,23,TEN,CROSS
2024122906,223,3,6,TEN,30,JAX,HITCH
2024122906,3101,2,6,TEN,20,JAX,FLAT
2024122906,1716,2,10,TEN,47,TEN,OUT
2024122906,3390,2,4,JAX,42,TEN,POST
2024122906,1491,2,7,TEN,35,JAX,SLANT
2024122906,2638,3,4,TEN,34,TEN,OUT
2024122906,3267,1,10,TEN,30,TEN,HITCH
2024122906,1540,1,10,TEN,26,JAX,OUT
2024122906,3732,1,10,TEN,26,TEN,IN
2024122906,1761,4,3,JAX,46,TEN,IN
2024122906,370,2,13,JAX,44,TEN,ANGLE
2024122906,3202,3,10,TEN,11,JAX,GO
2024122906,3938,4,10,JAX,26,TEN,POST
2024122907,4051,2,5,MIN,23,GB,HITCH
2024122907,78,2,8,GB,32,GB,HITCH
2024122907,4246,2,11,MIN,42,MIN,CROSS
2024122907,1094,2,8,GB,31,MIN,POST
2024122907,103,3,2,GB,38,GB,HITCH
2024122907,3208,2,8,MIN,33,MIN,POST
2024122907,1828,1,10,MIN,16,MIN,POST
2024122907,4004,1,10,MIN,28,GB,GO
2024122907,366,2,10,GB,15,GB,CORNER
2024122907,1415,2,9,MIN,25,MIN,OUT
2024122907,3949,3,7,GB,41,GB,IN
2024122907,3974,1,10,MIN,41,GB,OUT
2024122907,4278,3,2,GB,49,MIN,FLAT
2024122907,446,1,10,MIN,35,MIN,FLAT
2024122907,503,3,2,MIN,43,MIN,IN
2024122907,1037,2,12,GB,46,MIN,OUT
2024122907,1526,3,6,GB,42,MIN,HITCH
2024122907,777,3,7,MIN,8,GB,CROSS
2024122907,1159,1,10,GB,30,GB,HITCH
2024122907,389,3,10,GB,15,GB,CROSS
2024122907,3919,2,18,GB,30,GB,OUT
2024122907,1775,3,5,GB,35,GB,GO
2024122907,3328,3,16,GB,25,MIN,HITCH
2024122907,217,2,3,MIN,45,MIN,FLAT
2024122907,550,2,3,GB,39,MIN,GO
2024122907,2200,3,8,MIN,43,MIN,IN
2024122907,336,1,10,GB,15,GB,OUT
2024122907,4076,3,1,MIN,19,GB,HITCH
2024122907,2798,2,4,MIN,47,MIN,ANGLE
2024122907,478,2,8,MIN,37,MIN,ANGLE
2024122907,990,3,4,MIN,43,MIN,IN
2024122907,2990,2,4,GB,36,GB,OUT
2024122907,3013,3,4,GB,36,GB,IN
2024122907,2254,1,15,GB,40,MIN,HITCH
2024122907,2400,1,10,GB,40,GB,SCREEN
2024122907,2542,2,11,MIN,29,MIN,CORNER
2024122907,1853,1,10,MIN,44,MIN,HITCH
2024122907,1878,2,3,GB,49,MIN,FLAT
2024122907,3372,1,10,GB,33,GB,HITCH
2024122907,2834,1,10,GB,40,MIN,IN
2024122907,965,2,14,MIN,33,MIN,IN
2024122907,1338,3,4,MIN,25,GB,CROSS
2024122907,2127,3,3,MIN,37,MIN,CROSS
2024122907,3568,3,6,MIN,15,GB,OUT
2024122907,2097,2,8,MIN,32,MIN,HITCH
2024122907,2748,2,6,MIN,34,MIN,FLAT
2024122907,4192,1,10,MIN,30,MIN,FLAT
2024122907,292,3,9,GB,47,MIN,FLAT
2024122907,3431,3,10,GB,33,GB,IN
2024122907,1626,3,7,GB,7,MIN,CORNER
2024122907,1930,2,15,GB,49,MIN,HITCH
2024122907,4123,2,3,MIN,3,GB,SLANT
2024122907,2314,1,10,GB,18,MIN,HITCH
2024122907,1363,4,2,MIN,23,GB,SLANT
2024122907,3828,3,15,MIN,16,MIN,HITCH
2024122907,2617,2,7,MIN,13,GB,OUT
2024122907,3456,1,10,GB,46,GB,GO
2024122908,1092,3,1,LV,35,LV,CORNER
2024122908,2656,1,10,LV,24,LV,HITCH
2024122908,762,1,13,LV,3,LV,HITCH
2024122908,4214,2,13,LV,44,NO,HITCH
2024122908,2421,3,9,LV,39,LV,IN
2024122908,2329,2,7,LV,18,LV,CROSS
2024122908,4164,2,10,NO,40,NO,OUT
2024122908,2479,2,5,NO,37,LV,CROSS
2024122908,4089,1,10,NO,25,NO,HITCH
2024122908,3335,2,16,NO,40,NO,FLAT
2024122908,3204,2,8,NO,32,NO,HITCH
2024122908,2613,3,2,NO,38,NO,HITCH
2024122908,2708,3,5,LV,29,LV,IN
2024122908,1879,1,10,NO,30,NO,HITCH
2024122908,4141,1,10,NO,40,NO,ANGLE
2024122908,1639,1,10,LV,20,LV,IN
2024122908,1929,1,10,LV,49,NO,FLAT
2024122908,2376,1,10,LV,38,LV,GO
2024122908,4363,3,12,LV,30,NO,CROSS
2024122908,2783,2,10,NO,20,NO,OUT
2024122908,3372,1,10,NO,40,LV,POST
2024122908,979,1,10,LV,30,NO,CROSS
2024122908,2177,1,10,NO,41,NO,HITCH
2024122908,1183,3,5,NO,21,LV,IN
2024122908,3607,3,17,NO,23,NO,POST
2024122908,4279,1,10,LV,28,NO,IN
2024122908,1709,3,5,LV,38,LV,GO
2024122908,3681,2,8,LV,35,LV,OUT
2024122908,3824,2,8,NO,12,NO,SCREEN
2024122908,2753,1,10,NO,20,NO,SCREEN
2024122908,4247,3,13,LV,44,NO,SLANT
2024122908,3706,1,10,LV,49,LV,CROSS
2024122908,1308,2,18,NO,22,NO,POST
2024122908,1434,2,16,LV,46,NO,OUT
2024122908,1904,2,1,NO,39,NO,OUT
2024122908,419,3,4,NO,13,LV,FLAT
2024122908,2229,3,6,NO,45,NO,IN
2024122908,63,1,10,LV,27,LV,HITCH
2024122908,3017,1,10,NO,29,LV,CROSS
2024122908,262,1,10,NO,31,LV,IN
2024122908,1594,1,12,LV,3,LV,GO
2024122908,1746,1,10,NO,33,LV,CROSS
2024122908,3227,3,8,NO,32,NO,OUT
2024122908,809,3,7,LV,9,LV,FLAT
2024122908,2948,2,10,LV,49,LV,SLANT
2024122908,3417,3,5,NO,35,LV,IN
2024122908,3115,3,3,NO,7,LV,IN
2024122908,88,2,4,LV,33,LV,CROSS
2024122908,1961,2,1,LV,40,NO,OUT
2024122908,170,2,6,LV,44,LV,ANGLE
2024122908,307,3,4,NO,25,LV,CROSS
2024122908,2152,2,9,NO,31,NO,OUT
2024122908,2568,1,10,NO,30,NO,OUT
2024122908,2020,1,15,LV,22,NO,FLAT
2024122908,332,1,10,NO,19,LV,OUT
2024122908,4302,2,10,LV,28,NO,HITCH
2024122908,1045,1,10,LV,26,LV,OUT
2024122908,1800,1,3,NO,3,LV,OUT
2024122908,3490,3,6,NO,18,LV,GO
2024122909,1042,1,10,CAR,18,TB,CROSS
2024122909,795,2,9,CAR,31,CAR,GO
2024122909,1964,1,10,TB,40,CAR,GO
2024122909,2166,1,10,CAR,24,CAR,HITCH
2024122909,2581,1,10,TB,24,TB,POST
2024122909,262,2,5,CAR,35,CAR,GO
2024122909,1875,1,10,CAR,30,CAR,OUT
2024122909,3719,2,10,TB,38,CAR,CROSS
2024122909,3579,1,10,CAR,41,CAR,CROSS
2024122909,2365,2,12,CAR,28,CAR,IN
2024122909,173,1,2,CAR,2,TB,GO
2024122909,2232,1,5,CAR,46,CAR,CROSS
2024122909,2606,1,10,CAR,42,TB,OUT
2024122909,1631,2,27,TB,34,TB,CROSS
2024122909,2864,2,10,CAR,30,CAR,GO
2024122909,3347,1,10,CAR,24,TB,OUT
2024122909,368,2,10,TB,17,CAR,GO
2024122909,2082,2,15,TB,12,TB,IN
2024122909,2719,1,10,CAR,10,TB,SCREEN
2024122909,550,1,10,CAR,48,TB,HITCH
2024122909,1810,1,10,CAR,10,TB,POST
2024122909,900,2,7,TB,42,TB,HITCH
2024122909,1692,1,10,CAR,33,TB,GO
2024122909,3670,2,7,TB,46,CAR,HITCH
2024122909,101,1,10,TB,46,TB,OUT
2024122909,1087,3,8,CAR,16,TB,HITCH
2024122909,2059,1,15,TB,12,TB,IN
2024122909,3247,2,7,TB,49,TB,FLAT
2024122909,1928,3,5,CAR,35,CAR,SLANT
2024122909,3629,1,10,TB,49,CAR,OUT
2024122909,433,1,10,TB,20,TB,POST
2024122909,2769,3,5,CAR,5,TB,CORNER
2024122909,148,1,10,CAR,33,TB,POST
2024122909,2529,2,10,TB,6,TB,SLANT
2024122909,3604,2,5,CAR,46,CAR,HITCH
2024122909,1345,1,1,CAR,1,TB,GO
2024122909,2689,2,9,CAR,25,TB,HITCH
2024122909,972,1,10,CAR,39,TB,ANGLE
2024122909,314,2,8,TB,32,CAR,CROSS
2024122909,635,3,7,CAR,19,TB,HITCH
2024122909,3045,1,10,CAR,41,CAR,HITCH
2024122909,3166,1,10,TB,15,TB,CROSS
2024122909,3440,3,2,CAR,16,TB,CROSS
2024122909,1470,3,7,CAR,28,CAR,GO
2024122909,1667,3,4,CAR,43,TB,SLANT
2024122909,3282,1,10,CAR,36,TB,HITCH
2024122909,947,1,10,,50,TB,CROSS
2024122909,2107,3,12,TB,15,TB,HITCH
2024122909,3093,3,7,CAR,44,CAR,ANGLE
2024122909,2839,1,10,CAR,30,CAR,IN
2024122910,3234,2,5,PHI,35,DAL,CROSS
2024122910,2100,1,10,,50,PHI,GO
2024122910,1158,3,1,DAL,41,DAL,GO
2024122910,1386,2,17,PHI,37,PHI,OUT
2024122910,3167,2,5,PHI,49,DAL,SLANT
2024122910,339,1,10,DAL,41,DAL,CROSS
2024122910,1288,1,10,PHI,29,PHI,ANGLE
2024122910,1128,2,8,DAL,34,DAL,FLAT
2024122910,1966,3,5,DAL,31,DAL,HITCH
2024122910,1558,1,10,DAL,30,DAL,FLAT
2024122910,1458,2,7,DAL,17,PHI,FLAT
2024122910,3860,2,8,PHI,36,DAL,HITCH
2024122910,2044,3,6,DAL,42,DAL,POST
2024122910,2906,2,11,DAL,34,PHI,SLANT
2024122910,3740,1,10,DAL,43,DAL,CROSS
2024122910,3643,1,10,DAL,13,DAL,HITCH
2024122910,3556,2,12,DAL,25,PHI,IN
2024122910,1208,1,10,PHI,19,PHI,HITCH
2024122910,572,1,4,PHI,4,DAL,GO
2024122910,667,1,15,PHI,34,PHI,SLANT
2024122910,2521,3,4,DAL,19,PHI,IN
2024122910,79,2,9,DAL,31,DAL,OUT
2024122910,458,3,9,PHI,34,DAL,GO
2024122910,2014,2,10,DAL,38,DAL,FLAT
2024122910,1103,1,20,DAL,22,DAL,HITCH
2024122910,1710,2,10,DAL,28,PHI,OUT
2024122910,3058,3,8,DAL,20,PHI,GO
2024122910,3768,2,10,DAL,43,DAL,CROSS
2024122910,1991,1,10,DAL,38,DAL,HITCH
2024122910,362,2,10,DAL,41,DAL,HITCH
2024122910,183,2,3,PHI,35,DAL,GO
2024122910,2975,2,8,DAL,20,PHI,GO
2024122910,1941,2,10,DAL,26,DAL,HITCH
2024122910,1488,3,12,DAL,22,PHI,CORNER
2024122910,206,3,3,PHI,35,DAL,SLANT
2024122910,1687,1,10,DAL,28,PHI,FLAT
2024122910,153,1,10,PHI,42,DAL,OUT
2024122910,4017,1,10,DAL,20,DAL,FLAT
2024122910,1812,2,9,DAL,13,PHI,OUT
2024122911,1985,2,10,MIA,47,CLE,FLAT
2024122911,3293,3,4,MIA,26,CLE,OUT
2024122911,3450,4,3,MIA,3,CLE,SLANT
2024122911,4151,2,8,CLE,19,MIA,OUT
2024122911,1121,1,10,MIA,30,MIA,POST
2024122911,3502,2,9,MIA,4,MIA,GO
2024122911,1658,1,19,CLE,10,CLE,POST
2024122911,2439,1,10,CLE,44,MIA,SLANT
2024122911,1755,1,10,MIA,35,MIA,HITCH
2024122911,4548,3,5,MIA,17,CLE,IN
2024122911,422,1,10,MIA,38,MIA,OUT
2024122911,2015,3,9,MIA,46,CLE,ANGLE
2024122911,1016,2,9,MIA,9,CLE,SLANT
2024122911,3669,3,24,CLE,41,CLE,FLAT
2024122911,468,1,10,MIA,48,MIA,CROSS
2024122911,4079,3,20,CLE,3,CLE,FLAT
2024122911,2486,2,12,CLE,33,MIA,OUT
2024122911,2132,1,10,CLE,37,MIA,HITCH
2024122911,2107,1,10,CLE,49,MIA,HITCH
2024122911,3952,1,10,CLE,2,CLE,OUT
2024122911,671,1,10,CLE,27,CLE,FLAT
2024122911,2327,3,6,CLE,34,CLE,SLANT
2024122911,3268,2,10,MIA,32,CLE,OUT
2024122911,3111,1,10,CLE,38,CLE,SLANT
2024122911,4470,2,2,MIA,39,CLE,HITCH
2024122911,365,3,6,CLE,23,CLE,CORNER
2024122911,4500,1,10,MIA,22,CLE,HITCH
2024122911,3975,2,10,CLE,2,CLE,SLANT
2024122911,4445,1,10,MIA,47,CLE,HITCH
2024122911,146,2,9,MIA,41,MIA,HITCH
2024122911,2164,2,3,CLE,30,MIA,OUT
2024122911,2302,2,10,CLE,30,CLE,OUT
2024122911,596,3,18,CLE,48,MIA,CROSS
2024122911,4022,1,10,CLE,13,CLE,ANGLE
2024122911,2369,1,10,MIA,28,MIA,HITCH
2024122911,4329,3,3,CLE,37,CLE,HITCH
2024122911,2511,3,8,CLE,29,MIA,POST
2024122911,1712,1,10,CLE,33,CLE,IN
2024122911,1364,1,10,MIA,30,MIA,POST
2024122911,852,1,10,MIA,46,CLE,CROSS
2024122911,4571,4,5,MIA,17,CLE,GO
2024122911,4217,2,7,CLE,7,MIA,FLAT
2024122911,4104,4,5,CLE,18,CLE,SCREEN
2024122911,703,2,8,CLE,29,CLE,SLANT
2024122911,926,3,5,MIA,41,CLE,OUT
2024122911,4382,2,8,CLE,43,CLE,OUT
2024122911,1962,1,10,MIA,47,CLE,OUT
2024122911,4525,2,5,MIA,17,CLE,CROSS
2024122911,3896,3,17,MIA,39,MIA,FLAT
2024122911,1236,1,10,CLE,20,CLE,HITCH
2024122911,4415,3,3,CLE,48,CLE,HITCH
2024122911,3245,1,10,MIA,32,CLE,FLAT
2024123000,3807,2,6,SF,46,DET,OUT
2024123000,2998,2,4,SF,4,DET,OUT
2024123000,880,1,5,DET,9,SF,FLAT
2024123000,3051,4,4,SF,4,DET,FLAT
2024123000,3988,2,3,SF,35,SF,FLAT
2024123000,1128,2,23,DET,47,DET,OUT
2024123000,2951,2,4,SF,20,DET,IN
2024123000,418,1,10,DET,35,DET,FLAT
2024123000,3399,4,3,SF,45,DET,HITCH
2024123000,2681,2,8,SF,31,DET,HITCH
2024123000,305,2,3,DET,3,SF,OUT
2024123000,4123,2,17,DET,42,SF,HITCH
2024123000,531,2,15,SF,35,DET,FLAT
2024123000,1605,1,10,SF,29,DET,OUT
2024123000,3607,3,5,SF,35,SF,OUT
2024123000,953,1,10,DET,25,DET,FLAT
2024123000,1455,2,12,DET,28,DET,ANGLE
2024123000,1871,1,10,DET,38,SF,OUT
2024123000,85,2,7,SF,42,SF,HITCH
2024123000,811,1,10,DET,34,SF,CROSS
2024123000,2254,3,5,SF,31,DET,GO
2024123000,4241,1,10,DET,18,SF,HITCH
2024123000,2133,1,10,DET,47,DET,OUT
2024123000,2451,2,5,SF,34,SF,IN
2024123000,3963,1,10,SF,28,SF,SLANT
2024123000,1839,2,2,DET,44,SF,OUT
2024123000,1784,2,10,SF,8,SF,WHEEL
2024123000,2329,3,6,SF,6,DET,SLANT
2024123000,2868,1,10,SF,43,DET,FLAT
2024123000,1809,1,10,SF,48,SF,FLAT
2024123000,1536,3,3,SF,46,DET,FLAT
2024123000,2103,1,10,DET,34,DET,OUT
2024123000,1168,3,12,SF,42,DET,SLANT
2024123000,1000,3,3,DET,32,DET,HITCH
2024123000,2619,2,1,DET,39,DET,GO
2024123000,2594,1,10,DET,30,DET,FLAT
2024123000,3670,1,15,SF,44,SF,HITCH
2024123000,2900,2,2,SF,35,DET,FLAT
2024123000,3196,1,10,SF,42,SF,IN
2024123000,2185,3,5,SF,48,DET,IN
2024123000,4043,2,10,SF,47,SF,OUT
2024123000,154,1,10,DET,32,SF,POST
2024123000,1722,4,3,SF,8,DET,POST
2024123000,4068,3,2,DET,45,SF,HITCH
2024123000,3707,1,10,DET,36,SF,IN
2024123000,3446,2,8,SF,24,DET,CROSS
2024123000,2284,1,10,SF,10,DET,OUT
2024123000,1329,3,7,DET,49,SF,GO
2024123000,3376,3,3,SF,45,DET,CROSS
2024123000,1981,3,12,DET,40,SF,OUT
2024123000,2404,1,10,SF,16,SF,IN
2024123000,759,3,4,SF,41,SF,OUT
2024123000,3580,2,20,SF,20,SF,OUT
2024123000,3021,3,4,SF,4,DET,GO
2024123000,2826,1,10,,50,SF,IN
2024123000,3116,1,10,SF,30,SF,IN
2024123000,1238,1,10,SF,30,SF,HITCH
2024123000,2476,1,10,DET,27,SF,CROSS
2024123000,3854,2,6,SF,34,DET,FLAT
2024123000,3276,3,10,DET,40,SF,OUT
2024123000,3253,2,10,DET,40,SF,SLANT
2024123000,4158,3,2,DET,27,SF,OUT
2025010500,2327,2,6,ARI,6,SF,HITCH
2025010500,900,2,8,SF,33,ARI,POST
2025010500,1660,1,15,ARI,27,SF,SLANT
2025010500,4424,3,6,ARI,43,SF,ANGLE
2025010500,2272,2,11,ARI,20,SF,POST
2025010500,2350,3,6,ARI,6,SF,SLANT
2025010500,3795,1,10,ARI,20,SF,CROSS
2025010500,3385,1,10,SF,29,ARI,CORNER
2025010500,827,3,4,ARI,43,ARI,CORNER
2025010500,3445,2,10,SF,15,ARI,FLAT
2025010500,4292,3,10,SF,30,SF,HITCH
2025010500,454,1,10,SF,31,SF,IN
2025010500,3410,1,10,SF,15,ARI,GO
2025010500,370,1,10,SF,8,SF,HITCH
2025010500,2613,3,2,ARI,38,ARI,OUT
2025010500,2556,1,10,ARI,30,ARI,HITCH
2025010500,1979,2,11,SF,20,ARI,CROSS
2025010500,1433,1,10,ARI,18,ARI,SCREEN
2025010500,3624,1,10,SF,18,SF,OUT
2025010500,1463,2,10,ARI,18,ARI,OUT
2025010500,1237,2,8,SF,23,ARI,GO
2025010500,2780,1,10,SF,49,ARI,HITCH
2025010500,255,2,4,ARI,36,ARI,HITCH
2025010500,4027,3,10,SF,34,SF,OUT
2025010500,4220,1,10,SF,30,SF,SLANT
2025010500,158,3,5,ARI,33,SF,OUT
2025010500,2932,1,10,SF,13,ARI,ANGLE
2025010500,3770,3,8,ARI,43,SF,POST
2025010500,2062,1,2,SF,2,ARI,CORNER
2025010500,1586,1,10,ARI,33,SF,HITCH
2025010500,1373,3,5,SF,35,SF,HITCH
2025010500,1087,1,10,SF,45,ARI,FLAT
2025010500,1348,2,10,SF,30,SF,CROSS
2025010500,2167,2,1,ARI,49,SF,HITCH
2025010500,4447,4,6,ARI,43,SF,OUT
2025010500,693,3,14,ARI,29,SF,HITCH
2025010500,3067,1,10,SF,30,SF,HITCH
2025010500,4401,2,6,ARI,43,SF,HITCH
2025010500,3701,1,10,SF,43,SF,ANGLE
2025010500,589,2,18,ARI,44,SF,HITCH
2025010500,1044,3,8,SF,32,SF,HITCH
2025010500,1154,3,2,SF,37,ARI,OUT
2025010500,230,1,10,ARI,30,ARI,FLAT
2025010500,3221,1,10,ARI,36,SF,GO
2025010500,4162,1,10,SF,12,ARI,GO
2025010500,2215,2,10,ARI,40,SF,CROSS
2025010500,56,1,10,SF,30,SF,HITCH
2025010500,3869,1,10,ARI,27,ARI,FLAT
2025010500,4245,2,5,SF,35,SF,CROSS
2025010500,4317,1,10,SF,42,SF,SLANT
2025010500,3360,2,3,SF,49,ARI,IN
2025010500,3125,1,19,SF,37,SF,HITCH
2025010500,2968,1,2,SF,2,ARI,FLAT
2025010500,86,2,8,SF,32,SF,GO
2025010500,479,1,10,ARI,48,SF,HITCH
2025010500,3923,3,4,ARI,33,ARI,IN
2025010500,2142,1,10,SF,42,SF,IN
2025010500,621,3,6,ARI,32,SF,OUT
2025010500,3308,2,5,ARI,35,ARI,IN
2025010500,2408,1,10,ARI,30,ARI,POST
2025010500,1907,1,10,ARI,41,ARI,GO
2025010500,1325,1,10,SF,30,SF,OUT
2025010500,2433,1,10,SF,45,ARI,SLANT
2025010501,3054,3,8,ATL,38,CAR,POST
2025010501,4662,1,10,ATL,11,CAR,OUT
2025010501,1065,1,10,ATL,21,CAR,CROSS
2025010501,3223,1,10,ATL,26,ATL,CROSS
2025010501,2176,2,10,CAR,20,ATL,GO
2025010501,3384,1,20,CAR,31,ATL,OUT
2025010501,297,3,10,CAR,13,ATL,POST
2025010501,2993,1,10,ATL,40,CAR,OUT
2025010501,4097,1,10,CAR,25,ATL,POST
2025010501,3407,2,20,CAR,31,ATL,ANGLE
2025010501,4328,3,10,CAR,30,CAR,HITCH
2025010501,364,1,10,CAR,30,CAR,CROSS
2025010501,4637,2,12,ATL,25,CAR,IN
2025010501,4175,1,10,CAR,14,ATL,OUT
2025010501,199,2,10,CAR,34,ATL,HITCH
2025010501,3897,2,3,ATL,12,CAR,FLAT
2025010501,128,1,10,ATL,42,ATL,HITCH
2025010501,2396,3,5,CAR,35,CAR,SLANT
2025010501,2592,4,1,ATL,12,CAR,POST
2025010501,1678,1,10,ATL,30,ATL,HITCH
2025010501,2134,1,10,CAR,20,ATL,GO
2025010501,4050,1,10,CAR,44,ATL,HITCH
2025010501,417,3,3,CAR,37,CAR,GO
2025010501,2567,3,9,ATL,20,CAR,OUT
2025010501,1708,2,1,ATL,39,ATL,SLANT
2025010501,1971,3,2,CAR,38,CAR,FLAT
2025010501,2109,3,10,ATL,38,ATL,CORNER
2025010501,815,3,4,CAR,42,ATL,HITCH
2025010501,1541,2,6,CAR,29,CAR,IN
2025010501,1110,3,6,ATL,17,CAR,CROSS
2025010501,3703,2,6,CAR,34,CAR,HITCH
2025010501,4588,3,4,ATL,31,CAR,SLANT
2025010501,4305,2,10,CAR,30,CAR,HITCH
2025010501,4563,2,10,ATL,37,CAR,HITCH
2025010501,612,2,10,ATL,31,ATL,SLANT
2025010501,517,3,8,ATL,17,CAR,GO
2025010501,274,2,10,CAR,13,ATL,HITCH
2025010501,2086,2,10,ATL,38,ATL,FLAT
2025010501,681,1,10,ATL,42,ATL,FLAT
2025010501,3605,3,20,CAR,21,ATL,POST
2025010501,3850,1,25,ATL,47,CAR,GO
2025010501,3728,1,10,CAR,43,CAR,OUT
2025010501,3503,1,15,CAR,16,ATL,FLAT
2025010501,1613,2,10,ATL,33,CAR,WHEEL
2025010501,4150,3,10,CAR,25,ATL,OUT
2025010501,895,2,6,CAR,46,CAR,SCREEN
2025010501,3432,3,9,CAR,20,ATL,OUT
2025010501,4282,1,10,CAR,30,CAR,GO
2025010501,1903,2,5,CAR,35,CAR,FLAT
2025010501,1040,2,2,ATL,26,CAR,FLAT
2025010501,4509,1,10,CAR,45,CAR,FLAT
2025010501,2490,1,10,ATL,27,ATL,HITCH
2025010501,1270,2,10,ATL,41,ATL,HITCH
2025010501,3156,2,8,ATL,9,CAR,SLANT
2025010501,2031,1,10,ATL,19,ATL,CORNER
2025010501,2517,1,10,ATL,21,CAR,POST
2025010501,4127,2,10,CAR,25,ATL,GO
2025010501,151,2,10,ATL,42,ATL,GO
2025010501,1219,2,6,ATL,34,ATL,OUT
2025010501,1733,1,10,ATL,48,ATL,POST
2025010501,442,1,10,ATL,38,CAR,WHEEL
2025010400,3978,1,10,BAL,22,CLE,SLANT
2025010400,2444,1,10,BAL,25,BAL,CORNER
2025010400,2627,3,4,CLE,38,BAL,HITCH
2025010400,1561,3,10,CLE,30,BAL,SLANT
2025010400,3627,1,15,CLE,16,BAL,FLAT
2025010400,288,3,4,CLE,47,BAL,SLANT
2025010400,358,2,7,CLE,23,CLE,OUT
2025010400,2367,2,10,CLE,30,CLE,SLANT
2025010400,2274,2,7,CLE,7,BAL,IN
2025010400,1686,3,15,CLE,18,CLE,OUT
2025010400,2395,3,2,CLE,38,CLE,CROSS
2025010400,3397,3,9,BAL,16,CLE,CORNER
2025010400,2016,4,10,BAL,48,BAL,GO
2025010400,1321,2,7,BAL,7,CLE,SLANT
2025010400,61,1,10,CLE,30,CLE,GO
2025010400,243,1,10,BAL,47,BAL,CORNER
2025010400,2800,3,18,CLE,19,CLE,CORNER
2025010400,1800,3,6,BAL,14,BAL,OUT
2025010400,2344,1,10,CLE,30,CLE,OUT
2025010400,3772,2,7,CLE,48,CLE,CROSS
2025010400,3327,3,5,BAL,25,CLE,SLANT
2025010400,1586,4,3,CLE,23,BAL,IN
2025010400,3509,3,8,BAL,32,BAL,IN
2025010400,1121,1,10,CLE,40,CLE,CROSS
2025010400,4003,2,6,BAL,18,CLE,OUT
2025010400,499,4,1,CLE,39,CLE,IN
2025010400,546,2,8,CLE,37,BAL,CROSS
2025010400,817,3,14,CLE,16,CLE,FLAT
2025010400,3352,1,10,BAL,17,CLE,GO
2025010400,3725,1,10,CLE,30,CLE,HITCH
2025010400,1057,2,10,CLE,12,BAL,CORNER
2025010400,2849,1,10,BAL,41,BAL,CROSS
2025010400,3229,1,10,BAL,30,CLE,GO
2025010400,750,1,10,CLE,20,CLE,CROSS
2025010400,916,3,6,CLE,43,BAL,ANGLE
2025010400,3004,3,4,CLE,34,CLE,HITCH
2025010400,1150,1,10,BAL,37,CLE,CROSS
2025010400,725,3,7,CLE,12,CLE,HITCH
2025010400,1609,1,10,CLE,23,CLE,HITCH
2025010400,2979,2,4,CLE,34,CLE,FLAT
2025010400,3295,2,10,BAL,30,CLE,SLANT
2025010400,644,4,1,CLE,9,BAL,FLAT
2025010400,2137,2,9,CLE,44,BAL,IN
2025010400,1538,2,10,CLE,30,BAL,ANGLE
2025010400,861,1,10,CLE,47,BAL,IN
2025010400,1441,2,10,CLE,48,BAL,HITCH
2025010400,1854,1,10,BAL,35,BAL,FLAT
2025010400,1236,1,10,BAL,18,CLE,ANGLE
2025010400,3820,4,4,BAL,49,CLE,CROSS
2025010400,3556,2,12,CLE,46,BAL,OUT
2025010400,1464,3,10,CLE,48,BAL,CROSS
2025010400,3795,3,7,CLE,48,CLE,HITCH
2025010400,2227,2,15,CLE,35,BAL,GO
2025010503,76,2,14,WAS,26,WAS,OUT
2025010503,2255,1,10,DAL,30,DAL,HITCH
2025010503,4480,2,5,DAL,5,WAS,GO
2025010503,2362,1,10,WAS,49,DAL,CROSS
2025010503,3168,2,4,WAS,4,DAL,CORNER
2025010503,2760,1,5,DAL,5,WAS,OUT
2025010503,3343,1,10,WAS,30,WAS,IN
2025010503,3481,2,3,DAL,26,WAS,HITCH
2025010503,3597,1,10,DAL,30,DAL,FLAT
2025010503,4209,1,10,WAS,30,WAS,GO
2025010503,820,3,5,WAS,33,WAS,SLANT
2025010503,3434,3,3,DAL,41,WAS,SLANT
2025010503,1018,3,10,DAL,38,DAL,OUT
2025010503,1838,1,10,DAL,40,DAL,HITCH
2025010503,1610,2,10,WAS,48,WAS,CORNER
2025010503,1863,1,10,WAS,46,DAL,HITCH
2025010503,4232,2,10,WAS,30,WAS,HITCH
2025010503,573,2,15,WAS,41,WAS,IN
2025010503,2735,3,5,DAL,34,WAS,GO
2025010503,1286,3,10,WAS,36,WAS,HITCH
2025010503,763,1,10,WAS,28,WAS,HITCH
2025010503,1660,1,10,DAL,36,WAS,CORNER
2025010503,2705,2,11,DAL,40,WAS,FLAT
2025010503,1329,1,10,DAL,25,DAL,HITCH
2025010503,3676,1,10,DAL,40,DAL,IN
2025010503,3510,1,10,DAL,16,WAS,SLANT
2025010503,3368,1,10,DAL,48,WAS,POST
2025010503,2173,4,2,WAS,2,DAL,ANGLE
2025010503,4340,2,15,WAS,37,WAS,IN
2025010503,2631,3,3,WAS,37,WAS,SLANT
2025010503,897,2,8,DAL,21,DAL,FLAT
2025010503,1533,1,10,WAS,37,WAS,HITCH
2025010503,2921,2,18,DAL,32,DAL,IN
2025010503,2829,1,10,DAL,30,DAL,FLAT
2025010503,548,1,20,WAS,36,WAS,HITCH
2025010503,332,1,15,WAS,28,DAL,HITCH
2025010503,1888,2,6,WAS,42,DAL,HITCH
2025010503,266,1,10,DAL,44,DAL,CROSS
2025010503,4425,1,10,DAL,16,WAS,OUT
2025010503,1587,1,10,WAS,48,WAS,FLAT
2025010503,4257,3,4,WAS,36,WAS,SLANT
2025010503,236,3,6,DAL,13,DAL,CROSS
2025010503,2329,3,3,DAL,47,DAL,OUT
2025010503,2897,1,18,DAL,32,DAL,FLAT
2025010503,2150,3,2,WAS,2,DAL,GO
2025010503,1447,2,17,DAL,28,DAL,GO
2025010504,56,1,10,DEN,30,DEN,CROSS
2025010504,2342,3,5,KC,37,KC,OUT
2025010504,1887,1,10,KC,15,DEN,WHEEL
2025010504,2585,1,10,KC,10,DEN,GO
2025010504,2027,1,10,KC,45,KC,OUT
2025010504,2002,1,10,KC,30,KC,HITCH
2025010504,602,2,7,KC,10,DEN,CORNER
2025010504,1468,3,5,KC,35,KC,IN
2025010504,1596,1,10,DEN,23,KC,FLAT
2025010504,1566,4,4,DEN,36,KC,FLAT
2025010504,2560,3,11,KC,42,DEN,GO
2025010504,1211,1,10,KC,36,DEN,ANGLE
2025010504,332,3,3,KC,37,KC,OUT
2025010504,139,1,10,KC,47,DEN,OUT
2025010504,746,3,14,KC,37,KC,CROSS
2025010504,1518,2,9,DEN,41,KC,OUT
2025010504,2436,3,3,DEN,28,DEN,CROSS
2025010504,2157,2,10,DEN,20,DEN,OUT
2025010504,2288,1,10,KC,32,KC,HITCH
2025010504,2483,2,11,DEN,34,DEN,FLAT
2025010504,1312,1,10,KC,14,DEN,CROSS
2025010504,2237,3,14,DEN,26,DEN,CROSS
2025010504,2695,1,10,KC,30,KC,OUT
2025010504,1493,1,10,DEN,42,KC,FLAT
2025010504,1004,1,10,DEN,43,DEN,CROSS
2025010504,1056,1,10,KC,47,DEN,FLAT
2025010504,550,1,10,DEN,40,DEN,GO
2025010504,1359,1,3,KC,3,DEN,HITCH
2025010504,1862,1,20,KC,47,DEN,GO
2025010504,1150,3,14,DEN,49,DEN,FLAT
2025010504,437,3,4,DEN,21,DEN,CROSS
2025010504,2187,1,10,DEN,30,DEN,CROSS
2025010504,1541,3,9,DEN,41,KC,SLANT
2025010504,2776,3,7,DEN,42,KC,HITCH
2025010504,2861,2,11,DEN,48,DEN,CORNER
2025010504,2050,2,10,KC,45,KC,OUT
2025010505,2218,1,10,MIN,37,MIN,CROSS
2025010505,1236,3,3,DET,3,MIN,GO
2025010505,614,2,10,MIN,44,DET,CROSS
2025010505,103,3,5,DET,35,DET,CROSS
2025010505,1157,3,10,DET,36,MIN,CROSS
2025010505,1586,1,10,DET,30,DET,HITCH
2025010505,3864,1,15,MIN,35,MIN,OUT
2025010505,3018,2,7,MIN,33,MIN,CROSS
2025010505,1912,2,9,DET,17,MIN,ANGLE
2025010505,3262,2,10,MIN,34,DET,HITCH
2025010505,519,2,6,DET,26,DET,IN
2025010505,1473,1,7,DET,7,MIN,OUT
2025010505,2493,2,23,,50,MIN,OUT
2025010505,333,3,2,MIN,38,MIN,FLAT
2025010505,3485,2,9,MIN,41,MIN,IN
2025010505,2161,2,8,MIN,32,MIN,HITCH
2025010505,2338,4,2,DET,2,MIN,SLANT
2025010505,686,3,12,MIN,46,DET,CROSS
2025010505,1611,2,2,DET,38,DET,HITCH
2025010505,3677,3,9,MIN,13,DET,HITCH
2025010505,1134,2,10,DET,36,MIN,POST
2025010505,4092,4,15,MIN,43,MIN,POST
2025010505,3287,3,1,MIN,25,DET,IN
2025010505,2652,1,10,DET,41,DET,FLAT
2025010505,1519,3,7,DET,7,MIN,GO
2025010505,3081,2,7,DET,37,MIN,FLAT
2025010505,2931,4,2,MIN,10,DET,ANGLE
2025010505,1341,3,5,DET,8,DET,OUT
2025010505,711,4,5,MIN,39,DET,CROSS
2025010505,441,3,9,MIN,43,MIN,OUT
2025010505,566,2,10,DET,33,DET,POST
2025010505,1496,2,7,DET,7,MIN,IN
2025010505,1259,4,3,DET,3,MIN,HITCH
2025010505,2760,2,19,DET,42,DET,POST
2025010505,3788,1,10,MIN,30,MIN,FLAT
2025010505,3214,1,10,MIN,45,DET,CROSS
2025010505,2045,1,10,MIN,41,DET,CROSS
2025010505,591,1,10,MIN,44,DET,ANGLE
2025010505,261,2,2,MIN,22,MIN,SLANT
2025010505,1803,3,6,MIN,46,MIN,OUT
2025010505,3953,2,10,MIN,48,MIN,HITCH
2025010505,2361,1,10,DET,2,DET,POST
2025010505,2785,3,2,MIN,41,DET,IN
2025010505,2600,1,10,DET,30,DET,FLAT
2025010505,853,3,18,MIN,12,MIN,POST
2025010505,3111,3,4,DET,34,MIN,SLANT
2025010505,2528,3,6,DET,33,MIN,IN
2025010505,2810,1,10,MIN,29,DET,HITCH
2025010505,2003,1,10,DET,40,DET,CORNER
2025010505,3164,1,10,DET,41,DET,FLAT
2025010505,1073,2,9,DET,49,MIN,IN
2025010505,2285,2,5,DET,5,MIN,FLAT
2025010505,3928,1,10,MIN,48,MIN,HITCH
2025010506,3243,1,10,GB,17,GB,CROSS
2025010506,3810,1,20,CHI,47,CHI,SCREEN
2025010506,3097,3,5,GB,45,CHI,SLANT
2025010506,3552,3,21,GB,38,GB,GO
2025010506,147,2,9,GB,33,GB,OUT
2025010506,2873,2,12,CHI,46,GB,HITCH
2025010506,3476,1,10,GB,49,GB,OUT
2025010506,1573,2,9,CHI,46,CHI,FLAT
2025010506,1714,2,8,GB,33,GB,HITCH
2025010506,1209,1,10,CHI,47,GB,OUT
2025010506,3851,1,10,CHI,43,GB,HITCH
2025010506,3319,3,10,GB,34,GB,FLAT
2025010506,2793,1,10,GB,27,GB,SCREEN
2025010506,670,1,10,CHI,42,GB,POST
2025010506,1737,3,8,GB,33,GB,CORNER
2025010506,2014,1,10,GB,44,CHI,OUT
2025010506,1957,2,7,CHI,48,CHI,FLAT
2025010506,1989,3,7,CHI,48,CHI,HITCH
2025010506,2996,2,13,CHI,36,CHI,HITCH
2025010506,444,2,6,CHI,44,GB,OUT
2025010506,2346,4,5,GB,46,CHI,ANGLE
2025010506,3021,3,6,CHI,43,CHI,CROSS
2025010506,1388,2,15,CHI,29,GB,GO
2025010506,4199,3,11,CHI,49,CHI,POST
2025010506,766,2,9,CHI,22,GB,OUT
2025010506,3701,3,3,CHI,40,CHI,HITCH
2025010506,1170,1,10,GB,37,GB,HITCH
2025010506,172,3,7,GB,35,GB,FLAT
2025010506,467,3,6,CHI,44,GB,FLAT
2025010506,73,1,10,GB,15,GB,OUT
2025010506,2244,3,4,CHI,36,CHI,GO
2025010506,1855,3,9,CHI,17,GB,HITCH
2025010506,2371,1,10,GB,40,CHI,FLAT
2025010506,562,1,10,GB,29,GB,HITCH
2025010506,2697,3,16,GB,49,CHI,OUT
2025010507,346,1,10,IND,23,JAX,CROSS
2025010507,3542,2,6,IND,11,JAX,OUT
2025010507,198,2,9,JAX,31,JAX,HITCH
2025010507,3382,1,10,IND,48,JAX,OUT
2025010507,1386,3,13,JAX,27,JAX,FLAT
2025010507,2792,3,2,IND,33,IND,POST
2025010507,81,1,10,JAX,49,IND,IN
2025010507,4681,2,9,JAX,31,JAX,FLAT
2025010507,532,2,18,IND,35,IND,OUT
2025010507,3357,2,17,JAX,26,JAX,GO
2025010507,3167,2,10,IND,32,IND,ANGLE
2025010507,2914,3,7,JAX,33,IND,CORNER
2025010507,2654,3,10,,50,JAX,CROSS
2025010507,1195,1,10,JAX,43,IND,CORNER
2025010507,2375,3,4,JAX,47,JAX,HITCH
2025010507,1536,3,5,IND,43,IND,OUT
2025010507,2631,2,10,,50,JAX,HITCH
2025010507,2958,1,10,JAX,41,JAX,HITCH
2025010507,4073,3,8,IND,40,JAX,HITCH
2025010507,487,1,10,IND,30,IND,SLANT
2025010507,2087,1,10,JAX,18,IND,GO
2025010507,3011,3,10,JAX,41,JAX,FLAT
2025010507,768,2,6,IND,43,IND,CROSS
2025010507,1883,2,9,IND,9,JAX,FLAT
2025010507,4214,1,10,IND,43,IND,FLAT
2025010507,2282,2,6,JAX,34,JAX,FLAT
2025010507,2762,2,7,IND,28,IND,FLAT
2025010507,1827,1,10,IND,49,JAX,POST
2025010507,2608,1,10,,50,JAX,GO
2025010507,106,2,1,JAX,40,IND,GO
2025010507,3613,2,9,IND,9,JAX,FLAT
2025010507,3310,3,4,JAX,22,JAX,HITCH
2025010507,605,1,10,JAX,9,JAX,OUT
2025010507,2817,1,10,JAX,48,IND,FLAT
2025010507,1980,1,10,IND,30,IND,HITCH
2025010507,4043,2,8,IND,40,JAX,HITCH
2025010507,562,3,6,IND,47,IND,OUT
2025010507,2891,2,7,JAX,33,IND,ANGLE
2025010507,1655,3,6,JAX,31,IND,HITCH
2025010507,2005,2,2,IND,38,IND,CROSS
2025010507,56,1,10,IND,30,IND,POST
2025010507,848,1,10,IND,48,JAX,SLANT
2025010507,1913,3,9,IND,9,JAX,GO
2025010507,3114,3,3,IND,26,IND,HITCH
2025010507,4162,2,7,IND,33,IND,HITCH
2025010507,791,3,6,IND,43,IND,SLANT
2025010507,2257,1,10,JAX,30,JAX,OUT
2025010507,3854,3,7,JAX,28,IND,SLANT
2025010507,3969,2,8,JAX,32,JAX,FLAT
2025010507,1488,1,10,IND,38,IND,OUT
2025010507,1351,2,13,JAX,27,JAX,OUT
2025010507,1021,3,19,IND,46,JAX,HITCH
2025010507,4425,3,10,IND,30,IND,OUT
2025010507,4379,1,10,IND,30,IND,CORNER
2025010507,2133,3,10,JAX,18,IND,ANGLE
2025010507,1513,2,5,IND,43,IND,GO
2025010507,1790,1,10,JAX,41,JAX,FLAT
2025010507,3785,2,6,JAX,49,IND,OUT
2025010507,4244,2,10,IND,43,IND,FLAT
2025010507,2469,3,8,IND,9,IND,ANGLE
2025010507,2710,2,5,IND,16,IND,OUT
2025010508,3544,3,2,LA,27,SEA,OUT
2025010508,3855,2,6,SEA,25,LA,CROSS
2025010508,86,1,10,SEA,47,LA,IN
2025010508,1396,3,3,SEA,6,LA,OUT
2025010508,2836,3,5,LA,35,LA,CROSS
2025010508,3965,4,3,SEA,9,LA,IN
2025010508,3630,1,10,LA,30,LA,HITCH
2025010508,3743,4,6,LA,34,LA,HITCH
2025010508,2390,2,7,SEA,37,LA,FLAT
2025010508,1132,3,6,LA,20,SEA,POST
2025010508,1721,1,10,LA,45,LA,CROSS
2025010508,824,1,10,SEA,49,LA,HITCH
2025010508,1203,1,10,LA,22,LA,FLAT
2025010508,2721,2,4,LA,4,SEA,CROSS
2025010508,352,1,10,LA,16,LA,HITCH
2025010508,3063,1,10,SEA,30,SEA,FLAT
2025010508,1087,1,10,LA,24,SEA,GO
2025010508,2174,3,11,SEA,29,SEA,SCREEN
2025010508,3000,2,4,SEA,4,LA,OUT
2025010508,1062,1,10,LA,46,SEA,IN
2025010508,307,3,14,SEA,14,SEA,SLANT
2025010508,1969,3,1,LA,29,LA,GO
2025010508,896,3,2,SEA,19,LA,OUT
2025010508,3191,2,8,LA,24,LA,OUT
2025010508,3885,1,10,SEA,16,LA,OUT
2025010508,1912,1,10,LA,20,LA,SLANT
2025010508,1594,1,10,LA,38,SEA,CROSS
2025010508,3470,1,10,LA,45,SEA,CROSS
2025010508,3216,3,4,LA,28,LA,GO
2025010508,2343,3,2,LA,42,LA,SLANT
2025010508,2129,1,10,SEA,30,SEA,HITCH
2025010508,3088,2,8,SEA,32,SEA,HITCH
2025010508,3830,1,10,SEA,29,LA,FLAT
2025010508,606,2,7,LA,40,SEA,GO
2025010508,3793,2,4,SEA,43,LA,FLAT
2025010508,1569,2,3,LA,44,SEA,FLAT
2025010508,2931,1,10,SEA,23,LA,FLAT
2025010508,2811,2,10,LA,30,LA,FLAT
2025010508,235,2,10,SEA,6,SEA,FLAT
2025010508,653,2,4,LA,4,SEA,GO
2025010508,1255,2,4,LA,40,LA,CROSS
2025010508,1766,3,7,LA,48,LA,OUT
2025010508,3720,3,6,LA,34,LA,FLAT
2025010508,56,1,10,LA,30,LA,GO
2025010508,3933,3,8,SEA,14,LA,CROSS
2025010508,3574,1,10,LA,16,SEA,GO
2025010508,2225,1,10,LA,21,LA,FLAT
2025010508,3268,2,8,SEA,20,LA,GO
2025010508,3113,3,1,SEA,39,SEA,OUT
2025010508,1522,3,5,SEA,32,SEA,POST
2025010508,404,3,5,LA,21,LA,IN
2025010509,3281,3,10,LAC,18,LV,GO
2025010509,1665,1,10,LAC,17,LAC,HITCH
2025010509,811,2,12,LV,22,LAC,HITCH
2025010509,3841,1,10,LAC,29,LV,HITCH
2025010509,1992,1,10,LV,30,LAC,HITCH
2025010509,3711,2,3,LAC,48,LV,OUT
2025010509,448,2,6,LV,35,LAC,CROSS
2025010509,1852,3,7,LV,31,LAC,HITCH
2025010509,1332,1,10,LV,18,LAC,POST
2025010509,1936,1,10,LV,26,LV,FLAT
2025010509,2788,3,10,LAC,33,LV,CROSS
2025010509,2663,1,10,LV,44,LV,ANGLE
2025010509,2203,1,10,LAC,30,LAC,ANGLE
2025010509,1117,1,10,LAC,30,LAC,POST
2025010509,1355,2,10,LV,18,LAC,HITCH
2025010509,1057,1,10,LAC,25,LV,GO
2025010509,236,1,10,LV,24,LV,CORNER
2025010509,943,1,10,LV,41,LV,POST
2025010509,350,1,10,LAC,12,LAC,GO
2025010509,1965,2,5,LV,31,LV,ANGLE
2025010509,3898,1,10,LAC,17,LV,OUT
2025010509,104,3,8,LV,32,LV,OUT
2025010509,3042,2,2,LV,2,LAC,CROSS
2025010509,1795,1,10,LV,34,LAC,OUT
2025010509,79,2,8,LV,32,LV,FLAT
2025010509,3923,2,5,LAC,12,LV,IN
2025010509,3816,4,7,LAC,40,LV,GO
2025010509,1166,2,6,LV,44,LAC,FLAT
2025010509,548,1,10,LV,41,LV,OUT
2025010509,2686,2,10,LV,44,LV,FLAT
2025010509,3761,2,13,LAC,46,LV,GO
2025010509,3946,3,5,LAC,12,LV,OUT
2025010509,2427,2,8,LV,14,LAC,SLANT
2025010509,3394,1,10,LV,40,LAC,HITCH
2025010509,2711,3,8,LV,46,LV,IN
2025010509,2758,2,6,LAC,29,LV,FLAT
2025010509,1254,1,10,LV,37,LAC,GO
2025010509,3366,2,8,LAC,21,LAC,GO
2025010509,2017,2,5,LV,25,LAC,IN
2025010509,2073,2,6,LV,6,LAC,HITCH
2025010509,3661,1,10,LV,30,LV,IN
2025010509,3736,1,10,LAC,43,LV,FLAT
2025010509,288,3,8,LV,26,LV,SLANT
2025010509,764,2,7,LAC,33,LAC,GO
2025010509,836,3,5,LV,15,LAC,OUT
2025010509,3169,1,10,LAC,29,LV,SCREEN
2025010509,2881,1,15,LAC,25,LAC,HITCH
2025010509,3108,1,10,LV,42,LV,IN
2025010509,3304,4,10,LAC,18,LV,POST
2025010509,1424,2,8,LV,8,LAC,CORNER
2025010509,3784,3,13,LAC,46,LV,CROSS
2025010509,1745,3,4,LAC,35,LAC,OUT
2025010509,627,1,10,LAC,28,LV,OUT
2025010509,3866,2,1,LAC,20,LV,FLAT
2025010509,1770,1,10,LAC,49,LAC,POST
2025010509,675,3,4,LAC,22,LV,GO
2025010509,1697,1,10,LAC,29,LAC,HITCH
2025010509,3686,1,10,LV,45,LV,SLANT
2025010509,602,1,10,LAC,48,LV,HITCH
2025010509,1616,3,7,LV,33,LV,HITCH
2025010509,2931,3,5,LAC,35,LAC,SLANT
2025010509,2319,2,11,LV,41,LAC,HITCH
2025010509,2272,1,10,LAC,41,LAC,OUT
2025010510,1436,3,14,NE,38,BUF,HITCH
2025010510,4208,1,10,BUF,29,BUF,GO
2025010510,2734,1,10,NE,48,NE,OUT
2025010510,2215,2,10,NE,48,BUF,CROSS
2025010510,1296,1,10,BUF,44,BUF,CROSS
2025010510,2978,2,16,BUF,29,NE,FLAT
2025010510,3185,2,17,BUF,23,BUF,HITCH
2025010510,792,2,7,NE,41,BUF,HITCH
2025010510,1073,2,13,NE,27,NE,HITCH
2025010510,958,3,3,NE,3,BUF,CROSS
2025010510,3716,3,5,NE,47,BUF,GO
2025010510,359,3,2,BUF,35,NE,OUT
2025010510,1122,3,9,NE,31,NE,OUT
2025010510,1827,2,10,BUF,18,BUF,SLANT
2025010510,745,2,5,BUF,45,BUF,CROSS
2025010510,271,1,10,NE,45,NE,CROSS
2025010510,1594,1,10,BUF,48,NE,SLANT
2025010510,1564,2,1,NE,49,NE,HITCH
2025010510,3640,3,7,BUF,37,BUF,OUT
2025010510,2153,3,8,BUF,32,BUF,CROSS
2025010510,3382,2,6,BUF,49,NE,POST
2025010510,104,2,13,NE,27,NE,HITCH
2025010510,2130,2,8,BUF,32,BUF,HITCH
2025010510,3001,3,16,BUF,29,NE,HITCH
2025010510,2010,3,8,BUF,42,BUF,ANGLE
2025010510,527,3,5,BUF,13,NE,OUT
2025010510,2584,1,10,NE,23,NE,OUT
2025010510,3816,3,8,NE,46,NE,HITCH
2025010510,3904,3,7,BUF,18,BUF,HITCH
2025010510,3407,1,10,BUF,30,NE,POST
2025010510,2310,3,10,NE,35,BUF,GO
2025010510,433,3,14,BUF,32,NE,HITCH
2025010510,4254,3,10,BUF,29,BUF,CORNER
2025010510,334,2,6,BUF,39,NE,ANGLE
2025010510,983,4,2,NE,2,BUF,FLAT
2025010510,2882,2,6,BUF,38,NE,CROSS
2025010510,1753,1,10,BUF,5,BUF,HITCH
2025010510,3335,2,1,NE,40,NE,HITCH
2025010510,2709,2,7,NE,36,NE,HITCH
2025010510,3739,4,5,NE,47,BUF,CROSS
2025010510,502,2,9,BUF,17,NE,OUT
2025010510,1890,1,10,BUF,29,BUF,HITCH
2025010510,2907,1,10,BUF,23,NE,OUT
2025010511,4488,1,10,MIA,39,MIA,POST
2025010511,3970,4,3,NYJ,8,MIA,OUT
2025010511,1310,2,2,NYJ,29,NYJ,CROSS
2025010511,1917,2,12,NYJ,43,MIA,IN
2025010511,4413,2,2,MIA,34,MIA,OUT
2025010511,4231,2,6,MIA,24,NYJ,FLAT
2025010511,1085,2,5,NYJ,35,NYJ,ANGLE
2025010511,248,3,3,NYJ,8,MIA,HITCH
2025010511,3737,1,10,MIA,30,MIA,OUT
2025010511,510,1,10,NYJ,47,MIA,IN
2025010511,4179,1,10,MIA,39,NYJ,SCREEN
2025010511,3647,1,10,MIA,13,NYJ,OUT
2025010511,3415,3,6,NYJ,26,MIA,GO
2025010511,421,3,11,NYJ,33,NYJ,OUT
2025010511,4018,2,4,NYJ,4,MIA,OUT
2025010511,4538,2,2,NYJ,38,MIA,SCREEN
2025010511,167,1,10,NYJ,16,NYJ,SLANT
2025010511,3201,3,8,MIA,47,MIA,CROSS
2025010511,4513,1,10,NYJ,46,MIA,HITCH
2025010511,2656,1,10,MIA,49,NYJ,FLAT
2025010511,3789,2,7,MIA,48,MIA,GO
2025010511,2438,1,23,NYJ,17,NYJ,FLAT
2025010511,1340,1,10,NYJ,45,NYJ,OUT
2025010511,3129,2,10,MIA,33,MIA,OUT
2025010511,3875,1,10,NYJ,32,MIA,POST
2025010511,3995,1,4,NYJ,4,MIA,SLANT
2025010511,1108,3,5,NYJ,35,NYJ,GO
2025010511,1854,1,10,MIA,46,MIA,OUT
2025010511,4149,3,8,NYJ,32,NYJ,GO
2025010511,2173,1,10,NYJ,16,MIA,GO
2025010511,1440,3,6,MIA,25,NYJ,OUT
2025010511,3530,1,10,NYJ,30,NYJ,SCREEN
2025010511,2615,2,10,NYJ,48,MIA,FLAT
2025010511,2916,1,3,MIA,3,NYJ,CORNER
2025010511,1809,3,10,MIA,43,NYJ,FLAT
2025010511,787,2,11,MIA,13,MIA,FLAT
2025010511,812,3,2,MIA,22,MIA,SLANT
2025010511,4388,1,10,MIA,26,MIA,OUT
2025010511,2020,1,10,MIA,26,NYJ,IN
2025010511,1230,3,18,MIA,26,MIA,CROSS
2025010511,697,3,13,NYJ,34,NYJ,FLAT
2025010511,1587,1,10,NYJ,37,MIA,CORNER
2025010511,1465,1,5,MIA,5,NYJ,CROSS
2025010511,2045,1,10,MIA,13,NYJ,CROSS
2025010511,3176,2,14,MIA,41,MIA,HITCH
2025010511,356,1,10,NYJ,34,NYJ,CROSS
2025010511,326,1,10,NYJ,23,NYJ,CROSS
2025010511,4087,1,10,NYJ,30,NYJ,HITCH
2025010511,3622,3,8,NYJ,44,NYJ,CROSS
2025010511,3672,2,1,MIA,4,NYJ,HITCH
2025010511,3599,2,8,NYJ,44,NYJ,FLAT
2025010511,3843,4,7,MIA,48,MIA,IN
2025010511,1060,1,10,NYJ,30,NYJ,FLAT
2025010511,1417,2,6,MIA,25,NYJ,GO
2025010511,3923,2,10,NYJ,15,MIA,OUT
2025010511,533,2,10,NYJ,47,MIA,OUT
2025010511,1370,1,10,MIA,44,NYJ,CROSS
2025010511,4317,2,6,MIA,6,NYJ,FLAT
2025010511,1786,2,10,MIA,43,NYJ,CORNER
2025010511,2963,3,2,MIA,2,NYJ,CROSS
2025010512,2817,2,7,NYG,33,NYG,HITCH
2025010512,1879,3,10,NYG,45,PHI,OUT
2025010512,3325,2,7,PHI,33,PHI,FLAT
2025010512,648,3,10,PHI,27,PHI,SLANT
2025010512,1475,2,8,NYG,24,PHI,FLAT
2025010512,852,1,10,NYG,27,PHI,WHEEL
2025010512,383,2,7,NYG,32,PHI,OUT
2025010512,827,4,2,NYG,36,PHI,OUT
2025010512,2866,1,10,NYG,42,NYG,FLAT
2025010512,990,2,15,NYG,24,NYG,HITCH
2025010512,3481,2,14,PHI,48,PHI,ANGLE
2025010512,1682,3,8,NYG,32,NYG,ANGLE
2025010512,276,3,12,NYG,46,NYG,SCREEN
2025010512,2540,1,10,PHI,39,PHI,FLAT
2025010512,1227,4,2,PHI,34,NYG,GO
2025010512,3598,2,11,NYG,37,PHI,ANGLE
2025010512,3506,3,11,NYG,49,PHI,HITCH
2025010512,2572,2,7,PHI,42,PHI,OUT
2025010512,2943,2,8,PHI,45,NYG,IN
2025010512,2192,2,6,PHI,30,NYG,FLAT
2025010512,1764,1,10,PHI,39,PHI,FLAT
2025010512,1310,3,15,PHI,30,PHI,OUT
2025010512,889,2,10,NYG,27,PHI,HITCH
2025010512,1340,1,10,PHI,49,PHI,OUT
2025010512,2896,2,8,NYG,44,NYG,HITCH
2025010512,2660,1,10,NYG,33,PHI,POST
2025010512,735,2,8,PHI,43,PHI,SLANT
2025010512,1387,1,10,NYG,39,PHI,OUT
2025010512,3212,2,12,PHI,40,NYG,SLANT
2025010512,1500,1,10,NYG,11,PHI,FLAT
2025010512,3372,1,10,PHI,41,PHI,FLAT
2025010512,2730,2,3,NYG,7,PHI,CROSS
2025010512,760,1,10,NYG,44,PHI,OUT
2025010512,324,1,10,PHI,49,PHI,OUT
2025010512,2041,4,2,NYG,35,PHI,OUT
2025010512,571,1,10,PHI,14,PHI,FLAT
2025010512,3066,2,10,PHI,25,PHI,SLANT
2025010512,1794,2,5,PHI,44,PHI,HITCH
2025010512,1552,3,9,NYG,10,PHI,OUT
2025010512,1285,2,24,PHI,21,PHI,HITCH
2025010512,3867,3,2,NYG,38,NYG,CORNER
2025010512,1856,2,10,NYG,45,PHI,SLANT
2025010512,3633,3,11,NYG,37,PHI,CROSS
2025010512,1734,1,10,PHI,28,PHI,OUT
2025010512,3807,1,10,NYG,30,NYG,FLAT
2025010512,125,1,10,NYG,33,NYG,HITCH
2025010512,408,1,10,NYG,15,PHI,CROSS
2025010512,1826,1,10,NYG,45,PHI,OUT
2025010512,1015,3,9,NYG,30,NYG,HITCH
2025010512,603,1,10,PHI,27,PHI,HITCH
2025010512,2971,3,8,PHI,45,NYG,GO
2025010512,2635,2,6,NYG,42,PHI,CROSS
2025010512,2064,1,10,NYG,35,NYG,CROSS
2025010512,301,4,7,PHI,49,NYG,HITCH
2025010512,2275,3,6,PHI,10,NYG,CROSS
2025010512,3837,2,6,NYG,34,NYG,FLAT
2025010512,914,3,4,NYG,21,PHI,OUT
2025010512,2495,3,11,NYG,13,NYG,HITCH
2025010401,2877,3,8,PIT,44,PIT,GO
2025010401,230,1,10,PIT,19,CIN,OUT
2025010401,1251,2,5,CIN,49,CIN,FLAT
2025010401,3298,3,5,PIT,5,CIN,POST
2025010401,255,2,3,PIT,12,CIN,POST
2025010401,3614,1,10,CIN,19,PIT,CORNER
2025010401,4441,4,12,PIT,40,PIT,POST
2025010401,484,3,2,CIN,41,CIN,HITCH
2025010401,4316,2,12,PIT,22,PIT,FLAT
2025010401,561,2,2,PIT,35,CIN,FLAT
2025010401,3733,1,10,CIN,41,CIN,FLAT
2025010401,3396,1,10,PIT,35,PIT,HITCH
2025010401,2567,1,10,PIT,38,CIN,IN
2025010401,3975,1,10,CIN,38,PIT,HITCH
2025010401,2392,2,14,PIT,26,PIT,ANGLE
2025010401,3060,1,10,CIN,39,CIN,OUT
2025010401,3142,2,5,PIT,41,CIN,GO
2025010401,111,1,10,CIN,39,CIN,HITCH
2025010401,3472,2,10,PIT,45,PIT,HITCH
2025010401,1541,2,11,CIN,15,CIN,HITCH
2025010401,638,2,6,PIT,26,CIN,SCREEN
2025010401,2619,1,10,PIT,28,CIN,OUT
2025010401,3421,2,5,PIT,40,PIT,OUT
2025010401,2068,1,10,PIT,37,CIN,SLANT
2025010401,4341,3,9,PIT,25,PIT,CROSS
2025010401,3781,3,14,CIN,37,CIN,HITCH
2025010401,2466,1,10,CIN,36,CIN,OUT
2025010401,4109,3,25,CIN,43,PIT,SLANT
2025010401,1872,2,10,PIT,17,PIT,OUT
2025010401,3550,1,10,CIN,31,PIT,POST
2025010401,3758,2,14,CIN,37,CIN,HITCH
2025010401,1320,3,6,PIT,42,CIN,FLAT
2025010401,430,1,10,CIN,33,CIN,FLAT
2025010401,3522,1,10,CIN,43,PIT,FLAT
2025010401,3194,2,7,PIT,19,CIN,FLAT
2025010401,1677,2,6,PIT,29,CIN,FLAT
2025010401,1419,3,3,PIT,45,PIT,HITCH
2025010401,3998,2,10,CIN,38,PIT,OUT
2025010401,136,2,1,CIN,48,CIN,SLANT
2025010401,3446,1,10,PIT,45,PIT,OUT
2025010401,821,3,11,PIT,36,PIT,GO
2025010401,3013,2,9,CIN,28,CIN,SCREEN
2025010401,4411,3,12,PIT,40,PIT,GO
2025010401,613,1,10,PIT,30,CIN,ANGLE
2025010401,2189,1,9,PIT,9,CIN,FLAT
2025010401,3273,2,8,PIT,8,CIN,SCREEN
2025010401,2542,2,7,PIT,46,CIN,OUT
2025010401,3708,2,10,CIN,27,CIN,IN
2025010401,4291,1,10,PIT,24,PIT,FLAT
2025010401,2691,2,8,PIT,11,CIN,FLAT
2025010401,1652,1,15,PIT,38,CIN,HITCH
2025010401,3886,2,10,PIT,11,PIT,OUT
2025010401,1228,1,5,CIN,49,CIN,IN
2025010401,205,3,1,PIT,27,CIN,FLAT
2025010401,1815,2,12,PIT,26,CIN,HITCH
2025010401,1925,2,10,PIT,28,PIT,OUT
2025010401,1516,1,15,CIN,11,CIN,FLAT
2025010401,86,2,10,CIN,27,CIN,HITCH
2025010401,2240,3,9,PIT,9,CIN,GO
2025010401,2152,1,10,PIT,27,CIN,CORNER
2025010401,509,1,10,CIN,46,CIN,HITCH
2025010401,2120,2,4,PIT,31,CIN,SCREEN
2025010401,3497,3,2,CIN,47,PIT,ANGLE
2025010401,3226,3,9,PIT,21,CIN,ANGLE
2025010401,2417,3,8,PIT,32,PIT,OUT
2025010401,2666,1,10,PIT,13,CIN,FLAT
2025010514,181,1,10,TB,39,NO,CROSS
2025010514,1223,3,7,,50,NO,CROSS
2025010514,4272,2,10,TB,37,NO,IN
2025010514,3729,3,23,NO,38,NO,GO
2025010514,2131,1,10,TB,24,NO,FLAT
2025010514,1979,2,4,NO,36,NO,FLAT
2025010514,460,3,4,TB,45,TB,HITCH
2025010514,1805,3,10,NO,24,TB,SLANT
2025010514,3462,4,8,NO,42,TB,CORNER
2025010514,3836,3,9,TB,7,TB,CROSS
2025010514,4182,1,10,NO,41,NO,OUT
2025010514,766,1,10,NO,46,NO,SLANT
2025010514,2044,2,7,NO,44,NO,FLAT
2025010514,1493,2,5,TB,5,NO,OUT
2025010514,2069,1,10,TB,48,NO,SLANT
2025010514,2868,3,4,TB,31,NO,CROSS
2025010514,3958,1,20,TB,30,TB,HITCH
2025010514,741,3,9,NO,31,NO,SLANT
2025010514,1144,1,10,NO,21,NO,CROSS
2025010514,2094,1,10,TB,35,NO,HITCH
2025010514,1095,3,4,TB,36,TB,OUT
2025010514,1198,2,12,NO,45,NO,OUT
2025010514,4043,1,10,NO,31,TB,HITCH
2025010514,515,2,11,NO,40,TB,CROSS
2025010514,3625,2,9,NO,31,NO,HITCH
2025010514,4207,1,10,TB,48,NO,FLAT
2025010514,3538,1,18,NO,32,TB,GO
2025010514,3655,1,10,TB,49,NO,IN
2025010514,1949,1,10,NO,30,NO,OUT
2025010514,2963,2,16,TB,24,TB,HITCH
2025010514,1070,2,10,TB,30,TB,HITCH
2025010514,2552,3,5,NO,6,TB,GO
2025010514,2672,3,9,NO,31,NO,GO
2025010514,1248,4,1,TB,44,NO,FLAT
2025010514,1721,1,20,NO,34,TB,OUT
2025010514,1663,3,9,NO,38,TB,SLANT
2025010514,374,2,8,TB,25,TB,HITCH
2025010514,1326,3,3,TB,23,NO,FLAT
2025010514,2426,3,3,TB,49,TB,IN
2025010514,410,1,10,TB,39,TB,OUT
2025010514,2495,1,10,NO,11,TB,SLANT
2025010514,3031,1,10,TB,47,NO,FLAT
2025010514,3258,3,6,TB,22,TB,HITCH
2025010514,2184,3,7,TB,21,NO,GO
2025010514,3349,2,13,TB,39,TB,HITCH
2025010514,4157,1,10,NO,30,NO,OUT
2025010514,156,2,11,NO,42,NO,FLAT
2025010514,80,2,10,NO,30,NO,OUT
2025010514,1301,2,10,TB,30,NO,ANGLE
2025010514,2381,1,10,TB,42,TB,OUT
2025010514,2009,1,10,NO,41,NO,FLAT
2025010514,1852,2,4,NO,7,TB,GO
2025010514,4364,4,5,TB,32,NO,HITCH
2025010514,2988,3,7,TB,33,TB,GO
2025010514,956,3,3,TB,21,NO,GO
2025010514,4387,1,10,TB,32,TB,FLAT
2025010514,2617,1,10,NO,30,NO,GO
2025010515,1304,2,9,TEN,9,TEN,FLAT
2025010515,3171,1,10,TEN,30,TEN,POST
2025010515,161,1,10,TEN,47,HOU,CORNER
2025010515,2351,3,4,TEN,47,TEN,FLAT
2025010515,1503,1,10,HOU,46,HOU,IN
2025010515,358,3,2,TEN,2,HOU,OUT
2025010515,2994,3,10,TEN,1,TEN,GO
2025010515,578,2,15,HOU,12,HOU,OUT
2025010515,3504,2,6,TEN,24,TEN,GO
2025010515,1086,3,9,HOU,43,TEN,OUT
2025010515,92,1,10,HOU,42,HOU,OUT
2025010515,2617,1,10,,50,HOU,CROSS
2025010515,208,2,6,TEN,30,HOU,SCREEN
2025010515,3758,2,7,TEN,24,TEN,SLANT
2025010515,2592,3,7,HOU,34,HOU,ANGLE
2025010515,1478,3,5,HOU,31,HOU,IN
2025010515,3832,1,10,TEN,35,TEN,IN
2025010515,2326,2,9,TEN,42,TEN,HITCH
2025010515,3290,2,13,HOU,48,TEN,GO
2025010515,1056,2,18,TEN,48,TEN,FLAT
2025010515,886,3,6,TEN,42,TEN,OUT
2025010515,3636,2,9,HOU,48,HOU,OUT
2025010515,1329,3,4,TEN,14,TEN,OUT
2025010515,3527,3,6,TEN,24,TEN,OUT
2025010515,1957,1,10,TEN,46,HOU,HITCH
2025010515,1429,2,6,HOU,30,HOU,HITCH
2025010515,603,3,9,HOU,18,HOU,HITCH
2025010515,1392,1,10,HOU,26,HOU,FLAT
2025010515,238,3,1,TEN,25,HOU,GO
2025010515,1215,3,5,HOU,31,HOU,GO
2025010515,2257,3,4,TEN,33,TEN,HITCH
2025010515,1573,2,10,TEN,30,TEN,IN
2025010515,2065,1,10,TEN,15,HOU,OUT
2025010515,524,1,10,HOU,17,HOU,FLAT
2025010515,1728,2,18,HOU,49,TEN,IN
2025010515,3902,3,10,HOU,49,TEN,POST
2025010515,2564,2,7,HOU,34,HOU,CROSS
2025010515,2686,1,10,TEN,19,HOU,CROSS
2025010515,797,2,6,TEN,29,TEN,CROSS
2025010515,2090,2,1,TEN,6,HOU,SLANT
2025010515,3711,1,10,TEN,6,TEN,IN
2025010515,2813,3,1,TEN,1,HOU,OUT
2025010515,704,3,12,HOU,26,HOU,ANGLE
2025010515,3237,3,4,TEN,36,TEN,GO
